solid STL generated by MeshLab
  facet normal  7.067066e-01 -3.182013e-02  7.067909e-01
    outer loop
      vertex   8.950000e-01  1.974809e-16  1.294500e+00
      vertex   8.945000e-01  2.864431e-16  1.295000e+00
      vertex   8.950000e-01 -2.740561e-03  1.294377e+00
    endloop
  endfacet
  facet normal  6.830037e-01 -4.125293e-02  7.292489e-01
    outer loop
      vertex   8.950000e-01 -2.740561e-03  1.294377e+00
      vertex   8.945000e-01  2.864431e-16  1.295000e+00
      vertex   8.947501e-01 -3.164172e-03  1.294587e+00
    endloop
  endfacet
  facet normal  7.285221e-01 -9.321775e-02  6.786501e-01
    outer loop
      vertex   8.950000e-01 -2.740561e-03  1.294377e+00
      vertex   8.947501e-01 -3.164172e-03  1.294587e+00
      vertex   8.950000e-01 -5.549874e-03  1.293991e+00
    endloop
  endfacet
  facet normal  6.550296e-01 -1.178349e-01  7.463587e-01
    outer loop
      vertex   8.950000e-01 -5.549874e-03  1.293991e+00
      vertex   8.947501e-01 -3.164172e-03  1.294587e+00
      vertex   8.947501e-01 -6.412457e-03  1.294074e+00
    endloop
  endfacet
  facet normal  7.440445e-01 -1.528883e-01  6.504020e-01
    outer loop
      vertex   8.950000e-01 -5.549874e-03  1.293991e+00
      vertex   8.947501e-01 -6.412457e-03  1.294074e+00
      vertex   8.950000e-01 -8.392327e-03  1.293323e+00
    endloop
  endfacet
  facet normal  6.357586e-01 -2.024141e-01  7.448755e-01
    outer loop
      vertex   8.950000e-01 -8.392327e-03  1.293323e+00
      vertex   8.947501e-01 -6.412457e-03  1.294074e+00
      vertex   8.947501e-01 -9.689435e-03  1.293184e+00
    endloop
  endfacet
  facet normal  7.528681e-01 -2.119252e-01  6.231192e-01
    outer loop
      vertex   8.950000e-01 -8.392327e-03  1.293323e+00
      vertex   8.947501e-01 -9.689435e-03  1.293184e+00
      vertex   8.950000e-01 -1.122689e-02  1.292359e+00
    endloop
  endfacet
  facet normal  6.257420e-01 -2.873525e-01  7.251728e-01
    outer loop
      vertex   8.950000e-01 -1.122689e-02  1.292359e+00
      vertex   8.947501e-01 -9.689435e-03  1.293184e+00
      vertex   8.947501e-01 -1.293099e-02  1.291899e+00
    endloop
  endfacet
  facet normal  7.547331e-01 -2.717386e-01  5.971064e-01
    outer loop
      vertex   8.950000e-01 -1.122689e-02  1.292359e+00
      vertex   8.947501e-01 -1.293099e-02  1.291899e+00
      vertex   8.950000e-01 -1.400849e-02  1.291093e+00
    endloop
  endfacet
  facet normal  6.281725e-01 -3.674900e-01  6.858210e-01
    outer loop
      vertex   8.950000e-01 -1.400849e-02  1.291093e+00
      vertex   8.947501e-01 -1.293099e-02  1.291899e+00
      vertex   8.947501e-01 -1.606740e-02  1.290218e+00
    endloop
  endfacet
  facet normal  7.486725e-01 -3.340533e-01  5.726236e-01
    outer loop
      vertex   8.950000e-01 -1.400849e-02  1.291093e+00
      vertex   8.947501e-01 -1.606740e-02  1.290218e+00
      vertex   8.950000e-01 -1.668990e-02  1.289528e+00
    endloop
  endfacet
  facet normal  6.437716e-01 -4.374181e-01  6.278722e-01
    outer loop
      vertex   8.950000e-01 -1.668990e-02  1.289528e+00
      vertex   8.947501e-01 -1.606740e-02  1.290218e+00
      vertex   8.947501e-01 -1.902750e-02  1.288156e+00
    endloop
  endfacet
  facet normal  7.333515e-01 -4.007863e-01  5.491502e-01
    outer loop
      vertex   8.950000e-01 -1.668990e-02  1.289528e+00
      vertex   8.947501e-01 -1.902750e-02  1.288156e+00
      vertex   8.950000e-01 -1.922409e-02  1.287679e+00
    endloop
  endfacet
  facet normal  6.711009e-01 -4.923569e-01  5.542637e-01
    outer loop
      vertex   8.950000e-01 -1.922409e-02  1.287679e+00
      vertex   8.947501e-01 -1.902750e-02  1.288156e+00
      vertex   8.947501e-01 -2.174354e-02  1.285744e+00
    endloop
  endfacet
  facet normal  7.066721e-01 -4.737850e-01  5.254924e-01
    outer loop
      vertex   8.950000e-01 -1.922409e-02  1.287679e+00
      vertex   8.947501e-01 -2.174354e-02  1.285744e+00
      vertex   8.950000e-01 -2.156676e-02  1.285567e+00
    endloop
  endfacet
  facet normal  7.066704e-01 -5.255124e-01  4.737654e-01
    outer loop
      vertex   8.950000e-01 -2.156676e-02  1.285567e+00
      vertex   8.947501e-01 -2.174354e-02  1.285744e+00
      vertex   8.950000e-01 -2.367877e-02  1.283224e+00
    endloop
  endfacet
  facet normal  6.711523e-01 -5.542434e-01  4.923098e-01
    outer loop
      vertex   8.950000e-01 -2.367877e-02  1.283224e+00
      vertex   8.947501e-01 -2.174354e-02  1.285744e+00
      vertex   8.947501e-01 -2.415610e-02  1.283028e+00
    endloop
  endfacet
  facet normal  7.333598e-01 -5.491335e-01  4.007941e-01
    outer loop
      vertex   8.950000e-01 -2.367877e-02  1.283224e+00
      vertex   8.947501e-01 -2.415610e-02  1.283028e+00
      vertex   8.950000e-01 -2.552837e-02  1.280690e+00
    endloop
  endfacet
  facet normal  6.438078e-01 -6.278346e-01  4.374187e-01
    outer loop
      vertex   8.950000e-01 -2.552837e-02  1.280690e+00
      vertex   8.947501e-01 -2.415610e-02  1.283028e+00
      vertex   8.947501e-01 -2.621833e-02  1.280068e+00
    endloop
  endfacet
  facet normal  7.487017e-01 -5.725900e-01  3.340456e-01
    outer loop
      vertex   8.950000e-01 -2.552837e-02  1.280690e+00
      vertex   8.947501e-01 -2.621833e-02  1.280068e+00
      vertex   8.950000e-01 -2.709266e-02  1.278009e+00
    endloop
  endfacet
  facet normal  6.281061e-01 -6.858721e-01  3.675083e-01
    outer loop
      vertex   8.950000e-01 -2.709266e-02  1.278009e+00
      vertex   8.947501e-01 -2.621833e-02  1.280068e+00
      vertex   8.947501e-01 -2.789896e-02  1.276931e+00
    endloop
  endfacet
  facet normal  7.546871e-01 -5.971560e-01  2.717575e-01
    outer loop
      vertex   8.950000e-01 -2.709266e-02  1.278009e+00
      vertex   8.947501e-01 -2.789896e-02  1.276931e+00
      vertex   8.950000e-01 -2.835855e-02  1.275227e+00
    endloop
  endfacet
  facet normal  6.257523e-01 -7.251589e-01  2.873650e-01
    outer loop
      vertex   8.950000e-01 -2.835855e-02  1.275227e+00
      vertex   8.947501e-01 -2.789896e-02  1.276931e+00
      vertex   8.947501e-01 -2.918351e-02  1.273690e+00
    endloop
  endfacet
  facet normal  7.528672e-01 -6.231147e-01  2.119412e-01
    outer loop
      vertex   8.950000e-01 -2.835855e-02  1.275227e+00
      vertex   8.947501e-01 -2.918351e-02  1.273690e+00
      vertex   8.950000e-01 -2.932267e-02  1.272392e+00
    endloop
  endfacet
  facet normal  6.356696e-01 -7.449484e-01  2.024250e-01
    outer loop
      vertex   8.950000e-01 -2.932267e-02  1.272392e+00
      vertex   8.947501e-01 -2.918351e-02  1.273690e+00
      vertex   8.947501e-01 -3.007396e-02  1.270413e+00
    endloop
  endfacet
  facet normal  7.439683e-01 -6.504854e-01  1.529047e-01
    outer loop
      vertex   8.950000e-01 -2.932267e-02  1.272392e+00
      vertex   8.947501e-01 -3.007396e-02  1.270413e+00
      vertex   8.950000e-01 -2.999082e-02  1.269550e+00
    endloop
  endfacet
  facet normal  6.549077e-01 -7.464642e-01  1.178438e-01
    outer loop
      vertex   8.950000e-01 -2.999082e-02  1.269550e+00
      vertex   8.947501e-01 -3.007396e-02  1.270413e+00
      vertex   8.947501e-01 -3.058677e-02  1.267164e+00
    endloop
  endfacet
  facet normal  7.284714e-01 -6.787056e-01  9.320961e-02
    outer loop
      vertex   8.950000e-01 -2.999082e-02  1.269550e+00
      vertex   8.947501e-01 -3.058677e-02  1.267164e+00
      vertex   8.950000e-01 -3.037663e-02  1.266741e+00
    endloop
  endfacet
  facet normal  6.797565e-01 -7.324638e-01  3.778582e-02
    outer loop
      vertex   8.950000e-01 -3.037663e-02  1.266741e+00
      vertex   8.947501e-01 -3.058677e-02  1.267164e+00
      vertex   8.947501e-01 -3.075000e-02  1.264000e+00
    endloop
  endfacet
  facet normal  7.067751e-01 -7.067226e-01  3.181443e-02
    outer loop
      vertex   8.950000e-01 -3.037663e-02  1.266741e+00
      vertex   8.947501e-01 -3.075000e-02  1.264000e+00
      vertex   8.950000e-01 -3.050000e-02  1.264000e+00
    endloop
  endfacet
  facet normal  7.067751e-01 -7.067225e-01 -3.181581e-02
    outer loop
      vertex   8.950000e-01 -3.050000e-02  1.264000e+00
      vertex   8.947501e-01 -3.075000e-02  1.264000e+00
      vertex   8.950000e-01 -3.037663e-02  1.261260e+00
    endloop
  endfacet
  facet normal  6.797662e-01 -7.324549e-01 -3.778536e-02
    outer loop
      vertex   8.950000e-01 -3.037663e-02  1.261260e+00
      vertex   8.947501e-01 -3.075000e-02  1.264000e+00
      vertex   8.947501e-01 -3.058677e-02  1.260836e+00
    endloop
  endfacet
  facet normal  7.284923e-01 -6.786837e-01 -9.320660e-02
    outer loop
      vertex   8.950000e-01 -3.037663e-02  1.261260e+00
      vertex   8.947501e-01 -3.058677e-02  1.260836e+00
      vertex   8.950000e-01 -2.999082e-02  1.258450e+00
    endloop
  endfacet
  facet normal  6.549398e-01 -7.464367e-01 -1.178394e-01
    outer loop
      vertex   8.950000e-01 -2.999082e-02  1.258450e+00
      vertex   8.947501e-01 -3.058677e-02  1.260836e+00
      vertex   8.947501e-01 -3.007396e-02  1.257588e+00
    endloop
  endfacet
  facet normal  7.439917e-01 -6.504615e-01 -1.528926e-01
    outer loop
      vertex   8.950000e-01 -2.999082e-02  1.258450e+00
      vertex   8.947501e-01 -3.007396e-02  1.257588e+00
      vertex   8.950000e-01 -2.932267e-02  1.255608e+00
    endloop
  endfacet
  facet normal  6.853036e-01 -7.053705e-01 -1.811393e-01
    outer loop
      vertex   8.950000e-01 -2.932267e-02  1.255608e+00
      vertex   8.947501e-01 -3.007396e-02  1.257588e+00
      vertex   8.947501e-01 -2.944266e-02  1.255129e+00
    endloop
  endfacet
  facet normal  7.308604e-01 -6.461720e-01 -2.197837e-01
    outer loop
      vertex   8.950000e-01 -2.932267e-02  1.255608e+00
      vertex   8.947501e-01 -2.944266e-02  1.255129e+00
      vertex   8.950000e-01 -2.835855e-02  1.252773e+00
    endloop
  endfacet
  facet normal  7.067628e-01 -6.681676e-01 -2.324615e-01
    outer loop
      vertex   8.950000e-01 -2.835855e-02  1.252773e+00
      vertex   8.947501e-01 -2.944266e-02  1.255129e+00
      vertex   8.947501e-01 -2.859099e-02  1.252681e+00
    endloop
  endfacet
  facet normal  7.067389e-01 -6.460273e-01 -2.883902e-01
    outer loop
      vertex   8.950000e-01 -2.835855e-02  1.252773e+00
      vertex   8.947501e-01 -2.859099e-02  1.252681e+00
      vertex   8.947501e-01 -2.751566e-02  1.250272e+00
    endloop
  endfacet
  facet normal  7.067969e-01 -6.459743e-01 -2.883665e-01
    outer loop
      vertex   8.947501e-01 -2.751566e-02  1.250272e+00
      vertex   8.947501e-01 -2.859099e-02  1.252681e+00
      vertex   8.945000e-01 -2.882344e-02  1.252589e+00
    endloop
  endfacet
  facet normal  6.780855e-01 -6.689650e-01 -3.044434e-01
    outer loop
      vertex   8.947501e-01 -2.751566e-02  1.250272e+00
      vertex   8.945000e-01 -2.882344e-02  1.252589e+00
      vertex   8.945000e-01 -2.753681e-02  1.249762e+00
    endloop
  endfacet
  facet normal  7.342659e-01 -3.053278e-02  6.781750e-01
    outer loop
      vertex   8.945000e-01  2.864431e-16  1.295000e+00
      vertex   8.945000e-01 -2.785488e-03  1.294875e+00
      vertex   8.947501e-01 -3.164172e-03  1.294587e+00
    endloop
  endfacet
  facet normal  6.826181e-01 -9.944186e-02  7.239778e-01
    outer loop
      vertex   8.947501e-01 -3.164172e-03  1.294587e+00
      vertex   8.945000e-01 -2.785488e-03  1.294875e+00
      vertex   8.945000e-01 -5.640855e-03  1.294482e+00
    endloop
  endfacet
  facet normal  7.494946e-01 -1.032393e-01  6.539108e-01
    outer loop
      vertex   8.947501e-01 -3.164172e-03  1.294587e+00
      vertex   8.945000e-01 -5.640855e-03  1.294482e+00
      vertex   8.947501e-01 -6.412457e-03  1.294074e+00
    endloop
  endfacet
  facet normal  6.623170e-01 -1.714198e-01  7.293501e-01
    outer loop
      vertex   8.947501e-01 -6.412457e-03  1.294074e+00
      vertex   8.945000e-01 -5.640855e-03  1.294482e+00
      vertex   8.945000e-01 -8.529905e-03  1.293803e+00
    endloop
  endfacet
  facet normal  7.618982e-01 -1.698472e-01  6.250304e-01
    outer loop
      vertex   8.947501e-01 -6.412457e-03  1.294074e+00
      vertex   8.945000e-01 -8.529905e-03  1.293803e+00
      vertex   8.947501e-01 -9.689435e-03  1.293184e+00
    endloop
  endfacet
  facet normal  6.493437e-01 -2.448837e-01  7.199893e-01
    outer loop
      vertex   8.947501e-01 -9.689435e-03  1.293184e+00
      vertex   8.945000e-01 -8.529905e-03  1.293803e+00
      vertex   8.945000e-01 -1.141094e-02  1.292824e+00
    endloop
  endfacet
  facet normal  7.676269e-01 -2.360977e-01  5.958244e-01
    outer loop
      vertex   8.947501e-01 -9.689435e-03  1.293184e+00
      vertex   8.945000e-01 -1.141094e-02  1.292824e+00
      vertex   8.947501e-01 -1.293099e-02  1.291899e+00
    endloop
  endfacet
  facet normal  6.463538e-01 -3.160600e-01  6.945017e-01
    outer loop
      vertex   8.947501e-01 -1.293099e-02  1.291899e+00
      vertex   8.945000e-01 -1.141094e-02  1.292824e+00
      vertex   8.945000e-01 -1.423813e-02  1.291537e+00
    endloop
  endfacet
  facet normal  7.662197e-01 -3.034945e-01  5.663907e-01
    outer loop
      vertex   8.947501e-01 -1.293099e-02  1.291899e+00
      vertex   8.945000e-01 -1.423813e-02  1.291537e+00
      vertex   8.947501e-01 -1.606740e-02  1.290218e+00
    endloop
  endfacet
  facet normal  6.555788e-01 -3.805034e-01  6.522528e-01
    outer loop
      vertex   8.947501e-01 -1.606740e-02  1.290218e+00
      vertex   8.945000e-01 -1.423813e-02  1.291537e+00
      vertex   8.945000e-01 -1.696350e-02  1.289947e+00
    endloop
  endfacet
  facet normal  7.568139e-01 -3.736319e-01  5.363132e-01
    outer loop
      vertex   8.947501e-01 -1.606740e-02  1.290218e+00
      vertex   8.945000e-01 -1.696350e-02  1.289947e+00
      vertex   8.947501e-01 -1.902750e-02  1.288156e+00
    endloop
  endfacet
  facet normal  6.764643e-01 -4.341804e-01  5.948811e-01
    outer loop
      vertex   8.947501e-01 -1.902750e-02  1.288156e+00
      vertex   8.945000e-01 -1.696350e-02  1.289947e+00
      vertex   8.945000e-01 -1.953924e-02  1.288067e+00
    endloop
  endfacet
  facet normal  7.376746e-01 -4.483857e-01  5.047638e-01
    outer loop
      vertex   8.947501e-01 -1.902750e-02  1.288156e+00
      vertex   8.945000e-01 -1.953924e-02  1.288067e+00
      vertex   8.947501e-01 -2.174354e-02  1.285744e+00
    endloop
  endfacet
  facet normal  7.065840e-01 -4.738373e-01  5.255638e-01
    outer loop
      vertex   8.947501e-01 -2.174354e-02  1.285744e+00
      vertex   8.945000e-01 -1.953924e-02  1.288067e+00
      vertex   8.945000e-01 -2.192031e-02  1.285920e+00
    endloop
  endfacet
  facet normal  7.065827e-01 -5.255636e-01  4.738395e-01
    outer loop
      vertex   8.947501e-01 -2.174354e-02  1.285744e+00
      vertex   8.945000e-01 -2.192031e-02  1.285920e+00
      vertex   8.945000e-01 -2.406695e-02  1.283539e+00
    endloop
  endfacet
  facet normal  7.377967e-01 -5.046771e-01  4.482823e-01
    outer loop
      vertex   8.947501e-01 -2.174354e-02  1.285744e+00
      vertex   8.945000e-01 -2.406695e-02  1.283539e+00
      vertex   8.947501e-01 -2.415610e-02  1.283028e+00
    endloop
  endfacet
  facet normal  6.766065e-01 -5.947884e-01  4.340855e-01
    outer loop
      vertex   8.947501e-01 -2.415610e-02  1.283028e+00
      vertex   8.945000e-01 -2.406695e-02  1.283539e+00
      vertex   8.945000e-01 -2.594686e-02  1.280964e+00
    endloop
  endfacet
  facet normal  7.567351e-01 -5.363774e-01  3.736995e-01
    outer loop
      vertex   8.947501e-01 -2.415610e-02  1.283028e+00
      vertex   8.945000e-01 -2.594686e-02  1.280964e+00
      vertex   8.947501e-01 -2.621833e-02  1.280068e+00
    endloop
  endfacet
  facet normal  6.554478e-01 -6.523455e-01  3.805702e-01
    outer loop
      vertex   8.947501e-01 -2.621833e-02  1.280068e+00
      vertex   8.945000e-01 -2.594686e-02  1.280964e+00
      vertex   8.945000e-01 -2.753681e-02  1.278238e+00
    endloop
  endfacet
  facet normal  7.662024e-01 -5.664120e-01  3.034984e-01
    outer loop
      vertex   8.947501e-01 -2.621833e-02  1.280068e+00
      vertex   8.945000e-01 -2.753681e-02  1.278238e+00
      vertex   8.947501e-01 -2.789896e-02  1.276931e+00
    endloop
  endfacet
  facet normal  6.463643e-01 -6.944917e-01  3.160606e-01
    outer loop
      vertex   8.947501e-01 -2.789896e-02  1.276931e+00
      vertex   8.945000e-01 -2.753681e-02  1.278238e+00
      vertex   8.945000e-01 -2.882344e-02  1.275411e+00
    endloop
  endfacet
  facet normal  7.676041e-01 -5.958448e-01  2.361206e-01
    outer loop
      vertex   8.947501e-01 -2.789896e-02  1.276931e+00
      vertex   8.945000e-01 -2.882344e-02  1.275411e+00
      vertex   8.947501e-01 -2.918351e-02  1.273690e+00
    endloop
  endfacet
  facet normal  6.492606e-01 -7.200547e-01  2.449118e-01
    outer loop
      vertex   8.947501e-01 -2.918351e-02  1.273690e+00
      vertex   8.945000e-01 -2.882344e-02  1.275411e+00
      vertex   8.945000e-01 -2.980337e-02  1.272530e+00
    endloop
  endfacet
  facet normal  7.618733e-01 -6.250607e-01  1.698479e-01
    outer loop
      vertex   8.947501e-01 -2.918351e-02  1.273690e+00
      vertex   8.945000e-01 -2.980337e-02  1.272530e+00
      vertex   8.947501e-01 -3.007396e-02  1.270413e+00
    endloop
  endfacet
  facet normal  6.624228e-01 -7.292540e-01  1.714192e-01
    outer loop
      vertex   8.947501e-01 -3.007396e-02  1.270413e+00
      vertex   8.945000e-01 -2.980337e-02  1.272530e+00
      vertex   8.945000e-01 -3.048247e-02  1.269641e+00
    endloop
  endfacet
  facet normal  7.496104e-01 -6.537825e-01  1.032122e-01
    outer loop
      vertex   8.947501e-01 -3.007396e-02  1.270413e+00
      vertex   8.945000e-01 -3.048247e-02  1.269641e+00
      vertex   8.947501e-01 -3.058677e-02  1.267164e+00
    endloop
  endfacet
  facet normal  6.827413e-01 -7.238655e-01  9.941270e-02
    outer loop
      vertex   8.947501e-01 -3.058677e-02  1.267164e+00
      vertex   8.945000e-01 -3.048247e-02  1.269641e+00
      vertex   8.945000e-01 -3.087460e-02  1.266786e+00
    endloop
  endfacet
  facet normal  7.311104e-01 -6.813532e-01  3.514916e-02
    outer loop
      vertex   8.947501e-01 -3.058677e-02  1.267164e+00
      vertex   8.945000e-01 -3.087460e-02  1.266786e+00
      vertex   8.947501e-01 -3.075000e-02  1.264000e+00
    endloop
  endfacet
  facet normal  7.066882e-01 -7.068093e-01  3.181826e-02
    outer loop
      vertex   8.947501e-01 -3.075000e-02  1.264000e+00
      vertex   8.945000e-01 -3.087460e-02  1.266786e+00
      vertex   8.945000e-01 -3.100000e-02  1.264000e+00
    endloop
  endfacet
  facet normal  7.066881e-01 -7.068092e-01 -3.181961e-02
    outer loop
      vertex   8.947501e-01 -3.075000e-02  1.264000e+00
      vertex   8.945000e-01 -3.100000e-02  1.264000e+00
      vertex   8.945000e-01 -3.087460e-02  1.261215e+00
    endloop
  endfacet
  facet normal  7.311026e-01 -6.813615e-01 -3.514959e-02
    outer loop
      vertex   8.947501e-01 -3.075000e-02  1.264000e+00
      vertex   8.945000e-01 -3.087460e-02  1.261215e+00
      vertex   8.947501e-01 -3.058677e-02  1.260836e+00
    endloop
  endfacet
  facet normal  6.827197e-01 -7.238863e-01 -9.941139e-02
    outer loop
      vertex   8.947501e-01 -3.058677e-02  1.260836e+00
      vertex   8.945000e-01 -3.087460e-02  1.261215e+00
      vertex   8.945000e-01 -3.048247e-02  1.258359e+00
    endloop
  endfacet
  facet normal  7.496104e-01 -6.537825e-01 -1.032122e-01
    outer loop
      vertex   8.947501e-01 -3.058677e-02  1.260836e+00
      vertex   8.945000e-01 -3.048247e-02  1.258359e+00
      vertex   8.947501e-01 -3.007396e-02  1.257588e+00
    endloop
  endfacet
  facet normal  6.624228e-01 -7.292540e-01 -1.714192e-01
    outer loop
      vertex   8.947501e-01 -3.007396e-02  1.257588e+00
      vertex   8.945000e-01 -3.048247e-02  1.258359e+00
      vertex   8.945000e-01 -2.980337e-02  1.255470e+00
    endloop
  endfacet
  facet normal  7.267840e-01 -6.652799e-01 -1.708440e-01
    outer loop
      vertex   8.947501e-01 -3.007396e-02  1.257588e+00
      vertex   8.945000e-01 -2.980337e-02  1.255470e+00
      vertex   8.947501e-01 -2.944266e-02  1.255129e+00
    endloop
  endfacet
  facet normal  6.797097e-01 -6.944126e-01 -2.361902e-01
    outer loop
      vertex   8.947501e-01 -2.944266e-02  1.255129e+00
      vertex   8.945000e-01 -2.980337e-02  1.255470e+00
      vertex   8.945000e-01 -2.882344e-02  1.252589e+00
    endloop
  endfacet
  facet normal  7.067944e-01 -6.681378e-01 -2.324512e-01
    outer loop
      vertex   8.947501e-01 -2.944266e-02  1.255129e+00
      vertex   8.945000e-01 -2.882344e-02  1.252589e+00
      vertex   8.947501e-01 -2.859099e-02  1.252681e+00
    endloop
  endfacet
  facet normal  7.286559e-01 -5.989664e-01 -3.321144e-01
    outer loop
      vertex   8.947501e-01 -2.751566e-02  1.250272e+00
      vertex   8.945000e-01 -2.753681e-02  1.249762e+00
      vertex   8.947501e-01 -2.621833e-02  1.247933e+00
    endloop
  endfacet
  facet normal  6.555513e-01 -6.522679e-01 -3.805249e-01
    outer loop
      vertex   8.947501e-01 -2.621833e-02  1.247933e+00
      vertex   8.945000e-01 -2.753681e-02  1.249762e+00
      vertex   8.945000e-01 -2.594686e-02  1.247037e+00
    endloop
  endfacet
  facet normal  7.415179e-01 -5.560961e-01 -3.753775e-01
    outer loop
      vertex   8.947501e-01 -2.621833e-02  1.247933e+00
      vertex   8.945000e-01 -2.594686e-02  1.247037e+00
      vertex   8.947501e-01 -2.470600e-02  1.245692e+00
    endloop
  endfacet
  facet normal  6.427330e-01 -6.188056e-01 -4.516346e-01
    outer loop
      vertex   8.947501e-01 -2.470600e-02  1.245692e+00
      vertex   8.945000e-01 -2.594686e-02  1.247037e+00
      vertex   8.945000e-01 -2.406695e-02  1.244461e+00
    endloop
  endfacet
  facet normal  7.460211e-01 -5.169675e-01 -4.197584e-01
    outer loop
      vertex   8.947501e-01 -2.470600e-02  1.245692e+00
      vertex   8.945000e-01 -2.406695e-02  1.244461e+00
      vertex   8.947501e-01 -2.299101e-02  1.243580e+00
    endloop
  endfacet
  facet normal  6.420535e-01 -5.694180e-01 -5.133522e-01
    outer loop
      vertex   8.947501e-01 -2.299101e-02  1.243580e+00
      vertex   8.945000e-01 -2.406695e-02  1.244461e+00
      vertex   8.945000e-01 -2.192031e-02  1.242080e+00
    endloop
  endfacet
  facet normal  7.421429e-01 -4.808984e-01 -4.668625e-01
    outer loop
      vertex   8.947501e-01 -2.299101e-02  1.243580e+00
      vertex   8.945000e-01 -2.192031e-02  1.242080e+00
      vertex   8.947501e-01 -2.109084e-02  1.241623e+00
    endloop
  endfacet
  facet normal  6.537676e-01 -5.066772e-01 -5.620198e-01
    outer loop
      vertex   8.947501e-01 -2.109084e-02  1.241623e+00
      vertex   8.945000e-01 -2.192031e-02  1.242080e+00
      vertex   8.945000e-01 -1.953924e-02  1.239933e+00
    endloop
  endfacet
  facet normal  7.294109e-01 -4.466741e-01 -5.181138e-01
    outer loop
      vertex   8.947501e-01 -2.109084e-02  1.241623e+00
      vertex   8.945000e-01 -1.953924e-02  1.239933e+00
      vertex   8.947501e-01 -1.902750e-02  1.239844e+00
    endloop
  endfacet
  facet normal  6.764643e-01 -4.341804e-01 -5.948811e-01
    outer loop
      vertex   8.947501e-01 -1.902750e-02  1.239844e+00
      vertex   8.945000e-01 -1.953924e-02  1.239933e+00
      vertex   8.945000e-01 -1.696350e-02  1.238053e+00
    endloop
  endfacet
  facet normal  7.068009e-01 -4.128036e-01 -5.744786e-01
    outer loop
      vertex   8.947501e-01 -1.902750e-02  1.239844e+00
      vertex   8.945000e-01 -1.696350e-02  1.238053e+00
      vertex   8.947501e-01 -1.682670e-02  1.238263e+00
    endloop
  endfacet
  facet normal  7.068124e-01 -3.608784e-01 -6.084267e-01
    outer loop
      vertex   8.947501e-01 -1.682670e-02  1.238263e+00
      vertex   8.945000e-01 -1.696350e-02  1.238053e+00
      vertex   8.947501e-01 -1.451681e-02  1.236892e+00
    endloop
  endfacet
  facet normal  7.067502e-01 -3.609101e-01 -6.084801e-01
    outer loop
      vertex   8.947501e-01 -1.682670e-02  1.238263e+00
      vertex   8.947501e-01 -1.451681e-02  1.236892e+00
      vertex   8.950000e-01 -1.668990e-02  1.238472e+00
    endloop
  endfacet
  facet normal  7.326765e-01 -3.429406e-01 -5.878579e-01
    outer loop
      vertex   8.950000e-01 -1.668990e-02  1.238472e+00
      vertex   8.947501e-01 -1.451681e-02  1.236892e+00
      vertex   8.950000e-01 -1.400849e-02  1.236907e+00
    endloop
  endfacet
  facet normal  6.833364e-01 -3.166073e-01 -6.578839e-01
    outer loop
      vertex   8.950000e-01 -1.400849e-02  1.236907e+00
      vertex   8.947501e-01 -1.451681e-02  1.236892e+00
      vertex   8.947501e-01 -1.212768e-02  1.235743e+00
    endloop
  endfacet
  facet normal  7.472701e-01 -2.752547e-01 -6.048324e-01
    outer loop
      vertex   8.950000e-01 -1.400849e-02  1.236907e+00
      vertex   8.947501e-01 -1.212768e-02  1.235743e+00
      vertex   8.950000e-01 -1.122689e-02  1.235642e+00
    endloop
  endfacet
  facet normal  6.695738e-01 -2.637381e-01 -6.943437e-01
    outer loop
      vertex   8.950000e-01 -1.122689e-02  1.235642e+00
      vertex   8.947501e-01 -1.212768e-02  1.235743e+00
      vertex   8.947501e-01 -9.689435e-03  1.234817e+00
    endloop
  endfacet
  facet normal  7.529227e-01 -2.119285e-01 -6.230519e-01
    outer loop
      vertex   8.950000e-01 -1.122689e-02  1.235642e+00
      vertex   8.947501e-01 -9.689435e-03  1.234817e+00
      vertex   8.950000e-01 -8.392327e-03  1.234677e+00
    endloop
  endfacet
  facet normal  6.663918e-01 -2.053044e-01 -7.167789e-01
    outer loop
      vertex   8.950000e-01 -8.392327e-03  1.234677e+00
      vertex   8.947501e-01 -9.689435e-03  1.234817e+00
      vertex   8.947501e-01 -7.231387e-03  1.234113e+00
    endloop
  endfacet
  facet normal  7.509609e-01 -1.511073e-01 -6.428252e-01
    outer loop
      vertex   8.950000e-01 -8.392327e-03  1.234677e+00
      vertex   8.947501e-01 -7.231387e-03  1.234113e+00
      vertex   8.950000e-01 -5.549874e-03  1.234009e+00
    endloop
  endfacet
  facet normal  6.729821e-01 -1.445836e-01 -7.253900e-01
    outer loop
      vertex   8.950000e-01 -5.549874e-03  1.234009e+00
      vertex   8.947501e-01 -7.231387e-03  1.234113e+00
      vertex   8.947501e-01 -4.781033e-03  1.233624e+00
    endloop
  endfacet
  facet normal  7.423350e-01 -9.117744e-02 -6.637962e-01
    outer loop
      vertex   8.950000e-01 -5.549874e-03  1.234009e+00
      vertex   8.947501e-01 -4.781033e-03  1.233624e+00
      vertex   8.950000e-01 -2.740561e-03  1.233623e+00
    endloop
  endfacet
  facet normal  6.872675e-01 -8.445124e-02 -7.214786e-01
    outer loop
      vertex   8.950000e-01 -2.740561e-03  1.233623e+00
      vertex   8.947501e-01 -4.781033e-03  1.233624e+00
      vertex   8.947501e-01 -2.363301e-03  1.233341e+00
    endloop
  endfacet
  facet normal  7.274852e-01 -3.082866e-02 -6.854305e-01
    outer loop
      vertex   8.950000e-01 -2.740561e-03  1.233623e+00
      vertex   8.947501e-01 -2.363301e-03  1.233341e+00
      vertex   8.950000e-01  2.973721e-16  1.233500e+00
    endloop
  endfacet
  facet normal  7.068031e-01 -2.719716e-02 -7.068874e-01
    outer loop
      vertex   8.950000e-01  2.973721e-16  1.233500e+00
      vertex   8.947501e-01 -2.363301e-03  1.233341e+00
      vertex   8.945000e-01  1.959822e-16  1.233000e+00
    endloop
  endfacet
  facet normal  6.839230e-01 -3.278161e-02 -7.288173e-01
    outer loop
      vertex   8.945000e-01  1.959822e-16  1.233000e+00
      vertex   8.947501e-01 -2.363301e-03  1.233341e+00
      vertex   8.945000e-01 -2.785488e-03  1.233125e+00
    endloop
  endfacet
  facet normal  7.250893e-01 -8.006250e-02 -6.839851e-01
    outer loop
      vertex   8.945000e-01 -2.785488e-03  1.233125e+00
      vertex   8.947501e-01 -2.363301e-03  1.233341e+00
      vertex   8.947501e-01 -4.781033e-03  1.233624e+00
    endloop
  endfacet
  facet normal  6.647088e-01 -1.016636e-01 -7.401532e-01
    outer loop
      vertex   8.945000e-01 -2.785488e-03  1.233125e+00
      vertex   8.947501e-01 -4.781033e-03  1.233624e+00
      vertex   8.945000e-01 -5.640855e-03  1.233518e+00
    endloop
  endfacet
  facet normal  7.367836e-01 -1.321651e-01 -6.630855e-01
    outer loop
      vertex   8.945000e-01 -5.640855e-03  1.233518e+00
      vertex   8.947501e-01 -4.781033e-03  1.233624e+00
      vertex   8.947501e-01 -7.231387e-03  1.234113e+00
    endloop
  endfacet
  facet normal  6.522685e-01 -1.734251e-01 -7.378819e-01
    outer loop
      vertex   8.945000e-01 -5.640855e-03  1.233518e+00
      vertex   8.947501e-01 -7.231387e-03  1.234113e+00
      vertex   8.945000e-01 -8.529905e-03  1.234197e+00
    endloop
  endfacet
  facet normal  7.418764e-01 -1.846349e-01 -6.446157e-01
    outer loop
      vertex   8.945000e-01 -8.529905e-03  1.234197e+00
      vertex   8.947501e-01 -7.231387e-03  1.234113e+00
      vertex   8.947501e-01 -9.689435e-03  1.234817e+00
    endloop
  endfacet
  facet normal  6.492591e-01 -2.449338e-01 -7.200487e-01
    outer loop
      vertex   8.945000e-01 -8.529905e-03  1.234197e+00
      vertex   8.947501e-01 -9.689435e-03  1.234817e+00
      vertex   8.945000e-01 -1.141094e-02  1.235177e+00
    endloop
  endfacet
  facet normal  7.394177e-01 -2.390601e-01 -6.293741e-01
    outer loop
      vertex   8.945000e-01 -1.141094e-02  1.235177e+00
      vertex   8.947501e-01 -9.689435e-03  1.234817e+00
      vertex   8.947501e-01 -1.212768e-02  1.235743e+00
    endloop
  endfacet
  facet normal  6.576465e-01 -3.120376e-01 -6.856629e-01
    outer loop
      vertex   8.945000e-01 -1.141094e-02  1.235177e+00
      vertex   8.947501e-01 -1.212768e-02  1.235743e+00
      vertex   8.945000e-01 -1.423813e-02  1.236463e+00
    endloop
  endfacet
  facet normal  7.284382e-01 -2.970966e-01 -6.173422e-01
    outer loop
      vertex   8.945000e-01 -1.423813e-02  1.236463e+00
      vertex   8.947501e-01 -1.212768e-02  1.235743e+00
      vertex   8.947501e-01 -1.451681e-02  1.236892e+00
    endloop
  endfacet
  facet normal  6.774152e-01 -3.706644e-01 -6.353870e-01
    outer loop
      vertex   8.945000e-01 -1.423813e-02  1.236463e+00
      vertex   8.947501e-01 -1.451681e-02  1.236892e+00
      vertex   8.945000e-01 -1.696350e-02  1.238053e+00
    endloop
  endfacet
  facet normal  7.067467e-01 -4.128353e-01 -5.745226e-01
    outer loop
      vertex   8.947501e-01 -1.682670e-02  1.238263e+00
      vertex   8.950000e-01 -1.668990e-02  1.238472e+00
      vertex   8.947501e-01 -1.902750e-02  1.239844e+00
    endloop
  endfacet
  facet normal  7.333515e-01 -4.007863e-01 -5.491502e-01
    outer loop
      vertex   8.947501e-01 -1.902750e-02  1.239844e+00
      vertex   8.950000e-01 -1.668990e-02  1.238472e+00
      vertex   8.950000e-01 -1.922409e-02  1.240321e+00
    endloop
  endfacet
  facet normal  6.820509e-01 -4.775127e-01 -5.538846e-01
    outer loop
      vertex   8.947501e-01 -1.902750e-02  1.239844e+00
      vertex   8.950000e-01 -1.922409e-02  1.240321e+00
      vertex   8.947501e-01 -2.109084e-02  1.241623e+00
    endloop
  endfacet
  facet normal  7.498289e-01 -4.430292e-01 -4.914078e-01
    outer loop
      vertex   8.947501e-01 -2.109084e-02  1.241623e+00
      vertex   8.950000e-01 -1.922409e-02  1.240321e+00
      vertex   8.950000e-01 -2.156676e-02  1.242433e+00
    endloop
  endfacet
  facet normal  6.658434e-01 -5.353208e-01 -5.196964e-01
    outer loop
      vertex   8.947501e-01 -2.109084e-02  1.241623e+00
      vertex   8.950000e-01 -2.156676e-02  1.242433e+00
      vertex   8.947501e-01 -2.299101e-02  1.243580e+00
    endloop
  endfacet
  facet normal  7.573785e-01 -4.849841e-01 -4.372279e-01
    outer loop
      vertex   8.947501e-01 -2.299101e-02  1.243580e+00
      vertex   8.950000e-01 -2.156676e-02  1.242433e+00
      vertex   8.950000e-01 -2.367877e-02  1.244776e+00
    endloop
  endfacet
  facet normal  6.605003e-01 -5.828797e-01 -4.732766e-01
    outer loop
      vertex   8.947501e-01 -2.299101e-02  1.243580e+00
      vertex   8.950000e-01 -2.367877e-02  1.244776e+00
      vertex   8.947501e-01 -2.470600e-02  1.245692e+00
    endloop
  endfacet
  facet normal  7.569513e-01 -5.278339e-01 -3.852482e-01
    outer loop
      vertex   8.947501e-01 -2.470600e-02  1.245692e+00
      vertex   8.950000e-01 -2.367877e-02  1.244776e+00
      vertex   8.950000e-01 -2.552837e-02  1.247310e+00
    endloop
  endfacet
  facet normal  6.666616e-01 -6.177846e-01 -4.170186e-01
    outer loop
      vertex   8.947501e-01 -2.470600e-02  1.245692e+00
      vertex   8.950000e-01 -2.552837e-02  1.247310e+00
      vertex   8.947501e-01 -2.621833e-02  1.247933e+00
    endloop
  endfacet
  facet normal  7.486516e-01 -5.726453e-01 -3.340630e-01
    outer loop
      vertex   8.947501e-01 -2.621833e-02  1.247933e+00
      vertex   8.950000e-01 -2.552837e-02  1.247310e+00
      vertex   8.950000e-01 -2.709266e-02  1.249992e+00
    endloop
  endfacet
  facet normal  6.830710e-01 -6.387341e-01 -3.541649e-01
    outer loop
      vertex   8.947501e-01 -2.621833e-02  1.247933e+00
      vertex   8.950000e-01 -2.709266e-02  1.249992e+00
      vertex   8.947501e-01 -2.751566e-02  1.250272e+00
    endloop
  endfacet
  facet normal  7.321640e-01 -6.199455e-01 -2.821408e-01
    outer loop
      vertex   8.947501e-01 -2.751566e-02  1.250272e+00
      vertex   8.950000e-01 -2.709266e-02  1.249992e+00
      vertex   8.950000e-01 -2.835855e-02  1.252773e+00
    endloop
  endfacet
  facet normal  1.496606e-17 -4.493376e-02 -9.989900e-01
    outer loop
      vertex   8.890001e-01  1.941503e-16  1.233000e+00
      vertex   8.945000e-01  1.959822e-16  1.233000e+00
      vertex   8.890001e-01 -2.785488e-03  1.233125e+00
    endloop
  endfacet
  facet normal  5.883203e-03 -5.652291e-02 -9.983840e-01
    outer loop
      vertex   8.890001e-01 -2.785488e-03  1.233125e+00
      vertex   8.945000e-01  1.959822e-16  1.233000e+00
      vertex   8.917501e-01 -3.189897e-03  1.233165e+00
    endloop
  endfacet
  facet normal -5.924909e-03 -1.360748e-01 -9.906809e-01
    outer loop
      vertex   8.890001e-01 -2.785488e-03  1.233125e+00
      vertex   8.917501e-01 -3.189897e-03  1.233165e+00
      vertex   8.890001e-01 -5.640855e-03  1.233518e+00
    endloop
  endfacet
  facet normal  1.219329e-02 -1.559725e-01 -9.876862e-01
    outer loop
      vertex   8.890001e-01 -5.640855e-03  1.233518e+00
      vertex   8.917501e-01 -3.189897e-03  1.233165e+00
      vertex   8.917501e-01 -6.464591e-03  1.233682e+00
    endloop
  endfacet
  facet normal -1.046727e-02 -2.287840e-01 -9.734210e-01
    outer loop
      vertex   8.890001e-01 -5.640855e-03  1.233518e+00
      vertex   8.917501e-01 -6.464591e-03  1.233682e+00
      vertex   8.890001e-01 -8.529905e-03  1.234197e+00
    endloop
  endfacet
  facet normal  1.620789e-02 -2.621744e-01 -9.648844e-01
    outer loop
      vertex   8.890001e-01 -8.529905e-03  1.234197e+00
      vertex   8.917501e-01 -6.464591e-03  1.233682e+00
      vertex   8.917501e-01 -9.768211e-03  1.234579e+00
    endloop
  endfacet
  facet normal -1.327475e-02 -3.220125e-01 -9.466423e-01
    outer loop
      vertex   8.890001e-01 -8.529905e-03  1.234197e+00
      vertex   8.917501e-01 -9.768211e-03  1.234579e+00
      vertex   8.890001e-01 -1.141094e-02  1.235177e+00
    endloop
  endfacet
  facet normal  1.811762e-02 -3.683376e-01 -9.295155e-01
    outer loop
      vertex   8.890001e-01 -1.141094e-02  1.235177e+00
      vertex   8.917501e-01 -9.768211e-03  1.234579e+00
      vertex   8.917501e-01 -1.303612e-02  1.235874e+00
    endloop
  endfacet
  facet normal -1.389681e-02 -4.141729e-01 -9.100922e-01
    outer loop
      vertex   8.890001e-01 -1.141094e-02  1.235177e+00
      vertex   8.917501e-01 -1.303612e-02  1.235874e+00
      vertex   8.890001e-01 -1.423813e-02  1.236463e+00
    endloop
  endfacet
  facet normal  1.765380e-02 -4.722435e-01 -8.812913e-01
    outer loop
      vertex   8.890001e-01 -1.423813e-02  1.236463e+00
      vertex   8.917501e-01 -1.303612e-02  1.235874e+00
      vertex   8.917501e-01 -1.619803e-02  1.237569e+00
    endloop
  endfacet
  facet normal -1.194551e-02 -5.038574e-01 -8.637042e-01
    outer loop
      vertex   8.890001e-01 -1.423813e-02  1.236463e+00
      vertex   8.917501e-01 -1.619803e-02  1.237569e+00
      vertex   8.890001e-01 -1.696350e-02  1.238053e+00
    endloop
  endfacet
  facet normal  1.452983e-02 -5.715733e-01 -8.204224e-01
    outer loop
      vertex   8.890001e-01 -1.696350e-02  1.238053e+00
      vertex   8.917501e-01 -1.619803e-02  1.237569e+00
      vertex   8.917501e-01 -1.918219e-02  1.239648e+00
    endloop
  endfacet
  facet normal -7.316519e-03 -5.895224e-01 -8.077189e-01
    outer loop
      vertex   8.890001e-01 -1.696350e-02  1.238053e+00
      vertex   8.917501e-01 -1.918219e-02  1.239648e+00
      vertex   8.890001e-01 -1.953924e-02  1.239933e+00
    endloop
  endfacet
  facet normal  8.601346e-03 -6.640688e-01 -7.476220e-01
    outer loop
      vertex   8.890001e-01 -1.953924e-02  1.239933e+00
      vertex   8.917501e-01 -1.918219e-02  1.239648e+00
      vertex   8.917501e-01 -2.192031e-02  1.242080e+00
    endloop
  endfacet
  facet normal  0.000000e+00 -6.695920e-01 -7.427292e-01
    outer loop
      vertex   8.890001e-01 -1.953924e-02  1.239933e+00
      vertex   8.917501e-01 -2.192031e-02  1.242080e+00
      vertex   8.890001e-01 -2.192031e-02  1.242080e+00
    endloop
  endfacet
  facet normal  0.000000e+00 -7.427257e-01 -6.695958e-01
    outer loop
      vertex   8.890001e-01 -2.192031e-02  1.242080e+00
      vertex   8.917501e-01 -2.192031e-02  1.242080e+00
      vertex   8.890001e-01 -2.406695e-02  1.244461e+00
    endloop
  endfacet
  facet normal  8.591922e-03 -7.476133e-01 -6.640788e-01
    outer loop
      vertex   8.890001e-01 -2.406695e-02  1.244461e+00
      vertex   8.917501e-01 -2.192031e-02  1.242080e+00
      vertex   8.917501e-01 -2.435249e-02  1.244818e+00
    endloop
  endfacet
  facet normal -7.329593e-03 -8.077234e-01 -5.895160e-01
    outer loop
      vertex   8.890001e-01 -2.406695e-02  1.244461e+00
      vertex   8.917501e-01 -2.435249e-02  1.244818e+00
      vertex   8.890001e-01 -2.594686e-02  1.247037e+00
    endloop
  endfacet
  facet normal  1.451027e-02 -8.204234e-01 -5.715723e-01
    outer loop
      vertex   8.890001e-01 -2.594686e-02  1.247037e+00
      vertex   8.917501e-01 -2.435249e-02  1.244818e+00
      vertex   8.917501e-01 -2.643149e-02  1.247802e+00
    endloop
  endfacet
  facet normal -1.195986e-02 -8.636968e-01 -5.038700e-01
    outer loop
      vertex   8.890001e-01 -2.594686e-02  1.247037e+00
      vertex   8.917501e-01 -2.643149e-02  1.247802e+00
      vertex   8.890001e-01 -2.753681e-02  1.249762e+00
    endloop
  endfacet
  facet normal  1.767100e-02 -8.813022e-01 -4.722225e-01
    outer loop
      vertex   8.890001e-01 -2.753681e-02  1.249762e+00
      vertex   8.917501e-01 -2.643149e-02  1.247802e+00
      vertex   8.917501e-01 -2.812578e-02  1.250964e+00
    endloop
  endfacet
  facet normal -1.386683e-02 -9.100901e-01 -4.141786e-01
    outer loop
      vertex   8.890001e-01 -2.753681e-02  1.249762e+00
      vertex   8.917501e-01 -2.812578e-02  1.250964e+00
      vertex   8.890001e-01 -2.882344e-02  1.252589e+00
    endloop
  endfacet
  facet normal  1.814331e-02 -9.295115e-01 -3.683466e-01
    outer loop
      vertex   8.890001e-01 -2.882344e-02  1.252589e+00
      vertex   8.917501e-01 -2.812578e-02  1.250964e+00
      vertex   8.917501e-01 -2.942078e-02  1.254232e+00
    endloop
  endfacet
  facet normal -1.327582e-02 -9.466519e-01 -3.219843e-01
    outer loop
      vertex   8.890001e-01 -2.882344e-02  1.252589e+00
      vertex   8.917501e-01 -2.942078e-02  1.254232e+00
      vertex   8.890001e-01 -2.980337e-02  1.255470e+00
    endloop
  endfacet
  facet normal  1.618207e-02 -9.648800e-01 -2.621920e-01
    outer loop
      vertex   8.890001e-01 -2.980337e-02  1.255470e+00
      vertex   8.917501e-01 -2.942078e-02  1.254232e+00
      vertex   8.917501e-01 -3.031846e-02  1.257535e+00
    endloop
  endfacet
  facet normal -1.048524e-02 -9.734142e-01 -2.288117e-01
    outer loop
      vertex   8.890001e-01 -2.980337e-02  1.255470e+00
      vertex   8.917501e-01 -3.031846e-02  1.257535e+00
      vertex   8.890001e-01 -3.048247e-02  1.258359e+00
    endloop
  endfacet
  facet normal  1.219724e-02 -9.876930e-01 -1.559293e-01
    outer loop
      vertex   8.890001e-01 -3.048247e-02  1.258359e+00
      vertex   8.917501e-01 -3.031846e-02  1.257535e+00
      vertex   8.917501e-01 -3.083544e-02  1.260810e+00
    endloop
  endfacet
  facet normal -5.903188e-03 -9.906842e-01 -1.360508e-01
    outer loop
      vertex   8.890001e-01 -3.048247e-02  1.258359e+00
      vertex   8.917501e-01 -3.083544e-02  1.260810e+00
      vertex   8.890001e-01 -3.087460e-02  1.261215e+00
    endloop
  endfacet
  facet normal  6.643522e-03 -9.986500e-01 -5.151697e-02
    outer loop
      vertex   8.890001e-01 -3.087460e-02  1.261215e+00
      vertex   8.917501e-01 -3.083544e-02  1.260810e+00
      vertex   8.917501e-01 -3.100000e-02  1.264000e+00
    endloop
  endfacet
  facet normal  0.000000e+00 -9.989883e-01 -4.497312e-02
    outer loop
      vertex   8.890001e-01 -3.087460e-02  1.261215e+00
      vertex   8.917501e-01 -3.100000e-02  1.264000e+00
      vertex   8.890001e-01 -3.100000e-02  1.264000e+00
    endloop
  endfacet
  facet normal  0.000000e+00 -9.989883e-01  4.497120e-02
    outer loop
      vertex   8.890001e-01 -3.100000e-02  1.264000e+00
      vertex   8.917501e-01 -3.100000e-02  1.264000e+00
      vertex   8.890001e-01 -3.087460e-02  1.266786e+00
    endloop
  endfacet
  facet normal  6.645756e-03 -9.986500e-01  5.151697e-02
    outer loop
      vertex   8.890001e-01 -3.087460e-02  1.266786e+00
      vertex   8.917501e-01 -3.100000e-02  1.264000e+00
      vertex   8.917501e-01 -3.083544e-02  1.267190e+00
    endloop
  endfacet
  facet normal -5.898120e-03 -9.906836e-01  1.360564e-01
    outer loop
      vertex   8.890001e-01 -3.087460e-02  1.266786e+00
      vertex   8.917501e-01 -3.083544e-02  1.267190e+00
      vertex   8.890001e-01 -3.048247e-02  1.269641e+00
    endloop
  endfacet
  facet normal  1.219724e-02 -9.876930e-01  1.559293e-01
    outer loop
      vertex   8.890001e-01 -3.048247e-02  1.269641e+00
      vertex   8.917501e-01 -3.083544e-02  1.267190e+00
      vertex   8.917501e-01 -3.031846e-02  1.270465e+00
    endloop
  endfacet
  facet normal -1.048524e-02 -9.734142e-01  2.288117e-01
    outer loop
      vertex   8.890001e-01 -3.048247e-02  1.269641e+00
      vertex   8.917501e-01 -3.031846e-02  1.270465e+00
      vertex   8.890001e-01 -2.980337e-02  1.272530e+00
    endloop
  endfacet
  facet normal  5.368874e-03 -9.685625e-01  2.487121e-01
    outer loop
      vertex   8.890001e-01 -2.980337e-02  1.272530e+00
      vertex   8.917501e-01 -3.031846e-02  1.270465e+00
      vertex   8.917501e-01 -2.968203e-02  1.272943e+00
    endloop
  endfacet
  facet normal -6.607110e-03 -9.467147e-01  3.220056e-01
    outer loop
      vertex   8.890001e-01 -2.980337e-02  1.272530e+00
      vertex   8.917501e-01 -2.968203e-02  1.272943e+00
      vertex   8.890001e-01 -2.882344e-02  1.275411e+00
    endloop
  endfacet
  facet normal  0.000000e+00 -9.444733e-01  3.285884e-01
    outer loop
      vertex   8.890001e-01 -2.882344e-02  1.275411e+00
      vertex   8.917501e-01 -2.968203e-02  1.272943e+00
      vertex   8.917501e-01 -2.882344e-02  1.275411e+00
    endloop
  endfacet
  facet normal  0.000000e+00 -9.131435e-01  4.076383e-01
    outer loop
      vertex   8.890001e-01 -2.882344e-02  1.275411e+00
      vertex   8.917501e-01 -2.882344e-02  1.275411e+00
      vertex   8.917501e-01 -2.773937e-02  1.277839e+00
    endloop
  endfacet
  facet normal  0.000000e+00 -9.131435e-01  4.076383e-01
    outer loop
      vertex   8.917501e-01 -2.773937e-02  1.277839e+00
      vertex   8.917501e-01 -2.882344e-02  1.275411e+00
      vertex   8.945000e-01 -2.882344e-02  1.275411e+00
    endloop
  endfacet
  facet normal  6.979892e-03 -9.101554e-01  4.142083e-01
    outer loop
      vertex   8.917501e-01 -2.773937e-02  1.277839e+00
      vertex   8.945000e-01 -2.882344e-02  1.275411e+00
      vertex   8.945000e-01 -2.753681e-02  1.278238e+00
    endloop
  endfacet
  facet normal -7.596181e-03 -4.493245e-02 -9.989611e-01
    outer loop
      vertex   8.945000e-01  1.959822e-16  1.233000e+00
      vertex   8.945000e-01 -2.785488e-03  1.233125e+00
      vertex   8.917501e-01 -3.189897e-03  1.233165e+00
    endloop
  endfacet
  facet normal  5.925165e-03 -1.360748e-01 -9.906808e-01
    outer loop
      vertex   8.917501e-01 -3.189897e-03  1.233165e+00
      vertex   8.945000e-01 -2.785488e-03  1.233125e+00
      vertex   8.945000e-01 -5.640855e-03  1.233518e+00
    endloop
  endfacet
  facet normal -1.219381e-02 -1.559725e-01 -9.876861e-01
    outer loop
      vertex   8.917501e-01 -3.189897e-03  1.233165e+00
      vertex   8.945000e-01 -5.640855e-03  1.233518e+00
      vertex   8.917501e-01 -6.464591e-03  1.233682e+00
    endloop
  endfacet
  facet normal  1.046772e-02 -2.287840e-01 -9.734209e-01
    outer loop
      vertex   8.917501e-01 -6.464591e-03  1.233682e+00
      vertex   8.945000e-01 -5.640855e-03  1.233518e+00
      vertex   8.945000e-01 -8.529905e-03  1.234197e+00
    endloop
  endfacet
  facet normal -1.620859e-02 -2.621744e-01 -9.648843e-01
    outer loop
      vertex   8.917501e-01 -6.464591e-03  1.233682e+00
      vertex   8.945000e-01 -8.529905e-03  1.234197e+00
      vertex   8.917501e-01 -9.768211e-03  1.234579e+00
    endloop
  endfacet
  facet normal  1.327533e-02 -3.220124e-01 -9.466423e-01
    outer loop
      vertex   8.917501e-01 -9.768211e-03  1.234579e+00
      vertex   8.945000e-01 -8.529905e-03  1.234197e+00
      vertex   8.945000e-01 -1.141094e-02  1.235177e+00
    endloop
  endfacet
  facet normal -1.811842e-02 -3.683376e-01 -9.295155e-01
    outer loop
      vertex   8.917501e-01 -9.768211e-03  1.234579e+00
      vertex   8.945000e-01 -1.141094e-02  1.235177e+00
      vertex   8.917501e-01 -1.303612e-02  1.235874e+00
    endloop
  endfacet
  facet normal  1.389742e-02 -4.141729e-01 -9.100922e-01
    outer loop
      vertex   8.917501e-01 -1.303612e-02  1.235874e+00
      vertex   8.945000e-01 -1.141094e-02  1.235177e+00
      vertex   8.945000e-01 -1.423813e-02  1.236463e+00
    endloop
  endfacet
  facet normal -1.765458e-02 -4.722435e-01 -8.812913e-01
    outer loop
      vertex   8.917501e-01 -1.303612e-02  1.235874e+00
      vertex   8.945000e-01 -1.423813e-02  1.236463e+00
      vertex   8.917501e-01 -1.619803e-02  1.237569e+00
    endloop
  endfacet
  facet normal  1.194604e-02 -5.038574e-01 -8.637042e-01
    outer loop
      vertex   8.917501e-01 -1.619803e-02  1.237569e+00
      vertex   8.945000e-01 -1.423813e-02  1.236463e+00
      vertex   8.945000e-01 -1.696350e-02  1.238053e+00
    endloop
  endfacet
  facet normal -1.453047e-02 -5.715733e-01 -8.204224e-01
    outer loop
      vertex   8.917501e-01 -1.619803e-02  1.237569e+00
      vertex   8.945000e-01 -1.696350e-02  1.238053e+00
      vertex   8.917501e-01 -1.918219e-02  1.239648e+00
    endloop
  endfacet
  facet normal  7.316824e-03 -5.895224e-01 -8.077189e-01
    outer loop
      vertex   8.917501e-01 -1.918219e-02  1.239648e+00
      vertex   8.945000e-01 -1.696350e-02  1.238053e+00
      vertex   8.945000e-01 -1.953924e-02  1.239933e+00
    endloop
  endfacet
  facet normal -8.601726e-03 -6.640688e-01 -7.476221e-01
    outer loop
      vertex   8.917501e-01 -1.918219e-02  1.239648e+00
      vertex   8.945000e-01 -1.953924e-02  1.239933e+00
      vertex   8.917501e-01 -2.192031e-02  1.242080e+00
    endloop
  endfacet
  facet normal  0.000000e+00 -6.695919e-01 -7.427292e-01
    outer loop
      vertex   8.917501e-01 -2.192031e-02  1.242080e+00
      vertex   8.945000e-01 -1.953924e-02  1.239933e+00
      vertex   8.945000e-01 -2.192031e-02  1.242080e+00
    endloop
  endfacet
  facet normal  0.000000e+00 -7.427257e-01 -6.695958e-01
    outer loop
      vertex   8.917501e-01 -2.192031e-02  1.242080e+00
      vertex   8.945000e-01 -2.192031e-02  1.242080e+00
      vertex   8.945000e-01 -2.406695e-02  1.244461e+00
    endloop
  endfacet
  facet normal -8.592295e-03 -7.476133e-01 -6.640788e-01
    outer loop
      vertex   8.917501e-01 -2.192031e-02  1.242080e+00
      vertex   8.945000e-01 -2.406695e-02  1.244461e+00
      vertex   8.917501e-01 -2.435249e-02  1.244818e+00
    endloop
  endfacet
  facet normal  7.329917e-03 -8.077234e-01 -5.895160e-01
    outer loop
      vertex   8.917501e-01 -2.435249e-02  1.244818e+00
      vertex   8.945000e-01 -2.406695e-02  1.244461e+00
      vertex   8.945000e-01 -2.594686e-02  1.247037e+00
    endloop
  endfacet
  facet normal -1.451089e-02 -8.204233e-01 -5.715724e-01
    outer loop
      vertex   8.917501e-01 -2.435249e-02  1.244818e+00
      vertex   8.945000e-01 -2.594686e-02  1.247037e+00
      vertex   8.917501e-01 -2.643149e-02  1.247802e+00
    endloop
  endfacet
  facet normal  1.196040e-02 -8.636967e-01 -5.038700e-01
    outer loop
      vertex   8.917501e-01 -2.643149e-02  1.247802e+00
      vertex   8.945000e-01 -2.594686e-02  1.247037e+00
      vertex   8.945000e-01 -2.753681e-02  1.249762e+00
    endloop
  endfacet
  facet normal -1.767176e-02 -8.813023e-01 -4.722225e-01
    outer loop
      vertex   8.917501e-01 -2.643149e-02  1.247802e+00
      vertex   8.945000e-01 -2.753681e-02  1.249762e+00
      vertex   8.917501e-01 -2.812578e-02  1.250964e+00
    endloop
  endfacet
  facet normal  1.386744e-02 -9.100900e-01 -4.141786e-01
    outer loop
      vertex   8.917501e-01 -2.812578e-02  1.250964e+00
      vertex   8.945000e-01 -2.753681e-02  1.249762e+00
      vertex   8.945000e-01 -2.882344e-02  1.252589e+00
    endloop
  endfacet
  facet normal -1.814411e-02 -9.295114e-01 -3.683466e-01
    outer loop
      vertex   8.917501e-01 -2.812578e-02  1.250964e+00
      vertex   8.945000e-01 -2.882344e-02  1.252589e+00
      vertex   8.917501e-01 -2.942078e-02  1.254232e+00
    endloop
  endfacet
  facet normal  1.327640e-02 -9.466519e-01 -3.219843e-01
    outer loop
      vertex   8.917501e-01 -2.942078e-02  1.254232e+00
      vertex   8.945000e-01 -2.882344e-02  1.252589e+00
      vertex   8.945000e-01 -2.980337e-02  1.255470e+00
    endloop
  endfacet
  facet normal -1.618277e-02 -9.648800e-01 -2.621920e-01
    outer loop
      vertex   8.917501e-01 -2.942078e-02  1.254232e+00
      vertex   8.945000e-01 -2.980337e-02  1.255470e+00
      vertex   8.917501e-01 -3.031846e-02  1.257535e+00
    endloop
  endfacet
  facet normal  1.048569e-02 -9.734142e-01 -2.288117e-01
    outer loop
      vertex   8.917501e-01 -3.031846e-02  1.257535e+00
      vertex   8.945000e-01 -2.980337e-02  1.255470e+00
      vertex   8.945000e-01 -3.048247e-02  1.258359e+00
    endloop
  endfacet
  facet normal -1.219777e-02 -9.876929e-01 -1.559293e-01
    outer loop
      vertex   8.917501e-01 -3.031846e-02  1.257535e+00
      vertex   8.945000e-01 -3.048247e-02  1.258359e+00
      vertex   8.917501e-01 -3.083544e-02  1.260810e+00
    endloop
  endfacet
  facet normal  5.903441e-03 -9.906842e-01 -1.360508e-01
    outer loop
      vertex   8.917501e-01 -3.083544e-02  1.260810e+00
      vertex   8.945000e-01 -3.048247e-02  1.258359e+00
      vertex   8.945000e-01 -3.087460e-02  1.261215e+00
    endloop
  endfacet
  facet normal -6.643812e-03 -9.986500e-01 -5.151698e-02
    outer loop
      vertex   8.917501e-01 -3.083544e-02  1.260810e+00
      vertex   8.945000e-01 -3.087460e-02  1.261215e+00
      vertex   8.917501e-01 -3.100000e-02  1.264000e+00
    endloop
  endfacet
  facet normal  0.000000e+00 -9.989882e-01 -4.497312e-02
    outer loop
      vertex   8.917501e-01 -3.100000e-02  1.264000e+00
      vertex   8.945000e-01 -3.087460e-02  1.261215e+00
      vertex   8.945000e-01 -3.100000e-02  1.264000e+00
    endloop
  endfacet
  facet normal  0.000000e+00 -9.989883e-01  4.497120e-02
    outer loop
      vertex   8.917501e-01 -3.100000e-02  1.264000e+00
      vertex   8.945000e-01 -3.100000e-02  1.264000e+00
      vertex   8.945000e-01 -3.087460e-02  1.266786e+00
    endloop
  endfacet
  facet normal -6.646042e-03 -9.986500e-01  5.151698e-02
    outer loop
      vertex   8.917501e-01 -3.100000e-02  1.264000e+00
      vertex   8.945000e-01 -3.087460e-02  1.266786e+00
      vertex   8.917501e-01 -3.083544e-02  1.267190e+00
    endloop
  endfacet
  facet normal  5.898375e-03 -9.906834e-01  1.360564e-01
    outer loop
      vertex   8.917501e-01 -3.083544e-02  1.267190e+00
      vertex   8.945000e-01 -3.087460e-02  1.266786e+00
      vertex   8.945000e-01 -3.048247e-02  1.269641e+00
    endloop
  endfacet
  facet normal -1.219778e-02 -9.876929e-01  1.559293e-01
    outer loop
      vertex   8.917501e-01 -3.083544e-02  1.267190e+00
      vertex   8.945000e-01 -3.048247e-02  1.269641e+00
      vertex   8.917501e-01 -3.031846e-02  1.270465e+00
    endloop
  endfacet
  facet normal  1.048569e-02 -9.734142e-01  2.288117e-01
    outer loop
      vertex   8.917501e-01 -3.031846e-02  1.270465e+00
      vertex   8.945000e-01 -3.048247e-02  1.269641e+00
      vertex   8.945000e-01 -2.980337e-02  1.272530e+00
    endloop
  endfacet
  facet normal -5.369105e-03 -9.685626e-01  2.487122e-01
    outer loop
      vertex   8.917501e-01 -3.031846e-02  1.270465e+00
      vertex   8.945000e-01 -2.980337e-02  1.272530e+00
      vertex   8.917501e-01 -2.968203e-02  1.272943e+00
    endloop
  endfacet
  facet normal  6.607397e-03 -9.467146e-01  3.220056e-01
    outer loop
      vertex   8.917501e-01 -2.968203e-02  1.272943e+00
      vertex   8.945000e-01 -2.980337e-02  1.272530e+00
      vertex   8.945000e-01 -2.882344e-02  1.275411e+00
    endloop
  endfacet
  facet normal  0.000000e+00 -9.444733e-01  3.285884e-01
    outer loop
      vertex   8.917501e-01 -2.968203e-02  1.272943e+00
      vertex   8.945000e-01 -2.882344e-02  1.275411e+00
      vertex   8.917501e-01 -2.882344e-02  1.275411e+00
    endloop
  endfacet
  facet normal -5.898305e-03 -8.745356e-01  4.849254e-01
    outer loop
      vertex   8.917501e-01 -2.773937e-02  1.277839e+00
      vertex   8.945000e-01 -2.753681e-02  1.278238e+00
      vertex   8.917501e-01 -2.643149e-02  1.280198e+00
    endloop
  endfacet
  facet normal  1.196040e-02 -8.636967e-01  5.038700e-01
    outer loop
      vertex   8.917501e-01 -2.643149e-02  1.280198e+00
      vertex   8.945000e-01 -2.753681e-02  1.278238e+00
      vertex   8.945000e-01 -2.594686e-02  1.280964e+00
    endloop
  endfacet
  facet normal -9.661176e-03 -8.288041e-01  5.594555e-01
    outer loop
      vertex   8.917501e-01 -2.643149e-02  1.280198e+00
      vertex   8.945000e-01 -2.594686e-02  1.280964e+00
      vertex   8.917501e-01 -2.490686e-02  1.282457e+00
    endloop
  endfacet
  facet normal  1.461858e-02 -8.076718e-01  5.894511e-01
    outer loop
      vertex   8.917501e-01 -2.490686e-02  1.282457e+00
      vertex   8.945000e-01 -2.594686e-02  1.280964e+00
      vertex   8.945000e-01 -2.406695e-02  1.283539e+00
    endloop
  endfacet
  facet normal -1.105674e-02 -7.762696e-01  6.303042e-01
    outer loop
      vertex   8.917501e-01 -2.490686e-02  1.282457e+00
      vertex   8.945000e-01 -2.406695e-02  1.283539e+00
      vertex   8.917501e-01 -2.317793e-02  1.284586e+00
    endloop
  endfacet
  facet normal  1.475335e-02 -7.426282e-01  6.695414e-01
    outer loop
      vertex   8.917501e-01 -2.317793e-02  1.284586e+00
      vertex   8.945000e-01 -2.406695e-02  1.283539e+00
      vertex   8.945000e-01 -2.192031e-02  1.285920e+00
    endloop
  endfacet
  facet normal -9.857723e-03 -7.174542e-01  6.965359e-01
    outer loop
      vertex   8.917501e-01 -2.317793e-02  1.284586e+00
      vertex   8.945000e-01 -2.192031e-02  1.285920e+00
      vertex   8.917501e-01 -2.126231e-02  1.286559e+00
    endloop
  endfacet
  facet normal  1.231589e-02 -6.695617e-01  7.426544e-01
    outer loop
      vertex   8.917501e-01 -2.126231e-02  1.286559e+00
      vertex   8.945000e-01 -2.192031e-02  1.285920e+00
      vertex   8.945000e-01 -1.953924e-02  1.288067e+00
    endloop
  endfacet
  facet normal -6.148647e-03 -6.529650e-01  7.573631e-01
    outer loop
      vertex   8.917501e-01 -2.126231e-02  1.286559e+00
      vertex   8.945000e-01 -1.953924e-02  1.288067e+00
      vertex   8.917501e-01 -1.918219e-02  1.288353e+00
    endloop
  endfacet
  facet normal  7.316824e-03 -5.895224e-01  8.077189e-01
    outer loop
      vertex   8.917501e-01 -1.918219e-02  1.288353e+00
      vertex   8.945000e-01 -1.953924e-02  1.288067e+00
      vertex   8.945000e-01 -1.696350e-02  1.289947e+00
    endloop
  endfacet
  facet normal  0.000000e+00 -5.835735e-01  8.120603e-01
    outer loop
      vertex   8.917501e-01 -1.918219e-02  1.288353e+00
      vertex   8.945000e-01 -1.696350e-02  1.289947e+00
      vertex   8.917501e-01 -1.696350e-02  1.289947e+00
    endloop
  endfacet
  facet normal  0.000000e+00 -5.100997e-01  8.601152e-01
    outer loop
      vertex   8.917501e-01 -1.696350e-02  1.289947e+00
      vertex   8.945000e-01 -1.696350e-02  1.289947e+00
      vertex   8.917501e-01 -1.463484e-02  1.291328e+00
    endloop
  endfacet
  facet normal  0.000000e+00 -5.100997e-01  8.601152e-01
    outer loop
      vertex   8.917501e-01 -1.696350e-02  1.289947e+00
      vertex   8.917501e-01 -1.463484e-02  1.291328e+00
      vertex   8.890001e-01 -1.696350e-02  1.289947e+00
    endloop
  endfacet
  facet normal -7.088516e-03 -5.038807e-01  8.637441e-01
    outer loop
      vertex   8.890001e-01 -1.696350e-02  1.289947e+00
      vertex   8.917501e-01 -1.463484e-02  1.291328e+00
      vertex   8.890001e-01 -1.423813e-02  1.291537e+00
    endloop
  endfacet
  facet normal  5.874716e-03 -4.336608e-01  9.010571e-01
    outer loop
      vertex   8.890001e-01 -1.423813e-02  1.291537e+00
      vertex   8.917501e-01 -1.463484e-02  1.291328e+00
      vertex   8.917501e-01 -1.222628e-02  1.292487e+00
    endloop
  endfacet
  facet normal -1.150474e-02 -4.141854e-01  9.101198e-01
    outer loop
      vertex   8.890001e-01 -1.423813e-02  1.291537e+00
      vertex   8.917501e-01 -1.222628e-02  1.292487e+00
      vertex   8.890001e-01 -1.141094e-02  1.292824e+00
    endloop
  endfacet
  facet normal  9.055056e-03 -3.550247e-01  9.348130e-01
    outer loop
      vertex   8.890001e-01 -1.141094e-02  1.292824e+00
      vertex   8.917501e-01 -1.222628e-02  1.292487e+00
      vertex   8.917501e-01 -9.768211e-03  1.293421e+00
    endloop
  endfacet
  facet normal -1.325728e-02 -3.219774e-01  9.466545e-01
    outer loop
      vertex   8.890001e-01 -1.141094e-02  1.292824e+00
      vertex   8.917501e-01 -9.768211e-03  1.293421e+00
      vertex   8.890001e-01 -8.529905e-03  1.293803e+00
    endloop
  endfacet
  facet normal  9.759407e-03 -2.753829e-01  9.612851e-01
    outer loop
      vertex   8.890001e-01 -8.529905e-03  1.293803e+00
      vertex   8.917501e-01 -9.768211e-03  1.293421e+00
      vertex   8.917501e-01 -7.290178e-03  1.294131e+00
    endloop
  endfacet
  facet normal -1.269126e-02 -2.287781e-01  9.733958e-01
    outer loop
      vertex   8.890001e-01 -8.529905e-03  1.293803e+00
      vertex   8.917501e-01 -7.290178e-03  1.294131e+00
      vertex   8.890001e-01 -5.640855e-03  1.294482e+00
    endloop
  endfacet
  facet normal  8.227147e-03 -1.954526e-01  9.806786e-01
    outer loop
      vertex   8.890001e-01 -5.640855e-03  1.294482e+00
      vertex   8.917501e-01 -7.290178e-03  1.294131e+00
      vertex   8.917501e-01 -4.819904e-03  1.294623e+00
    endloop
  endfacet
  facet normal -1.000940e-02 -1.360704e-01  9.906486e-01
    outer loop
      vertex   8.890001e-01 -5.640855e-03  1.294482e+00
      vertex   8.917501e-01 -4.819904e-03  1.294623e+00
      vertex   8.890001e-01 -2.785488e-03  1.294875e+00
    endloop
  endfacet
  facet normal  4.856409e-03 -1.162914e-01  9.932033e-01
    outer loop
      vertex   8.890001e-01 -2.785488e-03  1.294875e+00
      vertex   8.917501e-01 -4.819904e-03  1.294623e+00
      vertex   8.917501e-01 -2.382515e-03  1.294908e+00
    endloop
  endfacet
  facet normal -5.664492e-03 -4.497570e-02  9.989720e-01
    outer loop
      vertex   8.890001e-01 -2.785488e-03  1.294875e+00
      vertex   8.917501e-01 -2.382515e-03  1.294908e+00
      vertex   8.890001e-01  2.805473e-16  1.295000e+00
    endloop
  endfacet
  facet normal  4.121534e-17 -3.844851e-02  9.992606e-01
    outer loop
      vertex   8.890001e-01  2.805473e-16  1.295000e+00
      vertex   8.917501e-01 -2.382515e-03  1.294908e+00
      vertex   8.945000e-01  2.864431e-16  1.295000e+00
    endloop
  endfacet
  facet normal  5.664737e-03 -4.497570e-02  9.989720e-01
    outer loop
      vertex   8.945000e-01  2.864431e-16  1.295000e+00
      vertex   8.917501e-01 -2.382515e-03  1.294908e+00
      vertex   8.945000e-01 -2.785488e-03  1.294875e+00
    endloop
  endfacet
  facet normal -4.856619e-03 -1.162914e-01  9.932033e-01
    outer loop
      vertex   8.945000e-01 -2.785488e-03  1.294875e+00
      vertex   8.917501e-01 -2.382515e-03  1.294908e+00
      vertex   8.917501e-01 -4.819904e-03  1.294623e+00
    endloop
  endfacet
  facet normal  1.000984e-02 -1.360704e-01  9.906486e-01
    outer loop
      vertex   8.945000e-01 -2.785488e-03  1.294875e+00
      vertex   8.917501e-01 -4.819904e-03  1.294623e+00
      vertex   8.945000e-01 -5.640855e-03  1.294482e+00
    endloop
  endfacet
  facet normal -8.227504e-03 -1.954526e-01  9.806786e-01
    outer loop
      vertex   8.945000e-01 -5.640855e-03  1.294482e+00
      vertex   8.917501e-01 -4.819904e-03  1.294623e+00
      vertex   8.917501e-01 -7.290178e-03  1.294131e+00
    endloop
  endfacet
  facet normal  1.269181e-02 -2.287781e-01  9.733959e-01
    outer loop
      vertex   8.945000e-01 -5.640855e-03  1.294482e+00
      vertex   8.917501e-01 -7.290178e-03  1.294131e+00
      vertex   8.945000e-01 -8.529905e-03  1.293803e+00
    endloop
  endfacet
  facet normal -9.759830e-03 -2.753829e-01  9.612851e-01
    outer loop
      vertex   8.945000e-01 -8.529905e-03  1.293803e+00
      vertex   8.917501e-01 -7.290178e-03  1.294131e+00
      vertex   8.917501e-01 -9.768211e-03  1.293421e+00
    endloop
  endfacet
  facet normal  1.325787e-02 -3.219774e-01  9.466544e-01
    outer loop
      vertex   8.945000e-01 -8.529905e-03  1.293803e+00
      vertex   8.917501e-01 -9.768211e-03  1.293421e+00
      vertex   8.945000e-01 -1.141094e-02  1.292824e+00
    endloop
  endfacet
  facet normal -9.055449e-03 -3.550247e-01  9.348130e-01
    outer loop
      vertex   8.945000e-01 -1.141094e-02  1.292824e+00
      vertex   8.917501e-01 -9.768211e-03  1.293421e+00
      vertex   8.917501e-01 -1.222628e-02  1.292487e+00
    endloop
  endfacet
  facet normal  1.150523e-02 -4.141855e-01  9.101198e-01
    outer loop
      vertex   8.945000e-01 -1.141094e-02  1.292824e+00
      vertex   8.917501e-01 -1.222628e-02  1.292487e+00
      vertex   8.945000e-01 -1.423813e-02  1.291537e+00
    endloop
  endfacet
  facet normal -5.874970e-03 -4.336608e-01  9.010571e-01
    outer loop
      vertex   8.945000e-01 -1.423813e-02  1.291537e+00
      vertex   8.917501e-01 -1.222628e-02  1.292487e+00
      vertex   8.917501e-01 -1.463484e-02  1.291328e+00
    endloop
  endfacet
  facet normal  7.088824e-03 -5.038807e-01  8.637442e-01
    outer loop
      vertex   8.945000e-01 -1.423813e-02  1.291537e+00
      vertex   8.917501e-01 -1.463484e-02  1.291328e+00
      vertex   8.945000e-01 -1.696350e-02  1.289947e+00
    endloop
  endfacet
  facet normal  0.000000e+00 -5.835736e-01  8.120603e-01
    outer loop
      vertex   8.917501e-01 -1.696350e-02  1.289947e+00
      vertex   8.890001e-01 -1.696350e-02  1.289947e+00
      vertex   8.917501e-01 -1.918219e-02  1.288353e+00
    endloop
  endfacet
  facet normal -7.316506e-03 -5.895224e-01  8.077189e-01
    outer loop
      vertex   8.917501e-01 -1.918219e-02  1.288353e+00
      vertex   8.890001e-01 -1.696350e-02  1.289947e+00
      vertex   8.890001e-01 -1.953924e-02  1.288067e+00
    endloop
  endfacet
  facet normal  6.148403e-03 -6.529651e-01  7.573631e-01
    outer loop
      vertex   8.917501e-01 -1.918219e-02  1.288353e+00
      vertex   8.890001e-01 -1.953924e-02  1.288067e+00
      vertex   8.917501e-01 -2.126231e-02  1.286559e+00
    endloop
  endfacet
  facet normal -1.231536e-02 -6.695617e-01  7.426544e-01
    outer loop
      vertex   8.917501e-01 -2.126231e-02  1.286559e+00
      vertex   8.890001e-01 -1.953924e-02  1.288067e+00
      vertex   8.890001e-01 -2.192031e-02  1.285920e+00
    endloop
  endfacet
  facet normal  9.857296e-03 -7.174542e-01  6.965359e-01
    outer loop
      vertex   8.917501e-01 -2.126231e-02  1.286559e+00
      vertex   8.890001e-01 -2.192031e-02  1.285920e+00
      vertex   8.917501e-01 -2.317793e-02  1.284586e+00
    endloop
  endfacet
  facet normal -1.475271e-02 -7.426282e-01  6.695414e-01
    outer loop
      vertex   8.917501e-01 -2.317793e-02  1.284586e+00
      vertex   8.890001e-01 -2.192031e-02  1.285920e+00
      vertex   8.890001e-01 -2.406695e-02  1.283539e+00
    endloop
  endfacet
  facet normal  1.105626e-02 -7.762696e-01  6.303042e-01
    outer loop
      vertex   8.917501e-01 -2.317793e-02  1.284586e+00
      vertex   8.890001e-01 -2.406695e-02  1.283539e+00
      vertex   8.917501e-01 -2.490686e-02  1.282457e+00
    endloop
  endfacet
  facet normal -1.461795e-02 -8.076718e-01  5.894511e-01
    outer loop
      vertex   8.917501e-01 -2.490686e-02  1.282457e+00
      vertex   8.890001e-01 -2.406695e-02  1.283539e+00
      vertex   8.890001e-01 -2.594686e-02  1.280964e+00
    endloop
  endfacet
  facet normal  9.660757e-03 -8.288041e-01  5.594555e-01
    outer loop
      vertex   8.917501e-01 -2.490686e-02  1.282457e+00
      vertex   8.890001e-01 -2.594686e-02  1.280964e+00
      vertex   8.917501e-01 -2.643149e-02  1.280198e+00
    endloop
  endfacet
  facet normal -1.195988e-02 -8.636968e-01  5.038700e-01
    outer loop
      vertex   8.917501e-01 -2.643149e-02  1.280198e+00
      vertex   8.890001e-01 -2.594686e-02  1.280964e+00
      vertex   8.890001e-01 -2.753681e-02  1.278238e+00
    endloop
  endfacet
  facet normal  5.898057e-03 -8.745356e-01  4.849254e-01
    outer loop
      vertex   8.917501e-01 -2.643149e-02  1.280198e+00
      vertex   8.890001e-01 -2.753681e-02  1.278238e+00
      vertex   8.917501e-01 -2.773937e-02  1.277839e+00
    endloop
  endfacet
  facet normal -6.979590e-03 -9.101554e-01  4.142083e-01
    outer loop
      vertex   8.917501e-01 -2.773937e-02  1.277839e+00
      vertex   8.890001e-01 -2.753681e-02  1.278238e+00
      vertex   8.890001e-01 -2.882344e-02  1.275411e+00
    endloop
  endfacet
  facet normal -1.497348e-17  4.495594e-02  9.989890e-01
    outer loop
      vertex   8.950000e-01  1.996863e-16  1.239000e+00
      vertex   8.890001e-01  1.976879e-16  1.239000e+00
      vertex   8.950000e-01 -2.246361e-03  1.239101e+00
    endloop
  endfacet
  facet normal  4.362189e-03  5.658024e-02  9.983886e-01
    outer loop
      vertex   8.950000e-01 -2.246361e-03  1.239101e+00
      vertex   8.890001e-01  1.976879e-16  1.239000e+00
      vertex   8.920000e-01 -2.572498e-03  1.239133e+00
    endloop
  endfacet
  facet normal -4.359733e-03  1.360645e-01  9.906904e-01
    outer loop
      vertex   8.950000e-01 -2.246361e-03  1.239101e+00
      vertex   8.920000e-01 -2.572498e-03  1.239133e+00
      vertex   8.950000e-01 -4.549077e-03  1.239417e+00
    endloop
  endfacet
  facet normal  9.030727e-03  1.559608e-01  9.877219e-01
    outer loop
      vertex   8.950000e-01 -4.549077e-03  1.239417e+00
      vertex   8.920000e-01 -2.572498e-03  1.239133e+00
      vertex   8.920000e-01 -5.213380e-03  1.239550e+00
    endloop
  endfacet
  facet normal -7.741561e-03  2.288582e-01  9.734290e-01
    outer loop
      vertex   8.950000e-01 -4.549077e-03  1.239417e+00
      vertex   8.920000e-01 -5.213380e-03  1.239550e+00
      vertex   8.950000e-01 -6.878956e-03  1.239965e+00
    endloop
  endfacet
  facet normal  1.194912e-02  2.622069e-01  9.649377e-01
    outer loop
      vertex   8.950000e-01 -6.878956e-03  1.239965e+00
      vertex   8.920000e-01 -5.213380e-03  1.239550e+00
      vertex   8.920000e-01 -7.877590e-03  1.240274e+00
    endloop
  endfacet
  facet normal -9.827089e-03  3.219887e-01  9.466925e-01
    outer loop
      vertex   8.950000e-01 -6.878956e-03  1.239965e+00
      vertex   8.920000e-01 -7.877590e-03  1.240274e+00
      vertex   8.950000e-01 -9.202369e-03  1.240755e+00
    endloop
  endfacet
  facet normal  1.339037e-02  3.683475e-01  9.295918e-01
    outer loop
      vertex   8.950000e-01 -9.202369e-03  1.240755e+00
      vertex   8.920000e-01 -7.877590e-03  1.240274e+00
      vertex   8.920000e-01 -1.051300e-02  1.241318e+00
    endloop
  endfacet
  facet normal -1.028583e-02  4.141896e-01  9.101325e-01
    outer loop
      vertex   8.950000e-01 -9.202369e-03  1.240755e+00
      vertex   8.920000e-01 -1.051300e-02  1.241318e+00
      vertex   8.950000e-01 -1.148237e-02  1.241793e+00
    endloop
  endfacet
  facet normal  1.303913e-02  4.722740e-01  8.813554e-01
    outer loop
      vertex   8.950000e-01 -1.148237e-02  1.241793e+00
      vertex   8.920000e-01 -1.051300e-02  1.241318e+00
      vertex   8.920000e-01 -1.306293e-02  1.242684e+00
    endloop
  endfacet
  facet normal -8.829589e-03  5.038514e-01  8.637452e-01
    outer loop
      vertex   8.950000e-01 -1.148237e-02  1.241793e+00
      vertex   8.920000e-01 -1.306293e-02  1.242684e+00
      vertex   8.950000e-01 -1.368024e-02  1.243075e+00
    endloop
  endfacet
  facet normal  1.074484e-02  5.715863e-01  8.204716e-01
    outer loop
      vertex   8.950000e-01 -1.368024e-02  1.243075e+00
      vertex   8.920000e-01 -1.306293e-02  1.242684e+00
      vertex   8.920000e-01 -1.546951e-02  1.244361e+00
    endloop
  endfacet
  facet normal -5.425208e-03  5.895370e-01  8.077231e-01
    outer loop
      vertex   8.950000e-01 -1.368024e-02  1.243075e+00
      vertex   8.920000e-01 -1.546951e-02  1.244361e+00
      vertex   8.950000e-01 -1.575745e-02  1.244591e+00
    endloop
  endfacet
  facet normal  6.345291e-03  6.640974e-01  7.476192e-01
    outer loop
      vertex   8.950000e-01 -1.575745e-02  1.244591e+00
      vertex   8.920000e-01 -1.546951e-02  1.244361e+00
      vertex   8.920000e-01 -1.767767e-02  1.246322e+00
    endloop
  endfacet
  facet normal  0.000000e+00  6.695977e-01  7.427240e-01
    outer loop
      vertex   8.950000e-01 -1.575745e-02  1.244591e+00
      vertex   8.920000e-01 -1.767767e-02  1.246322e+00
      vertex   8.950000e-01 -1.767767e-02  1.246322e+00
    endloop
  endfacet
  facet normal  0.000000e+00  7.427245e-01  6.695970e-01
    outer loop
      vertex   8.950000e-01 -1.767767e-02  1.246322e+00
      vertex   8.920000e-01 -1.767767e-02  1.246322e+00
      vertex   8.950000e-01 -1.940883e-02  1.248243e+00
    endloop
  endfacet
  facet normal  6.367538e-03  7.476367e-01  6.640774e-01
    outer loop
      vertex   8.950000e-01 -1.940883e-02  1.248243e+00
      vertex   8.920000e-01 -1.767767e-02  1.246322e+00
      vertex   8.920000e-01 -1.963910e-02  1.248531e+00
    endloop
  endfacet
  facet normal -5.402649e-03  8.077335e-01  5.895230e-01
    outer loop
      vertex   8.950000e-01 -1.940883e-02  1.248243e+00
      vertex   8.920000e-01 -1.963910e-02  1.248531e+00
      vertex   8.950000e-01 -2.092489e-02  1.250320e+00
    endloop
  endfacet
  facet normal  1.072673e-02  8.204503e-01  5.716172e-01
    outer loop
      vertex   8.950000e-01 -2.092489e-02  1.250320e+00
      vertex   8.920000e-01 -1.963910e-02  1.248531e+00
      vertex   8.920000e-01 -2.131572e-02  1.250937e+00
    endloop
  endfacet
  facet normal -8.846144e-03  8.637234e-01  5.038887e-01
    outer loop
      vertex   8.950000e-01 -2.092489e-02  1.250320e+00
      vertex   8.920000e-01 -2.131572e-02  1.250937e+00
      vertex   8.950000e-01 -2.220710e-02  1.252518e+00
    endloop
  endfacet
  facet normal  1.306031e-02  8.813637e-01  4.722578e-01
    outer loop
      vertex   8.950000e-01 -2.220710e-02  1.252518e+00
      vertex   8.920000e-01 -2.131572e-02  1.250937e+00
      vertex   8.920000e-01 -2.268208e-02  1.253487e+00
    endloop
  endfacet
  facet normal -1.026420e-02  9.101394e-01  4.141750e-01
    outer loop
      vertex   8.950000e-01 -2.220710e-02  1.252518e+00
      vertex   8.920000e-01 -2.268208e-02  1.253487e+00
      vertex   8.950000e-01 -2.324471e-02  1.254798e+00
    endloop
  endfacet
  facet normal  1.339039e-02  9.295797e-01  3.683778e-01
    outer loop
      vertex   8.950000e-01 -2.324471e-02  1.254798e+00
      vertex   8.920000e-01 -2.268208e-02  1.253487e+00
      vertex   8.920000e-01 -2.372643e-02  1.256122e+00
    endloop
  endfacet
  facet normal -9.826273e-03  9.466828e-01  3.220174e-01
    outer loop
      vertex   8.950000e-01 -2.324471e-02  1.254798e+00
      vertex   8.920000e-01 -2.372643e-02  1.256122e+00
      vertex   8.950000e-01 -2.403498e-02  1.257121e+00
    endloop
  endfacet
  facet normal  1.196249e-02  9.649392e-01  2.622008e-01
    outer loop
      vertex   8.950000e-01 -2.403498e-02  1.257121e+00
      vertex   8.920000e-01 -2.372643e-02  1.256122e+00
      vertex   8.920000e-01 -2.445037e-02  1.258787e+00
    endloop
  endfacet
  facet normal -7.753389e-03  9.734404e-01  2.288092e-01
    outer loop
      vertex   8.950000e-01 -2.403498e-02  1.257121e+00
      vertex   8.920000e-01 -2.445037e-02  1.258787e+00
      vertex   8.950000e-01 -2.458264e-02  1.259451e+00
    endloop
  endfacet
  facet normal  9.015450e-03  9.877268e-01  1.559304e-01
    outer loop
      vertex   8.950000e-01 -2.458264e-02  1.259451e+00
      vertex   8.920000e-01 -2.445037e-02  1.258787e+00
      vertex   8.920000e-01 -2.486730e-02  1.261428e+00
    endloop
  endfacet
  facet normal -4.358845e-03  9.906912e-01  1.360583e-01
    outer loop
      vertex   8.950000e-01 -2.458264e-02  1.259451e+00
      vertex   8.920000e-01 -2.486730e-02  1.261428e+00
      vertex   8.950000e-01 -2.489887e-02  1.261754e+00
    endloop
  endfacet
  facet normal  4.912636e-03  9.986600e-01  5.151893e-02
    outer loop
      vertex   8.950000e-01 -2.489887e-02  1.261754e+00
      vertex   8.920000e-01 -2.486730e-02  1.261428e+00
      vertex   8.920000e-01 -2.500000e-02  1.264000e+00
    endloop
  endfacet
  facet normal  0.000000e+00  9.989882e-01  4.497293e-02
    outer loop
      vertex   8.950000e-01 -2.489887e-02  1.261754e+00
      vertex   8.920000e-01 -2.500000e-02  1.264000e+00
      vertex   8.950000e-01 -2.500000e-02  1.264000e+00
    endloop
  endfacet
  facet normal  0.000000e+00  9.989882e-01 -4.497293e-02
    outer loop
      vertex   8.950000e-01 -2.500000e-02  1.264000e+00
      vertex   8.920000e-01 -2.500000e-02  1.264000e+00
      vertex   8.950000e-01 -2.489887e-02  1.266246e+00
    endloop
  endfacet
  facet normal  4.910849e-03  9.986600e-01 -5.151655e-02
    outer loop
      vertex   8.950000e-01 -2.489887e-02  1.266246e+00
      vertex   8.920000e-01 -2.500000e-02  1.264000e+00
      vertex   8.920000e-01 -2.486730e-02  1.266573e+00
    endloop
  endfacet
  facet normal -4.364251e-03  9.906912e-01 -1.360583e-01
    outer loop
      vertex   8.950000e-01 -2.489887e-02  1.266246e+00
      vertex   8.920000e-01 -2.486730e-02  1.266573e+00
      vertex   8.950000e-01 -2.458264e-02  1.268549e+00
    endloop
  endfacet
  facet normal  9.009256e-03  9.877269e-01 -1.559304e-01
    outer loop
      vertex   8.950000e-01 -2.458264e-02  1.268549e+00
      vertex   8.920000e-01 -2.486730e-02  1.266573e+00
      vertex   8.920000e-01 -2.445037e-02  1.269214e+00
    endloop
  endfacet
  facet normal -7.762476e-03  9.734403e-01 -2.288092e-01
    outer loop
      vertex   8.950000e-01 -2.458264e-02  1.268549e+00
      vertex   8.920000e-01 -2.445037e-02  1.269214e+00
      vertex   8.950000e-01 -2.403498e-02  1.270879e+00
    endloop
  endfacet
  facet normal  3.969506e-03  9.685657e-01 -2.487263e-01
    outer loop
      vertex   8.950000e-01 -2.403498e-02  1.270879e+00
      vertex   8.920000e-01 -2.445037e-02  1.269214e+00
      vertex   8.920000e-01 -2.393712e-02  1.271212e+00
    endloop
  endfacet
  facet normal -4.882562e-03  9.467223e-01 -3.220143e-01
    outer loop
      vertex   8.950000e-01 -2.403498e-02  1.270879e+00
      vertex   8.920000e-01 -2.393712e-02  1.271212e+00
      vertex   8.950000e-01 -2.324471e-02  1.273202e+00
    endloop
  endfacet
  facet normal  0.000000e+00  9.444722e-01 -3.285914e-01
    outer loop
      vertex   8.950000e-01 -2.324471e-02  1.273202e+00
      vertex   8.920000e-01 -2.393712e-02  1.271212e+00
      vertex   8.920000e-01 -2.324471e-02  1.273202e+00
    endloop
  endfacet
  facet normal  0.000000e+00  9.131415e-01 -4.076425e-01
    outer loop
      vertex   8.950000e-01 -2.324471e-02  1.273202e+00
      vertex   8.920000e-01 -2.324471e-02  1.273202e+00
      vertex   8.920000e-01 -2.237046e-02  1.275161e+00
    endloop
  endfacet
  facet normal  0.000000e+00  9.131416e-01 -4.076426e-01
    outer loop
      vertex   8.920000e-01 -2.237046e-02  1.275161e+00
      vertex   8.920000e-01 -2.324471e-02  1.273202e+00
      vertex   8.890001e-01 -2.324471e-02  1.273202e+00
    endloop
  endfacet
  facet normal  5.153526e-03  9.101671e-01 -4.142092e-01
    outer loop
      vertex   8.920000e-01 -2.237046e-02  1.275161e+00
      vertex   8.890001e-01 -2.324471e-02  1.273202e+00
      vertex   8.890001e-01 -2.220710e-02  1.275482e+00
    endloop
  endfacet
  facet normal -5.632226e-03  4.495523e-02  9.989731e-01
    outer loop
      vertex   8.890001e-01  1.976879e-16  1.239000e+00
      vertex   8.890001e-01 -2.246361e-03  1.239101e+00
      vertex   8.920000e-01 -2.572498e-03  1.239133e+00
    endloop
  endfacet
  facet normal  4.359820e-03  1.360645e-01  9.906904e-01
    outer loop
      vertex   8.920000e-01 -2.572498e-03  1.239133e+00
      vertex   8.890001e-01 -2.246361e-03  1.239101e+00
      vertex   8.890001e-01 -4.549077e-03  1.239417e+00
    endloop
  endfacet
  facet normal -9.030902e-03  1.559609e-01  9.877219e-01
    outer loop
      vertex   8.920000e-01 -2.572498e-03  1.239133e+00
      vertex   8.890001e-01 -4.549077e-03  1.239417e+00
      vertex   8.920000e-01 -5.213380e-03  1.239550e+00
    endloop
  endfacet
  facet normal  7.741716e-03  2.288582e-01  9.734290e-01
    outer loop
      vertex   8.920000e-01 -5.213380e-03  1.239550e+00
      vertex   8.890001e-01 -4.549077e-03  1.239417e+00
      vertex   8.890001e-01 -6.878956e-03  1.239965e+00
    endloop
  endfacet
  facet normal -1.194936e-02  2.622069e-01  9.649377e-01
    outer loop
      vertex   8.920000e-01 -5.213380e-03  1.239550e+00
      vertex   8.890001e-01 -6.878956e-03  1.239965e+00
      vertex   8.920000e-01 -7.877590e-03  1.240274e+00
    endloop
  endfacet
  facet normal  9.827280e-03  3.219887e-01  9.466925e-01
    outer loop
      vertex   8.920000e-01 -7.877590e-03  1.240274e+00
      vertex   8.890001e-01 -6.878956e-03  1.239965e+00
      vertex   8.890001e-01 -9.202369e-03  1.240755e+00
    endloop
  endfacet
  facet normal -1.339064e-02  3.683475e-01  9.295918e-01
    outer loop
      vertex   8.920000e-01 -7.877590e-03  1.240274e+00
      vertex   8.890001e-01 -9.202369e-03  1.240755e+00
      vertex   8.920000e-01 -1.051300e-02  1.241318e+00
    endloop
  endfacet
  facet normal  1.028604e-02  4.141896e-01  9.101325e-01
    outer loop
      vertex   8.920000e-01 -1.051300e-02  1.241318e+00
      vertex   8.890001e-01 -9.202369e-03  1.240755e+00
      vertex   8.890001e-01 -1.148237e-02  1.241793e+00
    endloop
  endfacet
  facet normal -1.303938e-02  4.722740e-01  8.813554e-01
    outer loop
      vertex   8.920000e-01 -1.051300e-02  1.241318e+00
      vertex   8.890001e-01 -1.148237e-02  1.241793e+00
      vertex   8.920000e-01 -1.306293e-02  1.242684e+00
    endloop
  endfacet
  facet normal  8.829765e-03  5.038515e-01  8.637452e-01
    outer loop
      vertex   8.920000e-01 -1.306293e-02  1.242684e+00
      vertex   8.890001e-01 -1.148237e-02  1.241793e+00
      vertex   8.890001e-01 -1.368024e-02  1.243075e+00
    endloop
  endfacet
  facet normal -1.074505e-02  5.715863e-01  8.204716e-01
    outer loop
      vertex   8.920000e-01 -1.306293e-02  1.242684e+00
      vertex   8.890001e-01 -1.368024e-02  1.243075e+00
      vertex   8.920000e-01 -1.546951e-02  1.244361e+00
    endloop
  endfacet
  facet normal  5.425335e-03  5.895370e-01  8.077232e-01
    outer loop
      vertex   8.920000e-01 -1.546951e-02  1.244361e+00
      vertex   8.890001e-01 -1.368024e-02  1.243075e+00
      vertex   8.890001e-01 -1.575745e-02  1.244591e+00
    endloop
  endfacet
  facet normal -6.345417e-03  6.640974e-01  7.476192e-01
    outer loop
      vertex   8.920000e-01 -1.546951e-02  1.244361e+00
      vertex   8.890001e-01 -1.575745e-02  1.244591e+00
      vertex   8.920000e-01 -1.767767e-02  1.246322e+00
    endloop
  endfacet
  facet normal  0.000000e+00  6.695977e-01  7.427239e-01
    outer loop
      vertex   8.920000e-01 -1.767767e-02  1.246322e+00
      vertex   8.890001e-01 -1.575745e-02  1.244591e+00
      vertex   8.890001e-01 -1.767767e-02  1.246322e+00
    endloop
  endfacet
  facet normal  0.000000e+00  7.427247e-01  6.695971e-01
    outer loop
      vertex   8.920000e-01 -1.767767e-02  1.246322e+00
      vertex   8.890001e-01 -1.767767e-02  1.246322e+00
      vertex   8.890001e-01 -1.940883e-02  1.248243e+00
    endloop
  endfacet
  facet normal -6.367677e-03  7.476367e-01  6.640773e-01
    outer loop
      vertex   8.920000e-01 -1.767767e-02  1.246322e+00
      vertex   8.890001e-01 -1.940883e-02  1.248243e+00
      vertex   8.920000e-01 -1.963910e-02  1.248531e+00
    endloop
  endfacet
  facet normal  5.402761e-03  8.077335e-01  5.895231e-01
    outer loop
      vertex   8.920000e-01 -1.963910e-02  1.248531e+00
      vertex   8.890001e-01 -1.940883e-02  1.248243e+00
      vertex   8.890001e-01 -2.092489e-02  1.250320e+00
    endloop
  endfacet
  facet normal -1.072694e-02  8.204503e-01  5.716172e-01
    outer loop
      vertex   8.920000e-01 -1.963910e-02  1.248531e+00
      vertex   8.890001e-01 -2.092489e-02  1.250320e+00
      vertex   8.920000e-01 -2.131572e-02  1.250937e+00
    endloop
  endfacet
  facet normal  8.846319e-03  8.637233e-01  5.038887e-01
    outer loop
      vertex   8.920000e-01 -2.131572e-02  1.250937e+00
      vertex   8.890001e-01 -2.092489e-02  1.250320e+00
      vertex   8.890001e-01 -2.220710e-02  1.252518e+00
    endloop
  endfacet
  facet normal -1.306057e-02  8.813637e-01  4.722579e-01
    outer loop
      vertex   8.920000e-01 -2.131572e-02  1.250937e+00
      vertex   8.890001e-01 -2.220710e-02  1.252518e+00
      vertex   8.920000e-01 -2.268208e-02  1.253487e+00
    endloop
  endfacet
  facet normal  1.026440e-02  9.101394e-01  4.141750e-01
    outer loop
      vertex   8.920000e-01 -2.268208e-02  1.253487e+00
      vertex   8.890001e-01 -2.220710e-02  1.252518e+00
      vertex   8.890001e-01 -2.324471e-02  1.254798e+00
    endloop
  endfacet
  facet normal -1.339066e-02  9.295797e-01  3.683778e-01
    outer loop
      vertex   8.920000e-01 -2.268208e-02  1.253487e+00
      vertex   8.890001e-01 -2.324471e-02  1.254798e+00
      vertex   8.920000e-01 -2.372643e-02  1.256122e+00
    endloop
  endfacet
  facet normal  9.826464e-03  9.466828e-01  3.220174e-01
    outer loop
      vertex   8.920000e-01 -2.372643e-02  1.256122e+00
      vertex   8.890001e-01 -2.324471e-02  1.254798e+00
      vertex   8.890001e-01 -2.403498e-02  1.257121e+00
    endloop
  endfacet
  facet normal -1.196273e-02  9.649392e-01  2.622008e-01
    outer loop
      vertex   8.920000e-01 -2.372643e-02  1.256122e+00
      vertex   8.890001e-01 -2.403498e-02  1.257121e+00
      vertex   8.920000e-01 -2.445037e-02  1.258787e+00
    endloop
  endfacet
  facet normal  7.753539e-03  9.734405e-01  2.288093e-01
    outer loop
      vertex   8.920000e-01 -2.445037e-02  1.258787e+00
      vertex   8.890001e-01 -2.403498e-02  1.257121e+00
      vertex   8.890001e-01 -2.458264e-02  1.259451e+00
    endloop
  endfacet
  facet normal -9.015630e-03  9.877269e-01  1.559304e-01
    outer loop
      vertex   8.920000e-01 -2.445037e-02  1.258787e+00
      vertex   8.890001e-01 -2.458264e-02  1.259451e+00
      vertex   8.920000e-01 -2.486730e-02  1.261428e+00
    endloop
  endfacet
  facet normal  4.358931e-03  9.906912e-01  1.360583e-01
    outer loop
      vertex   8.920000e-01 -2.486730e-02  1.261428e+00
      vertex   8.890001e-01 -2.458264e-02  1.259451e+00
      vertex   8.890001e-01 -2.489887e-02  1.261754e+00
    endloop
  endfacet
  facet normal -4.912733e-03  9.986599e-01  5.151892e-02
    outer loop
      vertex   8.920000e-01 -2.486730e-02  1.261428e+00
      vertex   8.890001e-01 -2.489887e-02  1.261754e+00
      vertex   8.920000e-01 -2.500000e-02  1.264000e+00
    endloop
  endfacet
  facet normal  0.000000e+00  9.989882e-01  4.497292e-02
    outer loop
      vertex   8.920000e-01 -2.500000e-02  1.264000e+00
      vertex   8.890001e-01 -2.489887e-02  1.261754e+00
      vertex   8.890001e-01 -2.500000e-02  1.264000e+00
    endloop
  endfacet
  facet normal  0.000000e+00  9.989882e-01 -4.497292e-02
    outer loop
      vertex   8.920000e-01 -2.500000e-02  1.264000e+00
      vertex   8.890001e-01 -2.500000e-02  1.264000e+00
      vertex   8.890001e-01 -2.489887e-02  1.266246e+00
    endloop
  endfacet
  facet normal -4.910948e-03  9.986601e-01 -5.151655e-02
    outer loop
      vertex   8.920000e-01 -2.500000e-02  1.264000e+00
      vertex   8.890001e-01 -2.489887e-02  1.266246e+00
      vertex   8.920000e-01 -2.486730e-02  1.266573e+00
    endloop
  endfacet
  facet normal  4.364338e-03  9.906912e-01 -1.360583e-01
    outer loop
      vertex   8.920000e-01 -2.486730e-02  1.266573e+00
      vertex   8.890001e-01 -2.489887e-02  1.266246e+00
      vertex   8.890001e-01 -2.458264e-02  1.268549e+00
    endloop
  endfacet
  facet normal -9.009433e-03  9.877269e-01 -1.559304e-01
    outer loop
      vertex   8.920000e-01 -2.486730e-02  1.266573e+00
      vertex   8.890001e-01 -2.458264e-02  1.268549e+00
      vertex   8.920000e-01 -2.445037e-02  1.269214e+00
    endloop
  endfacet
  facet normal  7.762635e-03  9.734404e-01 -2.288092e-01
    outer loop
      vertex   8.920000e-01 -2.445037e-02  1.269214e+00
      vertex   8.890001e-01 -2.458264e-02  1.268549e+00
      vertex   8.890001e-01 -2.403498e-02  1.270879e+00
    endloop
  endfacet
  facet normal -3.969587e-03  9.685657e-01 -2.487263e-01
    outer loop
      vertex   8.920000e-01 -2.445037e-02  1.269214e+00
      vertex   8.890001e-01 -2.403498e-02  1.270879e+00
      vertex   8.920000e-01 -2.393712e-02  1.271212e+00
    endloop
  endfacet
  facet normal  4.882657e-03  9.467222e-01 -3.220143e-01
    outer loop
      vertex   8.920000e-01 -2.393712e-02  1.271212e+00
      vertex   8.890001e-01 -2.403498e-02  1.270879e+00
      vertex   8.890001e-01 -2.324471e-02  1.273202e+00
    endloop
  endfacet
  facet normal  0.000000e+00  9.444721e-01 -3.285914e-01
    outer loop
      vertex   8.920000e-01 -2.393712e-02  1.271212e+00
      vertex   8.890001e-01 -2.324471e-02  1.273202e+00
      vertex   8.920000e-01 -2.324471e-02  1.273202e+00
    endloop
  endfacet
  facet normal -4.366468e-03  8.745496e-01 -4.849163e-01
    outer loop
      vertex   8.920000e-01 -2.237046e-02  1.275161e+00
      vertex   8.890001e-01 -2.220710e-02  1.275482e+00
      vertex   8.920000e-01 -2.131572e-02  1.277063e+00
    endloop
  endfacet
  facet normal  8.846319e-03  8.637233e-01 -5.038887e-01
    outer loop
      vertex   8.920000e-01 -2.131572e-02  1.277063e+00
      vertex   8.890001e-01 -2.220710e-02  1.275482e+00
      vertex   8.890001e-01 -2.092489e-02  1.277680e+00
    endloop
  endfacet
  facet normal -7.135379e-03  8.288240e-01 -5.594639e-01
    outer loop
      vertex   8.920000e-01 -2.131572e-02  1.277063e+00
      vertex   8.890001e-01 -2.092489e-02  1.277680e+00
      vertex   8.920000e-01 -2.008618e-02  1.278885e+00
    endloop
  endfacet
  facet normal  1.082693e-02  8.076980e-01 -5.894971e-01
    outer loop
      vertex   8.920000e-01 -2.008618e-02  1.278885e+00
      vertex   8.890001e-01 -2.092489e-02  1.277680e+00
      vertex   8.890001e-01 -1.940883e-02  1.279757e+00
    endloop
  endfacet
  facet normal -8.141995e-03  7.762947e-01 -6.303176e-01
    outer loop
      vertex   8.920000e-01 -2.008618e-02  1.278885e+00
      vertex   8.890001e-01 -1.940883e-02  1.279757e+00
      vertex   8.920000e-01 -1.869188e-02  1.280602e+00
    endloop
  endfacet
  facet normal  1.092270e-02  7.427009e-01 -6.695342e-01
    outer loop
      vertex   8.920000e-01 -1.869188e-02  1.280602e+00
      vertex   8.890001e-01 -1.940883e-02  1.279757e+00
      vertex   8.890001e-01 -1.767767e-02  1.281678e+00
    endloop
  endfacet
  facet normal -7.305058e-03  7.174605e-01 -6.965609e-01
    outer loop
      vertex   8.920000e-01 -1.869188e-02  1.280602e+00
      vertex   8.890001e-01 -1.767767e-02  1.281678e+00
      vertex   8.920000e-01 -1.714703e-02  1.282193e+00
    endloop
  endfacet
  facet normal  9.095524e-03  6.695446e-01 -7.427162e-01
    outer loop
      vertex   8.920000e-01 -1.714703e-02  1.282193e+00
      vertex   8.890001e-01 -1.767767e-02  1.281678e+00
      vertex   8.890001e-01 -1.575745e-02  1.283409e+00
    endloop
  endfacet
  facet normal -4.527546e-03  6.529623e-01 -7.573768e-01
    outer loop
      vertex   8.920000e-01 -1.714703e-02  1.282193e+00
      vertex   8.890001e-01 -1.575745e-02  1.283409e+00
      vertex   8.920000e-01 -1.546951e-02  1.283639e+00
    endloop
  endfacet
  facet normal  5.425335e-03  5.895370e-01 -8.077232e-01
    outer loop
      vertex   8.920000e-01 -1.546951e-02  1.283639e+00
      vertex   8.890001e-01 -1.575745e-02  1.283409e+00
      vertex   8.890001e-01 -1.368024e-02  1.284925e+00
    endloop
  endfacet
  facet normal  0.000000e+00  5.835629e-01 -8.120679e-01
    outer loop
      vertex   8.920000e-01 -1.546951e-02  1.283639e+00
      vertex   8.890001e-01 -1.368024e-02  1.284925e+00
      vertex   8.920000e-01 -1.368024e-02  1.284925e+00
    endloop
  endfacet
  facet normal  0.000000e+00  5.101103e-01 -8.601090e-01
    outer loop
      vertex   8.920000e-01 -1.368024e-02  1.284925e+00
      vertex   8.890001e-01 -1.368024e-02  1.284925e+00
      vertex   8.920000e-01 -1.180229e-02  1.286039e+00
    endloop
  endfacet
  facet normal  0.000000e+00  5.101103e-01 -8.601090e-01
    outer loop
      vertex   8.920000e-01 -1.368024e-02  1.284925e+00
      vertex   8.920000e-01 -1.180229e-02  1.286039e+00
      vertex   8.950000e-01 -1.368024e-02  1.284925e+00
    endloop
  endfacet
  facet normal -5.238567e-03  5.038991e-01 -8.637466e-01
    outer loop
      vertex   8.950000e-01 -1.368024e-02  1.284925e+00
      vertex   8.920000e-01 -1.180229e-02  1.286039e+00
      vertex   8.950000e-01 -1.148237e-02  1.286207e+00
    endloop
  endfacet
  facet normal  4.340131e-03  4.337119e-01 -9.010412e-01
    outer loop
      vertex   8.950000e-01 -1.148237e-02  1.286207e+00
      vertex   8.920000e-01 -1.180229e-02  1.286039e+00
      vertex   8.920000e-01 -9.859901e-03  1.286974e+00
    endloop
  endfacet
  facet normal -8.540954e-03  4.141964e-01 -9.101475e-01
    outer loop
      vertex   8.950000e-01 -1.148237e-02  1.286207e+00
      vertex   8.920000e-01 -9.859901e-03  1.286974e+00
      vertex   8.950000e-01 -9.202369e-03  1.287245e+00
    endloop
  endfacet
  facet normal  6.660976e-03  3.550156e-01 -9.348367e-01
    outer loop
      vertex   8.950000e-01 -9.202369e-03  1.287245e+00
      vertex   8.920000e-01 -9.859901e-03  1.286974e+00
      vertex   8.920000e-01 -7.877590e-03  1.287727e+00
    endloop
  endfacet
  facet normal -9.827096e-03  3.219887e-01 -9.466925e-01
    outer loop
      vertex   8.950000e-01 -9.202369e-03  1.287245e+00
      vertex   8.920000e-01 -7.877590e-03  1.287727e+00
      vertex   8.950000e-01 -6.878956e-03  1.288035e+00
    endloop
  endfacet
  facet normal  2.133761e-02  2.360334e-01 -9.715106e-01
    outer loop
      vertex   8.950000e-01 -6.878956e-03  1.288035e+00
      vertex   8.920000e-01 -7.877590e-03  1.287727e+00
      vertex   8.920000e-01 -3.887019e-03  1.288696e+00
    endloop
  endfacet
  facet normal  1.370874e-02  2.287964e-01 -9.733778e-01
    outer loop
      vertex   8.950000e-01 -6.878956e-03  1.288035e+00
      vertex   8.920000e-01 -3.887019e-03  1.288696e+00
      vertex   8.950000e-01 -4.549077e-03  1.288583e+00
    endloop
  endfacet
  facet normal -7.398453e-03  1.361125e-01 -9.906658e-01
    outer loop
      vertex   8.950000e-01 -4.549077e-03  1.288583e+00
      vertex   8.920000e-01 -3.887019e-03  1.288696e+00
      vertex   8.950000e-01 -2.246361e-03  1.288899e+00
    endloop
  endfacet
  facet normal  0.000000e+00  1.228025e-01 -9.924312e-01
    outer loop
      vertex   8.950000e-01 -2.246361e-03  1.288899e+00
      vertex   8.920000e-01 -3.887019e-03  1.288696e+00
      vertex   8.890001e-01 -2.246361e-03  1.288899e+00
    endloop
  endfacet
  facet normal  0.000000e+00  4.490304e-02 -9.989914e-01
    outer loop
      vertex   8.950000e-01 -2.246361e-03  1.288899e+00
      vertex   8.890001e-01 -2.246361e-03  1.288899e+00
      vertex   8.950000e-01  1.996863e-16  1.289000e+00
    endloop
  endfacet
  facet normal -1.495586e-17  4.490304e-02 -9.989914e-01
    outer loop
      vertex   8.950000e-01  1.996863e-16  1.289000e+00
      vertex   8.890001e-01 -2.246361e-03  1.288899e+00
      vertex   8.890001e-01  1.976879e-16  1.289000e+00
    endloop
  endfacet
  facet normal  5.238672e-03  5.038991e-01 -8.637466e-01
    outer loop
      vertex   8.890001e-01 -1.368024e-02  1.284925e+00
      vertex   8.890001e-01 -1.148237e-02  1.286207e+00
      vertex   8.920000e-01 -1.180229e-02  1.286039e+00
    endloop
  endfacet
  facet normal -4.340213e-03  4.337120e-01 -9.010411e-01
    outer loop
      vertex   8.920000e-01 -1.180229e-02  1.286039e+00
      vertex   8.890001e-01 -1.148237e-02  1.286207e+00
      vertex   8.920000e-01 -9.859901e-03  1.286974e+00
    endloop
  endfacet
  facet normal  8.541124e-03  4.141964e-01 -9.101475e-01
    outer loop
      vertex   8.890001e-01 -1.148237e-02  1.286207e+00
      vertex   8.890001e-01 -9.202369e-03  1.287245e+00
      vertex   8.920000e-01 -9.859901e-03  1.286974e+00
    endloop
  endfacet
  facet normal -6.661108e-03  3.550156e-01 -9.348367e-01
    outer loop
      vertex   8.920000e-01 -9.859901e-03  1.286974e+00
      vertex   8.890001e-01 -9.202369e-03  1.287245e+00
      vertex   8.920000e-01 -7.877590e-03  1.287727e+00
    endloop
  endfacet
  facet normal  9.827293e-03  3.219887e-01 -9.466925e-01
    outer loop
      vertex   8.890001e-01 -9.202369e-03  1.287245e+00
      vertex   8.890001e-01 -6.878956e-03  1.288035e+00
      vertex   8.920000e-01 -7.877590e-03  1.287727e+00
    endloop
  endfacet
  facet normal -2.133802e-02  2.360334e-01 -9.715106e-01
    outer loop
      vertex   8.920000e-01 -7.877590e-03  1.287727e+00
      vertex   8.890001e-01 -6.878956e-03  1.288035e+00
      vertex   8.920000e-01 -3.887019e-03  1.288696e+00
    endloop
  endfacet
  facet normal -1.370902e-02  2.287964e-01 -9.733778e-01
    outer loop
      vertex   8.890001e-01 -6.878956e-03  1.288035e+00
      vertex   8.890001e-01 -4.549077e-03  1.288583e+00
      vertex   8.920000e-01 -3.887019e-03  1.288696e+00
    endloop
  endfacet
  facet normal  7.398600e-03  1.361125e-01 -9.906658e-01
    outer loop
      vertex   8.920000e-01 -3.887019e-03  1.288696e+00
      vertex   8.890001e-01 -4.549077e-03  1.288583e+00
      vertex   8.890001e-01 -2.246361e-03  1.288899e+00
    endloop
  endfacet
  facet normal  0.000000e+00  5.835629e-01 -8.120680e-01
    outer loop
      vertex   8.920000e-01 -1.368024e-02  1.284925e+00
      vertex   8.950000e-01 -1.368024e-02  1.284925e+00
      vertex   8.920000e-01 -1.546951e-02  1.283639e+00
    endloop
  endfacet
  facet normal -5.425227e-03  5.895370e-01 -8.077231e-01
    outer loop
      vertex   8.920000e-01 -1.546951e-02  1.283639e+00
      vertex   8.950000e-01 -1.368024e-02  1.284925e+00
      vertex   8.950000e-01 -1.575745e-02  1.283409e+00
    endloop
  endfacet
  facet normal  4.527443e-03  6.529623e-01 -7.573768e-01
    outer loop
      vertex   8.920000e-01 -1.546951e-02  1.283639e+00
      vertex   8.950000e-01 -1.575745e-02  1.283409e+00
      vertex   8.920000e-01 -1.714703e-02  1.282193e+00
    endloop
  endfacet
  facet normal -9.095343e-03  6.695446e-01 -7.427162e-01
    outer loop
      vertex   8.920000e-01 -1.714703e-02  1.282193e+00
      vertex   8.950000e-01 -1.575745e-02  1.283409e+00
      vertex   8.950000e-01 -1.767767e-02  1.281678e+00
    endloop
  endfacet
  facet normal  7.304905e-03  7.174605e-01 -6.965609e-01
    outer loop
      vertex   8.920000e-01 -1.714703e-02  1.282193e+00
      vertex   8.950000e-01 -1.767767e-02  1.281678e+00
      vertex   8.920000e-01 -1.869188e-02  1.280602e+00
    endloop
  endfacet
  facet normal -1.092248e-02  7.427009e-01 -6.695341e-01
    outer loop
      vertex   8.920000e-01 -1.869188e-02  1.280602e+00
      vertex   8.950000e-01 -1.767767e-02  1.281678e+00
      vertex   8.950000e-01 -1.940883e-02  1.279757e+00
    endloop
  endfacet
  facet normal  8.141834e-03  7.762947e-01 -6.303176e-01
    outer loop
      vertex   8.920000e-01 -1.869188e-02  1.280602e+00
      vertex   8.950000e-01 -1.940883e-02  1.279757e+00
      vertex   8.920000e-01 -2.008618e-02  1.278885e+00
    endloop
  endfacet
  facet normal -1.082671e-02  8.076979e-01 -5.894970e-01
    outer loop
      vertex   8.920000e-01 -2.008618e-02  1.278885e+00
      vertex   8.950000e-01 -1.940883e-02  1.279757e+00
      vertex   8.950000e-01 -2.092489e-02  1.277680e+00
    endloop
  endfacet
  facet normal  7.135237e-03  8.288240e-01 -5.594639e-01
    outer loop
      vertex   8.920000e-01 -2.008618e-02  1.278885e+00
      vertex   8.950000e-01 -2.092489e-02  1.277680e+00
      vertex   8.920000e-01 -2.131572e-02  1.277063e+00
    endloop
  endfacet
  facet normal -8.846143e-03  8.637233e-01 -5.038887e-01
    outer loop
      vertex   8.920000e-01 -2.131572e-02  1.277063e+00
      vertex   8.950000e-01 -2.092489e-02  1.277680e+00
      vertex   8.950000e-01 -2.220710e-02  1.275482e+00
    endloop
  endfacet
  facet normal  4.366377e-03  8.745496e-01 -4.849164e-01
    outer loop
      vertex   8.920000e-01 -2.131572e-02  1.277063e+00
      vertex   8.950000e-01 -2.220710e-02  1.275482e+00
      vertex   8.920000e-01 -2.237046e-02  1.275161e+00
    endloop
  endfacet
  facet normal -5.153424e-03  9.101672e-01 -4.142092e-01
    outer loop
      vertex   8.920000e-01 -2.237046e-02  1.275161e+00
      vertex   8.950000e-01 -2.220710e-02  1.275482e+00
      vertex   8.950000e-01 -2.324471e-02  1.273202e+00
    endloop
  endfacet
  facet normal  0.000000e+00  9.133477e-02  9.958202e-01
    outer loop
      vertex   8.950000e-01  1.071514e-02  1.288219e+00
      vertex   8.890001e-01  1.071514e-02  1.288219e+00
      vertex   8.950000e-01  1.041490e-02  1.288246e+00
    endloop
  endfacet
  facet normal  1.199575e-03  1.150810e-01  9.933553e-01
    outer loop
      vertex   8.950000e-01  1.041490e-02  1.288246e+00
      vertex   8.890001e-01  1.071514e-02  1.288219e+00
      vertex   8.920000e-01  1.037105e-02  1.288255e+00
    endloop
  endfacet
  facet normal -1.252049e-03  2.764156e-01  9.610374e-01
    outer loop
      vertex   8.950000e-01  1.041490e-02  1.288246e+00
      vertex   8.920000e-01  1.037105e-02  1.288255e+00
      vertex   8.950000e-01  1.010778e-02  1.288335e+00
    endloop
  endfacet
  facet normal  2.596609e-03  3.165055e-01  9.485871e-01
    outer loop
      vertex   8.950000e-01  1.010778e-02  1.288335e+00
      vertex   8.920000e-01  1.037105e-02  1.288255e+00
      vertex   8.920000e-01  1.002128e-02  1.288372e+00
    endloop
  endfacet
  facet normal -2.286903e-03  4.598946e-01  8.879706e-01
    outer loop
      vertex   8.950000e-01  1.010778e-02  1.288335e+00
      vertex   8.920000e-01  1.002128e-02  1.288372e+00
      vertex   8.950000e-01  9.812240e-03  1.288488e+00
    endloop
  endfacet
  facet normal  3.491292e-03  5.230314e-01  8.523063e-01
    outer loop
      vertex   8.950000e-01  9.812240e-03  1.288488e+00
      vertex   8.920000e-01  1.002128e-02  1.288372e+00
      vertex   8.920000e-01  9.694149e-03  1.288572e+00
    endloop
  endfacet
  facet normal -2.892736e-03  6.305487e-01  7.761444e-01
    outer loop
      vertex   8.950000e-01  9.812240e-03  1.288488e+00
      vertex   8.920000e-01  9.694149e-03  1.288572e+00
      vertex   8.950000e-01  9.548411e-03  1.288702e+00
    endloop
  endfacet
  facet normal  3.829604e-03  7.073336e-01  7.068696e-01
    outer loop
      vertex   8.950000e-01  9.548411e-03  1.288702e+00
      vertex   8.920000e-01  9.694149e-03  1.288572e+00
      vertex   8.920000e-01  9.418956e-03  1.288848e+00
    endloop
  endfacet
  facet normal -2.849480e-03  7.761524e-01  6.305389e-01
    outer loop
      vertex   8.950000e-01  9.548411e-03  1.288702e+00
      vertex   8.920000e-01  9.418956e-03  1.288848e+00
      vertex   8.950000e-01  9.334094e-03  1.288966e+00
    endloop
  endfacet
  facet normal  3.523134e-03  8.521895e-01  5.232214e-01
    outer loop
      vertex   8.950000e-01  9.334094e-03  1.288966e+00
      vertex   8.920000e-01  9.418956e-03  1.288848e+00
      vertex   8.920000e-01  9.218119e-03  1.289175e+00
    endloop
  endfacet
  facet normal -2.275656e-03  8.879813e-01  4.598738e-01
    outer loop
      vertex   8.950000e-01  9.334094e-03  1.288966e+00
      vertex   8.920000e-01  9.218119e-03  1.289175e+00
      vertex   8.950000e-01  9.180986e-03  1.289261e+00
    endloop
  endfacet
  facet normal  2.609970e-03  9.485822e-01  3.165199e-01
    outer loop
      vertex   8.950000e-01  9.180986e-03  1.289261e+00
      vertex   8.920000e-01  9.218119e-03  1.289175e+00
      vertex   8.920000e-01  9.101412e-03  1.289525e+00
    endloop
  endfacet
  facet normal -1.235257e-03  9.610260e-01  2.764553e-01
    outer loop
      vertex   8.950000e-01  9.180986e-03  1.289261e+00
      vertex   8.920000e-01  9.101412e-03  1.289525e+00
      vertex   8.950000e-01  9.092683e-03  1.289568e+00
    endloop
  endfacet
  facet normal  1.364542e-03  9.944863e-01  1.048576e-01
    outer loop
      vertex   8.950000e-01  9.092683e-03  1.289568e+00
      vertex   8.920000e-01  9.101412e-03  1.289525e+00
      vertex   8.920000e-01  9.065137e-03  1.289869e+00
    endloop
  endfacet
  facet normal  0.000000e+00  9.958190e-01  9.134745e-02
    outer loop
      vertex   8.950000e-01  9.092683e-03  1.289568e+00
      vertex   8.920000e-01  9.065137e-03  1.289869e+00
      vertex   8.950000e-01  9.065137e-03  1.289869e+00
    endloop
  endfacet
  facet normal  0.000000e+00  9.958190e-01 -9.134745e-02
    outer loop
      vertex   8.950000e-01  9.065137e-03  1.289869e+00
      vertex   8.920000e-01  9.065137e-03  1.289869e+00
      vertex   8.950000e-01  9.092683e-03  1.290169e+00
    endloop
  endfacet
  facet normal  1.364542e-03  9.944863e-01 -1.048576e-01
    outer loop
      vertex   8.950000e-01  9.092683e-03  1.290169e+00
      vertex   8.920000e-01  9.065137e-03  1.289869e+00
      vertex   8.920000e-01  9.101412e-03  1.290213e+00
    endloop
  endfacet
  facet normal -1.235257e-03  9.610260e-01 -2.764553e-01
    outer loop
      vertex   8.950000e-01  9.092683e-03  1.290169e+00
      vertex   8.920000e-01  9.101412e-03  1.290213e+00
      vertex   8.950000e-01  9.180986e-03  1.290476e+00
    endloop
  endfacet
  facet normal  0.000000e+00  9.572137e-01 -2.893818e-01
    outer loop
      vertex   8.950000e-01  9.180986e-03  1.290476e+00
      vertex   8.920000e-01  9.101412e-03  1.290213e+00
      vertex   8.920000e-01  9.180986e-03  1.290476e+00
    endloop
  endfacet
  facet normal  0.000000e+00  8.945984e-01 -4.468710e-01
    outer loop
      vertex   8.950000e-01  9.180986e-03  1.290476e+00
      vertex   8.920000e-01  9.180986e-03  1.290476e+00
      vertex   8.920000e-01  9.308299e-03  1.290731e+00
    endloop
  endfacet
  facet normal  0.000000e+00  8.945984e-01 -4.468710e-01
    outer loop
      vertex   8.920000e-01  9.308299e-03  1.290731e+00
      vertex   8.920000e-01  9.180986e-03  1.290476e+00
      vertex   8.890001e-01  9.180986e-03  1.290476e+00
    endloop
  endfacet
  facet normal  1.385511e-03  8.879827e-01 -4.598746e-01
    outer loop
      vertex   8.920000e-01  9.308299e-03  1.290731e+00
      vertex   8.890001e-01  9.180986e-03  1.290476e+00
      vertex   8.890001e-01  9.334094e-03  1.290772e+00
    endloop
  endfacet
  facet normal -1.553801e-03  9.133466e-02  9.958190e-01
    outer loop
      vertex   8.890001e-01  1.071514e-02  1.288219e+00
      vertex   8.890001e-01  1.041490e-02  1.288246e+00
      vertex   8.920000e-01  1.037105e-02  1.288255e+00
    endloop
  endfacet
  facet normal  1.252074e-03  2.764156e-01  9.610373e-01
    outer loop
      vertex   8.920000e-01  1.037105e-02  1.288255e+00
      vertex   8.890001e-01  1.041490e-02  1.288246e+00
      vertex   8.890001e-01  1.010778e-02  1.288335e+00
    endloop
  endfacet
  facet normal -2.596661e-03  3.165056e-01  9.485871e-01
    outer loop
      vertex   8.920000e-01  1.037105e-02  1.288255e+00
      vertex   8.890001e-01  1.010778e-02  1.288335e+00
      vertex   8.920000e-01  1.002128e-02  1.288372e+00
    endloop
  endfacet
  facet normal  2.286948e-03  4.598946e-01  8.879706e-01
    outer loop
      vertex   8.920000e-01  1.002128e-02  1.288372e+00
      vertex   8.890001e-01  1.010778e-02  1.288335e+00
      vertex   8.890001e-01  9.812240e-03  1.288488e+00
    endloop
  endfacet
  facet normal -3.491360e-03  5.230314e-01  8.523063e-01
    outer loop
      vertex   8.920000e-01  1.002128e-02  1.288372e+00
      vertex   8.890001e-01  9.812240e-03  1.288488e+00
      vertex   8.920000e-01  9.694149e-03  1.288572e+00
    endloop
  endfacet
  facet normal  2.892794e-03  6.305486e-01  7.761443e-01
    outer loop
      vertex   8.920000e-01  9.694149e-03  1.288572e+00
      vertex   8.890001e-01  9.812240e-03  1.288488e+00
      vertex   8.890001e-01  9.548411e-03  1.288702e+00
    endloop
  endfacet
  facet normal -3.829680e-03  7.073336e-01  7.068695e-01
    outer loop
      vertex   8.920000e-01  9.694149e-03  1.288572e+00
      vertex   8.890001e-01  9.548411e-03  1.288702e+00
      vertex   8.920000e-01  9.418956e-03  1.288848e+00
    endloop
  endfacet
  facet normal  2.849537e-03  7.761524e-01  6.305390e-01
    outer loop
      vertex   8.920000e-01  9.418956e-03  1.288848e+00
      vertex   8.890001e-01  9.548411e-03  1.288702e+00
      vertex   8.890001e-01  9.334094e-03  1.288966e+00
    endloop
  endfacet
  facet normal -3.523204e-03  8.521895e-01  5.232214e-01
    outer loop
      vertex   8.920000e-01  9.418956e-03  1.288848e+00
      vertex   8.890001e-01  9.334094e-03  1.288966e+00
      vertex   8.920000e-01  9.218119e-03  1.289175e+00
    endloop
  endfacet
  facet normal  2.275701e-03  8.879814e-01  4.598739e-01
    outer loop
      vertex   8.920000e-01  9.218119e-03  1.289175e+00
      vertex   8.890001e-01  9.334094e-03  1.288966e+00
      vertex   8.890001e-01  9.180986e-03  1.289261e+00
    endloop
  endfacet
  facet normal -2.610022e-03  9.485823e-01  3.165199e-01
    outer loop
      vertex   8.920000e-01  9.218119e-03  1.289175e+00
      vertex   8.890001e-01  9.180986e-03  1.289261e+00
      vertex   8.920000e-01  9.101412e-03  1.289525e+00
    endloop
  endfacet
  facet normal  1.235282e-03  9.610260e-01  2.764553e-01
    outer loop
      vertex   8.920000e-01  9.101412e-03  1.289525e+00
      vertex   8.890001e-01  9.180986e-03  1.289261e+00
      vertex   8.890001e-01  9.092683e-03  1.289568e+00
    endloop
  endfacet
  facet normal -1.364569e-03  9.944863e-01  1.048576e-01
    outer loop
      vertex   8.920000e-01  9.101412e-03  1.289525e+00
      vertex   8.890001e-01  9.092683e-03  1.289568e+00
      vertex   8.920000e-01  9.065137e-03  1.289869e+00
    endloop
  endfacet
  facet normal  0.000000e+00  9.958191e-01  9.134745e-02
    outer loop
      vertex   8.920000e-01  9.065137e-03  1.289869e+00
      vertex   8.890001e-01  9.092683e-03  1.289568e+00
      vertex   8.890001e-01  9.065137e-03  1.289869e+00
    endloop
  endfacet
  facet normal  0.000000e+00  9.958191e-01 -9.134745e-02
    outer loop
      vertex   8.920000e-01  9.065137e-03  1.289869e+00
      vertex   8.890001e-01  9.065137e-03  1.289869e+00
      vertex   8.890001e-01  9.092683e-03  1.290169e+00
    endloop
  endfacet
  facet normal -1.364569e-03  9.944863e-01 -1.048576e-01
    outer loop
      vertex   8.920000e-01  9.065137e-03  1.289869e+00
      vertex   8.890001e-01  9.092683e-03  1.290169e+00
      vertex   8.920000e-01  9.101412e-03  1.290213e+00
    endloop
  endfacet
  facet normal  1.235282e-03  9.610260e-01 -2.764553e-01
    outer loop
      vertex   8.920000e-01  9.101412e-03  1.290213e+00
      vertex   8.890001e-01  9.092683e-03  1.290169e+00
      vertex   8.890001e-01  9.180986e-03  1.290476e+00
    endloop
  endfacet
  facet normal  0.000000e+00  9.572138e-01 -2.893819e-01
    outer loop
      vertex   8.920000e-01  9.101412e-03  1.290213e+00
      vertex   8.890001e-01  9.180986e-03  1.290476e+00
      vertex   8.920000e-01  9.180986e-03  1.290476e+00
    endloop
  endfacet
  facet normal -1.184277e-03  8.033928e-01 -5.954483e-01
    outer loop
      vertex   8.920000e-01  9.308299e-03  1.290731e+00
      vertex   8.890001e-01  9.334094e-03  1.290772e+00
      vertex   8.920000e-01  9.481473e-03  1.290964e+00
    endloop
  endfacet
  facet normal  2.410090e-03  7.761533e-01 -6.305396e-01
    outer loop
      vertex   8.920000e-01  9.481473e-03  1.290964e+00
      vertex   8.890001e-01  9.334094e-03  1.290772e+00
      vertex   8.890001e-01  9.548411e-03  1.291035e+00
    endloop
  endfacet
  facet normal -1.896843e-03  6.859881e-01 -7.276102e-01
    outer loop
      vertex   8.920000e-01  9.481473e-03  1.290964e+00
      vertex   8.890001e-01  9.548411e-03  1.291035e+00
      vertex   8.920000e-01  9.694149e-03  1.291165e+00
    endloop
  endfacet
  facet normal  2.892794e-03  6.305486e-01 -7.761443e-01
    outer loop
      vertex   8.920000e-01  9.694149e-03  1.291165e+00
      vertex   8.890001e-01  9.548411e-03  1.291035e+00
      vertex   8.890001e-01  9.812240e-03  1.291250e+00
    endloop
  endfacet
  facet normal -2.097084e-03  5.473802e-01 -8.368814e-01
    outer loop
      vertex   8.920000e-01  9.694149e-03  1.291165e+00
      vertex   8.890001e-01  9.812240e-03  1.291250e+00
      vertex   8.920000e-01  9.936186e-03  1.291323e+00
    endloop
  endfacet
  facet normal  2.770043e-03  4.598941e-01 -8.879695e-01
    outer loop
      vertex   8.920000e-01  9.936186e-03  1.291323e+00
      vertex   8.890001e-01  9.812240e-03  1.291250e+00
      vertex   8.890001e-01  1.010778e-02  1.291403e+00
    endloop
  endfacet
  facet normal -1.737813e-03  3.952616e-01 -9.185670e-01
    outer loop
      vertex   8.920000e-01  9.936186e-03  1.291323e+00
      vertex   8.890001e-01  1.010778e-02  1.291403e+00
      vertex   8.920000e-01  1.019522e-02  1.291435e+00
    endloop
  endfacet
  facet normal  2.178294e-03  2.764152e-01 -9.610358e-01
    outer loop
      vertex   8.920000e-01  1.019522e-02  1.291435e+00
      vertex   8.890001e-01  1.010778e-02  1.291403e+00
      vertex   8.890001e-01  1.041490e-02  1.291491e+00
    endloop
  endfacet
  facet normal -1.001135e-03  2.357628e-01 -9.718102e-01
    outer loop
      vertex   8.920000e-01  1.019522e-02  1.291435e+00
      vertex   8.890001e-01  1.041490e-02  1.291491e+00
      vertex   8.920000e-01  1.045859e-02  1.291499e+00
    endloop
  endfacet
  facet normal  1.162631e-03  9.133471e-02 -9.958196e-01
    outer loop
      vertex   8.920000e-01  1.045859e-02  1.291499e+00
      vertex   8.890001e-01  1.041490e-02  1.291491e+00
      vertex   8.890001e-01  1.071514e-02  1.291519e+00
    endloop
  endfacet
  facet normal  0.000000e+00  7.782871e-02 -9.969668e-01
    outer loop
      vertex   8.920000e-01  1.045859e-02  1.291499e+00
      vertex   8.890001e-01  1.071514e-02  1.291519e+00
      vertex   8.950000e-01  1.071514e-02  1.291519e+00
    endloop
  endfacet
  facet normal -1.162608e-03  9.133472e-02 -9.958196e-01
    outer loop
      vertex   8.950000e-01  1.071514e-02  1.291519e+00
      vertex   8.950000e-01  1.041490e-02  1.291491e+00
      vertex   8.920000e-01  1.045859e-02  1.291499e+00
    endloop
  endfacet
  facet normal  1.001115e-03  2.357628e-01 -9.718100e-01
    outer loop
      vertex   8.920000e-01  1.045859e-02  1.291499e+00
      vertex   8.950000e-01  1.041490e-02  1.291491e+00
      vertex   8.920000e-01  1.019522e-02  1.291435e+00
    endloop
  endfacet
  facet normal -2.178251e-03  2.764152e-01 -9.610358e-01
    outer loop
      vertex   8.950000e-01  1.041490e-02  1.291491e+00
      vertex   8.950000e-01  1.010778e-02  1.291403e+00
      vertex   8.920000e-01  1.019522e-02  1.291435e+00
    endloop
  endfacet
  facet normal  1.737780e-03  3.952616e-01 -9.185669e-01
    outer loop
      vertex   8.920000e-01  1.019522e-02  1.291435e+00
      vertex   8.950000e-01  1.010778e-02  1.291403e+00
      vertex   8.920000e-01  9.936186e-03  1.291323e+00
    endloop
  endfacet
  facet normal -2.769989e-03  4.598940e-01 -8.879694e-01
    outer loop
      vertex   8.950000e-01  1.010778e-02  1.291403e+00
      vertex   8.950000e-01  9.812240e-03  1.291250e+00
      vertex   8.920000e-01  9.936186e-03  1.291323e+00
    endloop
  endfacet
  facet normal  2.097042e-03  5.473802e-01 -8.368814e-01
    outer loop
      vertex   8.920000e-01  9.936186e-03  1.291323e+00
      vertex   8.950000e-01  9.812240e-03  1.291250e+00
      vertex   8.920000e-01  9.694149e-03  1.291165e+00
    endloop
  endfacet
  facet normal -2.892736e-03  6.305487e-01 -7.761444e-01
    outer loop
      vertex   8.950000e-01  9.812240e-03  1.291250e+00
      vertex   8.950000e-01  9.548411e-03  1.291035e+00
      vertex   8.920000e-01  9.694149e-03  1.291165e+00
    endloop
  endfacet
  facet normal  1.896805e-03  6.859881e-01 -7.276102e-01
    outer loop
      vertex   8.920000e-01  9.694149e-03  1.291165e+00
      vertex   8.950000e-01  9.548411e-03  1.291035e+00
      vertex   8.920000e-01  9.481473e-03  1.290964e+00
    endloop
  endfacet
  facet normal -2.410043e-03  7.761533e-01 -6.305396e-01
    outer loop
      vertex   8.950000e-01  9.548411e-03  1.291035e+00
      vertex   8.950000e-01  9.334094e-03  1.290772e+00
      vertex   8.920000e-01  9.481473e-03  1.290964e+00
    endloop
  endfacet
  facet normal  1.184253e-03  8.033928e-01 -5.954483e-01
    outer loop
      vertex   8.920000e-01  9.481473e-03  1.290964e+00
      vertex   8.950000e-01  9.334094e-03  1.290772e+00
      vertex   8.920000e-01  9.308299e-03  1.290731e+00
    endloop
  endfacet
  facet normal -1.385484e-03  8.879828e-01 -4.598746e-01
    outer loop
      vertex   8.950000e-01  9.334094e-03  1.290772e+00
      vertex   8.950000e-01  9.180986e-03  1.290476e+00
      vertex   8.920000e-01  9.308299e-03  1.290731e+00
    endloop
  endfacet
  facet normal  0.000000e+00  9.133393e-02  9.958203e-01
    outer loop
      vertex   8.950000e-01  2.586863e-02  1.273065e+00
      vertex   8.890001e-01  2.586863e-02  1.273065e+00
      vertex   8.950000e-01  2.556839e-02  1.273093e+00
    endloop
  endfacet
  facet normal  1.230161e-03  1.156848e-01  9.932852e-01
    outer loop
      vertex   8.950000e-01  2.556839e-02  1.273093e+00
      vertex   8.890001e-01  2.586863e-02  1.273065e+00
      vertex   8.920000e-01  2.552455e-02  1.273102e+00
    endloop
  endfacet
  facet normal -1.213566e-03  2.764187e-01  9.610366e-01
    outer loop
      vertex   8.950000e-01  2.556839e-02  1.273093e+00
      vertex   8.920000e-01  2.552455e-02  1.273102e+00
      vertex   8.950000e-01  2.526127e-02  1.273181e+00
    endloop
  endfacet
  facet normal  2.634155e-03  3.165040e-01  9.485875e-01
    outer loop
      vertex   8.950000e-01  2.526127e-02  1.273181e+00
      vertex   8.920000e-01  2.552455e-02  1.273102e+00
      vertex   8.920000e-01  2.517477e-02  1.273218e+00
    endloop
  endfacet
  facet normal -2.261737e-03  4.601735e-01  8.878261e-01
    outer loop
      vertex   8.950000e-01  2.526127e-02  1.273181e+00
      vertex   8.920000e-01  2.517477e-02  1.273218e+00
      vertex   8.950000e-01  2.496573e-02  1.273334e+00
    endloop
  endfacet
  facet normal  3.491354e-03  5.230303e-01  8.523069e-01
    outer loop
      vertex   8.950000e-01  2.496573e-02  1.273334e+00
      vertex   8.920000e-01  2.517477e-02  1.273218e+00
      vertex   8.920000e-01  2.484764e-02  1.273419e+00
    endloop
  endfacet
  facet normal -2.879651e-03  6.303387e-01  7.763149e-01
    outer loop
      vertex   8.950000e-01  2.496573e-02  1.273334e+00
      vertex   8.920000e-01  2.484764e-02  1.273419e+00
      vertex   8.950000e-01  2.470190e-02  1.273548e+00
    endloop
  endfacet
  facet normal  3.843649e-03  7.071829e-01  7.070202e-01
    outer loop
      vertex   8.950000e-01  2.470190e-02  1.273548e+00
      vertex   8.920000e-01  2.484764e-02  1.273419e+00
      vertex   8.920000e-01  2.457245e-02  1.273694e+00
    endloop
  endfacet
  facet normal -2.849102e-03  7.761511e-01  6.305405e-01
    outer loop
      vertex   8.950000e-01  2.470190e-02  1.273548e+00
      vertex   8.920000e-01  2.457245e-02  1.273694e+00
      vertex   8.950000e-01  2.448758e-02  1.273812e+00
    endloop
  endfacet
  facet normal  3.523563e-03  8.521884e-01  5.232232e-01
    outer loop
      vertex   8.950000e-01  2.448758e-02  1.273812e+00
      vertex   8.920000e-01  2.457245e-02  1.273694e+00
      vertex   8.920000e-01  2.437161e-02  1.274021e+00
    endloop
  endfacet
  facet normal -2.262261e-03  8.879056e-01  4.600201e-01
    outer loop
      vertex   8.950000e-01  2.448758e-02  1.273812e+00
      vertex   8.920000e-01  2.437161e-02  1.274021e+00
      vertex   8.950000e-01  2.433448e-02  1.274108e+00
    endloop
  endfacet
  facet normal  2.622767e-03  9.485815e-01  3.165222e-01
    outer loop
      vertex   8.950000e-01  2.433448e-02  1.274108e+00
      vertex   8.920000e-01  2.437161e-02  1.274021e+00
      vertex   8.920000e-01  2.425490e-02  1.274371e+00
    endloop
  endfacet
  facet normal -1.243435e-03  9.610837e-01  2.762545e-01
    outer loop
      vertex   8.950000e-01  2.433448e-02  1.274108e+00
      vertex   8.920000e-01  2.425490e-02  1.274371e+00
      vertex   8.950000e-01  2.424617e-02  1.274415e+00
    endloop
  endfacet
  facet normal  1.360067e-03  9.944863e-01  1.048576e-01
    outer loop
      vertex   8.950000e-01  2.424617e-02  1.274415e+00
      vertex   8.920000e-01  2.425490e-02  1.274371e+00
      vertex   8.920000e-01  2.421863e-02  1.274715e+00
    endloop
  endfacet
  facet normal  0.000000e+00  9.958155e-01  9.138649e-02
    outer loop
      vertex   8.950000e-01  2.424617e-02  1.274415e+00
      vertex   8.920000e-01  2.421863e-02  1.274715e+00
      vertex   8.950000e-01  2.421863e-02  1.274715e+00
    endloop
  endfacet
  facet normal  0.000000e+00  9.958188e-01 -9.135052e-02
    outer loop
      vertex   8.950000e-01  2.421863e-02  1.274715e+00
      vertex   8.920000e-01  2.421863e-02  1.274715e+00
      vertex   8.950000e-01  2.424617e-02  1.275015e+00
    endloop
  endfacet
  facet normal  1.360603e-03  9.944901e-01 -1.048217e-01
    outer loop
      vertex   8.950000e-01  2.424617e-02  1.275015e+00
      vertex   8.920000e-01  2.421863e-02  1.274715e+00
      vertex   8.920000e-01  2.425490e-02  1.275059e+00
    endloop
  endfacet
  facet normal -1.244967e-03  9.610552e-01 -2.763535e-01
    outer loop
      vertex   8.950000e-01  2.424617e-02  1.275015e+00
      vertex   8.920000e-01  2.425490e-02  1.275059e+00
      vertex   8.950000e-01  2.433448e-02  1.275323e+00
    endloop
  endfacet
  facet normal  0.000000e+00  9.572137e-01 -2.893818e-01
    outer loop
      vertex   8.950000e-01  2.433448e-02  1.275323e+00
      vertex   8.920000e-01  2.425490e-02  1.275059e+00
      vertex   8.920000e-01  2.433448e-02  1.275323e+00
    endloop
  endfacet
  facet normal  0.000000e+00  8.945971e-01 -4.468736e-01
    outer loop
      vertex   8.950000e-01  2.433448e-02  1.275323e+00
      vertex   8.920000e-01  2.433448e-02  1.275323e+00
      vertex   8.920000e-01  2.446179e-02  1.275577e+00
    endloop
  endfacet
  facet normal  0.000000e+00  8.945971e-01 -4.468736e-01
    outer loop
      vertex   8.920000e-01  2.446179e-02  1.275577e+00
      vertex   8.920000e-01  2.433448e-02  1.275323e+00
      vertex   8.890001e-01  2.433448e-02  1.275323e+00
    endloop
  endfacet
  facet normal  1.385236e-03  8.879827e-01 -4.598746e-01
    outer loop
      vertex   8.920000e-01  2.446179e-02  1.275577e+00
      vertex   8.890001e-01  2.433448e-02  1.275323e+00
      vertex   8.890001e-01  2.448758e-02  1.275618e+00
    endloop
  endfacet
  facet normal -1.593498e-03  9.133381e-02  9.958191e-01
    outer loop
      vertex   8.890001e-01  2.586863e-02  1.273065e+00
      vertex   8.890001e-01  2.556839e-02  1.273093e+00
      vertex   8.920000e-01  2.552455e-02  1.273102e+00
    endloop
  endfacet
  facet normal  1.213590e-03  2.764187e-01  9.610365e-01
    outer loop
      vertex   8.920000e-01  2.552455e-02  1.273102e+00
      vertex   8.890001e-01  2.556839e-02  1.273093e+00
      vertex   8.890001e-01  2.526127e-02  1.273181e+00
    endloop
  endfacet
  facet normal -2.634209e-03  3.165040e-01  9.485875e-01
    outer loop
      vertex   8.920000e-01  2.552455e-02  1.273102e+00
      vertex   8.890001e-01  2.526127e-02  1.273181e+00
      vertex   8.920000e-01  2.517477e-02  1.273218e+00
    endloop
  endfacet
  facet normal  2.261782e-03  4.601736e-01  8.878261e-01
    outer loop
      vertex   8.920000e-01  2.517477e-02  1.273218e+00
      vertex   8.890001e-01  2.526127e-02  1.273181e+00
      vertex   8.890001e-01  2.496573e-02  1.273334e+00
    endloop
  endfacet
  facet normal -3.491423e-03  5.230303e-01  8.523070e-01
    outer loop
      vertex   8.920000e-01  2.517477e-02  1.273218e+00
      vertex   8.890001e-01  2.496573e-02  1.273334e+00
      vertex   8.920000e-01  2.484764e-02  1.273419e+00
    endloop
  endfacet
  facet normal  2.879709e-03  6.303386e-01  7.763150e-01
    outer loop
      vertex   8.920000e-01  2.484764e-02  1.273419e+00
      vertex   8.890001e-01  2.496573e-02  1.273334e+00
      vertex   8.890001e-01  2.470190e-02  1.273548e+00
    endloop
  endfacet
  facet normal -3.843727e-03  7.071829e-01  7.070202e-01
    outer loop
      vertex   8.920000e-01  2.484764e-02  1.273419e+00
      vertex   8.890001e-01  2.470190e-02  1.273548e+00
      vertex   8.920000e-01  2.457245e-02  1.273694e+00
    endloop
  endfacet
  facet normal  2.849157e-03  7.761511e-01  6.305406e-01
    outer loop
      vertex   8.920000e-01  2.457245e-02  1.273694e+00
      vertex   8.890001e-01  2.470190e-02  1.273548e+00
      vertex   8.890001e-01  2.448758e-02  1.273812e+00
    endloop
  endfacet
  facet normal -3.523633e-03  8.521884e-01  5.232232e-01
    outer loop
      vertex   8.920000e-01  2.457245e-02  1.273694e+00
      vertex   8.890001e-01  2.448758e-02  1.273812e+00
      vertex   8.920000e-01  2.437161e-02  1.274021e+00
    endloop
  endfacet
  facet normal  2.262304e-03  8.879057e-01  4.600201e-01
    outer loop
      vertex   8.920000e-01  2.437161e-02  1.274021e+00
      vertex   8.890001e-01  2.448758e-02  1.273812e+00
      vertex   8.890001e-01  2.433448e-02  1.274108e+00
    endloop
  endfacet
  facet normal -2.622819e-03  9.485815e-01  3.165222e-01
    outer loop
      vertex   8.920000e-01  2.437161e-02  1.274021e+00
      vertex   8.890001e-01  2.433448e-02  1.274108e+00
      vertex   8.920000e-01  2.425490e-02  1.274371e+00
    endloop
  endfacet
  facet normal  1.243460e-03  9.610837e-01  2.762544e-01
    outer loop
      vertex   8.920000e-01  2.425490e-02  1.274371e+00
      vertex   8.890001e-01  2.433448e-02  1.274108e+00
      vertex   8.890001e-01  2.424617e-02  1.274415e+00
    endloop
  endfacet
  facet normal -1.360094e-03  9.944863e-01  1.048576e-01
    outer loop
      vertex   8.920000e-01  2.425490e-02  1.274371e+00
      vertex   8.890001e-01  2.424617e-02  1.274415e+00
      vertex   8.920000e-01  2.421863e-02  1.274715e+00
    endloop
  endfacet
  facet normal  0.000000e+00  9.958155e-01  9.138649e-02
    outer loop
      vertex   8.920000e-01  2.421863e-02  1.274715e+00
      vertex   8.890001e-01  2.424617e-02  1.274415e+00
      vertex   8.890001e-01  2.421863e-02  1.274715e+00
    endloop
  endfacet
  facet normal  0.000000e+00  9.958188e-01 -9.135051e-02
    outer loop
      vertex   8.920000e-01  2.421863e-02  1.274715e+00
      vertex   8.890001e-01  2.421863e-02  1.274715e+00
      vertex   8.890001e-01  2.424617e-02  1.275015e+00
    endloop
  endfacet
  facet normal -1.360630e-03  9.944901e-01 -1.048217e-01
    outer loop
      vertex   8.920000e-01  2.421863e-02  1.274715e+00
      vertex   8.890001e-01  2.424617e-02  1.275015e+00
      vertex   8.920000e-01  2.425490e-02  1.275059e+00
    endloop
  endfacet
  facet normal  1.244991e-03  9.610552e-01 -2.763535e-01
    outer loop
      vertex   8.920000e-01  2.425490e-02  1.275059e+00
      vertex   8.890001e-01  2.424617e-02  1.275015e+00
      vertex   8.890001e-01  2.433448e-02  1.275323e+00
    endloop
  endfacet
  facet normal  0.000000e+00  9.572138e-01 -2.893819e-01
    outer loop
      vertex   8.920000e-01  2.425490e-02  1.275059e+00
      vertex   8.890001e-01  2.433448e-02  1.275323e+00
      vertex   8.920000e-01  2.433448e-02  1.275323e+00
    endloop
  endfacet
  facet normal -1.188359e-03  8.032504e-01 -5.956402e-01
    outer loop
      vertex   8.920000e-01  2.446179e-02  1.275577e+00
      vertex   8.890001e-01  2.448758e-02  1.275618e+00
      vertex   8.920000e-01  2.463496e-02  1.275811e+00
    endloop
  endfacet
  facet normal  2.385448e-03  7.761520e-01 -6.305414e-01
    outer loop
      vertex   8.920000e-01  2.463496e-02  1.275811e+00
      vertex   8.890001e-01  2.448758e-02  1.275618e+00
      vertex   8.890001e-01  2.470190e-02  1.275882e+00
    endloop
  endfacet
  facet normal -1.925401e-03  6.859866e-01 -7.276117e-01
    outer loop
      vertex   8.920000e-01  2.463496e-02  1.275811e+00
      vertex   8.890001e-01  2.470190e-02  1.275882e+00
      vertex   8.920000e-01  2.484764e-02  1.276011e+00
    endloop
  endfacet
  facet normal  2.879709e-03  6.303386e-01 -7.763150e-01
    outer loop
      vertex   8.920000e-01  2.484764e-02  1.276011e+00
      vertex   8.890001e-01  2.470190e-02  1.275882e+00
      vertex   8.890001e-01  2.496573e-02  1.276096e+00
    endloop
  endfacet
  facet normal -2.097084e-03  5.473802e-01 -8.368814e-01
    outer loop
      vertex   8.920000e-01  2.484764e-02  1.276011e+00
      vertex   8.890001e-01  2.496573e-02  1.276096e+00
      vertex   8.920000e-01  2.508968e-02  1.276170e+00
    endloop
  endfacet
  facet normal  2.754976e-03  4.601730e-01 -8.878250e-01
    outer loop
      vertex   8.920000e-01  2.508968e-02  1.276170e+00
      vertex   8.890001e-01  2.496573e-02  1.276096e+00
      vertex   8.890001e-01  2.526127e-02  1.276249e+00
    endloop
  endfacet
  facet normal -1.798592e-03  3.949023e-01 -9.187213e-01
    outer loop
      vertex   8.920000e-01  2.508968e-02  1.276170e+00
      vertex   8.890001e-01  2.526127e-02  1.276249e+00
      vertex   8.920000e-01  2.534871e-02  1.276281e+00
    endloop
  endfacet
  facet normal  2.112994e-03  2.760737e-01 -9.611341e-01
    outer loop
      vertex   8.920000e-01  2.534871e-02  1.276281e+00
      vertex   8.890001e-01  2.526127e-02  1.276249e+00
      vertex   8.890001e-01  2.556839e-02  1.276338e+00
    endloop
  endfacet
  facet normal -1.007596e-03  2.361789e-01 -9.717091e-01
    outer loop
      vertex   8.920000e-01  2.534871e-02  1.276281e+00
      vertex   8.890001e-01  2.556839e-02  1.276338e+00
      vertex   8.920000e-01  2.561209e-02  1.276345e+00
    endloop
  endfacet
  facet normal  1.162586e-03  9.133387e-02 -9.958196e-01
    outer loop
      vertex   8.920000e-01  2.561209e-02  1.276345e+00
      vertex   8.890001e-01  2.556839e-02  1.276338e+00
      vertex   8.890001e-01  2.586863e-02  1.276365e+00
    endloop
  endfacet
  facet normal  0.000000e+00  7.782843e-02 -9.969668e-01
    outer loop
      vertex   8.920000e-01  2.561209e-02  1.276345e+00
      vertex   8.890001e-01  2.586863e-02  1.276365e+00
      vertex   8.950000e-01  2.586863e-02  1.276365e+00
    endloop
  endfacet
  facet normal -1.162563e-03  9.133387e-02 -9.958196e-01
    outer loop
      vertex   8.950000e-01  2.586863e-02  1.276365e+00
      vertex   8.950000e-01  2.556839e-02  1.276338e+00
      vertex   8.920000e-01  2.561209e-02  1.276345e+00
    endloop
  endfacet
  facet normal  1.007576e-03  2.361789e-01 -9.717091e-01
    outer loop
      vertex   8.920000e-01  2.561209e-02  1.276345e+00
      vertex   8.950000e-01  2.556839e-02  1.276338e+00
      vertex   8.920000e-01  2.534871e-02  1.276281e+00
    endloop
  endfacet
  facet normal -2.112952e-03  2.760737e-01 -9.611341e-01
    outer loop
      vertex   8.950000e-01  2.556839e-02  1.276338e+00
      vertex   8.950000e-01  2.526127e-02  1.276249e+00
      vertex   8.920000e-01  2.534871e-02  1.276281e+00
    endloop
  endfacet
  facet normal  1.798557e-03  3.949023e-01 -9.187214e-01
    outer loop
      vertex   8.920000e-01  2.534871e-02  1.276281e+00
      vertex   8.950000e-01  2.526127e-02  1.276249e+00
      vertex   8.920000e-01  2.508968e-02  1.276170e+00
    endloop
  endfacet
  facet normal -2.754921e-03  4.601730e-01 -8.878251e-01
    outer loop
      vertex   8.950000e-01  2.526127e-02  1.276249e+00
      vertex   8.950000e-01  2.496573e-02  1.276096e+00
      vertex   8.920000e-01  2.508968e-02  1.276170e+00
    endloop
  endfacet
  facet normal  2.097042e-03  5.473802e-01 -8.368814e-01
    outer loop
      vertex   8.920000e-01  2.508968e-02  1.276170e+00
      vertex   8.950000e-01  2.496573e-02  1.276096e+00
      vertex   8.920000e-01  2.484764e-02  1.276011e+00
    endloop
  endfacet
  facet normal -2.879651e-03  6.303387e-01 -7.763149e-01
    outer loop
      vertex   8.950000e-01  2.496573e-02  1.276096e+00
      vertex   8.950000e-01  2.470190e-02  1.275882e+00
      vertex   8.920000e-01  2.484764e-02  1.276011e+00
    endloop
  endfacet
  facet normal  1.925362e-03  6.859865e-01 -7.276117e-01
    outer loop
      vertex   8.920000e-01  2.484764e-02  1.276011e+00
      vertex   8.950000e-01  2.470190e-02  1.275882e+00
      vertex   8.920000e-01  2.463496e-02  1.275811e+00
    endloop
  endfacet
  facet normal -2.385401e-03  7.761520e-01 -6.305413e-01
    outer loop
      vertex   8.950000e-01  2.470190e-02  1.275882e+00
      vertex   8.950000e-01  2.448758e-02  1.275618e+00
      vertex   8.920000e-01  2.463496e-02  1.275811e+00
    endloop
  endfacet
  facet normal  1.188333e-03  8.032504e-01 -5.956403e-01
    outer loop
      vertex   8.920000e-01  2.463496e-02  1.275811e+00
      vertex   8.950000e-01  2.448758e-02  1.275618e+00
      vertex   8.920000e-01  2.446179e-02  1.275577e+00
    endloop
  endfacet
  facet normal -1.385209e-03  8.879828e-01 -4.598746e-01
    outer loop
      vertex   8.950000e-01  2.448758e-02  1.275618e+00
      vertex   8.950000e-01  2.433448e-02  1.275323e+00
      vertex   8.920000e-01  2.446179e-02  1.275577e+00
    endloop
  endfacet
  facet normal  0.000000e+00  9.133393e-02  9.958203e-01
    outer loop
      vertex   8.950000e-01  2.586863e-02  1.251635e+00
      vertex   8.890001e-01  2.586863e-02  1.251635e+00
      vertex   8.950000e-01  2.556839e-02  1.251662e+00
    endloop
  endfacet
  facet normal  1.199697e-03  1.150824e-01  9.933553e-01
    outer loop
      vertex   8.950000e-01  2.556839e-02  1.251662e+00
      vertex   8.890001e-01  2.586863e-02  1.251635e+00
      vertex   8.920000e-01  2.552455e-02  1.251671e+00
    endloop
  endfacet
  facet normal -1.251754e-03  2.764187e-01  9.610366e-01
    outer loop
      vertex   8.950000e-01  2.556839e-02  1.251662e+00
      vertex   8.920000e-01  2.552455e-02  1.251671e+00
      vertex   8.950000e-01  2.526127e-02  1.251751e+00
    endloop
  endfacet
  facet normal  2.624565e-03  3.167948e-01  9.484904e-01
    outer loop
      vertex   8.950000e-01  2.526127e-02  1.251751e+00
      vertex   8.920000e-01  2.552455e-02  1.251671e+00
      vertex   8.920000e-01  2.517477e-02  1.251788e+00
    endloop
  endfacet
  facet normal -2.251783e-03  4.598912e-01  8.879724e-01
    outer loop
      vertex   8.950000e-01  2.526127e-02  1.251751e+00
      vertex   8.920000e-01  2.517477e-02  1.251788e+00
      vertex   8.950000e-01  2.496573e-02  1.251904e+00
    endloop
  endfacet
  facet normal  3.525221e-03  5.230302e-01  8.523068e-01
    outer loop
      vertex   8.950000e-01  2.496573e-02  1.251904e+00
      vertex   8.920000e-01  2.517477e-02  1.251788e+00
      vertex   8.920000e-01  2.484764e-02  1.251989e+00
    endloop
  endfacet
  facet normal -2.861979e-03  6.305500e-01  7.761434e-01
    outer loop
      vertex   8.950000e-01  2.496573e-02  1.251904e+00
      vertex   8.920000e-01  2.484764e-02  1.251989e+00
      vertex   8.950000e-01  2.470190e-02  1.252118e+00
    endloop
  endfacet
  facet normal  3.829601e-03  7.070298e-01  7.071734e-01
    outer loop
      vertex   8.950000e-01  2.470190e-02  1.252118e+00
      vertex   8.920000e-01  2.484764e-02  1.251989e+00
      vertex   8.920000e-01  2.457245e-02  1.252264e+00
    endloop
  endfacet
  facet normal -2.874156e-03  7.761511e-01  6.305405e-01
    outer loop
      vertex   8.950000e-01  2.470190e-02  1.252118e+00
      vertex   8.920000e-01  2.457245e-02  1.252264e+00
      vertex   8.950000e-01  2.448758e-02  1.252382e+00
    endloop
  endfacet
  facet normal  3.510628e-03  8.522735e-01  5.230848e-01
    outer loop
      vertex   8.950000e-01  2.448758e-02  1.252382e+00
      vertex   8.920000e-01  2.457245e-02  1.252264e+00
      vertex   8.920000e-01  2.437161e-02  1.252591e+00
    endloop
  endfacet
  facet normal -2.275382e-03  8.879813e-01  4.598738e-01
    outer loop
      vertex   8.950000e-01  2.448758e-02  1.252382e+00
      vertex   8.920000e-01  2.437161e-02  1.252591e+00
      vertex   8.950000e-01  2.433448e-02  1.252678e+00
    endloop
  endfacet
  facet normal  2.610190e-03  9.485815e-01  3.165222e-01
    outer loop
      vertex   8.950000e-01  2.433448e-02  1.252678e+00
      vertex   8.920000e-01  2.437161e-02  1.252591e+00
      vertex   8.920000e-01  2.425490e-02  1.252941e+00
    endloop
  endfacet
  facet normal -1.244967e-03  9.610552e-01  2.763535e-01
    outer loop
      vertex   8.950000e-01  2.433448e-02  1.252678e+00
      vertex   8.920000e-01  2.425490e-02  1.252941e+00
      vertex   8.950000e-01  2.424617e-02  1.252985e+00
    endloop
  endfacet
  facet normal  1.360067e-03  9.944863e-01  1.048576e-01
    outer loop
      vertex   8.950000e-01  2.424617e-02  1.252985e+00
      vertex   8.920000e-01  2.425490e-02  1.252941e+00
      vertex   8.920000e-01  2.421863e-02  1.253285e+00
    endloop
  endfacet
  facet normal  0.000000e+00  9.958155e-01  9.138649e-02
    outer loop
      vertex   8.950000e-01  2.424617e-02  1.252985e+00
      vertex   8.920000e-01  2.421863e-02  1.253285e+00
      vertex   8.950000e-01  2.421863e-02  1.253285e+00
    endloop
  endfacet
  facet normal  0.000000e+00  9.958188e-01 -9.135052e-02
    outer loop
      vertex   8.950000e-01  2.421863e-02  1.253285e+00
      vertex   8.920000e-01  2.421863e-02  1.253285e+00
      vertex   8.950000e-01  2.424617e-02  1.253585e+00
    endloop
  endfacet
  facet normal  1.364234e-03  9.944863e-01 -1.048576e-01
    outer loop
      vertex   8.950000e-01  2.424617e-02  1.253585e+00
      vertex   8.920000e-01  2.421863e-02  1.253285e+00
      vertex   8.920000e-01  2.425490e-02  1.253629e+00
    endloop
  endfacet
  facet normal -1.233985e-03  9.610552e-01 -2.763535e-01
    outer loop
      vertex   8.950000e-01  2.424617e-02  1.253585e+00
      vertex   8.920000e-01  2.425490e-02  1.253629e+00
      vertex   8.950000e-01  2.433448e-02  1.253892e+00
    endloop
  endfacet
  facet normal  0.000000e+00  9.572500e-01 -2.892618e-01
    outer loop
      vertex   8.950000e-01  2.433448e-02  1.253892e+00
      vertex   8.920000e-01  2.425490e-02  1.253629e+00
      vertex   8.920000e-01  2.433448e-02  1.253892e+00
    endloop
  endfacet
  facet normal  0.000000e+00  8.945971e-01 -4.468736e-01
    outer loop
      vertex   8.950000e-01  2.433448e-02  1.253892e+00
      vertex   8.920000e-01  2.433448e-02  1.253892e+00
      vertex   8.920000e-01  2.446179e-02  1.254147e+00
    endloop
  endfacet
  facet normal  0.000000e+00  8.945971e-01 -4.468736e-01
    outer loop
      vertex   8.920000e-01  2.446179e-02  1.254147e+00
      vertex   8.920000e-01  2.433448e-02  1.253892e+00
      vertex   8.890001e-01  2.433448e-02  1.253892e+00
    endloop
  endfacet
  facet normal  1.400877e-03  8.879070e-01 -4.600208e-01
    outer loop
      vertex   8.920000e-01  2.446179e-02  1.254147e+00
      vertex   8.890001e-01  2.433448e-02  1.253892e+00
      vertex   8.890001e-01  2.448758e-02  1.254188e+00
    endloop
  endfacet
  facet normal -1.553927e-03  9.133381e-02  9.958191e-01
    outer loop
      vertex   8.890001e-01  2.586863e-02  1.251635e+00
      vertex   8.890001e-01  2.556839e-02  1.251662e+00
      vertex   8.920000e-01  2.552455e-02  1.251671e+00
    endloop
  endfacet
  facet normal  1.251779e-03  2.764187e-01  9.610365e-01
    outer loop
      vertex   8.920000e-01  2.552455e-02  1.251671e+00
      vertex   8.890001e-01  2.556839e-02  1.251662e+00
      vertex   8.890001e-01  2.526127e-02  1.251751e+00
    endloop
  endfacet
  facet normal -2.624616e-03  3.167948e-01  9.484904e-01
    outer loop
      vertex   8.920000e-01  2.552455e-02  1.251671e+00
      vertex   8.890001e-01  2.526127e-02  1.251751e+00
      vertex   8.920000e-01  2.517477e-02  1.251788e+00
    endloop
  endfacet
  facet normal  2.251827e-03  4.598912e-01  8.879724e-01
    outer loop
      vertex   8.920000e-01  2.517477e-02  1.251788e+00
      vertex   8.890001e-01  2.526127e-02  1.251751e+00
      vertex   8.890001e-01  2.496573e-02  1.251904e+00
    endloop
  endfacet
  facet normal -3.525292e-03  5.230302e-01  8.523068e-01
    outer loop
      vertex   8.920000e-01  2.517477e-02  1.251788e+00
      vertex   8.890001e-01  2.496573e-02  1.251904e+00
      vertex   8.920000e-01  2.484764e-02  1.251989e+00
    endloop
  endfacet
  facet normal  2.862036e-03  6.305500e-01  7.761434e-01
    outer loop
      vertex   8.920000e-01  2.484764e-02  1.251989e+00
      vertex   8.890001e-01  2.496573e-02  1.251904e+00
      vertex   8.890001e-01  2.470190e-02  1.252118e+00
    endloop
  endfacet
  facet normal -3.829675e-03  7.070298e-01  7.071733e-01
    outer loop
      vertex   8.920000e-01  2.484764e-02  1.251989e+00
      vertex   8.890001e-01  2.470190e-02  1.252118e+00
      vertex   8.920000e-01  2.457245e-02  1.252264e+00
    endloop
  endfacet
  facet normal  2.874212e-03  7.761511e-01  6.305406e-01
    outer loop
      vertex   8.920000e-01  2.457245e-02  1.252264e+00
      vertex   8.890001e-01  2.470190e-02  1.252118e+00
      vertex   8.890001e-01  2.448758e-02  1.252382e+00
    endloop
  endfacet
  facet normal -3.510698e-03  8.522734e-01  5.230848e-01
    outer loop
      vertex   8.920000e-01  2.457245e-02  1.252264e+00
      vertex   8.890001e-01  2.448758e-02  1.252382e+00
      vertex   8.920000e-01  2.437161e-02  1.252591e+00
    endloop
  endfacet
  facet normal  2.275425e-03  8.879814e-01  4.598738e-01
    outer loop
      vertex   8.920000e-01  2.437161e-02  1.252591e+00
      vertex   8.890001e-01  2.448758e-02  1.252382e+00
      vertex   8.890001e-01  2.433448e-02  1.252678e+00
    endloop
  endfacet
  facet normal -2.610241e-03  9.485815e-01  3.165222e-01
    outer loop
      vertex   8.920000e-01  2.437161e-02  1.252591e+00
      vertex   8.890001e-01  2.433448e-02  1.252678e+00
      vertex   8.920000e-01  2.425490e-02  1.252941e+00
    endloop
  endfacet
  facet normal  1.244991e-03  9.610552e-01  2.763535e-01
    outer loop
      vertex   8.920000e-01  2.425490e-02  1.252941e+00
      vertex   8.890001e-01  2.433448e-02  1.252678e+00
      vertex   8.890001e-01  2.424617e-02  1.252985e+00
    endloop
  endfacet
  facet normal -1.360094e-03  9.944863e-01  1.048576e-01
    outer loop
      vertex   8.920000e-01  2.425490e-02  1.252941e+00
      vertex   8.890001e-01  2.424617e-02  1.252985e+00
      vertex   8.920000e-01  2.421863e-02  1.253285e+00
    endloop
  endfacet
  facet normal  0.000000e+00  9.958155e-01  9.138649e-02
    outer loop
      vertex   8.920000e-01  2.421863e-02  1.253285e+00
      vertex   8.890001e-01  2.424617e-02  1.252985e+00
      vertex   8.890001e-01  2.421863e-02  1.253285e+00
    endloop
  endfacet
  facet normal  0.000000e+00  9.958188e-01 -9.135051e-02
    outer loop
      vertex   8.920000e-01  2.421863e-02  1.253285e+00
      vertex   8.890001e-01  2.421863e-02  1.253285e+00
      vertex   8.890001e-01  2.424617e-02  1.253585e+00
    endloop
  endfacet
  facet normal -1.364260e-03  9.944863e-01 -1.048576e-01
    outer loop
      vertex   8.920000e-01  2.421863e-02  1.253285e+00
      vertex   8.890001e-01  2.424617e-02  1.253585e+00
      vertex   8.920000e-01  2.425490e-02  1.253629e+00
    endloop
  endfacet
  facet normal  1.234010e-03  9.610552e-01 -2.763535e-01
    outer loop
      vertex   8.920000e-01  2.425490e-02  1.253629e+00
      vertex   8.890001e-01  2.424617e-02  1.253585e+00
      vertex   8.890001e-01  2.433448e-02  1.253892e+00
    endloop
  endfacet
  facet normal  0.000000e+00  9.572501e-01 -2.892618e-01
    outer loop
      vertex   8.920000e-01  2.425490e-02  1.253629e+00
      vertex   8.890001e-01  2.433448e-02  1.253892e+00
      vertex   8.920000e-01  2.433448e-02  1.253892e+00
    endloop
  endfacet
  facet normal -1.164691e-03  8.032504e-01 -5.956403e-01
    outer loop
      vertex   8.920000e-01  2.446179e-02  1.254147e+00
      vertex   8.890001e-01  2.448758e-02  1.254188e+00
      vertex   8.920000e-01  2.463496e-02  1.254381e+00
    endloop
  endfacet
  facet normal  2.410504e-03  7.761520e-01 -6.305413e-01
    outer loop
      vertex   8.920000e-01  2.463496e-02  1.254381e+00
      vertex   8.890001e-01  2.448758e-02  1.254188e+00
      vertex   8.890001e-01  2.470190e-02  1.254452e+00
    endloop
  endfacet
  facet normal -1.896489e-03  6.859866e-01 -7.276117e-01
    outer loop
      vertex   8.920000e-01  2.463496e-02  1.254381e+00
      vertex   8.890001e-01  2.470190e-02  1.254452e+00
      vertex   8.920000e-01  2.484764e-02  1.254581e+00
    endloop
  endfacet
  facet normal  2.892877e-03  6.305500e-01 -7.761433e-01
    outer loop
      vertex   8.920000e-01  2.484764e-02  1.254581e+00
      vertex   8.890001e-01  2.470190e-02  1.254452e+00
      vertex   8.890001e-01  2.496573e-02  1.254666e+00
    endloop
  endfacet
  facet normal -2.097084e-03  5.473802e-01 -8.368814e-01
    outer loop
      vertex   8.920000e-01  2.484764e-02  1.254581e+00
      vertex   8.890001e-01  2.496573e-02  1.254666e+00
      vertex   8.920000e-01  2.508968e-02  1.254740e+00
    endloop
  endfacet
  facet normal  2.754976e-03  4.601730e-01 -8.878250e-01
    outer loop
      vertex   8.920000e-01  2.508968e-02  1.254740e+00
      vertex   8.890001e-01  2.496573e-02  1.254666e+00
      vertex   8.890001e-01  2.526127e-02  1.254819e+00
    endloop
  endfacet
  facet normal -1.774112e-03  3.952591e-01 -9.185680e-01
    outer loop
      vertex   8.920000e-01  2.508968e-02  1.254740e+00
      vertex   8.890001e-01  2.526127e-02  1.254819e+00
      vertex   8.920000e-01  2.534871e-02  1.254851e+00
    endloop
  endfacet
  facet normal  2.151186e-03  2.760737e-01 -9.611341e-01
    outer loop
      vertex   8.920000e-01  2.534871e-02  1.254851e+00
      vertex   8.890001e-01  2.526127e-02  1.254819e+00
      vertex   8.890001e-01  2.556839e-02  1.254907e+00
    endloop
  endfacet
  facet normal -1.001294e-03  2.357635e-01 -9.718099e-01
    outer loop
      vertex   8.920000e-01  2.534871e-02  1.254851e+00
      vertex   8.890001e-01  2.556839e-02  1.254907e+00
      vertex   8.920000e-01  2.561209e-02  1.254915e+00
    endloop
  endfacet
  facet normal  1.162586e-03  9.133387e-02 -9.958196e-01
    outer loop
      vertex   8.920000e-01  2.561209e-02  1.254915e+00
      vertex   8.890001e-01  2.556839e-02  1.254907e+00
      vertex   8.890001e-01  2.586863e-02  1.254935e+00
    endloop
  endfacet
  facet normal  0.000000e+00  7.782843e-02 -9.969668e-01
    outer loop
      vertex   8.920000e-01  2.561209e-02  1.254915e+00
      vertex   8.890001e-01  2.586863e-02  1.254935e+00
      vertex   8.950000e-01  2.586863e-02  1.254935e+00
    endloop
  endfacet
  facet normal -1.162563e-03  9.133387e-02 -9.958196e-01
    outer loop
      vertex   8.950000e-01  2.586863e-02  1.254935e+00
      vertex   8.950000e-01  2.556839e-02  1.254907e+00
      vertex   8.920000e-01  2.561209e-02  1.254915e+00
    endloop
  endfacet
  facet normal  1.001274e-03  2.357636e-01 -9.718100e-01
    outer loop
      vertex   8.920000e-01  2.561209e-02  1.254915e+00
      vertex   8.950000e-01  2.556839e-02  1.254907e+00
      vertex   8.920000e-01  2.534871e-02  1.254851e+00
    endloop
  endfacet
  facet normal -2.151144e-03  2.760737e-01 -9.611341e-01
    outer loop
      vertex   8.950000e-01  2.556839e-02  1.254907e+00
      vertex   8.950000e-01  2.526127e-02  1.254819e+00
      vertex   8.920000e-01  2.534871e-02  1.254851e+00
    endloop
  endfacet
  facet normal  1.774076e-03  3.952591e-01 -9.185680e-01
    outer loop
      vertex   8.920000e-01  2.534871e-02  1.254851e+00
      vertex   8.950000e-01  2.526127e-02  1.254819e+00
      vertex   8.920000e-01  2.508968e-02  1.254740e+00
    endloop
  endfacet
  facet normal -2.754921e-03  4.601730e-01 -8.878251e-01
    outer loop
      vertex   8.950000e-01  2.526127e-02  1.254819e+00
      vertex   8.950000e-01  2.496573e-02  1.254666e+00
      vertex   8.920000e-01  2.508968e-02  1.254740e+00
    endloop
  endfacet
  facet normal  2.097042e-03  5.473802e-01 -8.368814e-01
    outer loop
      vertex   8.920000e-01  2.508968e-02  1.254740e+00
      vertex   8.950000e-01  2.496573e-02  1.254666e+00
      vertex   8.920000e-01  2.484764e-02  1.254581e+00
    endloop
  endfacet
  facet normal -2.892819e-03  6.305500e-01 -7.761433e-01
    outer loop
      vertex   8.950000e-01  2.496573e-02  1.254666e+00
      vertex   8.950000e-01  2.470190e-02  1.254452e+00
      vertex   8.920000e-01  2.484764e-02  1.254581e+00
    endloop
  endfacet
  facet normal  1.896449e-03  6.859866e-01 -7.276117e-01
    outer loop
      vertex   8.920000e-01  2.484764e-02  1.254581e+00
      vertex   8.950000e-01  2.470190e-02  1.254452e+00
      vertex   8.920000e-01  2.463496e-02  1.254381e+00
    endloop
  endfacet
  facet normal -2.410455e-03  7.761520e-01 -6.305413e-01
    outer loop
      vertex   8.950000e-01  2.470190e-02  1.254452e+00
      vertex   8.950000e-01  2.448758e-02  1.254188e+00
      vertex   8.920000e-01  2.463496e-02  1.254381e+00
    endloop
  endfacet
  facet normal  1.164668e-03  8.032505e-01 -5.956404e-01
    outer loop
      vertex   8.920000e-01  2.463496e-02  1.254381e+00
      vertex   8.950000e-01  2.448758e-02  1.254188e+00
      vertex   8.920000e-01  2.446179e-02  1.254147e+00
    endloop
  endfacet
  facet normal -1.400849e-03  8.879070e-01 -4.600209e-01
    outer loop
      vertex   8.950000e-01  2.448758e-02  1.254188e+00
      vertex   8.950000e-01  2.433448e-02  1.253892e+00
      vertex   8.920000e-01  2.446179e-02  1.254147e+00
    endloop
  endfacet
  facet normal  0.000000e+00  9.172685e-02  9.957842e-01
    outer loop
      vertex   8.950000e-01  1.071514e-02  1.236481e+00
      vertex   8.890001e-01  1.071514e-02  1.236481e+00
      vertex   8.950000e-01  1.041490e-02  1.236509e+00
    endloop
  endfacet
  facet normal  1.164605e-03  1.147798e-01  9.933903e-01
    outer loop
      vertex   8.950000e-01  1.041490e-02  1.236509e+00
      vertex   8.890001e-01  1.071514e-02  1.236481e+00
      vertex   8.920000e-01  1.037105e-02  1.236518e+00
    endloop
  endfacet
  facet normal -1.284918e-03  2.760710e-01  9.611364e-01
    outer loop
      vertex   8.950000e-01  1.041490e-02  1.236509e+00
      vertex   8.920000e-01  1.037105e-02  1.236518e+00
      vertex   8.950000e-01  1.010778e-02  1.236597e+00
    endloop
  endfacet
  facet normal  2.624712e-03  3.167964e-01  9.484900e-01
    outer loop
      vertex   8.950000e-01  1.010778e-02  1.236597e+00
      vertex   8.920000e-01  1.037105e-02  1.236518e+00
      vertex   8.920000e-01  1.002128e-02  1.236634e+00
    endloop
  endfacet
  facet normal -2.251618e-03  4.598947e-01  8.879707e-01
    outer loop
      vertex   8.950000e-01  1.010778e-02  1.236597e+00
      vertex   8.920000e-01  1.002128e-02  1.236634e+00
      vertex   8.950000e-01  9.812240e-03  1.236750e+00
    endloop
  endfacet
  facet normal  3.525158e-03  5.230313e-01  8.523062e-01
    outer loop
      vertex   8.950000e-01  9.812240e-03  1.236750e+00
      vertex   8.920000e-01  1.002128e-02  1.236634e+00
      vertex   8.920000e-01  9.694149e-03  1.236835e+00
    endloop
  endfacet
  facet normal -2.861896e-03  6.305487e-01  7.761444e-01
    outer loop
      vertex   8.950000e-01  9.812240e-03  1.236750e+00
      vertex   8.920000e-01  9.694149e-03  1.236835e+00
      vertex   8.950000e-01  9.548411e-03  1.236965e+00
    endloop
  endfacet
  facet normal  3.843648e-03  7.071805e-01  7.070225e-01
    outer loop
      vertex   8.950000e-01  9.548411e-03  1.236965e+00
      vertex   8.920000e-01  9.694149e-03  1.236835e+00
      vertex   8.920000e-01  9.418956e-03  1.237110e+00
    endloop
  endfacet
  facet normal -2.849480e-03  7.761524e-01  6.305389e-01
    outer loop
      vertex   8.950000e-01  9.548411e-03  1.236965e+00
      vertex   8.920000e-01  9.418956e-03  1.237110e+00
      vertex   8.950000e-01  9.334094e-03  1.237229e+00
    endloop
  endfacet
  facet normal  3.523134e-03  8.521895e-01  5.232214e-01
    outer loop
      vertex   8.950000e-01  9.334094e-03  1.237229e+00
      vertex   8.920000e-01  9.418956e-03  1.237110e+00
      vertex   8.920000e-01  9.218119e-03  1.237438e+00
    endloop
  endfacet
  facet normal -2.275656e-03  8.879813e-01  4.598738e-01
    outer loop
      vertex   8.950000e-01  9.334094e-03  1.237229e+00
      vertex   8.920000e-01  9.218119e-03  1.237438e+00
      vertex   8.950000e-01  9.180986e-03  1.237524e+00
    endloop
  endfacet
  facet normal  2.609970e-03  9.485822e-01  3.165199e-01
    outer loop
      vertex   8.950000e-01  9.180986e-03  1.237524e+00
      vertex   8.920000e-01  9.218119e-03  1.237438e+00
      vertex   8.920000e-01  9.101412e-03  1.237787e+00
    endloop
  endfacet
  facet normal -1.244710e-03  9.610545e-01  2.763562e-01
    outer loop
      vertex   8.950000e-01  9.180986e-03  1.237524e+00
      vertex   8.920000e-01  9.101412e-03  1.237787e+00
      vertex   8.950000e-01  9.092683e-03  1.237831e+00
    endloop
  endfacet
  facet normal  1.360912e-03  9.944901e-01  1.048217e-01
    outer loop
      vertex   8.950000e-01  9.092683e-03  1.237831e+00
      vertex   8.920000e-01  9.101412e-03  1.237787e+00
      vertex   8.920000e-01  9.065137e-03  1.238132e+00
    endloop
  endfacet
  facet normal  0.000000e+00  9.958190e-01  9.134745e-02
    outer loop
      vertex   8.950000e-01  9.092683e-03  1.237831e+00
      vertex   8.920000e-01  9.065137e-03  1.238132e+00
      vertex   8.950000e-01  9.065137e-03  1.238132e+00
    endloop
  endfacet
  facet normal  0.000000e+00  9.958158e-01 -9.138343e-02
    outer loop
      vertex   8.950000e-01  9.065137e-03  1.238132e+00
      vertex   8.920000e-01  9.065137e-03  1.238132e+00
      vertex   8.950000e-01  9.092683e-03  1.238432e+00
    endloop
  endfacet
  facet normal  1.360376e-03  9.944863e-01 -1.048576e-01
    outer loop
      vertex   8.950000e-01  9.092683e-03  1.238432e+00
      vertex   8.920000e-01  9.065137e-03  1.238132e+00
      vertex   8.920000e-01  9.101412e-03  1.238476e+00
    endloop
  endfacet
  facet normal -1.244710e-03  9.610545e-01 -2.763562e-01
    outer loop
      vertex   8.950000e-01  9.092683e-03  1.238432e+00
      vertex   8.920000e-01  9.101412e-03  1.238476e+00
      vertex   8.950000e-01  9.180986e-03  1.238739e+00
    endloop
  endfacet
  facet normal  0.000000e+00  9.572137e-01 -2.893818e-01
    outer loop
      vertex   8.950000e-01  9.180986e-03  1.238739e+00
      vertex   8.920000e-01  9.101412e-03  1.238476e+00
      vertex   8.920000e-01  9.180986e-03  1.238739e+00
    endloop
  endfacet
  facet normal  0.000000e+00  8.945984e-01 -4.468710e-01
    outer loop
      vertex   8.950000e-01  9.180986e-03  1.238739e+00
      vertex   8.920000e-01  9.180986e-03  1.238739e+00
      vertex   8.920000e-01  9.308299e-03  1.238994e+00
    endloop
  endfacet
  facet normal  0.000000e+00  8.945984e-01 -4.468710e-01
    outer loop
      vertex   8.920000e-01  9.308299e-03  1.238994e+00
      vertex   8.920000e-01  9.180986e-03  1.238739e+00
      vertex   8.890001e-01  9.180986e-03  1.238739e+00
    endloop
  endfacet
  facet normal  1.385511e-03  8.879827e-01 -4.598746e-01
    outer loop
      vertex   8.920000e-01  9.308299e-03  1.238994e+00
      vertex   8.890001e-01  9.180986e-03  1.238739e+00
      vertex   8.890001e-01  9.334094e-03  1.239034e+00
    endloop
  endfacet
  facet normal -1.508397e-03  9.172674e-02  9.957830e-01
    outer loop
      vertex   8.890001e-01  1.071514e-02  1.236481e+00
      vertex   8.890001e-01  1.041490e-02  1.236509e+00
      vertex   8.920000e-01  1.037105e-02  1.236518e+00
    endloop
  endfacet
  facet normal  1.284943e-03  2.760710e-01  9.611364e-01
    outer loop
      vertex   8.920000e-01  1.037105e-02  1.236518e+00
      vertex   8.890001e-01  1.041490e-02  1.236509e+00
      vertex   8.890001e-01  1.010778e-02  1.236597e+00
    endloop
  endfacet
  facet normal -2.624764e-03  3.167964e-01  9.484900e-01
    outer loop
      vertex   8.920000e-01  1.037105e-02  1.236518e+00
      vertex   8.890001e-01  1.010778e-02  1.236597e+00
      vertex   8.920000e-01  1.002128e-02  1.236634e+00
    endloop
  endfacet
  facet normal  2.251663e-03  4.598946e-01  8.879706e-01
    outer loop
      vertex   8.920000e-01  1.002128e-02  1.236634e+00
      vertex   8.890001e-01  1.010778e-02  1.236597e+00
      vertex   8.890001e-01  9.812240e-03  1.236750e+00
    endloop
  endfacet
  facet normal -3.525228e-03  5.230313e-01  8.523062e-01
    outer loop
      vertex   8.920000e-01  1.002128e-02  1.236634e+00
      vertex   8.890001e-01  9.812240e-03  1.236750e+00
      vertex   8.920000e-01  9.694149e-03  1.236835e+00
    endloop
  endfacet
  facet normal  2.861952e-03  6.305487e-01  7.761444e-01
    outer loop
      vertex   8.920000e-01  9.694149e-03  1.236835e+00
      vertex   8.890001e-01  9.812240e-03  1.236750e+00
      vertex   8.890001e-01  9.548411e-03  1.236965e+00
    endloop
  endfacet
  facet normal -3.843726e-03  7.071805e-01  7.070226e-01
    outer loop
      vertex   8.920000e-01  9.694149e-03  1.236835e+00
      vertex   8.890001e-01  9.548411e-03  1.236965e+00
      vertex   8.920000e-01  9.418956e-03  1.237110e+00
    endloop
  endfacet
  facet normal  2.849537e-03  7.761524e-01  6.305390e-01
    outer loop
      vertex   8.920000e-01  9.418956e-03  1.237110e+00
      vertex   8.890001e-01  9.548411e-03  1.236965e+00
      vertex   8.890001e-01  9.334094e-03  1.237229e+00
    endloop
  endfacet
  facet normal -3.523204e-03  8.521895e-01  5.232214e-01
    outer loop
      vertex   8.920000e-01  9.418956e-03  1.237110e+00
      vertex   8.890001e-01  9.334094e-03  1.237229e+00
      vertex   8.920000e-01  9.218119e-03  1.237438e+00
    endloop
  endfacet
  facet normal  2.275701e-03  8.879814e-01  4.598739e-01
    outer loop
      vertex   8.920000e-01  9.218119e-03  1.237438e+00
      vertex   8.890001e-01  9.334094e-03  1.237229e+00
      vertex   8.890001e-01  9.180986e-03  1.237524e+00
    endloop
  endfacet
  facet normal -2.610022e-03  9.485823e-01  3.165199e-01
    outer loop
      vertex   8.920000e-01  9.218119e-03  1.237438e+00
      vertex   8.890001e-01  9.180986e-03  1.237524e+00
      vertex   8.920000e-01  9.101412e-03  1.237787e+00
    endloop
  endfacet
  facet normal  1.244735e-03  9.610546e-01  2.763563e-01
    outer loop
      vertex   8.920000e-01  9.101412e-03  1.237787e+00
      vertex   8.890001e-01  9.180986e-03  1.237524e+00
      vertex   8.890001e-01  9.092683e-03  1.237831e+00
    endloop
  endfacet
  facet normal -1.360939e-03  9.944901e-01  1.048217e-01
    outer loop
      vertex   8.920000e-01  9.101412e-03  1.237787e+00
      vertex   8.890001e-01  9.092683e-03  1.237831e+00
      vertex   8.920000e-01  9.065137e-03  1.238132e+00
    endloop
  endfacet
  facet normal  0.000000e+00  9.958191e-01  9.134745e-02
    outer loop
      vertex   8.920000e-01  9.065137e-03  1.238132e+00
      vertex   8.890001e-01  9.092683e-03  1.237831e+00
      vertex   8.890001e-01  9.065137e-03  1.238132e+00
    endloop
  endfacet
  facet normal  0.000000e+00  9.958158e-01 -9.138343e-02
    outer loop
      vertex   8.920000e-01  9.065137e-03  1.238132e+00
      vertex   8.890001e-01  9.065137e-03  1.238132e+00
      vertex   8.890001e-01  9.092683e-03  1.238432e+00
    endloop
  endfacet
  facet normal -1.360402e-03  9.944863e-01 -1.048576e-01
    outer loop
      vertex   8.920000e-01  9.065137e-03  1.238132e+00
      vertex   8.890001e-01  9.092683e-03  1.238432e+00
      vertex   8.920000e-01  9.101412e-03  1.238476e+00
    endloop
  endfacet
  facet normal  1.244735e-03  9.610546e-01 -2.763563e-01
    outer loop
      vertex   8.920000e-01  9.101412e-03  1.238476e+00
      vertex   8.890001e-01  9.092683e-03  1.238432e+00
      vertex   8.890001e-01  9.180986e-03  1.238739e+00
    endloop
  endfacet
  facet normal  0.000000e+00  9.572138e-01 -2.893819e-01
    outer loop
      vertex   8.920000e-01  9.101412e-03  1.238476e+00
      vertex   8.890001e-01  9.180986e-03  1.238739e+00
      vertex   8.920000e-01  9.180986e-03  1.238739e+00
    endloop
  endfacet
  facet normal -1.188193e-03  8.032473e-01 -5.956444e-01
    outer loop
      vertex   8.920000e-01  9.308299e-03  1.238994e+00
      vertex   8.890001e-01  9.334094e-03  1.239034e+00
      vertex   8.920000e-01  9.481473e-03  1.239227e+00
    endloop
  endfacet
  facet normal  2.385034e-03  7.761533e-01 -6.305397e-01
    outer loop
      vertex   8.920000e-01  9.481473e-03  1.239227e+00
      vertex   8.890001e-01  9.334094e-03  1.239034e+00
      vertex   8.890001e-01  9.548411e-03  1.239298e+00
    endloop
  endfacet
  facet normal -1.925757e-03  6.859881e-01 -7.276102e-01
    outer loop
      vertex   8.920000e-01  9.481473e-03  1.239227e+00
      vertex   8.890001e-01  9.548411e-03  1.239298e+00
      vertex   8.920000e-01  9.694149e-03  1.239428e+00
    endloop
  endfacet
  facet normal  2.879626e-03  6.303373e-01 -7.763160e-01
    outer loop
      vertex   8.920000e-01  9.694149e-03  1.239428e+00
      vertex   8.890001e-01  9.548411e-03  1.239298e+00
      vertex   8.890001e-01  9.812240e-03  1.239512e+00
    endloop
  endfacet
  facet normal -2.097084e-03  5.473802e-01 -8.368814e-01
    outer loop
      vertex   8.920000e-01  9.694149e-03  1.239428e+00
      vertex   8.890001e-01  9.812240e-03  1.239512e+00
      vertex   8.920000e-01  9.936186e-03  1.239586e+00
    endloop
  endfacet
  facet normal  2.754791e-03  4.601764e-01 -8.878232e-01
    outer loop
      vertex   8.920000e-01  9.936186e-03  1.239586e+00
      vertex   8.890001e-01  9.812240e-03  1.239512e+00
      vertex   8.890001e-01  1.010778e-02  1.239666e+00
    endloop
  endfacet
  facet normal -1.774316e-03  3.952615e-01 -9.185669e-01
    outer loop
      vertex   8.920000e-01  9.936186e-03  1.239586e+00
      vertex   8.890001e-01  1.010778e-02  1.239666e+00
      vertex   8.920000e-01  1.019522e-02  1.239697e+00
    endloop
  endfacet
  facet normal  2.151199e-03  2.760706e-01 -9.611349e-01
    outer loop
      vertex   8.920000e-01  1.019522e-02  1.239697e+00
      vertex   8.890001e-01  1.010778e-02  1.239666e+00
      vertex   8.890001e-01  1.041490e-02  1.239754e+00
    endloop
  endfacet
  facet normal -1.001135e-03  2.357628e-01 -9.718102e-01
    outer loop
      vertex   8.920000e-01  1.019522e-02  1.239697e+00
      vertex   8.890001e-01  1.041490e-02  1.239754e+00
      vertex   8.920000e-01  1.045859e-02  1.239761e+00
    endloop
  endfacet
  facet normal  1.162631e-03  9.133471e-02 -9.958196e-01
    outer loop
      vertex   8.920000e-01  1.045859e-02  1.239761e+00
      vertex   8.890001e-01  1.041490e-02  1.239754e+00
      vertex   8.890001e-01  1.071514e-02  1.239781e+00
    endloop
  endfacet
  facet normal  0.000000e+00  7.782871e-02 -9.969668e-01
    outer loop
      vertex   8.920000e-01  1.045859e-02  1.239761e+00
      vertex   8.890001e-01  1.071514e-02  1.239781e+00
      vertex   8.950000e-01  1.071514e-02  1.239781e+00
    endloop
  endfacet
  facet normal -1.162608e-03  9.133472e-02 -9.958196e-01
    outer loop
      vertex   8.950000e-01  1.071514e-02  1.239781e+00
      vertex   8.950000e-01  1.041490e-02  1.239754e+00
      vertex   8.920000e-01  1.045859e-02  1.239761e+00
    endloop
  endfacet
  facet normal  1.001115e-03  2.357628e-01 -9.718100e-01
    outer loop
      vertex   8.920000e-01  1.045859e-02  1.239761e+00
      vertex   8.950000e-01  1.041490e-02  1.239754e+00
      vertex   8.920000e-01  1.019522e-02  1.239697e+00
    endloop
  endfacet
  facet normal -2.151158e-03  2.760706e-01 -9.611350e-01
    outer loop
      vertex   8.950000e-01  1.041490e-02  1.239754e+00
      vertex   8.950000e-01  1.010778e-02  1.239666e+00
      vertex   8.920000e-01  1.019522e-02  1.239697e+00
    endloop
  endfacet
  facet normal  1.774280e-03  3.952615e-01 -9.185669e-01
    outer loop
      vertex   8.920000e-01  1.019522e-02  1.239697e+00
      vertex   8.950000e-01  1.010778e-02  1.239666e+00
      vertex   8.920000e-01  9.936186e-03  1.239586e+00
    endloop
  endfacet
  facet normal -2.754735e-03  4.601764e-01 -8.878232e-01
    outer loop
      vertex   8.950000e-01  1.010778e-02  1.239666e+00
      vertex   8.950000e-01  9.812240e-03  1.239512e+00
      vertex   8.920000e-01  9.936186e-03  1.239586e+00
    endloop
  endfacet
  facet normal  2.097042e-03  5.473802e-01 -8.368814e-01
    outer loop
      vertex   8.920000e-01  9.936186e-03  1.239586e+00
      vertex   8.950000e-01  9.812240e-03  1.239512e+00
      vertex   8.920000e-01  9.694149e-03  1.239428e+00
    endloop
  endfacet
  facet normal -2.879568e-03  6.303373e-01 -7.763160e-01
    outer loop
      vertex   8.950000e-01  9.812240e-03  1.239512e+00
      vertex   8.950000e-01  9.548411e-03  1.239298e+00
      vertex   8.920000e-01  9.694149e-03  1.239428e+00
    endloop
  endfacet
  facet normal  1.925719e-03  6.859881e-01 -7.276102e-01
    outer loop
      vertex   8.920000e-01  9.694149e-03  1.239428e+00
      vertex   8.950000e-01  9.548411e-03  1.239298e+00
      vertex   8.920000e-01  9.481473e-03  1.239227e+00
    endloop
  endfacet
  facet normal -2.384989e-03  7.761534e-01 -6.305397e-01
    outer loop
      vertex   8.950000e-01  9.548411e-03  1.239298e+00
      vertex   8.950000e-01  9.334094e-03  1.239034e+00
      vertex   8.920000e-01  9.481473e-03  1.239227e+00
    endloop
  endfacet
  facet normal  1.188170e-03  8.032474e-01 -5.956444e-01
    outer loop
      vertex   8.920000e-01  9.481473e-03  1.239227e+00
      vertex   8.950000e-01  9.334094e-03  1.239034e+00
      vertex   8.920000e-01  9.308299e-03  1.238994e+00
    endloop
  endfacet
  facet normal -1.385484e-03  8.879828e-01 -4.598746e-01
    outer loop
      vertex   8.950000e-01  9.334094e-03  1.239034e+00
      vertex   8.950000e-01  9.180986e-03  1.238739e+00
      vertex   8.920000e-01  9.308299e-03  1.238994e+00
    endloop
  endfacet
  facet normal  0.000000e+00  9.172713e-02  9.957842e-01
    outer loop
      vertex   8.950000e-01 -1.071514e-02  1.236481e+00
      vertex   8.890001e-01 -1.071514e-02  1.236481e+00
      vertex   8.950000e-01 -1.101538e-02  1.236509e+00
    endloop
  endfacet
  facet normal  1.164628e-03  1.147806e-01  9.933902e-01
    outer loop
      vertex   8.950000e-01 -1.101538e-02  1.236509e+00
      vertex   8.890001e-01 -1.071514e-02  1.236481e+00
      vertex   8.920000e-01 -1.105922e-02  1.236518e+00
    endloop
  endfacet
  facet normal -1.284844e-03  2.760718e-01  9.611362e-01
    outer loop
      vertex   8.950000e-01 -1.101538e-02  1.236509e+00
      vertex   8.920000e-01 -1.105922e-02  1.236518e+00
      vertex   8.950000e-01 -1.132249e-02  1.236597e+00
    endloop
  endfacet
  facet normal  2.624638e-03  3.167956e-01  9.484901e-01
    outer loop
      vertex   8.950000e-01 -1.132249e-02  1.236597e+00
      vertex   8.920000e-01 -1.105922e-02  1.236518e+00
      vertex   8.920000e-01 -1.140899e-02  1.236634e+00
    endloop
  endfacet
  facet normal -2.251720e-03  4.598935e-01  8.879712e-01
    outer loop
      vertex   8.950000e-01 -1.132249e-02  1.236597e+00
      vertex   8.920000e-01 -1.140899e-02  1.236634e+00
      vertex   8.950000e-01 -1.161803e-02  1.236750e+00
    endloop
  endfacet
  facet normal  3.525158e-03  5.230313e-01  8.523062e-01
    outer loop
      vertex   8.950000e-01 -1.161803e-02  1.236750e+00
      vertex   8.920000e-01 -1.140899e-02  1.236634e+00
      vertex   8.920000e-01 -1.173612e-02  1.236835e+00
    endloop
  endfacet
  facet normal -2.861812e-03  6.305473e-01  7.761456e-01
    outer loop
      vertex   8.950000e-01 -1.161803e-02  1.236750e+00
      vertex   8.920000e-01 -1.173612e-02  1.236835e+00
      vertex   8.950000e-01 -1.188186e-02  1.236965e+00
    endloop
  endfacet
  facet normal  3.843869e-03  7.071805e-01  7.070225e-01
    outer loop
      vertex   8.950000e-01 -1.188186e-02  1.236965e+00
      vertex   8.920000e-01 -1.173612e-02  1.236835e+00
      vertex   8.920000e-01 -1.201132e-02  1.237110e+00
    endloop
  endfacet
  facet normal -2.849377e-03  7.761537e-01  6.305372e-01
    outer loop
      vertex   8.950000e-01 -1.188186e-02  1.236965e+00
      vertex   8.920000e-01 -1.201132e-02  1.237110e+00
      vertex   8.950000e-01 -1.209618e-02  1.237229e+00
    endloop
  endfacet
  facet normal  3.523134e-03  8.521895e-01  5.232214e-01
    outer loop
      vertex   8.950000e-01 -1.209618e-02  1.237229e+00
      vertex   8.920000e-01 -1.201132e-02  1.237110e+00
      vertex   8.920000e-01 -1.221215e-02  1.237438e+00
    endloop
  endfacet
  facet normal -2.275457e-03  8.879802e-01  4.598760e-01
    outer loop
      vertex   8.950000e-01 -1.209618e-02  1.237229e+00
      vertex   8.920000e-01 -1.221215e-02  1.237438e+00
      vertex   8.950000e-01 -1.224929e-02  1.237524e+00
    endloop
  endfacet
  facet normal  2.610264e-03  9.485822e-01  3.165199e-01
    outer loop
      vertex   8.950000e-01 -1.224929e-02  1.237524e+00
      vertex   8.920000e-01 -1.221215e-02  1.237438e+00
      vertex   8.920000e-01 -1.232886e-02  1.237787e+00
    endloop
  endfacet
  facet normal -1.244412e-03  9.610545e-01  2.763562e-01
    outer loop
      vertex   8.950000e-01 -1.224929e-02  1.237524e+00
      vertex   8.920000e-01 -1.232886e-02  1.237787e+00
      vertex   8.950000e-01 -1.233759e-02  1.237831e+00
    endloop
  endfacet
  facet normal  1.361181e-03  9.944898e-01  1.048244e-01
    outer loop
      vertex   8.950000e-01 -1.233759e-02  1.237831e+00
      vertex   8.920000e-01 -1.232886e-02  1.237787e+00
      vertex   8.920000e-01 -1.236514e-02  1.238132e+00
    endloop
  endfacet
  facet normal  0.000000e+00  9.958190e-01  9.134745e-02
    outer loop
      vertex   8.950000e-01 -1.233759e-02  1.237831e+00
      vertex   8.920000e-01 -1.236514e-02  1.238132e+00
      vertex   8.950000e-01 -1.236514e-02  1.238132e+00
    endloop
  endfacet
  facet normal  0.000000e+00  9.958158e-01 -9.138343e-02
    outer loop
      vertex   8.950000e-01 -1.236514e-02  1.238132e+00
      vertex   8.920000e-01 -1.236514e-02  1.238132e+00
      vertex   8.950000e-01 -1.233759e-02  1.238432e+00
    endloop
  endfacet
  facet normal  1.360645e-03  9.944860e-01 -1.048603e-01
    outer loop
      vertex   8.950000e-01 -1.233759e-02  1.238432e+00
      vertex   8.920000e-01 -1.236514e-02  1.238132e+00
      vertex   8.920000e-01 -1.232886e-02  1.238476e+00
    endloop
  endfacet
  facet normal -1.244412e-03  9.610545e-01 -2.763562e-01
    outer loop
      vertex   8.950000e-01 -1.233759e-02  1.238432e+00
      vertex   8.920000e-01 -1.232886e-02  1.238476e+00
      vertex   8.950000e-01 -1.224929e-02  1.238739e+00
    endloop
  endfacet
  facet normal  0.000000e+00  9.572147e-01 -2.893788e-01
    outer loop
      vertex   8.950000e-01 -1.224929e-02  1.238739e+00
      vertex   8.920000e-01 -1.232886e-02  1.238476e+00
      vertex   8.920000e-01 -1.224929e-02  1.238739e+00
    endloop
  endfacet
  facet normal  0.000000e+00  8.945957e-01 -4.468762e-01
    outer loop
      vertex   8.950000e-01 -1.224929e-02  1.238739e+00
      vertex   8.920000e-01 -1.224929e-02  1.238739e+00
      vertex   8.920000e-01 -1.212197e-02  1.238994e+00
    endloop
  endfacet
  facet normal  0.000000e+00  8.945958e-01 -4.468762e-01
    outer loop
      vertex   8.920000e-01 -1.212197e-02  1.238994e+00
      vertex   8.920000e-01 -1.224929e-02  1.238739e+00
      vertex   8.890001e-01 -1.224929e-02  1.238739e+00
    endloop
  endfacet
  facet normal  1.385197e-03  8.879817e-01 -4.598768e-01
    outer loop
      vertex   8.920000e-01 -1.212197e-02  1.238994e+00
      vertex   8.890001e-01 -1.224929e-02  1.238739e+00
      vertex   8.890001e-01 -1.209618e-02  1.239034e+00
    endloop
  endfacet
  facet normal -1.508422e-03  9.172703e-02  9.957830e-01
    outer loop
      vertex   8.890001e-01 -1.071514e-02  1.236481e+00
      vertex   8.890001e-01 -1.101538e-02  1.236509e+00
      vertex   8.920000e-01 -1.105922e-02  1.236518e+00
    endloop
  endfacet
  facet normal  1.284870e-03  2.760718e-01  9.611362e-01
    outer loop
      vertex   8.920000e-01 -1.105922e-02  1.236518e+00
      vertex   8.890001e-01 -1.101538e-02  1.236509e+00
      vertex   8.890001e-01 -1.132249e-02  1.236597e+00
    endloop
  endfacet
  facet normal -2.624690e-03  3.167956e-01  9.484903e-01
    outer loop
      vertex   8.920000e-01 -1.105922e-02  1.236518e+00
      vertex   8.890001e-01 -1.132249e-02  1.236597e+00
      vertex   8.920000e-01 -1.140899e-02  1.236634e+00
    endloop
  endfacet
  facet normal  2.251766e-03  4.598935e-01  8.879713e-01
    outer loop
      vertex   8.920000e-01 -1.140899e-02  1.236634e+00
      vertex   8.890001e-01 -1.132249e-02  1.236597e+00
      vertex   8.890001e-01 -1.161803e-02  1.236750e+00
    endloop
  endfacet
  facet normal -3.525228e-03  5.230313e-01  8.523062e-01
    outer loop
      vertex   8.920000e-01 -1.140899e-02  1.236634e+00
      vertex   8.890001e-01 -1.161803e-02  1.236750e+00
      vertex   8.920000e-01 -1.173612e-02  1.236835e+00
    endloop
  endfacet
  facet normal  2.861869e-03  6.305473e-01  7.761455e-01
    outer loop
      vertex   8.920000e-01 -1.173612e-02  1.236835e+00
      vertex   8.890001e-01 -1.161803e-02  1.236750e+00
      vertex   8.890001e-01 -1.188186e-02  1.236965e+00
    endloop
  endfacet
  facet normal -3.843945e-03  7.071805e-01  7.070226e-01
    outer loop
      vertex   8.920000e-01 -1.173612e-02  1.236835e+00
      vertex   8.890001e-01 -1.188186e-02  1.236965e+00
      vertex   8.920000e-01 -1.201132e-02  1.237110e+00
    endloop
  endfacet
  facet normal  2.849434e-03  7.761537e-01  6.305373e-01
    outer loop
      vertex   8.920000e-01 -1.201132e-02  1.237110e+00
      vertex   8.890001e-01 -1.188186e-02  1.236965e+00
      vertex   8.890001e-01 -1.209618e-02  1.237229e+00
    endloop
  endfacet
  facet normal -3.523204e-03  8.521895e-01  5.232214e-01
    outer loop
      vertex   8.920000e-01 -1.201132e-02  1.237110e+00
      vertex   8.890001e-01 -1.209618e-02  1.237229e+00
      vertex   8.920000e-01 -1.221215e-02  1.237438e+00
    endloop
  endfacet
  facet normal  2.275503e-03  8.879802e-01  4.598761e-01
    outer loop
      vertex   8.920000e-01 -1.221215e-02  1.237438e+00
      vertex   8.890001e-01 -1.209618e-02  1.237229e+00
      vertex   8.890001e-01 -1.224929e-02  1.237524e+00
    endloop
  endfacet
  facet normal -2.610316e-03  9.485823e-01  3.165199e-01
    outer loop
      vertex   8.920000e-01 -1.221215e-02  1.237438e+00
      vertex   8.890001e-01 -1.224929e-02  1.237524e+00
      vertex   8.920000e-01 -1.232886e-02  1.237787e+00
    endloop
  endfacet
  facet normal  1.244436e-03  9.610546e-01  2.763563e-01
    outer loop
      vertex   8.920000e-01 -1.232886e-02  1.237787e+00
      vertex   8.890001e-01 -1.224929e-02  1.237524e+00
      vertex   8.890001e-01 -1.233759e-02  1.237831e+00
    endloop
  endfacet
  facet normal -1.361208e-03  9.944898e-01  1.048244e-01
    outer loop
      vertex   8.920000e-01 -1.232886e-02  1.237787e+00
      vertex   8.890001e-01 -1.233759e-02  1.237831e+00
      vertex   8.920000e-01 -1.236514e-02  1.238132e+00
    endloop
  endfacet
  facet normal  0.000000e+00  9.958191e-01  9.134745e-02
    outer loop
      vertex   8.920000e-01 -1.236514e-02  1.238132e+00
      vertex   8.890001e-01 -1.233759e-02  1.237831e+00
      vertex   8.890001e-01 -1.236514e-02  1.238132e+00
    endloop
  endfacet
  facet normal  0.000000e+00  9.958158e-01 -9.138343e-02
    outer loop
      vertex   8.920000e-01 -1.236514e-02  1.238132e+00
      vertex   8.890001e-01 -1.236514e-02  1.238132e+00
      vertex   8.890001e-01 -1.233759e-02  1.238432e+00
    endloop
  endfacet
  facet normal -1.360671e-03  9.944862e-01 -1.048603e-01
    outer loop
      vertex   8.920000e-01 -1.236514e-02  1.238132e+00
      vertex   8.890001e-01 -1.233759e-02  1.238432e+00
      vertex   8.920000e-01 -1.232886e-02  1.238476e+00
    endloop
  endfacet
  facet normal  1.244436e-03  9.610546e-01 -2.763563e-01
    outer loop
      vertex   8.920000e-01 -1.232886e-02  1.238476e+00
      vertex   8.890001e-01 -1.233759e-02  1.238432e+00
      vertex   8.890001e-01 -1.224929e-02  1.238739e+00
    endloop
  endfacet
  facet normal  0.000000e+00  9.572147e-01 -2.893788e-01
    outer loop
      vertex   8.920000e-01 -1.232886e-02  1.238476e+00
      vertex   8.890001e-01 -1.224929e-02  1.238739e+00
      vertex   8.920000e-01 -1.224929e-02  1.238739e+00
    endloop
  endfacet
  facet normal -1.188401e-03  8.032489e-01 -5.956423e-01
    outer loop
      vertex   8.920000e-01 -1.212197e-02  1.238994e+00
      vertex   8.890001e-01 -1.209618e-02  1.239034e+00
      vertex   8.920000e-01 -1.194880e-02  1.239227e+00
    endloop
  endfacet
  facet normal  2.384863e-03  7.761547e-01 -6.305380e-01
    outer loop
      vertex   8.920000e-01 -1.194880e-02  1.239227e+00
      vertex   8.890001e-01 -1.209618e-02  1.239034e+00
      vertex   8.890001e-01 -1.188186e-02  1.239298e+00
    endloop
  endfacet
  facet normal -1.925970e-03  6.859881e-01 -7.276102e-01
    outer loop
      vertex   8.920000e-01 -1.194880e-02  1.239227e+00
      vertex   8.890001e-01 -1.188186e-02  1.239298e+00
      vertex   8.920000e-01 -1.173612e-02  1.239428e+00
    endloop
  endfacet
  facet normal  2.879542e-03  6.303360e-01 -7.763172e-01
    outer loop
      vertex   8.920000e-01 -1.173612e-02  1.239428e+00
      vertex   8.890001e-01 -1.188186e-02  1.239298e+00
      vertex   8.890001e-01 -1.161803e-02  1.239512e+00
    endloop
  endfacet
  facet normal -2.097000e-03  5.473817e-01 -8.368805e-01
    outer loop
      vertex   8.920000e-01 -1.173612e-02  1.239428e+00
      vertex   8.890001e-01 -1.161803e-02  1.239512e+00
      vertex   8.920000e-01 -1.149409e-02  1.239586e+00
    endloop
  endfacet
  facet normal  2.754995e-03  4.601753e-01 -8.878238e-01
    outer loop
      vertex   8.920000e-01 -1.149409e-02  1.239586e+00
      vertex   8.890001e-01 -1.161803e-02  1.239512e+00
      vertex   8.890001e-01 -1.132249e-02  1.239666e+00
    endloop
  endfacet
  facet normal -1.774151e-03  3.952603e-01 -9.185674e-01
    outer loop
      vertex   8.920000e-01 -1.149409e-02  1.239586e+00
      vertex   8.890001e-01 -1.132249e-02  1.239666e+00
      vertex   8.920000e-01 -1.123506e-02  1.239697e+00
    endloop
  endfacet
  facet normal  2.151261e-03  2.760714e-01 -9.611348e-01
    outer loop
      vertex   8.920000e-01 -1.123506e-02  1.239697e+00
      vertex   8.890001e-01 -1.132249e-02  1.239666e+00
      vertex   8.890001e-01 -1.101538e-02  1.239754e+00
    endloop
  endfacet
  facet normal -1.001074e-03  2.357635e-01 -9.718099e-01
    outer loop
      vertex   8.920000e-01 -1.123506e-02  1.239697e+00
      vertex   8.890001e-01 -1.101538e-02  1.239754e+00
      vertex   8.920000e-01 -1.097168e-02  1.239761e+00
    endloop
  endfacet
  facet normal  1.162655e-03  9.133499e-02 -9.958195e-01
    outer loop
      vertex   8.920000e-01 -1.097168e-02  1.239761e+00
      vertex   8.890001e-01 -1.101538e-02  1.239754e+00
      vertex   8.890001e-01 -1.071514e-02  1.239781e+00
    endloop
  endfacet
  facet normal  0.000000e+00  7.782871e-02 -9.969668e-01
    outer loop
      vertex   8.920000e-01 -1.097168e-02  1.239761e+00
      vertex   8.890001e-01 -1.071514e-02  1.239781e+00
      vertex   8.950000e-01 -1.071514e-02  1.239781e+00
    endloop
  endfacet
  facet normal -1.162632e-03  9.133499e-02 -9.958196e-01
    outer loop
      vertex   8.950000e-01 -1.071514e-02  1.239781e+00
      vertex   8.950000e-01 -1.101538e-02  1.239754e+00
      vertex   8.920000e-01 -1.097168e-02  1.239761e+00
    endloop
  endfacet
  facet normal  1.001054e-03  2.357636e-01 -9.718100e-01
    outer loop
      vertex   8.920000e-01 -1.097168e-02  1.239761e+00
      vertex   8.950000e-01 -1.101538e-02  1.239754e+00
      vertex   8.920000e-01 -1.123506e-02  1.239697e+00
    endloop
  endfacet
  facet normal -2.151218e-03  2.760714e-01 -9.611348e-01
    outer loop
      vertex   8.950000e-01 -1.101538e-02  1.239754e+00
      vertex   8.950000e-01 -1.132249e-02  1.239666e+00
      vertex   8.920000e-01 -1.123506e-02  1.239697e+00
    endloop
  endfacet
  facet normal  1.774117e-03  3.952603e-01 -9.185674e-01
    outer loop
      vertex   8.920000e-01 -1.123506e-02  1.239697e+00
      vertex   8.950000e-01 -1.132249e-02  1.239666e+00
      vertex   8.920000e-01 -1.149409e-02  1.239586e+00
    endloop
  endfacet
  facet normal -2.754942e-03  4.601753e-01 -8.878238e-01
    outer loop
      vertex   8.950000e-01 -1.132249e-02  1.239666e+00
      vertex   8.950000e-01 -1.161803e-02  1.239512e+00
      vertex   8.920000e-01 -1.149409e-02  1.239586e+00
    endloop
  endfacet
  facet normal  2.096958e-03  5.473817e-01 -8.368805e-01
    outer loop
      vertex   8.920000e-01 -1.149409e-02  1.239586e+00
      vertex   8.950000e-01 -1.161803e-02  1.239512e+00
      vertex   8.920000e-01 -1.173612e-02  1.239428e+00
    endloop
  endfacet
  facet normal -2.879484e-03  6.303360e-01 -7.763171e-01
    outer loop
      vertex   8.950000e-01 -1.161803e-02  1.239512e+00
      vertex   8.950000e-01 -1.188186e-02  1.239298e+00
      vertex   8.920000e-01 -1.173612e-02  1.239428e+00
    endloop
  endfacet
  facet normal  1.925932e-03  6.859881e-01 -7.276102e-01
    outer loop
      vertex   8.920000e-01 -1.173612e-02  1.239428e+00
      vertex   8.950000e-01 -1.188186e-02  1.239298e+00
      vertex   8.920000e-01 -1.194880e-02  1.239227e+00
    endloop
  endfacet
  facet normal -2.384815e-03  7.761547e-01 -6.305380e-01
    outer loop
      vertex   8.950000e-01 -1.188186e-02  1.239298e+00
      vertex   8.950000e-01 -1.209618e-02  1.239034e+00
      vertex   8.920000e-01 -1.194880e-02  1.239227e+00
    endloop
  endfacet
  facet normal  1.188380e-03  8.032489e-01 -5.956423e-01
    outer loop
      vertex   8.920000e-01 -1.194880e-02  1.239227e+00
      vertex   8.950000e-01 -1.209618e-02  1.239034e+00
      vertex   8.920000e-01 -1.212197e-02  1.238994e+00
    endloop
  endfacet
  facet normal -1.385169e-03  8.879817e-01 -4.598768e-01
    outer loop
      vertex   8.950000e-01 -1.209618e-02  1.239034e+00
      vertex   8.950000e-01 -1.224929e-02  1.238739e+00
      vertex   8.920000e-01 -1.212197e-02  1.238994e+00
    endloop
  endfacet
  facet normal  0.000000e+00  9.133505e-02  9.958202e-01
    outer loop
      vertex   8.950000e-01 -2.586863e-02  1.251635e+00
      vertex   8.890001e-01 -2.586863e-02  1.251635e+00
      vertex   8.950000e-01 -2.616887e-02  1.251662e+00
    endloop
  endfacet
  facet normal  1.199626e-03  1.150824e-01  9.933553e-01
    outer loop
      vertex   8.950000e-01 -2.616887e-02  1.251662e+00
      vertex   8.890001e-01 -2.586863e-02  1.251635e+00
      vertex   8.920000e-01 -2.621271e-02  1.251671e+00
    endloop
  endfacet
  facet normal -1.251901e-03  2.764172e-01  9.610369e-01
    outer loop
      vertex   8.950000e-01 -2.616887e-02  1.251662e+00
      vertex   8.920000e-01 -2.621271e-02  1.251671e+00
      vertex   8.950000e-01 -2.647598e-02  1.251751e+00
    endloop
  endfacet
  facet normal  2.624565e-03  3.167948e-01  9.484904e-01
    outer loop
      vertex   8.950000e-01 -2.647598e-02  1.251751e+00
      vertex   8.920000e-01 -2.621271e-02  1.251671e+00
      vertex   8.920000e-01 -2.656249e-02  1.251788e+00
    endloop
  endfacet
  facet normal -2.251863e-03  4.598935e-01  8.879712e-01
    outer loop
      vertex   8.950000e-01 -2.647598e-02  1.251751e+00
      vertex   8.920000e-01 -2.656249e-02  1.251788e+00
      vertex   8.950000e-01 -2.677152e-02  1.251904e+00
    endloop
  endfacet
  facet normal  3.525097e-03  5.230323e-01  8.523055e-01
    outer loop
      vertex   8.950000e-01 -2.677152e-02  1.251904e+00
      vertex   8.920000e-01 -2.656249e-02  1.251788e+00
      vertex   8.920000e-01 -2.688962e-02  1.251989e+00
    endloop
  endfacet
  facet normal -2.861812e-03  6.305473e-01  7.761456e-01
    outer loop
      vertex   8.950000e-01 -2.677152e-02  1.251904e+00
      vertex   8.920000e-01 -2.688962e-02  1.251989e+00
      vertex   8.950000e-01 -2.703536e-02  1.252118e+00
    endloop
  endfacet
  facet normal  3.829819e-03  7.070274e-01  7.071757e-01
    outer loop
      vertex   8.950000e-01 -2.703536e-02  1.252118e+00
      vertex   8.920000e-01 -2.688962e-02  1.251989e+00
      vertex   8.920000e-01 -2.716481e-02  1.252264e+00
    endloop
  endfacet
  facet normal -2.874431e-03  7.761537e-01  6.305372e-01
    outer loop
      vertex   8.950000e-01 -2.703536e-02  1.252118e+00
      vertex   8.920000e-01 -2.716481e-02  1.252264e+00
      vertex   8.950000e-01 -2.724967e-02  1.252382e+00
    endloop
  endfacet
  facet normal  3.510299e-03  8.522756e-01  5.230812e-01
    outer loop
      vertex   8.950000e-01 -2.724967e-02  1.252382e+00
      vertex   8.920000e-01 -2.716481e-02  1.252264e+00
      vertex   8.920000e-01 -2.736565e-02  1.252591e+00
    endloop
  endfacet
  facet normal -2.275382e-03  8.879813e-01  4.598738e-01
    outer loop
      vertex   8.950000e-01 -2.724967e-02  1.252382e+00
      vertex   8.920000e-01 -2.736565e-02  1.252591e+00
      vertex   8.950000e-01 -2.740278e-02  1.252678e+00
    endloop
  endfacet
  facet normal  2.610040e-03  9.485800e-01  3.165267e-01
    outer loop
      vertex   8.950000e-01 -2.740278e-02  1.252678e+00
      vertex   8.920000e-01 -2.736565e-02  1.252591e+00
      vertex   8.920000e-01 -2.748236e-02  1.252941e+00
    endloop
  endfacet
  facet normal -1.245050e-03  9.610537e-01  2.763589e-01
    outer loop
      vertex   8.950000e-01 -2.740278e-02  1.252678e+00
      vertex   8.920000e-01 -2.748236e-02  1.252941e+00
      vertex   8.950000e-01 -2.749108e-02  1.252985e+00
    endloop
  endfacet
  facet normal  1.360067e-03  9.944863e-01  1.048576e-01
    outer loop
      vertex   8.950000e-01 -2.749108e-02  1.252985e+00
      vertex   8.920000e-01 -2.748236e-02  1.252941e+00
      vertex   8.920000e-01 -2.751863e-02  1.253285e+00
    endloop
  endfacet
  facet normal  0.000000e+00  9.958155e-01  9.138649e-02
    outer loop
      vertex   8.950000e-01 -2.749108e-02  1.252985e+00
      vertex   8.920000e-01 -2.751863e-02  1.253285e+00
      vertex   8.950000e-01 -2.751863e-02  1.253285e+00
    endloop
  endfacet
  facet normal  0.000000e+00  9.958188e-01 -9.135052e-02
    outer loop
      vertex   8.950000e-01 -2.751863e-02  1.253285e+00
      vertex   8.920000e-01 -2.751863e-02  1.253285e+00
      vertex   8.950000e-01 -2.749108e-02  1.253585e+00
    endloop
  endfacet
  facet normal  1.364234e-03  9.944863e-01 -1.048576e-01
    outer loop
      vertex   8.950000e-01 -2.749108e-02  1.253585e+00
      vertex   8.920000e-01 -2.751863e-02  1.253285e+00
      vertex   8.920000e-01 -2.748236e-02  1.253629e+00
    endloop
  endfacet
  facet normal -1.234068e-03  9.610537e-01 -2.763589e-01
    outer loop
      vertex   8.950000e-01 -2.749108e-02  1.253585e+00
      vertex   8.920000e-01 -2.748236e-02  1.253629e+00
      vertex   8.950000e-01 -2.740278e-02  1.253892e+00
    endloop
  endfacet
  facet normal  0.000000e+00  9.572482e-01 -2.892680e-01
    outer loop
      vertex   8.950000e-01 -2.740278e-02  1.253892e+00
      vertex   8.920000e-01 -2.748236e-02  1.253629e+00
      vertex   8.920000e-01 -2.740278e-02  1.253892e+00
    endloop
  endfacet
  facet normal  0.000000e+00  8.945997e-01 -4.468684e-01
    outer loop
      vertex   8.950000e-01 -2.740278e-02  1.253892e+00
      vertex   8.920000e-01 -2.740278e-02  1.253892e+00
      vertex   8.920000e-01 -2.727547e-02  1.254147e+00
    endloop
  endfacet
  facet normal  0.000000e+00  8.945997e-01 -4.468684e-01
    outer loop
      vertex   8.920000e-01 -2.727547e-02  1.254147e+00
      vertex   8.920000e-01 -2.740278e-02  1.253892e+00
      vertex   8.890001e-01 -2.740278e-02  1.253892e+00
    endloop
  endfacet
  facet normal  1.401428e-03  8.879070e-01 -4.600208e-01
    outer loop
      vertex   8.920000e-01 -2.727547e-02  1.254147e+00
      vertex   8.890001e-01 -2.740278e-02  1.253892e+00
      vertex   8.890001e-01 -2.724967e-02  1.254188e+00
    endloop
  endfacet
  facet normal -1.553854e-03  9.133494e-02  9.958190e-01
    outer loop
      vertex   8.890001e-01 -2.586863e-02  1.251635e+00
      vertex   8.890001e-01 -2.616887e-02  1.251662e+00
      vertex   8.920000e-01 -2.621271e-02  1.251671e+00
    endloop
  endfacet
  facet normal  1.251927e-03  2.764172e-01  9.610370e-01
    outer loop
      vertex   8.920000e-01 -2.621271e-02  1.251671e+00
      vertex   8.890001e-01 -2.616887e-02  1.251662e+00
      vertex   8.890001e-01 -2.647598e-02  1.251751e+00
    endloop
  endfacet
  facet normal -2.624616e-03  3.167948e-01  9.484904e-01
    outer loop
      vertex   8.920000e-01 -2.621271e-02  1.251671e+00
      vertex   8.890001e-01 -2.647598e-02  1.251751e+00
      vertex   8.920000e-01 -2.656249e-02  1.251788e+00
    endloop
  endfacet
  facet normal  2.251908e-03  4.598935e-01  8.879713e-01
    outer loop
      vertex   8.920000e-01 -2.656249e-02  1.251788e+00
      vertex   8.890001e-01 -2.647598e-02  1.251751e+00
      vertex   8.890001e-01 -2.677152e-02  1.251904e+00
    endloop
  endfacet
  facet normal -3.525165e-03  5.230324e-01  8.523055e-01
    outer loop
      vertex   8.920000e-01 -2.656249e-02  1.251788e+00
      vertex   8.890001e-01 -2.677152e-02  1.251904e+00
      vertex   8.920000e-01 -2.688962e-02  1.251989e+00
    endloop
  endfacet
  facet normal  2.861869e-03  6.305473e-01  7.761455e-01
    outer loop
      vertex   8.920000e-01 -2.688962e-02  1.251989e+00
      vertex   8.890001e-01 -2.677152e-02  1.251904e+00
      vertex   8.890001e-01 -2.703536e-02  1.252118e+00
    endloop
  endfacet
  facet normal -3.829897e-03  7.070274e-01  7.071758e-01
    outer loop
      vertex   8.920000e-01 -2.688962e-02  1.251989e+00
      vertex   8.890001e-01 -2.703536e-02  1.252118e+00
      vertex   8.920000e-01 -2.716481e-02  1.252264e+00
    endloop
  endfacet
  facet normal  2.874488e-03  7.761537e-01  6.305373e-01
    outer loop
      vertex   8.920000e-01 -2.716481e-02  1.252264e+00
      vertex   8.890001e-01 -2.703536e-02  1.252118e+00
      vertex   8.890001e-01 -2.724967e-02  1.252382e+00
    endloop
  endfacet
  facet normal -3.510369e-03  8.522756e-01  5.230812e-01
    outer loop
      vertex   8.920000e-01 -2.716481e-02  1.252264e+00
      vertex   8.890001e-01 -2.724967e-02  1.252382e+00
      vertex   8.920000e-01 -2.736565e-02  1.252591e+00
    endloop
  endfacet
  facet normal  2.275425e-03  8.879814e-01  4.598738e-01
    outer loop
      vertex   8.920000e-01 -2.736565e-02  1.252591e+00
      vertex   8.890001e-01 -2.724967e-02  1.252382e+00
      vertex   8.890001e-01 -2.740278e-02  1.252678e+00
    endloop
  endfacet
  facet normal -2.610091e-03  9.485800e-01  3.165267e-01
    outer loop
      vertex   8.920000e-01 -2.736565e-02  1.252591e+00
      vertex   8.890001e-01 -2.740278e-02  1.252678e+00
      vertex   8.920000e-01 -2.748236e-02  1.252941e+00
    endloop
  endfacet
  facet normal  1.245075e-03  9.610537e-01  2.763589e-01
    outer loop
      vertex   8.920000e-01 -2.748236e-02  1.252941e+00
      vertex   8.890001e-01 -2.740278e-02  1.252678e+00
      vertex   8.890001e-01 -2.749108e-02  1.252985e+00
    endloop
  endfacet
  facet normal -1.360094e-03  9.944863e-01  1.048576e-01
    outer loop
      vertex   8.920000e-01 -2.748236e-02  1.252941e+00
      vertex   8.890001e-01 -2.749108e-02  1.252985e+00
      vertex   8.920000e-01 -2.751863e-02  1.253285e+00
    endloop
  endfacet
  facet normal  0.000000e+00  9.958155e-01  9.138649e-02
    outer loop
      vertex   8.920000e-01 -2.751863e-02  1.253285e+00
      vertex   8.890001e-01 -2.749108e-02  1.252985e+00
      vertex   8.890001e-01 -2.751863e-02  1.253285e+00
    endloop
  endfacet
  facet normal  0.000000e+00  9.958188e-01 -9.135051e-02
    outer loop
      vertex   8.920000e-01 -2.751863e-02  1.253285e+00
      vertex   8.890001e-01 -2.751863e-02  1.253285e+00
      vertex   8.890001e-01 -2.749108e-02  1.253585e+00
    endloop
  endfacet
  facet normal -1.364260e-03  9.944863e-01 -1.048576e-01
    outer loop
      vertex   8.920000e-01 -2.751863e-02  1.253285e+00
      vertex   8.890001e-01 -2.749108e-02  1.253585e+00
      vertex   8.920000e-01 -2.748236e-02  1.253629e+00
    endloop
  endfacet
  facet normal  1.234093e-03  9.610537e-01 -2.763589e-01
    outer loop
      vertex   8.920000e-01 -2.748236e-02  1.253629e+00
      vertex   8.890001e-01 -2.749108e-02  1.253585e+00
      vertex   8.890001e-01 -2.740278e-02  1.253892e+00
    endloop
  endfacet
  facet normal  0.000000e+00  9.572482e-01 -2.892680e-01
    outer loop
      vertex   8.920000e-01 -2.748236e-02  1.253629e+00
      vertex   8.890001e-01 -2.740278e-02  1.253892e+00
      vertex   8.920000e-01 -2.740278e-02  1.253892e+00
    endloop
  endfacet
  facet normal -1.164274e-03  8.032474e-01 -5.956444e-01
    outer loop
      vertex   8.920000e-01 -2.727547e-02  1.254147e+00
      vertex   8.890001e-01 -2.724967e-02  1.254188e+00
      vertex   8.920000e-01 -2.710229e-02  1.254381e+00
    endloop
  endfacet
  facet normal  2.410159e-03  7.761547e-01 -6.305380e-01
    outer loop
      vertex   8.920000e-01 -2.710229e-02  1.254381e+00
      vertex   8.890001e-01 -2.724967e-02  1.254188e+00
      vertex   8.890001e-01 -2.703536e-02  1.254452e+00
    endloop
  endfacet
  facet normal -1.896916e-03  6.859866e-01 -7.276117e-01
    outer loop
      vertex   8.920000e-01 -2.710229e-02  1.254381e+00
      vertex   8.890001e-01 -2.703536e-02  1.254452e+00
      vertex   8.920000e-01 -2.688962e-02  1.254581e+00
    endloop
  endfacet
  facet normal  2.892710e-03  6.305473e-01 -7.761455e-01
    outer loop
      vertex   8.920000e-01 -2.688962e-02  1.254581e+00
      vertex   8.890001e-01 -2.703536e-02  1.254452e+00
      vertex   8.890001e-01 -2.677152e-02  1.254666e+00
    endloop
  endfacet
  facet normal -2.097084e-03  5.473802e-01 -8.368814e-01
    outer loop
      vertex   8.920000e-01 -2.688962e-02  1.254581e+00
      vertex   8.890001e-01 -2.677152e-02  1.254666e+00
      vertex   8.920000e-01 -2.664758e-02  1.254740e+00
    endloop
  endfacet
  facet normal  2.754852e-03  4.601753e-01 -8.878238e-01
    outer loop
      vertex   8.920000e-01 -2.664758e-02  1.254740e+00
      vertex   8.890001e-01 -2.677152e-02  1.254666e+00
      vertex   8.890001e-01 -2.647598e-02  1.254819e+00
    endloop
  endfacet
  facet normal -1.774194e-03  3.952615e-01 -9.185669e-01
    outer loop
      vertex   8.920000e-01 -2.664758e-02  1.254740e+00
      vertex   8.890001e-01 -2.647598e-02  1.254819e+00
      vertex   8.920000e-01 -2.638855e-02  1.254851e+00
    endloop
  endfacet
  facet normal  2.151236e-03  2.760722e-01 -9.611346e-01
    outer loop
      vertex   8.920000e-01 -2.638855e-02  1.254851e+00
      vertex   8.890001e-01 -2.647598e-02  1.254819e+00
      vertex   8.890001e-01 -2.616887e-02  1.254907e+00
    endloop
  endfacet
  facet normal -1.001147e-03  2.357635e-01 -9.718099e-01
    outer loop
      vertex   8.920000e-01 -2.638855e-02  1.254851e+00
      vertex   8.890001e-01 -2.616887e-02  1.254907e+00
      vertex   8.920000e-01 -2.612517e-02  1.254915e+00
    endloop
  endfacet
  facet normal  1.162626e-03  9.133499e-02 -9.958195e-01
    outer loop
      vertex   8.920000e-01 -2.612517e-02  1.254915e+00
      vertex   8.890001e-01 -2.616887e-02  1.254907e+00
      vertex   8.890001e-01 -2.586863e-02  1.254935e+00
    endloop
  endfacet
  facet normal  0.000000e+00  7.782899e-02 -9.969668e-01
    outer loop
      vertex   8.920000e-01 -2.612517e-02  1.254915e+00
      vertex   8.890001e-01 -2.586863e-02  1.254935e+00
      vertex   8.950000e-01 -2.586863e-02  1.254935e+00
    endloop
  endfacet
  facet normal -1.162603e-03  9.133499e-02 -9.958196e-01
    outer loop
      vertex   8.950000e-01 -2.586863e-02  1.254935e+00
      vertex   8.950000e-01 -2.616887e-02  1.254907e+00
      vertex   8.920000e-01 -2.612517e-02  1.254915e+00
    endloop
  endfacet
  facet normal  1.001127e-03  2.357636e-01 -9.718100e-01
    outer loop
      vertex   8.920000e-01 -2.612517e-02  1.254915e+00
      vertex   8.950000e-01 -2.616887e-02  1.254907e+00
      vertex   8.920000e-01 -2.638855e-02  1.254851e+00
    endloop
  endfacet
  facet normal -2.151192e-03  2.760721e-01 -9.611344e-01
    outer loop
      vertex   8.950000e-01 -2.616887e-02  1.254907e+00
      vertex   8.950000e-01 -2.647598e-02  1.254819e+00
      vertex   8.920000e-01 -2.638855e-02  1.254851e+00
    endloop
  endfacet
  facet normal  1.774157e-03  3.952615e-01 -9.185669e-01
    outer loop
      vertex   8.920000e-01 -2.638855e-02  1.254851e+00
      vertex   8.950000e-01 -2.647598e-02  1.254819e+00
      vertex   8.920000e-01 -2.664758e-02  1.254740e+00
    endloop
  endfacet
  facet normal -2.754800e-03  4.601753e-01 -8.878238e-01
    outer loop
      vertex   8.950000e-01 -2.647598e-02  1.254819e+00
      vertex   8.950000e-01 -2.677152e-02  1.254666e+00
      vertex   8.920000e-01 -2.664758e-02  1.254740e+00
    endloop
  endfacet
  facet normal  2.097042e-03  5.473802e-01 -8.368814e-01
    outer loop
      vertex   8.920000e-01 -2.664758e-02  1.254740e+00
      vertex   8.950000e-01 -2.677152e-02  1.254666e+00
      vertex   8.920000e-01 -2.688962e-02  1.254581e+00
    endloop
  endfacet
  facet normal -2.892652e-03  6.305473e-01 -7.761455e-01
    outer loop
      vertex   8.950000e-01 -2.677152e-02  1.254666e+00
      vertex   8.950000e-01 -2.703536e-02  1.254452e+00
      vertex   8.920000e-01 -2.688962e-02  1.254581e+00
    endloop
  endfacet
  facet normal  1.896876e-03  6.859866e-01 -7.276117e-01
    outer loop
      vertex   8.920000e-01 -2.688962e-02  1.254581e+00
      vertex   8.950000e-01 -2.703536e-02  1.254452e+00
      vertex   8.920000e-01 -2.710229e-02  1.254381e+00
    endloop
  endfacet
  facet normal -2.410111e-03  7.761547e-01 -6.305380e-01
    outer loop
      vertex   8.950000e-01 -2.703536e-02  1.254452e+00
      vertex   8.950000e-01 -2.724967e-02  1.254188e+00
      vertex   8.920000e-01 -2.710229e-02  1.254381e+00
    endloop
  endfacet
  facet normal  1.164248e-03  8.032474e-01 -5.956444e-01
    outer loop
      vertex   8.920000e-01 -2.710229e-02  1.254381e+00
      vertex   8.950000e-01 -2.724967e-02  1.254188e+00
      vertex   8.920000e-01 -2.727547e-02  1.254147e+00
    endloop
  endfacet
  facet normal -1.401400e-03  8.879070e-01 -4.600209e-01
    outer loop
      vertex   8.950000e-01 -2.724967e-02  1.254188e+00
      vertex   8.950000e-01 -2.740278e-02  1.253892e+00
      vertex   8.920000e-01 -2.727547e-02  1.254147e+00
    endloop
  endfacet
  facet normal  0.000000e+00  9.133505e-02  9.958202e-01
    outer loop
      vertex   8.950000e-01 -2.586863e-02  1.273065e+00
      vertex   8.890001e-01 -2.586863e-02  1.273065e+00
      vertex   8.950000e-01 -2.616887e-02  1.273093e+00
    endloop
  endfacet
  facet normal  1.230089e-03  1.156848e-01  9.932852e-01
    outer loop
      vertex   8.950000e-01 -2.616887e-02  1.273093e+00
      vertex   8.890001e-01 -2.586863e-02  1.273065e+00
      vertex   8.920000e-01 -2.621271e-02  1.273102e+00
    endloop
  endfacet
  facet normal -1.213714e-03  2.764172e-01  9.610370e-01
    outer loop
      vertex   8.950000e-01 -2.616887e-02  1.273093e+00
      vertex   8.920000e-01 -2.621271e-02  1.273102e+00
      vertex   8.950000e-01 -2.647598e-02  1.273181e+00
    endloop
  endfacet
  facet normal  2.634155e-03  3.165040e-01  9.485875e-01
    outer loop
      vertex   8.950000e-01 -2.647598e-02  1.273181e+00
      vertex   8.920000e-01 -2.621271e-02  1.273102e+00
      vertex   8.920000e-01 -2.656249e-02  1.273218e+00
    endloop
  endfacet
  facet normal -2.261818e-03  4.601759e-01  8.878250e-01
    outer loop
      vertex   8.950000e-01 -2.647598e-02  1.273181e+00
      vertex   8.920000e-01 -2.656249e-02  1.273218e+00
      vertex   8.950000e-01 -2.677152e-02  1.273334e+00
    endloop
  endfacet
  facet normal  3.491231e-03  5.230324e-01  8.523056e-01
    outer loop
      vertex   8.950000e-01 -2.677152e-02  1.273334e+00
      vertex   8.920000e-01 -2.656249e-02  1.273218e+00
      vertex   8.920000e-01 -2.688962e-02  1.273419e+00
    endloop
  endfacet
  facet normal -2.879484e-03  6.303360e-01  7.763171e-01
    outer loop
      vertex   8.950000e-01 -2.677152e-02  1.273334e+00
      vertex   8.920000e-01 -2.688962e-02  1.273419e+00
      vertex   8.950000e-01 -2.703536e-02  1.273548e+00
    endloop
  endfacet
  facet normal  3.843869e-03  7.071805e-01  7.070225e-01
    outer loop
      vertex   8.950000e-01 -2.703536e-02  1.273548e+00
      vertex   8.920000e-01 -2.688962e-02  1.273419e+00
      vertex   8.920000e-01 -2.716481e-02  1.273694e+00
    endloop
  endfacet
  facet normal -2.849377e-03  7.761537e-01  6.305372e-01
    outer loop
      vertex   8.950000e-01 -2.703536e-02  1.273548e+00
      vertex   8.920000e-01 -2.716481e-02  1.273694e+00
      vertex   8.950000e-01 -2.724967e-02  1.273812e+00
    endloop
  endfacet
  facet normal  3.523234e-03  8.521906e-01  5.232196e-01
    outer loop
      vertex   8.950000e-01 -2.724967e-02  1.273812e+00
      vertex   8.920000e-01 -2.716481e-02  1.273694e+00
      vertex   8.920000e-01 -2.736565e-02  1.274021e+00
    endloop
  endfacet
  facet normal -2.262261e-03  8.879056e-01  4.600201e-01
    outer loop
      vertex   8.950000e-01 -2.724967e-02  1.273812e+00
      vertex   8.920000e-01 -2.736565e-02  1.274021e+00
      vertex   8.950000e-01 -2.740278e-02  1.274108e+00
    endloop
  endfacet
  facet normal  2.622617e-03  9.485800e-01  3.165267e-01
    outer loop
      vertex   8.950000e-01 -2.740278e-02  1.274108e+00
      vertex   8.920000e-01 -2.736565e-02  1.274021e+00
      vertex   8.920000e-01 -2.748236e-02  1.274371e+00
    endloop
  endfacet
  facet normal -1.243518e-03  9.610822e-01  2.762598e-01
    outer loop
      vertex   8.950000e-01 -2.740278e-02  1.274108e+00
      vertex   8.920000e-01 -2.748236e-02  1.274371e+00
      vertex   8.950000e-01 -2.749108e-02  1.274415e+00
    endloop
  endfacet
  facet normal  1.360067e-03  9.944863e-01  1.048576e-01
    outer loop
      vertex   8.950000e-01 -2.749108e-02  1.274415e+00
      vertex   8.920000e-01 -2.748236e-02  1.274371e+00
      vertex   8.920000e-01 -2.751863e-02  1.274715e+00
    endloop
  endfacet
  facet normal  0.000000e+00  9.958155e-01  9.138649e-02
    outer loop
      vertex   8.950000e-01 -2.749108e-02  1.274415e+00
      vertex   8.920000e-01 -2.751863e-02  1.274715e+00
      vertex   8.950000e-01 -2.751863e-02  1.274715e+00
    endloop
  endfacet
  facet normal  0.000000e+00  9.958188e-01 -9.135052e-02
    outer loop
      vertex   8.950000e-01 -2.751863e-02  1.274715e+00
      vertex   8.920000e-01 -2.751863e-02  1.274715e+00
      vertex   8.950000e-01 -2.749108e-02  1.275015e+00
    endloop
  endfacet
  facet normal  1.360603e-03  9.944901e-01 -1.048217e-01
    outer loop
      vertex   8.950000e-01 -2.749108e-02  1.275015e+00
      vertex   8.920000e-01 -2.751863e-02  1.274715e+00
      vertex   8.920000e-01 -2.748236e-02  1.275059e+00
    endloop
  endfacet
  facet normal -1.245050e-03  9.610537e-01 -2.763589e-01
    outer loop
      vertex   8.950000e-01 -2.749108e-02  1.275015e+00
      vertex   8.920000e-01 -2.748236e-02  1.275059e+00
      vertex   8.950000e-01 -2.740278e-02  1.275323e+00
    endloop
  endfacet
  facet normal  0.000000e+00  9.572119e-01 -2.893881e-01
    outer loop
      vertex   8.950000e-01 -2.740278e-02  1.275323e+00
      vertex   8.920000e-01 -2.748236e-02  1.275059e+00
      vertex   8.920000e-01 -2.740278e-02  1.275323e+00
    endloop
  endfacet
  facet normal  0.000000e+00  8.945997e-01 -4.468684e-01
    outer loop
      vertex   8.950000e-01 -2.740278e-02  1.275323e+00
      vertex   8.920000e-01 -2.740278e-02  1.275323e+00
      vertex   8.920000e-01 -2.727547e-02  1.275577e+00
    endloop
  endfacet
  facet normal  0.000000e+00  8.945997e-01 -4.468684e-01
    outer loop
      vertex   8.920000e-01 -2.727547e-02  1.275577e+00
      vertex   8.920000e-01 -2.740278e-02  1.275323e+00
      vertex   8.890001e-01 -2.740278e-02  1.275323e+00
    endloop
  endfacet
  facet normal  1.385788e-03  8.879827e-01 -4.598746e-01
    outer loop
      vertex   8.920000e-01 -2.727547e-02  1.275577e+00
      vertex   8.890001e-01 -2.740278e-02  1.275323e+00
      vertex   8.890001e-01 -2.724967e-02  1.275618e+00
    endloop
  endfacet
  facet normal -1.593425e-03  9.133494e-02  9.958190e-01
    outer loop
      vertex   8.890001e-01 -2.586863e-02  1.273065e+00
      vertex   8.890001e-01 -2.616887e-02  1.273093e+00
      vertex   8.920000e-01 -2.621271e-02  1.273102e+00
    endloop
  endfacet
  facet normal  1.213738e-03  2.764172e-01  9.610370e-01
    outer loop
      vertex   8.920000e-01 -2.621271e-02  1.273102e+00
      vertex   8.890001e-01 -2.616887e-02  1.273093e+00
      vertex   8.890001e-01 -2.647598e-02  1.273181e+00
    endloop
  endfacet
  facet normal -2.634209e-03  3.165040e-01  9.485875e-01
    outer loop
      vertex   8.920000e-01 -2.621271e-02  1.273102e+00
      vertex   8.890001e-01 -2.647598e-02  1.273181e+00
      vertex   8.920000e-01 -2.656249e-02  1.273218e+00
    endloop
  endfacet
  facet normal  2.261863e-03  4.601758e-01  8.878249e-01
    outer loop
      vertex   8.920000e-01 -2.656249e-02  1.273218e+00
      vertex   8.890001e-01 -2.647598e-02  1.273181e+00
      vertex   8.890001e-01 -2.677152e-02  1.273334e+00
    endloop
  endfacet
  facet normal -3.491299e-03  5.230324e-01  8.523057e-01
    outer loop
      vertex   8.920000e-01 -2.656249e-02  1.273218e+00
      vertex   8.890001e-01 -2.677152e-02  1.273334e+00
      vertex   8.920000e-01 -2.688962e-02  1.273419e+00
    endloop
  endfacet
  facet normal  2.879542e-03  6.303360e-01  7.763172e-01
    outer loop
      vertex   8.920000e-01 -2.688962e-02  1.273419e+00
      vertex   8.890001e-01 -2.677152e-02  1.273334e+00
      vertex   8.890001e-01 -2.703536e-02  1.273548e+00
    endloop
  endfacet
  facet normal -3.843945e-03  7.071805e-01  7.070226e-01
    outer loop
      vertex   8.920000e-01 -2.688962e-02  1.273419e+00
      vertex   8.890001e-01 -2.703536e-02  1.273548e+00
      vertex   8.920000e-01 -2.716481e-02  1.273694e+00
    endloop
  endfacet
  facet normal  2.849434e-03  7.761537e-01  6.305373e-01
    outer loop
      vertex   8.920000e-01 -2.716481e-02  1.273694e+00
      vertex   8.890001e-01 -2.703536e-02  1.273548e+00
      vertex   8.890001e-01 -2.724967e-02  1.273812e+00
    endloop
  endfacet
  facet normal -3.523304e-03  8.521906e-01  5.232197e-01
    outer loop
      vertex   8.920000e-01 -2.716481e-02  1.273694e+00
      vertex   8.890001e-01 -2.724967e-02  1.273812e+00
      vertex   8.920000e-01 -2.736565e-02  1.274021e+00
    endloop
  endfacet
  facet normal  2.262304e-03  8.879057e-01  4.600201e-01
    outer loop
      vertex   8.920000e-01 -2.736565e-02  1.274021e+00
      vertex   8.890001e-01 -2.724967e-02  1.273812e+00
      vertex   8.890001e-01 -2.740278e-02  1.274108e+00
    endloop
  endfacet
  facet normal -2.622670e-03  9.485800e-01  3.165267e-01
    outer loop
      vertex   8.920000e-01 -2.736565e-02  1.274021e+00
      vertex   8.890001e-01 -2.740278e-02  1.274108e+00
      vertex   8.920000e-01 -2.748236e-02  1.274371e+00
    endloop
  endfacet
  facet normal  1.243543e-03  9.610822e-01  2.762599e-01
    outer loop
      vertex   8.920000e-01 -2.748236e-02  1.274371e+00
      vertex   8.890001e-01 -2.740278e-02  1.274108e+00
      vertex   8.890001e-01 -2.749108e-02  1.274415e+00
    endloop
  endfacet
  facet normal -1.360094e-03  9.944863e-01  1.048576e-01
    outer loop
      vertex   8.920000e-01 -2.748236e-02  1.274371e+00
      vertex   8.890001e-01 -2.749108e-02  1.274415e+00
      vertex   8.920000e-01 -2.751863e-02  1.274715e+00
    endloop
  endfacet
  facet normal  0.000000e+00  9.958155e-01  9.138649e-02
    outer loop
      vertex   8.920000e-01 -2.751863e-02  1.274715e+00
      vertex   8.890001e-01 -2.749108e-02  1.274415e+00
      vertex   8.890001e-01 -2.751863e-02  1.274715e+00
    endloop
  endfacet
  facet normal  0.000000e+00  9.958188e-01 -9.135051e-02
    outer loop
      vertex   8.920000e-01 -2.751863e-02  1.274715e+00
      vertex   8.890001e-01 -2.751863e-02  1.274715e+00
      vertex   8.890001e-01 -2.749108e-02  1.275015e+00
    endloop
  endfacet
  facet normal -1.360630e-03  9.944901e-01 -1.048217e-01
    outer loop
      vertex   8.920000e-01 -2.751863e-02  1.274715e+00
      vertex   8.890001e-01 -2.749108e-02  1.275015e+00
      vertex   8.920000e-01 -2.748236e-02  1.275059e+00
    endloop
  endfacet
  facet normal  1.245075e-03  9.610537e-01 -2.763589e-01
    outer loop
      vertex   8.920000e-01 -2.748236e-02  1.275059e+00
      vertex   8.890001e-01 -2.749108e-02  1.275015e+00
      vertex   8.890001e-01 -2.740278e-02  1.275323e+00
    endloop
  endfacet
  facet normal  0.000000e+00  9.572119e-01 -2.893881e-01
    outer loop
      vertex   8.920000e-01 -2.748236e-02  1.275059e+00
      vertex   8.890001e-01 -2.740278e-02  1.275323e+00
      vertex   8.920000e-01 -2.740278e-02  1.275323e+00
    endloop
  endfacet
  facet normal -1.187943e-03  8.032473e-01 -5.956444e-01
    outer loop
      vertex   8.920000e-01 -2.727547e-02  1.275577e+00
      vertex   8.890001e-01 -2.724967e-02  1.275618e+00
      vertex   8.920000e-01 -2.710229e-02  1.275811e+00
    endloop
  endfacet
  facet normal  2.385104e-03  7.761547e-01 -6.305380e-01
    outer loop
      vertex   8.920000e-01 -2.710229e-02  1.275811e+00
      vertex   8.890001e-01 -2.724967e-02  1.275618e+00
      vertex   8.890001e-01 -2.703536e-02  1.275882e+00
    endloop
  endfacet
  facet normal -1.925828e-03  6.859866e-01 -7.276117e-01
    outer loop
      vertex   8.920000e-01 -2.710229e-02  1.275811e+00
      vertex   8.890001e-01 -2.703536e-02  1.275882e+00
      vertex   8.920000e-01 -2.688962e-02  1.276011e+00
    endloop
  endfacet
  facet normal  2.879542e-03  6.303360e-01 -7.763172e-01
    outer loop
      vertex   8.920000e-01 -2.688962e-02  1.276011e+00
      vertex   8.890001e-01 -2.703536e-02  1.275882e+00
      vertex   8.890001e-01 -2.677152e-02  1.276096e+00
    endloop
  endfacet
  facet normal -2.097084e-03  5.473802e-01 -8.368814e-01
    outer loop
      vertex   8.920000e-01 -2.688962e-02  1.276011e+00
      vertex   8.890001e-01 -2.677152e-02  1.276096e+00
      vertex   8.920000e-01 -2.664758e-02  1.276170e+00
    endloop
  endfacet
  facet normal  2.754852e-03  4.601753e-01 -8.878238e-01
    outer loop
      vertex   8.920000e-01 -2.664758e-02  1.276170e+00
      vertex   8.890001e-01 -2.677152e-02  1.276096e+00
      vertex   8.890001e-01 -2.647598e-02  1.276249e+00
    endloop
  endfacet
  facet normal -1.798674e-03  3.949047e-01 -9.187203e-01
    outer loop
      vertex   8.920000e-01 -2.664758e-02  1.276170e+00
      vertex   8.890001e-01 -2.647598e-02  1.276249e+00
      vertex   8.920000e-01 -2.638855e-02  1.276281e+00
    endloop
  endfacet
  facet normal  2.113044e-03  2.760722e-01 -9.611347e-01
    outer loop
      vertex   8.920000e-01 -2.638855e-02  1.276281e+00
      vertex   8.890001e-01 -2.647598e-02  1.276249e+00
      vertex   8.890001e-01 -2.616887e-02  1.276338e+00
    endloop
  endfacet
  facet normal -1.007450e-03  2.361789e-01 -9.717091e-01
    outer loop
      vertex   8.920000e-01 -2.638855e-02  1.276281e+00
      vertex   8.890001e-01 -2.616887e-02  1.276338e+00
      vertex   8.920000e-01 -2.612517e-02  1.276345e+00
    endloop
  endfacet
  facet normal  1.162626e-03  9.133499e-02 -9.958195e-01
    outer loop
      vertex   8.920000e-01 -2.612517e-02  1.276345e+00
      vertex   8.890001e-01 -2.616887e-02  1.276338e+00
      vertex   8.890001e-01 -2.586863e-02  1.276365e+00
    endloop
  endfacet
  facet normal  0.000000e+00  7.782899e-02 -9.969668e-01
    outer loop
      vertex   8.920000e-01 -2.612517e-02  1.276345e+00
      vertex   8.890001e-01 -2.586863e-02  1.276365e+00
      vertex   8.950000e-01 -2.586863e-02  1.276365e+00
    endloop
  endfacet
  facet normal -1.162603e-03  9.133499e-02 -9.958196e-01
    outer loop
      vertex   8.950000e-01 -2.586863e-02  1.276365e+00
      vertex   8.950000e-01 -2.616887e-02  1.276338e+00
      vertex   8.920000e-01 -2.612517e-02  1.276345e+00
    endloop
  endfacet
  facet normal  1.007429e-03  2.361789e-01 -9.717091e-01
    outer loop
      vertex   8.920000e-01 -2.612517e-02  1.276345e+00
      vertex   8.950000e-01 -2.616887e-02  1.276338e+00
      vertex   8.920000e-01 -2.638855e-02  1.276281e+00
    endloop
  endfacet
  facet normal -2.113001e-03  2.760722e-01 -9.611346e-01
    outer loop
      vertex   8.950000e-01 -2.616887e-02  1.276338e+00
      vertex   8.950000e-01 -2.647598e-02  1.276249e+00
      vertex   8.920000e-01 -2.638855e-02  1.276281e+00
    endloop
  endfacet
  facet normal  1.798638e-03  3.949047e-01 -9.187203e-01
    outer loop
      vertex   8.920000e-01 -2.638855e-02  1.276281e+00
      vertex   8.950000e-01 -2.647598e-02  1.276249e+00
      vertex   8.920000e-01 -2.664758e-02  1.276170e+00
    endloop
  endfacet
  facet normal -2.754800e-03  4.601753e-01 -8.878238e-01
    outer loop
      vertex   8.950000e-01 -2.647598e-02  1.276249e+00
      vertex   8.950000e-01 -2.677152e-02  1.276096e+00
      vertex   8.920000e-01 -2.664758e-02  1.276170e+00
    endloop
  endfacet
  facet normal  2.097042e-03  5.473802e-01 -8.368814e-01
    outer loop
      vertex   8.920000e-01 -2.664758e-02  1.276170e+00
      vertex   8.950000e-01 -2.677152e-02  1.276096e+00
      vertex   8.920000e-01 -2.688962e-02  1.276011e+00
    endloop
  endfacet
  facet normal -2.879484e-03  6.303360e-01 -7.763171e-01
    outer loop
      vertex   8.950000e-01 -2.677152e-02  1.276096e+00
      vertex   8.950000e-01 -2.703536e-02  1.275882e+00
      vertex   8.920000e-01 -2.688962e-02  1.276011e+00
    endloop
  endfacet
  facet normal  1.925789e-03  6.859865e-01 -7.276117e-01
    outer loop
      vertex   8.920000e-01 -2.688962e-02  1.276011e+00
      vertex   8.950000e-01 -2.703536e-02  1.275882e+00
      vertex   8.920000e-01 -2.710229e-02  1.275811e+00
    endloop
  endfacet
  facet normal -2.385057e-03  7.761547e-01 -6.305380e-01
    outer loop
      vertex   8.950000e-01 -2.703536e-02  1.275882e+00
      vertex   8.950000e-01 -2.724967e-02  1.275618e+00
      vertex   8.920000e-01 -2.710229e-02  1.275811e+00
    endloop
  endfacet
  facet normal  1.187918e-03  8.032474e-01 -5.956444e-01
    outer loop
      vertex   8.920000e-01 -2.710229e-02  1.275811e+00
      vertex   8.950000e-01 -2.724967e-02  1.275618e+00
      vertex   8.920000e-01 -2.727547e-02  1.275577e+00
    endloop
  endfacet
  facet normal -1.385760e-03  8.879828e-01 -4.598746e-01
    outer loop
      vertex   8.950000e-01 -2.724967e-02  1.275618e+00
      vertex   8.950000e-01 -2.740278e-02  1.275323e+00
      vertex   8.920000e-01 -2.727547e-02  1.275577e+00
    endloop
  endfacet
  facet normal  0.000000e+00  9.133505e-02  9.958202e-01
    outer loop
      vertex   8.950000e-01 -1.071514e-02  1.288219e+00
      vertex   8.890001e-01 -1.071514e-02  1.288219e+00
      vertex   8.950000e-01 -1.101538e-02  1.288246e+00
    endloop
  endfacet
  facet normal  1.199598e-03  1.150819e-01  9.933553e-01
    outer loop
      vertex   8.950000e-01 -1.101538e-02  1.288246e+00
      vertex   8.890001e-01 -1.071514e-02  1.288219e+00
      vertex   8.920000e-01 -1.105922e-02  1.288255e+00
    endloop
  endfacet
  facet normal -1.251976e-03  2.764164e-01  9.610372e-01
    outer loop
      vertex   8.950000e-01 -1.101538e-02  1.288246e+00
      vertex   8.920000e-01 -1.105922e-02  1.288255e+00
      vertex   8.950000e-01 -1.132249e-02  1.288335e+00
    endloop
  endfacet
  facet normal  2.596536e-03  3.165048e-01  9.485874e-01
    outer loop
      vertex   8.950000e-01 -1.132249e-02  1.288335e+00
      vertex   8.920000e-01 -1.105922e-02  1.288255e+00
      vertex   8.920000e-01 -1.140899e-02  1.288372e+00
    endloop
  endfacet
  facet normal -2.287005e-03  4.598935e-01  8.879711e-01
    outer loop
      vertex   8.950000e-01 -1.132249e-02  1.288335e+00
      vertex   8.920000e-01 -1.140899e-02  1.288372e+00
      vertex   8.950000e-01 -1.161803e-02  1.288488e+00
    endloop
  endfacet
  facet normal  3.491292e-03  5.230314e-01  8.523063e-01
    outer loop
      vertex   8.950000e-01 -1.161803e-02  1.288488e+00
      vertex   8.920000e-01 -1.140899e-02  1.288372e+00
      vertex   8.920000e-01 -1.173612e-02  1.288572e+00
    endloop
  endfacet
  facet normal -2.892652e-03  6.305473e-01  7.761455e-01
    outer loop
      vertex   8.950000e-01 -1.161803e-02  1.288488e+00
      vertex   8.920000e-01 -1.173612e-02  1.288572e+00
      vertex   8.950000e-01 -1.188186e-02  1.288702e+00
    endloop
  endfacet
  facet normal  3.829825e-03  7.073336e-01  7.068696e-01
    outer loop
      vertex   8.950000e-01 -1.188186e-02  1.288702e+00
      vertex   8.920000e-01 -1.173612e-02  1.288572e+00
      vertex   8.920000e-01 -1.201132e-02  1.288848e+00
    endloop
  endfacet
  facet normal -2.849377e-03  7.761537e-01  6.305372e-01
    outer loop
      vertex   8.950000e-01 -1.188186e-02  1.288702e+00
      vertex   8.920000e-01 -1.201132e-02  1.288848e+00
      vertex   8.950000e-01 -1.209618e-02  1.288966e+00
    endloop
  endfacet
  facet normal  3.523134e-03  8.521895e-01  5.232214e-01
    outer loop
      vertex   8.950000e-01 -1.209618e-02  1.288966e+00
      vertex   8.920000e-01 -1.201132e-02  1.288848e+00
      vertex   8.920000e-01 -1.221215e-02  1.289175e+00
    endloop
  endfacet
  facet normal -2.275457e-03  8.879802e-01  4.598760e-01
    outer loop
      vertex   8.950000e-01 -1.209618e-02  1.288966e+00
      vertex   8.920000e-01 -1.221215e-02  1.289175e+00
      vertex   8.950000e-01 -1.224929e-02  1.289261e+00
    endloop
  endfacet
  facet normal  2.610264e-03  9.485822e-01  3.165199e-01
    outer loop
      vertex   8.950000e-01 -1.224929e-02  1.289261e+00
      vertex   8.920000e-01 -1.221215e-02  1.289175e+00
      vertex   8.920000e-01 -1.232886e-02  1.289525e+00
    endloop
  endfacet
  facet normal -1.234959e-03  9.610260e-01  2.764553e-01
    outer loop
      vertex   8.950000e-01 -1.224929e-02  1.289261e+00
      vertex   8.920000e-01 -1.232886e-02  1.289525e+00
      vertex   8.950000e-01 -1.233759e-02  1.289568e+00
    endloop
  endfacet
  facet normal  1.364811e-03  9.944860e-01  1.048603e-01
    outer loop
      vertex   8.950000e-01 -1.233759e-02  1.289568e+00
      vertex   8.920000e-01 -1.232886e-02  1.289525e+00
      vertex   8.920000e-01 -1.236514e-02  1.289869e+00
    endloop
  endfacet
  facet normal  0.000000e+00  9.958190e-01  9.134745e-02
    outer loop
      vertex   8.950000e-01 -1.233759e-02  1.289568e+00
      vertex   8.920000e-01 -1.236514e-02  1.289869e+00
      vertex   8.950000e-01 -1.236514e-02  1.289869e+00
    endloop
  endfacet
  facet normal  0.000000e+00  9.958190e-01 -9.134745e-02
    outer loop
      vertex   8.950000e-01 -1.236514e-02  1.289869e+00
      vertex   8.920000e-01 -1.236514e-02  1.289869e+00
      vertex   8.950000e-01 -1.233759e-02  1.290169e+00
    endloop
  endfacet
  facet normal  1.364811e-03  9.944860e-01 -1.048603e-01
    outer loop
      vertex   8.950000e-01 -1.233759e-02  1.290169e+00
      vertex   8.920000e-01 -1.236514e-02  1.289869e+00
      vertex   8.920000e-01 -1.232886e-02  1.290213e+00
    endloop
  endfacet
  facet normal -1.234959e-03  9.610260e-01 -2.764553e-01
    outer loop
      vertex   8.950000e-01 -1.233759e-02  1.290169e+00
      vertex   8.920000e-01 -1.232886e-02  1.290213e+00
      vertex   8.950000e-01 -1.224929e-02  1.290476e+00
    endloop
  endfacet
  facet normal  0.000000e+00  9.572147e-01 -2.893788e-01
    outer loop
      vertex   8.950000e-01 -1.224929e-02  1.290476e+00
      vertex   8.920000e-01 -1.232886e-02  1.290213e+00
      vertex   8.920000e-01 -1.224929e-02  1.290476e+00
    endloop
  endfacet
  facet normal  0.000000e+00  8.945957e-01 -4.468762e-01
    outer loop
      vertex   8.950000e-01 -1.224929e-02  1.290476e+00
      vertex   8.920000e-01 -1.224929e-02  1.290476e+00
      vertex   8.920000e-01 -1.212197e-02  1.290731e+00
    endloop
  endfacet
  facet normal  0.000000e+00  8.945958e-01 -4.468762e-01
    outer loop
      vertex   8.920000e-01 -1.212197e-02  1.290731e+00
      vertex   8.920000e-01 -1.224929e-02  1.290476e+00
      vertex   8.890001e-01 -1.224929e-02  1.290476e+00
    endloop
  endfacet
  facet normal  1.385197e-03  8.879817e-01 -4.598768e-01
    outer loop
      vertex   8.920000e-01 -1.212197e-02  1.290731e+00
      vertex   8.890001e-01 -1.224929e-02  1.290476e+00
      vertex   8.890001e-01 -1.209618e-02  1.290772e+00
    endloop
  endfacet
  facet normal -1.553826e-03  9.133494e-02  9.958190e-01
    outer loop
      vertex   8.890001e-01 -1.071514e-02  1.288219e+00
      vertex   8.890001e-01 -1.101538e-02  1.288246e+00
      vertex   8.920000e-01 -1.105922e-02  1.288255e+00
    endloop
  endfacet
  facet normal  1.252000e-03  2.764164e-01  9.610372e-01
    outer loop
      vertex   8.920000e-01 -1.105922e-02  1.288255e+00
      vertex   8.890001e-01 -1.101538e-02  1.288246e+00
      vertex   8.890001e-01 -1.132249e-02  1.288335e+00
    endloop
  endfacet
  facet normal -2.596587e-03  3.165047e-01  9.485874e-01
    outer loop
      vertex   8.920000e-01 -1.105922e-02  1.288255e+00
      vertex   8.890001e-01 -1.132249e-02  1.288335e+00
      vertex   8.920000e-01 -1.140899e-02  1.288372e+00
    endloop
  endfacet
  facet normal  2.287051e-03  4.598935e-01  8.879712e-01
    outer loop
      vertex   8.920000e-01 -1.140899e-02  1.288372e+00
      vertex   8.890001e-01 -1.132249e-02  1.288335e+00
      vertex   8.890001e-01 -1.161803e-02  1.288488e+00
    endloop
  endfacet
  facet normal -3.491360e-03  5.230314e-01  8.523063e-01
    outer loop
      vertex   8.920000e-01 -1.140899e-02  1.288372e+00
      vertex   8.890001e-01 -1.161803e-02  1.288488e+00
      vertex   8.920000e-01 -1.173612e-02  1.288572e+00
    endloop
  endfacet
  facet normal  2.892710e-03  6.305473e-01  7.761455e-01
    outer loop
      vertex   8.920000e-01 -1.173612e-02  1.288572e+00
      vertex   8.890001e-01 -1.161803e-02  1.288488e+00
      vertex   8.890001e-01 -1.188186e-02  1.288702e+00
    endloop
  endfacet
  facet normal -3.829899e-03  7.073336e-01  7.068695e-01
    outer loop
      vertex   8.920000e-01 -1.173612e-02  1.288572e+00
      vertex   8.890001e-01 -1.188186e-02  1.288702e+00
      vertex   8.920000e-01 -1.201132e-02  1.288848e+00
    endloop
  endfacet
  facet normal  2.849434e-03  7.761537e-01  6.305373e-01
    outer loop
      vertex   8.920000e-01 -1.201132e-02  1.288848e+00
      vertex   8.890001e-01 -1.188186e-02  1.288702e+00
      vertex   8.890001e-01 -1.209618e-02  1.288966e+00
    endloop
  endfacet
  facet normal -3.523204e-03  8.521895e-01  5.232214e-01
    outer loop
      vertex   8.920000e-01 -1.201132e-02  1.288848e+00
      vertex   8.890001e-01 -1.209618e-02  1.288966e+00
      vertex   8.920000e-01 -1.221215e-02  1.289175e+00
    endloop
  endfacet
  facet normal  2.275503e-03  8.879802e-01  4.598761e-01
    outer loop
      vertex   8.920000e-01 -1.221215e-02  1.289175e+00
      vertex   8.890001e-01 -1.209618e-02  1.288966e+00
      vertex   8.890001e-01 -1.224929e-02  1.289261e+00
    endloop
  endfacet
  facet normal -2.610316e-03  9.485823e-01  3.165199e-01
    outer loop
      vertex   8.920000e-01 -1.221215e-02  1.289175e+00
      vertex   8.890001e-01 -1.224929e-02  1.289261e+00
      vertex   8.920000e-01 -1.232886e-02  1.289525e+00
    endloop
  endfacet
  facet normal  1.234983e-03  9.610260e-01  2.764553e-01
    outer loop
      vertex   8.920000e-01 -1.232886e-02  1.289525e+00
      vertex   8.890001e-01 -1.224929e-02  1.289261e+00
      vertex   8.890001e-01 -1.233759e-02  1.289568e+00
    endloop
  endfacet
  facet normal -1.364838e-03  9.944860e-01  1.048603e-01
    outer loop
      vertex   8.920000e-01 -1.232886e-02  1.289525e+00
      vertex   8.890001e-01 -1.233759e-02  1.289568e+00
      vertex   8.920000e-01 -1.236514e-02  1.289869e+00
    endloop
  endfacet
  facet normal  0.000000e+00  9.958191e-01  9.134745e-02
    outer loop
      vertex   8.920000e-01 -1.236514e-02  1.289869e+00
      vertex   8.890001e-01 -1.233759e-02  1.289568e+00
      vertex   8.890001e-01 -1.236514e-02  1.289869e+00
    endloop
  endfacet
  facet normal  0.000000e+00  9.958191e-01 -9.134745e-02
    outer loop
      vertex   8.920000e-01 -1.236514e-02  1.289869e+00
      vertex   8.890001e-01 -1.236514e-02  1.289869e+00
      vertex   8.890001e-01 -1.233759e-02  1.290169e+00
    endloop
  endfacet
  facet normal -1.364838e-03  9.944860e-01 -1.048603e-01
    outer loop
      vertex   8.920000e-01 -1.236514e-02  1.289869e+00
      vertex   8.890001e-01 -1.233759e-02  1.290169e+00
      vertex   8.920000e-01 -1.232886e-02  1.290213e+00
    endloop
  endfacet
  facet normal  1.234983e-03  9.610260e-01 -2.764553e-01
    outer loop
      vertex   8.920000e-01 -1.232886e-02  1.290213e+00
      vertex   8.890001e-01 -1.233759e-02  1.290169e+00
      vertex   8.890001e-01 -1.224929e-02  1.290476e+00
    endloop
  endfacet
  facet normal  0.000000e+00  9.572147e-01 -2.893788e-01
    outer loop
      vertex   8.920000e-01 -1.232886e-02  1.290213e+00
      vertex   8.890001e-01 -1.224929e-02  1.290476e+00
      vertex   8.920000e-01 -1.224929e-02  1.290476e+00
    endloop
  endfacet
  facet normal -1.184485e-03  8.033943e-01 -5.954462e-01
    outer loop
      vertex   8.920000e-01 -1.212197e-02  1.290731e+00
      vertex   8.890001e-01 -1.209618e-02  1.290772e+00
      vertex   8.920000e-01 -1.194880e-02  1.290964e+00
    endloop
  endfacet
  facet normal  2.409918e-03  7.761547e-01 -6.305380e-01
    outer loop
      vertex   8.920000e-01 -1.194880e-02  1.290964e+00
      vertex   8.890001e-01 -1.209618e-02  1.290772e+00
      vertex   8.890001e-01 -1.188186e-02  1.291035e+00
    endloop
  endfacet
  facet normal -1.897056e-03  6.859881e-01 -7.276102e-01
    outer loop
      vertex   8.920000e-01 -1.194880e-02  1.290964e+00
      vertex   8.890001e-01 -1.188186e-02  1.291035e+00
      vertex   8.920000e-01 -1.173612e-02  1.291165e+00
    endloop
  endfacet
  facet normal  2.892710e-03  6.305473e-01 -7.761455e-01
    outer loop
      vertex   8.920000e-01 -1.173612e-02  1.291165e+00
      vertex   8.890001e-01 -1.188186e-02  1.291035e+00
      vertex   8.890001e-01 -1.161803e-02  1.291250e+00
    endloop
  endfacet
  facet normal -2.097000e-03  5.473817e-01 -8.368805e-01
    outer loop
      vertex   8.920000e-01 -1.173612e-02  1.291165e+00
      vertex   8.890001e-01 -1.161803e-02  1.291250e+00
      vertex   8.920000e-01 -1.149409e-02  1.291323e+00
    endloop
  endfacet
  facet normal  2.770247e-03  4.598929e-01 -8.879700e-01
    outer loop
      vertex   8.920000e-01 -1.149409e-02  1.291323e+00
      vertex   8.890001e-01 -1.161803e-02  1.291250e+00
      vertex   8.890001e-01 -1.132249e-02  1.291403e+00
    endloop
  endfacet
  facet normal -1.737651e-03  3.952603e-01 -9.185675e-01
    outer loop
      vertex   8.920000e-01 -1.149409e-02  1.291323e+00
      vertex   8.890001e-01 -1.132249e-02  1.291403e+00
      vertex   8.920000e-01 -1.123506e-02  1.291435e+00
    endloop
  endfacet
  facet normal  2.178356e-03  2.764160e-01 -9.610356e-01
    outer loop
      vertex   8.920000e-01 -1.123506e-02  1.291435e+00
      vertex   8.890001e-01 -1.132249e-02  1.291403e+00
      vertex   8.890001e-01 -1.101538e-02  1.291491e+00
    endloop
  endfacet
  facet normal -1.001074e-03  2.357635e-01 -9.718099e-01
    outer loop
      vertex   8.920000e-01 -1.123506e-02  1.291435e+00
      vertex   8.890001e-01 -1.101538e-02  1.291491e+00
      vertex   8.920000e-01 -1.097168e-02  1.291499e+00
    endloop
  endfacet
  facet normal  1.162655e-03  9.133499e-02 -9.958195e-01
    outer loop
      vertex   8.920000e-01 -1.097168e-02  1.291499e+00
      vertex   8.890001e-01 -1.101538e-02  1.291491e+00
      vertex   8.890001e-01 -1.071514e-02  1.291519e+00
    endloop
  endfacet
  facet normal  0.000000e+00  7.782871e-02 -9.969668e-01
    outer loop
      vertex   8.920000e-01 -1.097168e-02  1.291499e+00
      vertex   8.890001e-01 -1.071514e-02  1.291519e+00
      vertex   8.950000e-01 -1.071514e-02  1.291519e+00
    endloop
  endfacet
  facet normal -1.162632e-03  9.133499e-02 -9.958196e-01
    outer loop
      vertex   8.950000e-01 -1.071514e-02  1.291519e+00
      vertex   8.950000e-01 -1.101538e-02  1.291491e+00
      vertex   8.920000e-01 -1.097168e-02  1.291499e+00
    endloop
  endfacet
  facet normal  1.001054e-03  2.357636e-01 -9.718100e-01
    outer loop
      vertex   8.920000e-01 -1.097168e-02  1.291499e+00
      vertex   8.950000e-01 -1.101538e-02  1.291491e+00
      vertex   8.920000e-01 -1.123506e-02  1.291435e+00
    endloop
  endfacet
  facet normal -2.178311e-03  2.764159e-01 -9.610356e-01
    outer loop
      vertex   8.950000e-01 -1.101538e-02  1.291491e+00
      vertex   8.950000e-01 -1.132249e-02  1.291403e+00
      vertex   8.920000e-01 -1.123506e-02  1.291435e+00
    endloop
  endfacet
  facet normal  1.737617e-03  3.952604e-01 -9.185675e-01
    outer loop
      vertex   8.920000e-01 -1.123506e-02  1.291435e+00
      vertex   8.950000e-01 -1.132249e-02  1.291403e+00
      vertex   8.920000e-01 -1.149409e-02  1.291323e+00
    endloop
  endfacet
  facet normal -2.770192e-03  4.598929e-01 -8.879700e-01
    outer loop
      vertex   8.950000e-01 -1.132249e-02  1.291403e+00
      vertex   8.950000e-01 -1.161803e-02  1.291250e+00
      vertex   8.920000e-01 -1.149409e-02  1.291323e+00
    endloop
  endfacet
  facet normal  2.096958e-03  5.473817e-01 -8.368805e-01
    outer loop
      vertex   8.920000e-01 -1.149409e-02  1.291323e+00
      vertex   8.950000e-01 -1.161803e-02  1.291250e+00
      vertex   8.920000e-01 -1.173612e-02  1.291165e+00
    endloop
  endfacet
  facet normal -2.892652e-03  6.305473e-01 -7.761455e-01
    outer loop
      vertex   8.950000e-01 -1.161803e-02  1.291250e+00
      vertex   8.950000e-01 -1.188186e-02  1.291035e+00
      vertex   8.920000e-01 -1.173612e-02  1.291165e+00
    endloop
  endfacet
  facet normal  1.897018e-03  6.859881e-01 -7.276102e-01
    outer loop
      vertex   8.920000e-01 -1.173612e-02  1.291165e+00
      vertex   8.950000e-01 -1.188186e-02  1.291035e+00
      vertex   8.920000e-01 -1.194880e-02  1.290964e+00
    endloop
  endfacet
  facet normal -2.409869e-03  7.761547e-01 -6.305380e-01
    outer loop
      vertex   8.950000e-01 -1.188186e-02  1.291035e+00
      vertex   8.950000e-01 -1.209618e-02  1.290772e+00
      vertex   8.920000e-01 -1.194880e-02  1.290964e+00
    endloop
  endfacet
  facet normal  1.184463e-03  8.033943e-01 -5.954462e-01
    outer loop
      vertex   8.920000e-01 -1.194880e-02  1.290964e+00
      vertex   8.950000e-01 -1.209618e-02  1.290772e+00
      vertex   8.920000e-01 -1.212197e-02  1.290731e+00
    endloop
  endfacet
  facet normal -1.385169e-03  8.879817e-01 -4.598768e-01
    outer loop
      vertex   8.950000e-01 -1.209618e-02  1.290772e+00
      vertex   8.950000e-01 -1.224929e-02  1.290476e+00
      vertex   8.920000e-01 -1.212197e-02  1.290731e+00
    endloop
  endfacet
  facet normal -3.031313e-17  9.101122e-02 -9.958499e-01
    outer loop
      vertex   8.890001e-01  9.031227e-17  1.294000e+00
      vertex   8.950000e-01  9.231068e-17  1.294000e+00
      vertex   8.890001e-01 -3.639261e-04  1.293967e+00
    endloop
  endfacet
  facet normal -1.504743e-03  1.155863e-01 -9.932963e-01
    outer loop
      vertex   8.890001e-01 -3.639261e-04  1.293967e+00
      vertex   8.950000e-01  9.231068e-17  1.294000e+00
      vertex   8.920000e-01 -4.170704e-04  1.293956e+00
    endloop
  endfacet
  facet normal  1.464091e-03  2.766491e-01 -9.609699e-01
    outer loop
      vertex   8.890001e-01 -3.639261e-04  1.293967e+00
      vertex   8.920000e-01 -4.170704e-04  1.293956e+00
      vertex   8.890001e-01 -7.361895e-04  1.293860e+00
    endloop
  endfacet
  facet normal -3.154919e-03  3.163449e-01 -9.486390e-01
    outer loop
      vertex   8.890001e-01 -7.361895e-04  1.293860e+00
      vertex   8.920000e-01 -4.170704e-04  1.293956e+00
      vertex   8.920000e-01 -8.410403e-04  1.293815e+00
    endloop
  endfacet
  facet normal  2.767464e-03  4.598088e-01 -8.880137e-01
    outer loop
      vertex   8.890001e-01 -7.361895e-04  1.293860e+00
      vertex   8.920000e-01 -8.410403e-04  1.293815e+00
      vertex   8.890001e-01 -1.094420e-03  1.293674e+00
    endloop
  endfacet
  facet normal -4.261879e-03  5.231767e-01 -8.522136e-01
    outer loop
      vertex   8.890001e-01 -1.094420e-03  1.293674e+00
      vertex   8.920000e-01 -8.410403e-04  1.293815e+00
      vertex   8.920000e-01 -1.237561e-03  1.293571e+00
    endloop
  endfacet
  facet normal  3.477885e-03  6.306525e-01 -7.760575e-01
    outer loop
      vertex   8.890001e-01 -1.094420e-03  1.293674e+00
      vertex   8.920000e-01 -1.237561e-03  1.293571e+00
      vertex   8.890001e-01 -1.414214e-03  1.293414e+00
    endloop
  endfacet
  facet normal -4.630223e-03  7.070786e-01 -7.071198e-01
    outer loop
      vertex   8.890001e-01 -1.414214e-03  1.293414e+00
      vertex   8.920000e-01 -1.237561e-03  1.293571e+00
      vertex   8.920000e-01 -1.571128e-03  1.293238e+00
    endloop
  endfacet
  facet normal  3.483514e-03  7.761027e-01 -6.305969e-01
    outer loop
      vertex   8.890001e-01 -1.414214e-03  1.293414e+00
      vertex   8.920000e-01 -1.571128e-03  1.293238e+00
      vertex   8.890001e-01 -1.673991e-03  1.293095e+00
    endloop
  endfacet
  facet normal -4.257147e-03  8.522531e-01 -5.231124e-01
    outer loop
      vertex   8.890001e-01 -1.673991e-03  1.293095e+00
      vertex   8.920000e-01 -1.571128e-03  1.293238e+00
      vertex   8.920000e-01 -1.814567e-03  1.292841e+00
    endloop
  endfacet
  facet normal  2.745446e-03  8.879134e-01 -4.600023e-01
    outer loop
      vertex   8.890001e-01 -1.673991e-03  1.293095e+00
      vertex   8.920000e-01 -1.814567e-03  1.292841e+00
      vertex   8.890001e-01 -1.859577e-03  1.292736e+00
    endloop
  endfacet
  facet normal -3.172064e-03  9.485440e-01 -3.166295e-01
    outer loop
      vertex   8.890001e-01 -1.859577e-03  1.292736e+00
      vertex   8.920000e-01 -1.814567e-03  1.292841e+00
      vertex   8.920000e-01 -1.956030e-03  1.292417e+00
    endloop
  endfacet
  facet normal  1.518180e-03  9.610678e-01 -2.763084e-01
    outer loop
      vertex   8.890001e-01 -1.859577e-03  1.292736e+00
      vertex   8.920000e-01 -1.956030e-03  1.292417e+00
      vertex   8.890001e-01 -1.966611e-03  1.292364e+00
    endloop
  endfacet
  facet normal -1.646022e-03  9.944914e-01 -1.048051e-01
    outer loop
      vertex   8.890001e-01 -1.966611e-03  1.292364e+00
      vertex   8.920000e-01 -1.956030e-03  1.292417e+00
      vertex   8.920000e-01 -2.000000e-03  1.292000e+00
    endloop
  endfacet
  facet normal  0.000000e+00  9.958181e-01 -9.135883e-02
    outer loop
      vertex   8.890001e-01 -1.966611e-03  1.292364e+00
      vertex   8.920000e-01 -2.000000e-03  1.292000e+00
      vertex   8.890001e-01 -2.000000e-03  1.292000e+00
    endloop
  endfacet
  facet normal -0.000000e+00  9.958181e-01  9.135883e-02
    outer loop
      vertex   8.890001e-01 -2.000000e-03  1.292000e+00
      vertex   8.920000e-01 -2.000000e-03  1.292000e+00
      vertex   8.890001e-01 -1.966611e-03  1.291636e+00
    endloop
  endfacet
  facet normal -1.653281e-03  9.944851e-01  1.048643e-01
    outer loop
      vertex   8.890001e-01 -1.966611e-03  1.291636e+00
      vertex   8.920000e-01 -2.000000e-03  1.292000e+00
      vertex   8.920000e-01 -1.956030e-03  1.291583e+00
    endloop
  endfacet
  facet normal  1.497747e-03  9.610443e-01  2.763902e-01
    outer loop
      vertex   8.890001e-01 -1.966611e-03  1.291636e+00
      vertex   8.920000e-01 -1.956030e-03  1.291583e+00
      vertex   8.890001e-01 -1.859577e-03  1.291264e+00
    endloop
  endfacet
  facet normal -0.000000e+00  9.572331e-01  2.893180e-01
    outer loop
      vertex   8.890001e-01 -1.859577e-03  1.291264e+00
      vertex   8.920000e-01 -1.956030e-03  1.291583e+00
      vertex   8.920000e-01 -1.859577e-03  1.291264e+00
    endloop
  endfacet
  facet normal -0.000000e+00  8.946311e-01  4.468055e-01
    outer loop
      vertex   8.890001e-01 -1.859577e-03  1.291264e+00
      vertex   8.920000e-01 -1.859577e-03  1.291264e+00
      vertex   8.920000e-01 -1.705258e-03  1.290955e+00
    endloop
  endfacet
  facet normal  0.000000e+00  8.946311e-01  4.468056e-01
    outer loop
      vertex   8.920000e-01 -1.705258e-03  1.290955e+00
      vertex   8.920000e-01 -1.859577e-03  1.291264e+00
      vertex   8.950000e-01 -1.859577e-03  1.291264e+00
    endloop
  endfacet
  facet normal -1.704768e-03  8.879156e-01  4.600034e-01
    outer loop
      vertex   8.920000e-01 -1.705258e-03  1.290955e+00
      vertex   8.950000e-01 -1.859577e-03  1.291264e+00
      vertex   8.950000e-01 -1.673991e-03  1.290906e+00
    endloop
  endfacet
  facet normal  1.949179e-03  9.101104e-02 -9.958480e-01
    outer loop
      vertex   8.950000e-01  9.231068e-17  1.294000e+00
      vertex   8.950000e-01 -3.639261e-04  1.293967e+00
      vertex   8.920000e-01 -4.170704e-04  1.293956e+00
    endloop
  endfacet
  facet normal -1.464062e-03  2.766491e-01 -9.609699e-01
    outer loop
      vertex   8.920000e-01 -4.170704e-04  1.293956e+00
      vertex   8.950000e-01 -3.639261e-04  1.293967e+00
      vertex   8.950000e-01 -7.361895e-04  1.293860e+00
    endloop
  endfacet
  facet normal  3.154855e-03  3.163449e-01 -9.486390e-01
    outer loop
      vertex   8.920000e-01 -4.170704e-04  1.293956e+00
      vertex   8.950000e-01 -7.361895e-04  1.293860e+00
      vertex   8.920000e-01 -8.410403e-04  1.293815e+00
    endloop
  endfacet
  facet normal -2.767411e-03  4.598087e-01 -8.880136e-01
    outer loop
      vertex   8.920000e-01 -8.410403e-04  1.293815e+00
      vertex   8.950000e-01 -7.361895e-04  1.293860e+00
      vertex   8.950000e-01 -1.094420e-03  1.293674e+00
    endloop
  endfacet
  facet normal  4.261795e-03  5.231767e-01 -8.522136e-01
    outer loop
      vertex   8.920000e-01 -8.410403e-04  1.293815e+00
      vertex   8.950000e-01 -1.094420e-03  1.293674e+00
      vertex   8.920000e-01 -1.237561e-03  1.293571e+00
    endloop
  endfacet
  facet normal -3.477814e-03  6.306525e-01 -7.760575e-01
    outer loop
      vertex   8.920000e-01 -1.237561e-03  1.293571e+00
      vertex   8.950000e-01 -1.094420e-03  1.293674e+00
      vertex   8.950000e-01 -1.414214e-03  1.293414e+00
    endloop
  endfacet
  facet normal  4.630130e-03  7.070786e-01 -7.071199e-01
    outer loop
      vertex   8.920000e-01 -1.237561e-03  1.293571e+00
      vertex   8.950000e-01 -1.414214e-03  1.293414e+00
      vertex   8.920000e-01 -1.571128e-03  1.293238e+00
    endloop
  endfacet
  facet normal -3.483444e-03  7.761027e-01 -6.305969e-01
    outer loop
      vertex   8.920000e-01 -1.571128e-03  1.293238e+00
      vertex   8.950000e-01 -1.414214e-03  1.293414e+00
      vertex   8.950000e-01 -1.673991e-03  1.293095e+00
    endloop
  endfacet
  facet normal  4.257062e-03  8.522531e-01 -5.231124e-01
    outer loop
      vertex   8.920000e-01 -1.571128e-03  1.293238e+00
      vertex   8.950000e-01 -1.673991e-03  1.293095e+00
      vertex   8.920000e-01 -1.814567e-03  1.292841e+00
    endloop
  endfacet
  facet normal -2.745392e-03  8.879135e-01 -4.600023e-01
    outer loop
      vertex   8.920000e-01 -1.814567e-03  1.292841e+00
      vertex   8.950000e-01 -1.673991e-03  1.293095e+00
      vertex   8.950000e-01 -1.859577e-03  1.292736e+00
    endloop
  endfacet
  facet normal  3.172000e-03  9.485440e-01 -3.166295e-01
    outer loop
      vertex   8.920000e-01 -1.814567e-03  1.292841e+00
      vertex   8.950000e-01 -1.859577e-03  1.292736e+00
      vertex   8.920000e-01 -1.956030e-03  1.292417e+00
    endloop
  endfacet
  facet normal -1.518148e-03  9.610678e-01 -2.763084e-01
    outer loop
      vertex   8.920000e-01 -1.956030e-03  1.292417e+00
      vertex   8.950000e-01 -1.859577e-03  1.292736e+00
      vertex   8.950000e-01 -1.966611e-03  1.292364e+00
    endloop
  endfacet
  facet normal  1.645989e-03  9.944915e-01 -1.048051e-01
    outer loop
      vertex   8.920000e-01 -1.956030e-03  1.292417e+00
      vertex   8.950000e-01 -1.966611e-03  1.292364e+00
      vertex   8.920000e-01 -2.000000e-03  1.292000e+00
    endloop
  endfacet
  facet normal  0.000000e+00  9.958181e-01 -9.135883e-02
    outer loop
      vertex   8.920000e-01 -2.000000e-03  1.292000e+00
      vertex   8.950000e-01 -1.966611e-03  1.292364e+00
      vertex   8.950000e-01 -2.000000e-03  1.292000e+00
    endloop
  endfacet
  facet normal -0.000000e+00  9.958181e-01  9.135883e-02
    outer loop
      vertex   8.920000e-01 -2.000000e-03  1.292000e+00
      vertex   8.950000e-01 -2.000000e-03  1.292000e+00
      vertex   8.950000e-01 -1.966611e-03  1.291636e+00
    endloop
  endfacet
  facet normal  1.653248e-03  9.944851e-01  1.048643e-01
    outer loop
      vertex   8.920000e-01 -2.000000e-03  1.292000e+00
      vertex   8.950000e-01 -1.966611e-03  1.291636e+00
      vertex   8.920000e-01 -1.956030e-03  1.291583e+00
    endloop
  endfacet
  facet normal -1.497718e-03  9.610443e-01  2.763902e-01
    outer loop
      vertex   8.920000e-01 -1.956030e-03  1.291583e+00
      vertex   8.950000e-01 -1.966611e-03  1.291636e+00
      vertex   8.950000e-01 -1.859577e-03  1.291264e+00
    endloop
  endfacet
  facet normal  0.000000e+00  9.572331e-01  2.893181e-01
    outer loop
      vertex   8.920000e-01 -1.956030e-03  1.291583e+00
      vertex   8.950000e-01 -1.859577e-03  1.291264e+00
      vertex   8.920000e-01 -1.859577e-03  1.291264e+00
    endloop
  endfacet
  facet normal  1.405760e-03  8.031824e-01  5.957314e-01
    outer loop
      vertex   8.920000e-01 -1.705258e-03  1.290955e+00
      vertex   8.950000e-01 -1.673991e-03  1.290906e+00
      vertex   8.920000e-01 -1.495351e-03  1.290672e+00
    endloop
  endfacet
  facet normal -2.905687e-03  7.762191e-01  6.304565e-01
    outer loop
      vertex   8.920000e-01 -1.495351e-03  1.290672e+00
      vertex   8.950000e-01 -1.673991e-03  1.290906e+00
      vertex   8.950000e-01 -1.414214e-03  1.290586e+00
    endloop
  endfacet
  facet normal  2.329571e-03  6.858464e-01  7.277427e-01
    outer loop
      vertex   8.920000e-01 -1.495351e-03  1.290672e+00
      vertex   8.950000e-01 -1.414214e-03  1.290586e+00
      vertex   8.920000e-01 -1.237561e-03  1.290429e+00
    endloop
  endfacet
  facet normal -3.464643e-03  6.304783e-01  7.761992e-01
    outer loop
      vertex   8.920000e-01 -1.237561e-03  1.290429e+00
      vertex   8.950000e-01 -1.414214e-03  1.290586e+00
      vertex   8.950000e-01 -1.094420e-03  1.290326e+00
    endloop
  endfacet
  facet normal  2.576040e-03  5.474529e-01  8.368325e-01
    outer loop
      vertex   8.920000e-01 -1.237561e-03  1.290429e+00
      vertex   8.950000e-01 -1.094420e-03  1.290326e+00
      vertex   8.920000e-01 -9.441829e-04  1.290237e+00
    endloop
  endfacet
  facet normal -3.317007e-03  4.600410e-01  8.878915e-01
    outer loop
      vertex   8.920000e-01 -9.441829e-04  1.290237e+00
      vertex   8.950000e-01 -1.094420e-03  1.290326e+00
      vertex   8.950000e-01 -7.361895e-04  1.290141e+00
    endloop
  endfacet
  facet normal  2.169804e-03  3.951616e-01  9.186090e-01
    outer loop
      vertex   8.920000e-01 -9.441829e-04  1.290237e+00
      vertex   8.950000e-01 -7.361895e-04  1.290141e+00
      vertex   8.920000e-01 -6.302072e-04  1.290102e+00
    endloop
  endfacet
  facet normal -2.571684e-03  2.763643e-01  9.610495e-01
    outer loop
      vertex   8.920000e-01 -6.302072e-04  1.290102e+00
      vertex   8.950000e-01 -7.361895e-04  1.290141e+00
      vertex   8.950000e-01 -3.639261e-04  1.290033e+00
    endloop
  endfacet
  facet normal  1.235748e-03  2.362103e-01  9.717011e-01
    outer loop
      vertex   8.920000e-01 -6.302072e-04  1.290102e+00
      vertex   8.950000e-01 -3.639261e-04  1.290033e+00
      vertex   8.920000e-01 -3.109615e-04  1.290024e+00
    endloop
  endfacet
  facet normal -1.394832e-03  9.133461e-02  9.958193e-01
    outer loop
      vertex   8.920000e-01 -3.109615e-04  1.290024e+00
      vertex   8.950000e-01 -3.639261e-04  1.290033e+00
      vertex   8.950000e-01  9.206576e-17  1.290000e+00
    endloop
  endfacet
  facet normal  0.000000e+00  7.796678e-02  9.969559e-01
    outer loop
      vertex   8.920000e-01 -3.109615e-04  1.290024e+00
      vertex   8.950000e-01  9.206576e-17  1.290000e+00
      vertex   8.890001e-01  9.006734e-17  1.290000e+00
    endloop
  endfacet
  facet normal  1.394860e-03  9.133462e-02  9.958193e-01
    outer loop
      vertex   8.890001e-01  9.006734e-17  1.290000e+00
      vertex   8.890001e-01 -3.639261e-04  1.290033e+00
      vertex   8.920000e-01 -3.109615e-04  1.290024e+00
    endloop
  endfacet
  facet normal -1.235772e-03  2.362103e-01  9.717011e-01
    outer loop
      vertex   8.920000e-01 -3.109615e-04  1.290024e+00
      vertex   8.890001e-01 -3.639261e-04  1.290033e+00
      vertex   8.920000e-01 -6.302072e-04  1.290102e+00
    endloop
  endfacet
  facet normal  2.571735e-03  2.763643e-01  9.610495e-01
    outer loop
      vertex   8.890001e-01 -3.639261e-04  1.290033e+00
      vertex   8.890001e-01 -7.361895e-04  1.290141e+00
      vertex   8.920000e-01 -6.302072e-04  1.290102e+00
    endloop
  endfacet
  facet normal -2.169848e-03  3.951616e-01  9.186090e-01
    outer loop
      vertex   8.920000e-01 -6.302072e-04  1.290102e+00
      vertex   8.890001e-01 -7.361895e-04  1.290141e+00
      vertex   8.920000e-01 -9.441829e-04  1.290237e+00
    endloop
  endfacet
  facet normal  3.317073e-03  4.600410e-01  8.878915e-01
    outer loop
      vertex   8.890001e-01 -7.361895e-04  1.290141e+00
      vertex   8.890001e-01 -1.094420e-03  1.290326e+00
      vertex   8.920000e-01 -9.441829e-04  1.290237e+00
    endloop
  endfacet
  facet normal -2.576091e-03  5.474529e-01  8.368325e-01
    outer loop
      vertex   8.920000e-01 -9.441829e-04  1.290237e+00
      vertex   8.890001e-01 -1.094420e-03  1.290326e+00
      vertex   8.920000e-01 -1.237561e-03  1.290429e+00
    endloop
  endfacet
  facet normal  3.464714e-03  6.304783e-01  7.761992e-01
    outer loop
      vertex   8.890001e-01 -1.094420e-03  1.290326e+00
      vertex   8.890001e-01 -1.414214e-03  1.290586e+00
      vertex   8.920000e-01 -1.237561e-03  1.290429e+00
    endloop
  endfacet
  facet normal -2.329618e-03  6.858464e-01  7.277427e-01
    outer loop
      vertex   8.920000e-01 -1.237561e-03  1.290429e+00
      vertex   8.890001e-01 -1.414214e-03  1.290586e+00
      vertex   8.920000e-01 -1.495351e-03  1.290672e+00
    endloop
  endfacet
  facet normal  2.905745e-03  7.762192e-01  6.304565e-01
    outer loop
      vertex   8.890001e-01 -1.414214e-03  1.290586e+00
      vertex   8.890001e-01 -1.673991e-03  1.290906e+00
      vertex   8.920000e-01 -1.495351e-03  1.290672e+00
    endloop
  endfacet
  facet normal -1.405787e-03  8.031825e-01  5.957314e-01
    outer loop
      vertex   8.920000e-01 -1.495351e-03  1.290672e+00
      vertex   8.890001e-01 -1.673991e-03  1.290906e+00
      vertex   8.920000e-01 -1.705258e-03  1.290955e+00
    endloop
  endfacet
  facet normal  1.704801e-03  8.879155e-01  4.600034e-01
    outer loop
      vertex   8.890001e-01 -1.673991e-03  1.290906e+00
      vertex   8.890001e-01 -1.859577e-03  1.291264e+00
      vertex   8.920000e-01 -1.705258e-03  1.290955e+00
    endloop
  endfacet
  facet normal -1.361061e-03 -9.101113e-02 -9.958489e-01
    outer loop
      vertex   8.950000e-01  3.639261e-04  1.293967e+00
      vertex   8.950000e-01  9.231068e-17  1.294000e+00
      vertex   8.920000e-01  3.109615e-04  1.293976e+00
    endloop
  endfacet
  facet normal  0.000000e+00 -7.796678e-02 -9.969559e-01
    outer loop
      vertex   8.920000e-01  3.109615e-04  1.293976e+00
      vertex   8.950000e-01  9.231068e-17  1.294000e+00
      vertex   8.890001e-01  9.031227e-17  1.294000e+00
    endloop
  endfacet
  facet normal  1.361088e-03 -9.101113e-02 -9.958490e-01
    outer loop
      vertex   8.920000e-01  3.109615e-04  1.293976e+00
      vertex   8.890001e-01  9.031227e-17  1.294000e+00
      vertex   8.890001e-01  3.639261e-04  1.293967e+00
    endloop
  endfacet
  facet normal -1.268088e-03 -2.358676e-01 -9.717844e-01
    outer loop
      vertex   8.920000e-01  3.109615e-04  1.293976e+00
      vertex   8.890001e-01  3.639261e-04  1.293967e+00
      vertex   8.920000e-01  6.302072e-04  1.293898e+00
    endloop
  endfacet
  facet normal  2.598830e-03 -2.766485e-01 -9.609677e-01
    outer loop
      vertex   8.920000e-01  6.302072e-04  1.293898e+00
      vertex   8.890001e-01  3.639261e-04  1.293967e+00
      vertex   8.890001e-01  7.361895e-04  1.293860e+00
    endloop
  endfacet
  facet normal -2.133345e-03 -3.951616e-01 -9.186091e-01
    outer loop
      vertex   8.920000e-01  6.302072e-04  1.293898e+00
      vertex   8.890001e-01  7.361895e-04  1.293860e+00
      vertex   8.920000e-01  9.441829e-04  1.293763e+00
    endloop
  endfacet
  facet normal  3.332322e-03 -4.598080e-01 -8.880122e-01
    outer loop
      vertex   8.920000e-01  9.441829e-04  1.293763e+00
      vertex   8.890001e-01  7.361895e-04  1.293860e+00
      vertex   8.890001e-01  1.094420e-03  1.293674e+00
    endloop
  endfacet
  facet normal -2.576091e-03 -5.474529e-01 -8.368325e-01
    outer loop
      vertex   8.920000e-01  9.441829e-04  1.293763e+00
      vertex   8.890001e-01  1.094420e-03  1.293674e+00
      vertex   8.920000e-01  1.237561e-03  1.293571e+00
    endloop
  endfacet
  facet normal  3.477883e-03 -6.306525e-01 -7.760575e-01
    outer loop
      vertex   8.920000e-01  1.237561e-03  1.293571e+00
      vertex   8.890001e-01  1.094420e-03  1.293674e+00
      vertex   8.890001e-01  1.414214e-03  1.293414e+00
    endloop
  endfacet
  facet normal -2.319982e-03 -6.860246e-01 -7.275747e-01
    outer loop
      vertex   8.920000e-01  1.237561e-03  1.293571e+00
      vertex   8.890001e-01  1.414214e-03  1.293414e+00
      vertex   8.920000e-01  1.495351e-03  1.293328e+00
    endloop
  endfacet
  facet normal  2.898571e-03 -7.761042e-01 -6.305981e-01
    outer loop
      vertex   8.920000e-01  1.495351e-03  1.293328e+00
      vertex   8.890001e-01  1.414214e-03  1.293414e+00
      vertex   8.890001e-01  1.673991e-03  1.293095e+00
    endloop
  endfacet
  facet normal -1.429462e-03 -8.031825e-01 -5.957314e-01
    outer loop
      vertex   8.920000e-01  1.495351e-03  1.293328e+00
      vertex   8.890001e-01  1.673991e-03  1.293095e+00
      vertex   8.920000e-01  1.705258e-03  1.293045e+00
    endloop
  endfacet
  facet normal  1.686523e-03 -8.879156e-01 -4.600034e-01
    outer loop
      vertex   8.920000e-01  1.705258e-03  1.293045e+00
      vertex   8.890001e-01  1.673991e-03  1.293095e+00
      vertex   8.890001e-01  1.859577e-03  1.292736e+00
    endloop
  endfacet
  facet normal  0.000000e+00 -8.945621e-01 -4.469436e-01
    outer loop
      vertex   8.920000e-01  1.705258e-03  1.293045e+00
      vertex   8.890001e-01  1.859577e-03  1.292736e+00
      vertex   8.920000e-01  1.859577e-03  1.292736e+00
    endloop
  endfacet
  facet normal -0.000000e+00 -9.572030e-01 -2.894171e-01
    outer loop
      vertex   8.920000e-01  1.859577e-03  1.292736e+00
      vertex   8.890001e-01  1.859577e-03  1.292736e+00
      vertex   8.920000e-01  1.956030e-03  1.292417e+00
    endloop
  endfacet
  facet normal  0.000000e+00 -9.572031e-01 -2.894171e-01
    outer loop
      vertex   8.920000e-01  1.859577e-03  1.292736e+00
      vertex   8.920000e-01  1.956030e-03  1.292417e+00
      vertex   8.950000e-01  1.859577e-03  1.292736e+00
    endloop
  endfacet
  facet normal -1.518150e-03 -9.610678e-01 -2.763084e-01
    outer loop
      vertex   8.950000e-01  1.859577e-03  1.292736e+00
      vertex   8.920000e-01  1.956030e-03  1.292417e+00
      vertex   8.950000e-01  1.966611e-03  1.292364e+00
    endloop
  endfacet
  facet normal  1.645989e-03 -9.944915e-01 -1.048051e-01
    outer loop
      vertex   8.950000e-01  1.966611e-03  1.292364e+00
      vertex   8.920000e-01  1.956030e-03  1.292417e+00
      vertex   8.920000e-01  2.000000e-03  1.292000e+00
    endloop
  endfacet
  facet normal  0.000000e+00 -9.958181e-01 -9.135883e-02
    outer loop
      vertex   8.950000e-01  1.966611e-03  1.292364e+00
      vertex   8.920000e-01  2.000000e-03  1.292000e+00
      vertex   8.950000e-01  2.000000e-03  1.292000e+00
    endloop
  endfacet
  facet normal  0.000000e+00 -9.958181e-01  9.135883e-02
    outer loop
      vertex   8.950000e-01  2.000000e-03  1.292000e+00
      vertex   8.920000e-01  2.000000e-03  1.292000e+00
      vertex   8.950000e-01  1.966611e-03  1.291636e+00
    endloop
  endfacet
  facet normal  1.653248e-03 -9.944851e-01  1.048643e-01
    outer loop
      vertex   8.950000e-01  1.966611e-03  1.291636e+00
      vertex   8.920000e-01  2.000000e-03  1.292000e+00
      vertex   8.920000e-01  1.956030e-03  1.291583e+00
    endloop
  endfacet
  facet normal -1.497718e-03 -9.610443e-01  2.763902e-01
    outer loop
      vertex   8.950000e-01  1.966611e-03  1.291636e+00
      vertex   8.920000e-01  1.956030e-03  1.291583e+00
      vertex   8.950000e-01  1.859577e-03  1.291264e+00
    endloop
  endfacet
  facet normal  3.165823e-03 -9.485975e-01  3.164693e-01
    outer loop
      vertex   8.950000e-01  1.859577e-03  1.291264e+00
      vertex   8.920000e-01  1.956030e-03  1.291583e+00
      vertex   8.920000e-01  1.814567e-03  1.291159e+00
    endloop
  endfacet
  facet normal -2.763671e-03 -8.879135e-01  4.600023e-01
    outer loop
      vertex   8.950000e-01  1.859577e-03  1.291264e+00
      vertex   8.920000e-01  1.814567e-03  1.291159e+00
      vertex   8.950000e-01  1.673991e-03  1.290906e+00
    endloop
  endfacet
  facet normal  4.249207e-03 -8.521830e-01  5.232266e-01
    outer loop
      vertex   8.950000e-01  1.673991e-03  1.290906e+00
      vertex   8.920000e-01  1.814567e-03  1.291159e+00
      vertex   8.920000e-01  1.571128e-03  1.290763e+00
    endloop
  endfacet
  facet normal -3.472744e-03 -7.762177e-01  6.304554e-01
    outer loop
      vertex   8.950000e-01  1.673991e-03  1.290906e+00
      vertex   8.920000e-01  1.571128e-03  1.290763e+00
      vertex   8.950000e-01  1.414214e-03  1.290586e+00
    endloop
  endfacet
  facet normal  4.658228e-03 -7.070785e-01  7.071198e-01
    outer loop
      vertex   8.950000e-01  1.414214e-03  1.290586e+00
      vertex   8.920000e-01  1.571128e-03  1.290763e+00
      vertex   8.920000e-01  1.237561e-03  1.290429e+00
    endloop
  endfacet
  facet normal -3.464642e-03 -6.304783e-01  7.761992e-01
    outer loop
      vertex   8.950000e-01  1.414214e-03  1.290586e+00
      vertex   8.920000e-01  1.237561e-03  1.290429e+00
      vertex   8.950000e-01  1.094420e-03  1.290326e+00
    endloop
  endfacet
  facet normal  4.249000e-03 -5.233628e-01  8.520994e-01
    outer loop
      vertex   8.950000e-01  1.094420e-03  1.290326e+00
      vertex   8.920000e-01  1.237561e-03  1.290429e+00
      vertex   8.920000e-01  8.410403e-04  1.290185e+00
    endloop
  endfacet
  facet normal -2.777362e-03 -4.600417e-01  8.878930e-01
    outer loop
      vertex   8.950000e-01  1.094420e-03  1.290326e+00
      vertex   8.920000e-01  8.410403e-04  1.290185e+00
      vertex   8.950000e-01  7.361895e-04  1.290141e+00
    endloop
  endfacet
  facet normal  3.154856e-03 -3.163449e-01  9.486390e-01
    outer loop
      vertex   8.950000e-01  7.361895e-04  1.290141e+00
      vertex   8.920000e-01  8.410403e-04  1.290185e+00
      vertex   8.920000e-01  4.170704e-04  1.290044e+00
    endloop
  endfacet
  facet normal -1.496923e-03 -2.763649e-01  9.610517e-01
    outer loop
      vertex   8.950000e-01  7.361895e-04  1.290141e+00
      vertex   8.920000e-01  4.170704e-04  1.290044e+00
      vertex   8.950000e-01  3.639261e-04  1.290033e+00
    endloop
  endfacet
  facet normal  1.903772e-03 -9.133454e-02  9.958184e-01
    outer loop
      vertex   8.950000e-01  3.639261e-04  1.290033e+00
      vertex   8.920000e-01  4.170704e-04  1.290044e+00
      vertex   8.950000e-01  9.206576e-17  1.290000e+00
    endloop
  endfacet
  facet normal -1.469776e-03 -1.153378e-01  9.933252e-01
    outer loop
      vertex   8.950000e-01  9.206576e-17  1.290000e+00
      vertex   8.920000e-01  4.170704e-04  1.290044e+00
      vertex   8.890001e-01  3.639261e-04  1.290033e+00
    endloop
  endfacet
  facet normal  3.042087e-17 -9.133471e-02  9.958203e-01
    outer loop
      vertex   8.950000e-01  9.206576e-17  1.290000e+00
      vertex   8.890001e-01  3.639261e-04  1.290033e+00
      vertex   8.890001e-01  9.006734e-17  1.290000e+00
    endloop
  endfacet
  facet normal  1.518180e-03 -9.610678e-01 -2.763084e-01
    outer loop
      vertex   8.890001e-01  1.859577e-03  1.292736e+00
      vertex   8.890001e-01  1.966611e-03  1.292364e+00
      vertex   8.920000e-01  1.956030e-03  1.292417e+00
    endloop
  endfacet
  facet normal -1.646022e-03 -9.944914e-01 -1.048051e-01
    outer loop
      vertex   8.920000e-01  1.956030e-03  1.292417e+00
      vertex   8.890001e-01  1.966611e-03  1.292364e+00
      vertex   8.920000e-01  2.000000e-03  1.292000e+00
    endloop
  endfacet
  facet normal  0.000000e+00 -9.958181e-01 -9.135883e-02
    outer loop
      vertex   8.890001e-01  1.966611e-03  1.292364e+00
      vertex   8.890001e-01  2.000000e-03  1.292000e+00
      vertex   8.920000e-01  2.000000e-03  1.292000e+00
    endloop
  endfacet
  facet normal  0.000000e+00 -9.958181e-01  9.135883e-02
    outer loop
      vertex   8.920000e-01  2.000000e-03  1.292000e+00
      vertex   8.890001e-01  2.000000e-03  1.292000e+00
      vertex   8.890001e-01  1.966611e-03  1.291636e+00
    endloop
  endfacet
  facet normal -1.653281e-03 -9.944851e-01  1.048643e-01
    outer loop
      vertex   8.920000e-01  2.000000e-03  1.292000e+00
      vertex   8.890001e-01  1.966611e-03  1.291636e+00
      vertex   8.920000e-01  1.956030e-03  1.291583e+00
    endloop
  endfacet
  facet normal  1.497748e-03 -9.610443e-01  2.763902e-01
    outer loop
      vertex   8.920000e-01  1.956030e-03  1.291583e+00
      vertex   8.890001e-01  1.966611e-03  1.291636e+00
      vertex   8.890001e-01  1.859577e-03  1.291264e+00
    endloop
  endfacet
  facet normal -3.165887e-03 -9.485975e-01  3.164693e-01
    outer loop
      vertex   8.920000e-01  1.956030e-03  1.291583e+00
      vertex   8.890001e-01  1.859577e-03  1.291264e+00
      vertex   8.920000e-01  1.814567e-03  1.291159e+00
    endloop
  endfacet
  facet normal  2.763726e-03 -8.879134e-01  4.600023e-01
    outer loop
      vertex   8.920000e-01  1.814567e-03  1.291159e+00
      vertex   8.890001e-01  1.859577e-03  1.291264e+00
      vertex   8.890001e-01  1.673991e-03  1.290906e+00
    endloop
  endfacet
  facet normal -4.249293e-03 -8.521830e-01  5.232266e-01
    outer loop
      vertex   8.920000e-01  1.814567e-03  1.291159e+00
      vertex   8.890001e-01  1.673991e-03  1.290906e+00
      vertex   8.920000e-01  1.571128e-03  1.290763e+00
    endloop
  endfacet
  facet normal  3.472812e-03 -7.762178e-01  6.304554e-01
    outer loop
      vertex   8.920000e-01  1.571128e-03  1.290763e+00
      vertex   8.890001e-01  1.673991e-03  1.290906e+00
      vertex   8.890001e-01  1.414214e-03  1.290586e+00
    endloop
  endfacet
  facet normal -4.658320e-03 -7.070785e-01  7.071197e-01
    outer loop
      vertex   8.920000e-01  1.571128e-03  1.290763e+00
      vertex   8.890001e-01  1.414214e-03  1.290586e+00
      vertex   8.920000e-01  1.237561e-03  1.290429e+00
    endloop
  endfacet
  facet normal  3.464713e-03 -6.304783e-01  7.761992e-01
    outer loop
      vertex   8.920000e-01  1.237561e-03  1.290429e+00
      vertex   8.890001e-01  1.414214e-03  1.290586e+00
      vertex   8.890001e-01  1.094420e-03  1.290326e+00
    endloop
  endfacet
  facet normal -4.249085e-03 -5.233628e-01  8.520994e-01
    outer loop
      vertex   8.920000e-01  1.237561e-03  1.290429e+00
      vertex   8.890001e-01  1.094420e-03  1.290326e+00
      vertex   8.920000e-01  8.410403e-04  1.290185e+00
    endloop
  endfacet
  facet normal  2.777416e-03 -4.600417e-01  8.878930e-01
    outer loop
      vertex   8.920000e-01  8.410403e-04  1.290185e+00
      vertex   8.890001e-01  1.094420e-03  1.290326e+00
      vertex   8.890001e-01  7.361895e-04  1.290141e+00
    endloop
  endfacet
  facet normal -3.154919e-03 -3.163449e-01  9.486390e-01
    outer loop
      vertex   8.920000e-01  8.410403e-04  1.290185e+00
      vertex   8.890001e-01  7.361895e-04  1.290141e+00
      vertex   8.920000e-01  4.170704e-04  1.290044e+00
    endloop
  endfacet
  facet normal  1.496953e-03 -2.763649e-01  9.610516e-01
    outer loop
      vertex   8.920000e-01  4.170704e-04  1.290044e+00
      vertex   8.890001e-01  7.361895e-04  1.290141e+00
      vertex   8.890001e-01  3.639261e-04  1.290033e+00
    endloop
  endfacet
  facet normal  0.000000e+00 -8.945621e-01 -4.469436e-01
    outer loop
      vertex   8.920000e-01  1.859577e-03  1.292736e+00
      vertex   8.950000e-01  1.859577e-03  1.292736e+00
      vertex   8.920000e-01  1.705258e-03  1.293045e+00
    endloop
  endfacet
  facet normal -1.686490e-03 -8.879156e-01 -4.600034e-01
    outer loop
      vertex   8.920000e-01  1.705258e-03  1.293045e+00
      vertex   8.950000e-01  1.859577e-03  1.292736e+00
      vertex   8.950000e-01  1.673991e-03  1.293095e+00
    endloop
  endfacet
  facet normal  1.429432e-03 -8.031824e-01 -5.957314e-01
    outer loop
      vertex   8.920000e-01  1.705258e-03  1.293045e+00
      vertex   8.950000e-01  1.673991e-03  1.293095e+00
      vertex   8.920000e-01  1.495351e-03  1.293328e+00
    endloop
  endfacet
  facet normal -2.898513e-03 -7.761041e-01 -6.305981e-01
    outer loop
      vertex   8.920000e-01  1.495351e-03  1.293328e+00
      vertex   8.950000e-01  1.673991e-03  1.293095e+00
      vertex   8.950000e-01  1.414214e-03  1.293414e+00
    endloop
  endfacet
  facet normal  2.319934e-03 -6.860245e-01 -7.275747e-01
    outer loop
      vertex   8.920000e-01  1.495351e-03  1.293328e+00
      vertex   8.950000e-01  1.414214e-03  1.293414e+00
      vertex   8.920000e-01  1.237561e-03  1.293571e+00
    endloop
  endfacet
  facet normal -3.477814e-03 -6.306525e-01 -7.760575e-01
    outer loop
      vertex   8.920000e-01  1.237561e-03  1.293571e+00
      vertex   8.950000e-01  1.414214e-03  1.293414e+00
      vertex   8.950000e-01  1.094420e-03  1.293674e+00
    endloop
  endfacet
  facet normal  2.576040e-03 -5.474529e-01 -8.368325e-01
    outer loop
      vertex   8.920000e-01  1.237561e-03  1.293571e+00
      vertex   8.950000e-01  1.094420e-03  1.293674e+00
      vertex   8.920000e-01  9.441829e-04  1.293763e+00
    endloop
  endfacet
  facet normal -3.332255e-03 -4.598079e-01 -8.880121e-01
    outer loop
      vertex   8.920000e-01  9.441829e-04  1.293763e+00
      vertex   8.950000e-01  1.094420e-03  1.293674e+00
      vertex   8.950000e-01  7.361895e-04  1.293860e+00
    endloop
  endfacet
  facet normal  2.133303e-03 -3.951616e-01 -9.186091e-01
    outer loop
      vertex   8.920000e-01  9.441829e-04  1.293763e+00
      vertex   8.950000e-01  7.361895e-04  1.293860e+00
      vertex   8.920000e-01  6.302072e-04  1.293898e+00
    endloop
  endfacet
  facet normal -2.598778e-03 -2.766485e-01 -9.609677e-01
    outer loop
      vertex   8.920000e-01  6.302072e-04  1.293898e+00
      vertex   8.950000e-01  7.361895e-04  1.293860e+00
      vertex   8.950000e-01  3.639261e-04  1.293967e+00
    endloop
  endfacet
  facet normal  1.268063e-03 -2.358676e-01 -9.717843e-01
    outer loop
      vertex   8.920000e-01  6.302072e-04  1.293898e+00
      vertex   8.950000e-01  3.639261e-04  1.293967e+00
      vertex   8.920000e-01  3.109615e-04  1.293976e+00
    endloop
  endfacet
  facet normal  1.162630e-03 -9.133471e-02  9.958196e-01
    outer loop
      vertex   8.890001e-01 -1.041490e-02  1.288246e+00
      vertex   8.890001e-01 -1.071514e-02  1.288219e+00
      vertex   8.920000e-01 -1.045859e-02  1.288239e+00
    endloop
  endfacet
  facet normal  0.000000e+00 -7.782871e-02  9.969668e-01
    outer loop
      vertex   8.920000e-01 -1.045859e-02  1.288239e+00
      vertex   8.890001e-01 -1.071514e-02  1.288219e+00
      vertex   8.950000e-01 -1.071514e-02  1.288219e+00
    endloop
  endfacet
  facet normal -1.162608e-03 -9.133471e-02  9.958196e-01
    outer loop
      vertex   8.920000e-01 -1.045859e-02  1.288239e+00
      vertex   8.950000e-01 -1.071514e-02  1.288219e+00
      vertex   8.950000e-01 -1.041490e-02  1.288246e+00
    endloop
  endfacet
  facet normal  1.001115e-03 -2.357628e-01  9.718100e-01
    outer loop
      vertex   8.920000e-01 -1.045859e-02  1.288239e+00
      vertex   8.950000e-01 -1.041490e-02  1.288246e+00
      vertex   8.920000e-01 -1.019522e-02  1.288303e+00
    endloop
  endfacet
  facet normal -2.178251e-03 -2.764152e-01  9.610358e-01
    outer loop
      vertex   8.920000e-01 -1.019522e-02  1.288303e+00
      vertex   8.950000e-01 -1.041490e-02  1.288246e+00
      vertex   8.950000e-01 -1.010778e-02  1.288335e+00
    endloop
  endfacet
  facet normal  1.737780e-03 -3.952616e-01  9.185669e-01
    outer loop
      vertex   8.920000e-01 -1.019522e-02  1.288303e+00
      vertex   8.950000e-01 -1.010778e-02  1.288335e+00
      vertex   8.920000e-01 -9.936186e-03  1.288414e+00
    endloop
  endfacet
  facet normal -2.769988e-03 -4.598940e-01  8.879694e-01
    outer loop
      vertex   8.920000e-01 -9.936186e-03  1.288414e+00
      vertex   8.950000e-01 -1.010778e-02  1.288335e+00
      vertex   8.950000e-01 -9.812240e-03  1.288488e+00
    endloop
  endfacet
  facet normal  2.097042e-03 -5.473802e-01  8.368814e-01
    outer loop
      vertex   8.920000e-01 -9.936186e-03  1.288414e+00
      vertex   8.950000e-01 -9.812240e-03  1.288488e+00
      vertex   8.920000e-01 -9.694149e-03  1.288572e+00
    endloop
  endfacet
  facet normal -2.892736e-03 -6.305487e-01  7.761444e-01
    outer loop
      vertex   8.920000e-01 -9.694149e-03  1.288572e+00
      vertex   8.950000e-01 -9.812240e-03  1.288488e+00
      vertex   8.950000e-01 -9.548411e-03  1.288702e+00
    endloop
  endfacet
  facet normal  1.896805e-03 -6.859881e-01  7.276102e-01
    outer loop
      vertex   8.920000e-01 -9.694149e-03  1.288572e+00
      vertex   8.950000e-01 -9.548411e-03  1.288702e+00
      vertex   8.920000e-01 -9.481473e-03  1.288773e+00
    endloop
  endfacet
  facet normal -2.410042e-03 -7.761533e-01  6.305396e-01
    outer loop
      vertex   8.920000e-01 -9.481473e-03  1.288773e+00
      vertex   8.950000e-01 -9.548411e-03  1.288702e+00
      vertex   8.950000e-01 -9.334094e-03  1.288966e+00
    endloop
  endfacet
  facet normal  1.184253e-03 -8.033928e-01  5.954483e-01
    outer loop
      vertex   8.920000e-01 -9.481473e-03  1.288773e+00
      vertex   8.950000e-01 -9.334094e-03  1.288966e+00
      vertex   8.920000e-01 -9.308299e-03  1.289007e+00
    endloop
  endfacet
  facet normal -1.385484e-03 -8.879828e-01  4.598746e-01
    outer loop
      vertex   8.920000e-01 -9.308299e-03  1.289007e+00
      vertex   8.950000e-01 -9.334094e-03  1.288966e+00
      vertex   8.950000e-01 -9.180986e-03  1.289261e+00
    endloop
  endfacet
  facet normal  0.000000e+00 -8.945984e-01  4.468710e-01
    outer loop
      vertex   8.920000e-01 -9.308299e-03  1.289007e+00
      vertex   8.950000e-01 -9.180986e-03  1.289261e+00
      vertex   8.920000e-01 -9.180986e-03  1.289261e+00
    endloop
  endfacet
  facet normal  0.000000e+00 -9.572137e-01  2.893818e-01
    outer loop
      vertex   8.920000e-01 -9.180986e-03  1.289261e+00
      vertex   8.950000e-01 -9.180986e-03  1.289261e+00
      vertex   8.920000e-01 -9.101412e-03  1.289525e+00
    endloop
  endfacet
  facet normal  0.000000e+00 -9.572138e-01  2.893819e-01
    outer loop
      vertex   8.920000e-01 -9.180986e-03  1.289261e+00
      vertex   8.920000e-01 -9.101412e-03  1.289525e+00
      vertex   8.890001e-01 -9.180986e-03  1.289261e+00
    endloop
  endfacet
  facet normal  1.235282e-03 -9.610261e-01  2.764553e-01
    outer loop
      vertex   8.890001e-01 -9.180986e-03  1.289261e+00
      vertex   8.920000e-01 -9.101412e-03  1.289525e+00
      vertex   8.890001e-01 -9.092683e-03  1.289568e+00
    endloop
  endfacet
  facet normal -1.364570e-03 -9.944863e-01  1.048576e-01
    outer loop
      vertex   8.890001e-01 -9.092683e-03  1.289568e+00
      vertex   8.920000e-01 -9.101412e-03  1.289525e+00
      vertex   8.920000e-01 -9.065137e-03  1.289869e+00
    endloop
  endfacet
  facet normal  0.000000e+00 -9.958191e-01  9.134745e-02
    outer loop
      vertex   8.890001e-01 -9.092683e-03  1.289568e+00
      vertex   8.920000e-01 -9.065137e-03  1.289869e+00
      vertex   8.890001e-01 -9.065137e-03  1.289869e+00
    endloop
  endfacet
  facet normal  0.000000e+00 -9.958191e-01 -9.134745e-02
    outer loop
      vertex   8.890001e-01 -9.065137e-03  1.289869e+00
      vertex   8.920000e-01 -9.065137e-03  1.289869e+00
      vertex   8.890001e-01 -9.092683e-03  1.290169e+00
    endloop
  endfacet
  facet normal -1.364570e-03 -9.944863e-01 -1.048576e-01
    outer loop
      vertex   8.890001e-01 -9.092683e-03  1.290169e+00
      vertex   8.920000e-01 -9.065137e-03  1.289869e+00
      vertex   8.920000e-01 -9.101412e-03  1.290213e+00
    endloop
  endfacet
  facet normal  1.235281e-03 -9.610261e-01 -2.764553e-01
    outer loop
      vertex   8.890001e-01 -9.092683e-03  1.290169e+00
      vertex   8.920000e-01 -9.101412e-03  1.290213e+00
      vertex   8.890001e-01 -9.180986e-03  1.290476e+00
    endloop
  endfacet
  facet normal -2.610022e-03 -9.485823e-01 -3.165199e-01
    outer loop
      vertex   8.890001e-01 -9.180986e-03  1.290476e+00
      vertex   8.920000e-01 -9.101412e-03  1.290213e+00
      vertex   8.920000e-01 -9.218119e-03  1.290563e+00
    endloop
  endfacet
  facet normal  2.275701e-03 -8.879814e-01 -4.598739e-01
    outer loop
      vertex   8.890001e-01 -9.180986e-03  1.290476e+00
      vertex   8.920000e-01 -9.218119e-03  1.290563e+00
      vertex   8.890001e-01 -9.334094e-03  1.290772e+00
    endloop
  endfacet
  facet normal -3.523204e-03 -8.521895e-01 -5.232214e-01
    outer loop
      vertex   8.890001e-01 -9.334094e-03  1.290772e+00
      vertex   8.920000e-01 -9.218119e-03  1.290563e+00
      vertex   8.920000e-01 -9.418956e-03  1.290890e+00
    endloop
  endfacet
  facet normal  2.849536e-03 -7.761524e-01 -6.305389e-01
    outer loop
      vertex   8.890001e-01 -9.334094e-03  1.290772e+00
      vertex   8.920000e-01 -9.418956e-03  1.290890e+00
      vertex   8.890001e-01 -9.548411e-03  1.291035e+00
    endloop
  endfacet
  facet normal -3.829680e-03 -7.073336e-01 -7.068695e-01
    outer loop
      vertex   8.890001e-01 -9.548411e-03  1.291035e+00
      vertex   8.920000e-01 -9.418956e-03  1.290890e+00
      vertex   8.920000e-01 -9.694149e-03  1.291165e+00
    endloop
  endfacet
  facet normal  2.892792e-03 -6.305486e-01 -7.761443e-01
    outer loop
      vertex   8.890001e-01 -9.548411e-03  1.291035e+00
      vertex   8.920000e-01 -9.694149e-03  1.291165e+00
      vertex   8.890001e-01 -9.812240e-03  1.291250e+00
    endloop
  endfacet
  facet normal -3.491361e-03 -5.230314e-01 -8.523063e-01
    outer loop
      vertex   8.890001e-01 -9.812240e-03  1.291250e+00
      vertex   8.920000e-01 -9.694149e-03  1.291165e+00
      vertex   8.920000e-01 -1.002128e-02  1.291366e+00
    endloop
  endfacet
  facet normal  2.286948e-03 -4.598946e-01 -8.879706e-01
    outer loop
      vertex   8.890001e-01 -9.812240e-03  1.291250e+00
      vertex   8.920000e-01 -1.002128e-02  1.291366e+00
      vertex   8.890001e-01 -1.010778e-02  1.291403e+00
    endloop
  endfacet
  facet normal -2.596661e-03 -3.165056e-01 -9.485871e-01
    outer loop
      vertex   8.890001e-01 -1.010778e-02  1.291403e+00
      vertex   8.920000e-01 -1.002128e-02  1.291366e+00
      vertex   8.920000e-01 -1.037105e-02  1.291482e+00
    endloop
  endfacet
  facet normal  1.252073e-03 -2.764156e-01 -9.610373e-01
    outer loop
      vertex   8.890001e-01 -1.010778e-02  1.291403e+00
      vertex   8.920000e-01 -1.037105e-02  1.291482e+00
      vertex   8.890001e-01 -1.041490e-02  1.291491e+00
    endloop
  endfacet
  facet normal -1.553801e-03 -9.133466e-02 -9.958190e-01
    outer loop
      vertex   8.890001e-01 -1.041490e-02  1.291491e+00
      vertex   8.920000e-01 -1.037105e-02  1.291482e+00
      vertex   8.890001e-01 -1.071514e-02  1.291519e+00
    endloop
  endfacet
  facet normal  1.199574e-03 -1.150810e-01 -9.933553e-01
    outer loop
      vertex   8.890001e-01 -1.071514e-02  1.291519e+00
      vertex   8.920000e-01 -1.037105e-02  1.291482e+00
      vertex   8.950000e-01 -1.041490e-02  1.291491e+00
    endloop
  endfacet
  facet normal  0.000000e+00 -9.133477e-02 -9.958202e-01
    outer loop
      vertex   8.890001e-01 -1.071514e-02  1.291519e+00
      vertex   8.950000e-01 -1.041490e-02  1.291491e+00
      vertex   8.950000e-01 -1.071514e-02  1.291519e+00
    endloop
  endfacet
  facet normal -1.235257e-03 -9.610260e-01  2.764553e-01
    outer loop
      vertex   8.950000e-01 -9.180986e-03  1.289261e+00
      vertex   8.950000e-01 -9.092683e-03  1.289568e+00
      vertex   8.920000e-01 -9.101412e-03  1.289525e+00
    endloop
  endfacet
  facet normal  1.364542e-03 -9.944863e-01  1.048576e-01
    outer loop
      vertex   8.920000e-01 -9.101412e-03  1.289525e+00
      vertex   8.950000e-01 -9.092683e-03  1.289568e+00
      vertex   8.920000e-01 -9.065137e-03  1.289869e+00
    endloop
  endfacet
  facet normal  0.000000e+00 -9.958190e-01  9.134745e-02
    outer loop
      vertex   8.950000e-01 -9.092683e-03  1.289568e+00
      vertex   8.950000e-01 -9.065137e-03  1.289869e+00
      vertex   8.920000e-01 -9.065137e-03  1.289869e+00
    endloop
  endfacet
  facet normal  0.000000e+00 -9.958190e-01 -9.134745e-02
    outer loop
      vertex   8.920000e-01 -9.065137e-03  1.289869e+00
      vertex   8.950000e-01 -9.065137e-03  1.289869e+00
      vertex   8.950000e-01 -9.092683e-03  1.290169e+00
    endloop
  endfacet
  facet normal  1.364542e-03 -9.944863e-01 -1.048576e-01
    outer loop
      vertex   8.920000e-01 -9.065137e-03  1.289869e+00
      vertex   8.950000e-01 -9.092683e-03  1.290169e+00
      vertex   8.920000e-01 -9.101412e-03  1.290213e+00
    endloop
  endfacet
  facet normal -1.235257e-03 -9.610260e-01 -2.764553e-01
    outer loop
      vertex   8.920000e-01 -9.101412e-03  1.290213e+00
      vertex   8.950000e-01 -9.092683e-03  1.290169e+00
      vertex   8.950000e-01 -9.180986e-03  1.290476e+00
    endloop
  endfacet
  facet normal  2.609970e-03 -9.485822e-01 -3.165199e-01
    outer loop
      vertex   8.920000e-01 -9.101412e-03  1.290213e+00
      vertex   8.950000e-01 -9.180986e-03  1.290476e+00
      vertex   8.920000e-01 -9.218119e-03  1.290563e+00
    endloop
  endfacet
  facet normal -2.275656e-03 -8.879813e-01 -4.598738e-01
    outer loop
      vertex   8.920000e-01 -9.218119e-03  1.290563e+00
      vertex   8.950000e-01 -9.180986e-03  1.290476e+00
      vertex   8.950000e-01 -9.334094e-03  1.290772e+00
    endloop
  endfacet
  facet normal  3.523134e-03 -8.521895e-01 -5.232214e-01
    outer loop
      vertex   8.920000e-01 -9.218119e-03  1.290563e+00
      vertex   8.950000e-01 -9.334094e-03  1.290772e+00
      vertex   8.920000e-01 -9.418956e-03  1.290890e+00
    endloop
  endfacet
  facet normal -2.849480e-03 -7.761524e-01 -6.305389e-01
    outer loop
      vertex   8.920000e-01 -9.418956e-03  1.290890e+00
      vertex   8.950000e-01 -9.334094e-03  1.290772e+00
      vertex   8.950000e-01 -9.548411e-03  1.291035e+00
    endloop
  endfacet
  facet normal  3.829604e-03 -7.073336e-01 -7.068695e-01
    outer loop
      vertex   8.920000e-01 -9.418956e-03  1.290890e+00
      vertex   8.950000e-01 -9.548411e-03  1.291035e+00
      vertex   8.920000e-01 -9.694149e-03  1.291165e+00
    endloop
  endfacet
  facet normal -2.892736e-03 -6.305487e-01 -7.761444e-01
    outer loop
      vertex   8.920000e-01 -9.694149e-03  1.291165e+00
      vertex   8.950000e-01 -9.548411e-03  1.291035e+00
      vertex   8.950000e-01 -9.812240e-03  1.291250e+00
    endloop
  endfacet
  facet normal  3.491292e-03 -5.230314e-01 -8.523063e-01
    outer loop
      vertex   8.920000e-01 -9.694149e-03  1.291165e+00
      vertex   8.950000e-01 -9.812240e-03  1.291250e+00
      vertex   8.920000e-01 -1.002128e-02  1.291366e+00
    endloop
  endfacet
  facet normal -2.286903e-03 -4.598946e-01 -8.879705e-01
    outer loop
      vertex   8.920000e-01 -1.002128e-02  1.291366e+00
      vertex   8.950000e-01 -9.812240e-03  1.291250e+00
      vertex   8.950000e-01 -1.010778e-02  1.291403e+00
    endloop
  endfacet
  facet normal  2.596609e-03 -3.165055e-01 -9.485871e-01
    outer loop
      vertex   8.920000e-01 -1.002128e-02  1.291366e+00
      vertex   8.950000e-01 -1.010778e-02  1.291403e+00
      vertex   8.920000e-01 -1.037105e-02  1.291482e+00
    endloop
  endfacet
  facet normal -1.252049e-03 -2.764156e-01 -9.610374e-01
    outer loop
      vertex   8.920000e-01 -1.037105e-02  1.291482e+00
      vertex   8.950000e-01 -1.010778e-02  1.291403e+00
      vertex   8.950000e-01 -1.041490e-02  1.291491e+00
    endloop
  endfacet
  facet normal  0.000000e+00 -8.945984e-01  4.468710e-01
    outer loop
      vertex   8.920000e-01 -9.180986e-03  1.289261e+00
      vertex   8.890001e-01 -9.180986e-03  1.289261e+00
      vertex   8.920000e-01 -9.308299e-03  1.289007e+00
    endloop
  endfacet
  facet normal  1.385511e-03 -8.879827e-01  4.598746e-01
    outer loop
      vertex   8.920000e-01 -9.308299e-03  1.289007e+00
      vertex   8.890001e-01 -9.180986e-03  1.289261e+00
      vertex   8.890001e-01 -9.334094e-03  1.288966e+00
    endloop
  endfacet
  facet normal -1.184277e-03 -8.033928e-01  5.954483e-01
    outer loop
      vertex   8.920000e-01 -9.308299e-03  1.289007e+00
      vertex   8.890001e-01 -9.334094e-03  1.288966e+00
      vertex   8.920000e-01 -9.481473e-03  1.288773e+00
    endloop
  endfacet
  facet normal  2.410090e-03 -7.761533e-01  6.305396e-01
    outer loop
      vertex   8.920000e-01 -9.481473e-03  1.288773e+00
      vertex   8.890001e-01 -9.334094e-03  1.288966e+00
      vertex   8.890001e-01 -9.548411e-03  1.288702e+00
    endloop
  endfacet
  facet normal -1.896843e-03 -6.859881e-01  7.276102e-01
    outer loop
      vertex   8.920000e-01 -9.481473e-03  1.288773e+00
      vertex   8.890001e-01 -9.548411e-03  1.288702e+00
      vertex   8.920000e-01 -9.694149e-03  1.288572e+00
    endloop
  endfacet
  facet normal  2.892794e-03 -6.305486e-01  7.761443e-01
    outer loop
      vertex   8.920000e-01 -9.694149e-03  1.288572e+00
      vertex   8.890001e-01 -9.548411e-03  1.288702e+00
      vertex   8.890001e-01 -9.812240e-03  1.288488e+00
    endloop
  endfacet
  facet normal -2.097084e-03 -5.473802e-01  8.368814e-01
    outer loop
      vertex   8.920000e-01 -9.694149e-03  1.288572e+00
      vertex   8.890001e-01 -9.812240e-03  1.288488e+00
      vertex   8.920000e-01 -9.936186e-03  1.288414e+00
    endloop
  endfacet
  facet normal  2.770043e-03 -4.598941e-01  8.879695e-01
    outer loop
      vertex   8.920000e-01 -9.936186e-03  1.288414e+00
      vertex   8.890001e-01 -9.812240e-03  1.288488e+00
      vertex   8.890001e-01 -1.010778e-02  1.288335e+00
    endloop
  endfacet
  facet normal -1.737813e-03 -3.952616e-01  9.185670e-01
    outer loop
      vertex   8.920000e-01 -9.936186e-03  1.288414e+00
      vertex   8.890001e-01 -1.010778e-02  1.288335e+00
      vertex   8.920000e-01 -1.019522e-02  1.288303e+00
    endloop
  endfacet
  facet normal  2.178294e-03 -2.764152e-01  9.610358e-01
    outer loop
      vertex   8.920000e-01 -1.019522e-02  1.288303e+00
      vertex   8.890001e-01 -1.010778e-02  1.288335e+00
      vertex   8.890001e-01 -1.041490e-02  1.288246e+00
    endloop
  endfacet
  facet normal -1.001135e-03 -2.357628e-01  9.718102e-01
    outer loop
      vertex   8.920000e-01 -1.019522e-02  1.288303e+00
      vertex   8.890001e-01 -1.041490e-02  1.288246e+00
      vertex   8.920000e-01 -1.045859e-02  1.288239e+00
    endloop
  endfacet
  facet normal  1.162586e-03 -9.133387e-02  9.958196e-01
    outer loop
      vertex   8.890001e-01 -2.556839e-02  1.273093e+00
      vertex   8.890001e-01 -2.586863e-02  1.273065e+00
      vertex   8.920000e-01 -2.561209e-02  1.273085e+00
    endloop
  endfacet
  facet normal  0.000000e+00 -7.782843e-02  9.969668e-01
    outer loop
      vertex   8.920000e-01 -2.561209e-02  1.273085e+00
      vertex   8.890001e-01 -2.586863e-02  1.273065e+00
      vertex   8.950000e-01 -2.586863e-02  1.273065e+00
    endloop
  endfacet
  facet normal -1.162563e-03 -9.133387e-02  9.958196e-01
    outer loop
      vertex   8.920000e-01 -2.561209e-02  1.273085e+00
      vertex   8.950000e-01 -2.586863e-02  1.273065e+00
      vertex   8.950000e-01 -2.556839e-02  1.273093e+00
    endloop
  endfacet
  facet normal  1.007576e-03 -2.361789e-01  9.717091e-01
    outer loop
      vertex   8.920000e-01 -2.561209e-02  1.273085e+00
      vertex   8.950000e-01 -2.556839e-02  1.273093e+00
      vertex   8.920000e-01 -2.534871e-02  1.273149e+00
    endloop
  endfacet
  facet normal -2.140049e-03 -2.764183e-01  9.610350e-01
    outer loop
      vertex   8.920000e-01 -2.534871e-02  1.273149e+00
      vertex   8.950000e-01 -2.556839e-02  1.273093e+00
      vertex   8.950000e-01 -2.526127e-02  1.273181e+00
    endloop
  endfacet
  facet normal  1.774076e-03 -3.952591e-01  9.185680e-01
    outer loop
      vertex   8.920000e-01 -2.534871e-02  1.273149e+00
      vertex   8.950000e-01 -2.526127e-02  1.273181e+00
      vertex   8.920000e-01 -2.508968e-02  1.273261e+00
    endloop
  endfacet
  facet normal -2.754921e-03 -4.601730e-01  8.878251e-01
    outer loop
      vertex   8.920000e-01 -2.508968e-02  1.273261e+00
      vertex   8.950000e-01 -2.526127e-02  1.273181e+00
      vertex   8.950000e-01 -2.496573e-02  1.273334e+00
    endloop
  endfacet
  facet normal  2.097042e-03 -5.473802e-01  8.368814e-01
    outer loop
      vertex   8.920000e-01 -2.508968e-02  1.273261e+00
      vertex   8.950000e-01 -2.496573e-02  1.273334e+00
      vertex   8.920000e-01 -2.484764e-02  1.273419e+00
    endloop
  endfacet
  facet normal -2.879651e-03 -6.303387e-01  7.763150e-01
    outer loop
      vertex   8.920000e-01 -2.484764e-02  1.273419e+00
      vertex   8.950000e-01 -2.496573e-02  1.273334e+00
      vertex   8.950000e-01 -2.470190e-02  1.273548e+00
    endloop
  endfacet
  facet normal  1.925362e-03 -6.859865e-01  7.276117e-01
    outer loop
      vertex   8.920000e-01 -2.484764e-02  1.273419e+00
      vertex   8.950000e-01 -2.470190e-02  1.273548e+00
      vertex   8.920000e-01 -2.463496e-02  1.273620e+00
    endloop
  endfacet
  facet normal -2.385400e-03 -7.761520e-01  6.305413e-01
    outer loop
      vertex   8.920000e-01 -2.463496e-02  1.273620e+00
      vertex   8.950000e-01 -2.470190e-02  1.273548e+00
      vertex   8.950000e-01 -2.448758e-02  1.273812e+00
    endloop
  endfacet
  facet normal  1.188333e-03 -8.032504e-01  5.956403e-01
    outer loop
      vertex   8.920000e-01 -2.463496e-02  1.273620e+00
      vertex   8.950000e-01 -2.448758e-02  1.273812e+00
      vertex   8.920000e-01 -2.446179e-02  1.273853e+00
    endloop
  endfacet
  facet normal -1.382570e-03 -8.879070e-01  4.600209e-01
    outer loop
      vertex   8.920000e-01 -2.446179e-02  1.273853e+00
      vertex   8.950000e-01 -2.448758e-02  1.273812e+00
      vertex   8.950000e-01 -2.433448e-02  1.274108e+00
    endloop
  endfacet
  facet normal  0.000000e+00 -8.945135e-01  4.470409e-01
    outer loop
      vertex   8.920000e-01 -2.446179e-02  1.273853e+00
      vertex   8.950000e-01 -2.433448e-02  1.274108e+00
      vertex   8.920000e-01 -2.433448e-02  1.274108e+00
    endloop
  endfacet
  facet normal  0.000000e+00 -9.572500e-01  2.892618e-01
    outer loop
      vertex   8.920000e-01 -2.433448e-02  1.274108e+00
      vertex   8.950000e-01 -2.433448e-02  1.274108e+00
      vertex   8.920000e-01 -2.425490e-02  1.274371e+00
    endloop
  endfacet
  facet normal  0.000000e+00 -9.572501e-01  2.892618e-01
    outer loop
      vertex   8.920000e-01 -2.433448e-02  1.274108e+00
      vertex   8.920000e-01 -2.425490e-02  1.274371e+00
      vertex   8.890001e-01 -2.433448e-02  1.274108e+00
    endloop
  endfacet
  facet normal  1.243460e-03 -9.610837e-01  2.762544e-01
    outer loop
      vertex   8.890001e-01 -2.433448e-02  1.274108e+00
      vertex   8.920000e-01 -2.425490e-02  1.274371e+00
      vertex   8.890001e-01 -2.424617e-02  1.274415e+00
    endloop
  endfacet
  facet normal -1.360094e-03 -9.944863e-01  1.048576e-01
    outer loop
      vertex   8.890001e-01 -2.424617e-02  1.274415e+00
      vertex   8.920000e-01 -2.425490e-02  1.274371e+00
      vertex   8.920000e-01 -2.421863e-02  1.274715e+00
    endloop
  endfacet
  facet normal  0.000000e+00 -9.958155e-01  9.138649e-02
    outer loop
      vertex   8.890001e-01 -2.424617e-02  1.274415e+00
      vertex   8.920000e-01 -2.421863e-02  1.274715e+00
      vertex   8.890001e-01 -2.421863e-02  1.274715e+00
    endloop
  endfacet
  facet normal  0.000000e+00 -9.958188e-01 -9.135051e-02
    outer loop
      vertex   8.890001e-01 -2.421863e-02  1.274715e+00
      vertex   8.920000e-01 -2.421863e-02  1.274715e+00
      vertex   8.890001e-01 -2.424617e-02  1.275015e+00
    endloop
  endfacet
  facet normal -1.360630e-03 -9.944901e-01 -1.048217e-01
    outer loop
      vertex   8.890001e-01 -2.424617e-02  1.275015e+00
      vertex   8.920000e-01 -2.421863e-02  1.274715e+00
      vertex   8.920000e-01 -2.425490e-02  1.275059e+00
    endloop
  endfacet
  facet normal  1.244991e-03 -9.610552e-01 -2.763535e-01
    outer loop
      vertex   8.890001e-01 -2.424617e-02  1.275015e+00
      vertex   8.920000e-01 -2.425490e-02  1.275059e+00
      vertex   8.890001e-01 -2.433448e-02  1.275323e+00
    endloop
  endfacet
  facet normal -2.610241e-03 -9.485815e-01 -3.165222e-01
    outer loop
      vertex   8.890001e-01 -2.433448e-02  1.275323e+00
      vertex   8.920000e-01 -2.425490e-02  1.275059e+00
      vertex   8.920000e-01 -2.437161e-02  1.275409e+00
    endloop
  endfacet
  facet normal  2.275425e-03 -8.879814e-01 -4.598739e-01
    outer loop
      vertex   8.890001e-01 -2.433448e-02  1.275323e+00
      vertex   8.920000e-01 -2.437161e-02  1.275409e+00
      vertex   8.890001e-01 -2.448758e-02  1.275618e+00
    endloop
  endfacet
  facet normal -3.523633e-03 -8.521884e-01 -5.232232e-01
    outer loop
      vertex   8.890001e-01 -2.448758e-02  1.275618e+00
      vertex   8.920000e-01 -2.437161e-02  1.275409e+00
      vertex   8.920000e-01 -2.457245e-02  1.275736e+00
    endloop
  endfacet
  facet normal  2.849157e-03 -7.761511e-01 -6.305406e-01
    outer loop
      vertex   8.890001e-01 -2.448758e-02  1.275618e+00
      vertex   8.920000e-01 -2.457245e-02  1.275736e+00
      vertex   8.890001e-01 -2.470190e-02  1.275882e+00
    endloop
  endfacet
  facet normal -3.843726e-03 -7.071829e-01 -7.070202e-01
    outer loop
      vertex   8.890001e-01 -2.470190e-02  1.275882e+00
      vertex   8.920000e-01 -2.457245e-02  1.275736e+00
      vertex   8.920000e-01 -2.484764e-02  1.276011e+00
    endloop
  endfacet
  facet normal  2.879709e-03 -6.303387e-01 -7.763150e-01
    outer loop
      vertex   8.890001e-01 -2.470190e-02  1.275882e+00
      vertex   8.920000e-01 -2.484764e-02  1.276011e+00
      vertex   8.890001e-01 -2.496573e-02  1.276096e+00
    endloop
  endfacet
  facet normal -3.491423e-03 -5.230303e-01 -8.523070e-01
    outer loop
      vertex   8.890001e-01 -2.496573e-02  1.276096e+00
      vertex   8.920000e-01 -2.484764e-02  1.276011e+00
      vertex   8.920000e-01 -2.517477e-02  1.276212e+00
    endloop
  endfacet
  facet normal  2.261783e-03 -4.601736e-01 -8.878261e-01
    outer loop
      vertex   8.890001e-01 -2.496573e-02  1.276096e+00
      vertex   8.920000e-01 -2.517477e-02  1.276212e+00
      vertex   8.890001e-01 -2.526127e-02  1.276249e+00
    endloop
  endfacet
  facet normal -2.634208e-03 -3.165040e-01 -9.485876e-01
    outer loop
      vertex   8.890001e-01 -2.526127e-02  1.276249e+00
      vertex   8.920000e-01 -2.517477e-02  1.276212e+00
      vertex   8.920000e-01 -2.552455e-02  1.276329e+00
    endloop
  endfacet
  facet normal  1.246455e-03 -2.760741e-01 -9.611355e-01
    outer loop
      vertex   8.890001e-01 -2.526127e-02  1.276249e+00
      vertex   8.920000e-01 -2.552455e-02  1.276329e+00
      vertex   8.890001e-01 -2.556839e-02  1.276338e+00
    endloop
  endfacet
  facet normal -1.553927e-03 -9.133381e-02 -9.958191e-01
    outer loop
      vertex   8.890001e-01 -2.556839e-02  1.276338e+00
      vertex   8.920000e-01 -2.552455e-02  1.276329e+00
      vertex   8.890001e-01 -2.586863e-02  1.276365e+00
    endloop
  endfacet
  facet normal  1.199697e-03 -1.150824e-01 -9.933553e-01
    outer loop
      vertex   8.890001e-01 -2.586863e-02  1.276365e+00
      vertex   8.920000e-01 -2.552455e-02  1.276329e+00
      vertex   8.950000e-01 -2.556839e-02  1.276338e+00
    endloop
  endfacet
  facet normal  0.000000e+00 -9.133393e-02 -9.958203e-01
    outer loop
      vertex   8.890001e-01 -2.586863e-02  1.276365e+00
      vertex   8.950000e-01 -2.556839e-02  1.276338e+00
      vertex   8.950000e-01 -2.586863e-02  1.276365e+00
    endloop
  endfacet
  facet normal -1.243435e-03 -9.610837e-01  2.762545e-01
    outer loop
      vertex   8.950000e-01 -2.433448e-02  1.274108e+00
      vertex   8.950000e-01 -2.424617e-02  1.274415e+00
      vertex   8.920000e-01 -2.425490e-02  1.274371e+00
    endloop
  endfacet
  facet normal  1.360067e-03 -9.944863e-01  1.048576e-01
    outer loop
      vertex   8.920000e-01 -2.425490e-02  1.274371e+00
      vertex   8.950000e-01 -2.424617e-02  1.274415e+00
      vertex   8.920000e-01 -2.421863e-02  1.274715e+00
    endloop
  endfacet
  facet normal  0.000000e+00 -9.958155e-01  9.138649e-02
    outer loop
      vertex   8.950000e-01 -2.424617e-02  1.274415e+00
      vertex   8.950000e-01 -2.421863e-02  1.274715e+00
      vertex   8.920000e-01 -2.421863e-02  1.274715e+00
    endloop
  endfacet
  facet normal  0.000000e+00 -9.958188e-01 -9.135052e-02
    outer loop
      vertex   8.920000e-01 -2.421863e-02  1.274715e+00
      vertex   8.950000e-01 -2.421863e-02  1.274715e+00
      vertex   8.950000e-01 -2.424617e-02  1.275015e+00
    endloop
  endfacet
  facet normal  1.360603e-03 -9.944901e-01 -1.048217e-01
    outer loop
      vertex   8.920000e-01 -2.421863e-02  1.274715e+00
      vertex   8.950000e-01 -2.424617e-02  1.275015e+00
      vertex   8.920000e-01 -2.425490e-02  1.275059e+00
    endloop
  endfacet
  facet normal -1.244967e-03 -9.610552e-01 -2.763535e-01
    outer loop
      vertex   8.920000e-01 -2.425490e-02  1.275059e+00
      vertex   8.950000e-01 -2.424617e-02  1.275015e+00
      vertex   8.950000e-01 -2.433448e-02  1.275323e+00
    endloop
  endfacet
  facet normal  2.610189e-03 -9.485815e-01 -3.165222e-01
    outer loop
      vertex   8.920000e-01 -2.425490e-02  1.275059e+00
      vertex   8.950000e-01 -2.433448e-02  1.275323e+00
      vertex   8.920000e-01 -2.437161e-02  1.275409e+00
    endloop
  endfacet
  facet normal -2.275380e-03 -8.879813e-01 -4.598738e-01
    outer loop
      vertex   8.920000e-01 -2.437161e-02  1.275409e+00
      vertex   8.950000e-01 -2.433448e-02  1.275323e+00
      vertex   8.950000e-01 -2.448758e-02  1.275618e+00
    endloop
  endfacet
  facet normal  3.523564e-03 -8.521884e-01 -5.232232e-01
    outer loop
      vertex   8.920000e-01 -2.437161e-02  1.275409e+00
      vertex   8.950000e-01 -2.448758e-02  1.275618e+00
      vertex   8.920000e-01 -2.457245e-02  1.275736e+00
    endloop
  endfacet
  facet normal -2.849100e-03 -7.761511e-01 -6.305405e-01
    outer loop
      vertex   8.920000e-01 -2.457245e-02  1.275736e+00
      vertex   8.950000e-01 -2.448758e-02  1.275618e+00
      vertex   8.950000e-01 -2.470190e-02  1.275882e+00
    endloop
  endfacet
  facet normal  3.843647e-03 -7.071829e-01 -7.070202e-01
    outer loop
      vertex   8.920000e-01 -2.457245e-02  1.275736e+00
      vertex   8.950000e-01 -2.470190e-02  1.275882e+00
      vertex   8.920000e-01 -2.484764e-02  1.276011e+00
    endloop
  endfacet
  facet normal -2.879651e-03 -6.303387e-01 -7.763150e-01
    outer loop
      vertex   8.920000e-01 -2.484764e-02  1.276011e+00
      vertex   8.950000e-01 -2.470190e-02  1.275882e+00
      vertex   8.950000e-01 -2.496573e-02  1.276096e+00
    endloop
  endfacet
  facet normal  3.491354e-03 -5.230302e-01 -8.523069e-01
    outer loop
      vertex   8.920000e-01 -2.484764e-02  1.276011e+00
      vertex   8.950000e-01 -2.496573e-02  1.276096e+00
      vertex   8.920000e-01 -2.517477e-02  1.276212e+00
    endloop
  endfacet
  facet normal -2.261737e-03 -4.601735e-01 -8.878261e-01
    outer loop
      vertex   8.920000e-01 -2.517477e-02  1.276212e+00
      vertex   8.950000e-01 -2.496573e-02  1.276096e+00
      vertex   8.950000e-01 -2.526127e-02  1.276249e+00
    endloop
  endfacet
  facet normal  2.634155e-03 -3.165040e-01 -9.485875e-01
    outer loop
      vertex   8.920000e-01 -2.517477e-02  1.276212e+00
      vertex   8.950000e-01 -2.526127e-02  1.276249e+00
      vertex   8.920000e-01 -2.552455e-02  1.276329e+00
    endloop
  endfacet
  facet normal -1.246431e-03 -2.760741e-01 -9.611355e-01
    outer loop
      vertex   8.920000e-01 -2.552455e-02  1.276329e+00
      vertex   8.950000e-01 -2.526127e-02  1.276249e+00
      vertex   8.950000e-01 -2.556839e-02  1.276338e+00
    endloop
  endfacet
  facet normal  0.000000e+00 -8.945135e-01  4.470409e-01
    outer loop
      vertex   8.920000e-01 -2.433448e-02  1.274108e+00
      vertex   8.890001e-01 -2.433448e-02  1.274108e+00
      vertex   8.920000e-01 -2.446179e-02  1.273853e+00
    endloop
  endfacet
  facet normal  1.382597e-03 -8.879070e-01  4.600209e-01
    outer loop
      vertex   8.920000e-01 -2.446179e-02  1.273853e+00
      vertex   8.890001e-01 -2.433448e-02  1.274108e+00
      vertex   8.890001e-01 -2.448758e-02  1.273812e+00
    endloop
  endfacet
  facet normal -1.188359e-03 -8.032504e-01  5.956402e-01
    outer loop
      vertex   8.920000e-01 -2.446179e-02  1.273853e+00
      vertex   8.890001e-01 -2.448758e-02  1.273812e+00
      vertex   8.920000e-01 -2.463496e-02  1.273620e+00
    endloop
  endfacet
  facet normal  2.385448e-03 -7.761520e-01  6.305414e-01
    outer loop
      vertex   8.920000e-01 -2.463496e-02  1.273620e+00
      vertex   8.890001e-01 -2.448758e-02  1.273812e+00
      vertex   8.890001e-01 -2.470190e-02  1.273548e+00
    endloop
  endfacet
  facet normal -1.925401e-03 -6.859866e-01  7.276117e-01
    outer loop
      vertex   8.920000e-01 -2.463496e-02  1.273620e+00
      vertex   8.890001e-01 -2.470190e-02  1.273548e+00
      vertex   8.920000e-01 -2.484764e-02  1.273419e+00
    endloop
  endfacet
  facet normal  2.879709e-03 -6.303386e-01  7.763150e-01
    outer loop
      vertex   8.920000e-01 -2.484764e-02  1.273419e+00
      vertex   8.890001e-01 -2.470190e-02  1.273548e+00
      vertex   8.890001e-01 -2.496573e-02  1.273334e+00
    endloop
  endfacet
  facet normal -2.097084e-03 -5.473802e-01  8.368814e-01
    outer loop
      vertex   8.920000e-01 -2.484764e-02  1.273419e+00
      vertex   8.890001e-01 -2.496573e-02  1.273334e+00
      vertex   8.920000e-01 -2.508968e-02  1.273261e+00
    endloop
  endfacet
  facet normal  2.754976e-03 -4.601730e-01  8.878250e-01
    outer loop
      vertex   8.920000e-01 -2.508968e-02  1.273261e+00
      vertex   8.890001e-01 -2.496573e-02  1.273334e+00
      vertex   8.890001e-01 -2.526127e-02  1.273181e+00
    endloop
  endfacet
  facet normal -1.774112e-03 -3.952591e-01  9.185680e-01
    outer loop
      vertex   8.920000e-01 -2.508968e-02  1.273261e+00
      vertex   8.890001e-01 -2.526127e-02  1.273181e+00
      vertex   8.920000e-01 -2.534871e-02  1.273149e+00
    endloop
  endfacet
  facet normal  2.140092e-03 -2.764183e-01  9.610351e-01
    outer loop
      vertex   8.920000e-01 -2.534871e-02  1.273149e+00
      vertex   8.890001e-01 -2.526127e-02  1.273181e+00
      vertex   8.890001e-01 -2.556839e-02  1.273093e+00
    endloop
  endfacet
  facet normal -1.007596e-03 -2.361789e-01  9.717091e-01
    outer loop
      vertex   8.920000e-01 -2.534871e-02  1.273149e+00
      vertex   8.890001e-01 -2.556839e-02  1.273093e+00
      vertex   8.920000e-01 -2.561209e-02  1.273085e+00
    endloop
  endfacet
  facet normal  1.162586e-03 -9.133387e-02  9.958196e-01
    outer loop
      vertex   8.890001e-01 -2.556839e-02  1.251662e+00
      vertex   8.890001e-01 -2.586863e-02  1.251635e+00
      vertex   8.920000e-01 -2.561209e-02  1.251655e+00
    endloop
  endfacet
  facet normal  0.000000e+00 -7.782843e-02  9.969668e-01
    outer loop
      vertex   8.920000e-01 -2.561209e-02  1.251655e+00
      vertex   8.890001e-01 -2.586863e-02  1.251635e+00
      vertex   8.950000e-01 -2.586863e-02  1.251635e+00
    endloop
  endfacet
  facet normal -1.162563e-03 -9.133387e-02  9.958196e-01
    outer loop
      vertex   8.920000e-01 -2.561209e-02  1.251655e+00
      vertex   8.950000e-01 -2.586863e-02  1.251635e+00
      vertex   8.950000e-01 -2.556839e-02  1.251662e+00
    endloop
  endfacet
  facet normal  1.007576e-03 -2.361789e-01  9.717091e-01
    outer loop
      vertex   8.920000e-01 -2.561209e-02  1.251655e+00
      vertex   8.950000e-01 -2.556839e-02  1.251662e+00
      vertex   8.920000e-01 -2.534871e-02  1.251719e+00
    endloop
  endfacet
  facet normal -2.140049e-03 -2.764183e-01  9.610350e-01
    outer loop
      vertex   8.920000e-01 -2.534871e-02  1.251719e+00
      vertex   8.950000e-01 -2.556839e-02  1.251662e+00
      vertex   8.950000e-01 -2.526127e-02  1.251751e+00
    endloop
  endfacet
  facet normal  1.762050e-03 -3.949023e-01  9.187214e-01
    outer loop
      vertex   8.920000e-01 -2.534871e-02  1.251719e+00
      vertex   8.950000e-01 -2.526127e-02  1.251751e+00
      vertex   8.920000e-01 -2.508968e-02  1.251830e+00
    endloop
  endfacet
  facet normal -2.770173e-03 -4.598906e-01  8.879712e-01
    outer loop
      vertex   8.920000e-01 -2.508968e-02  1.251830e+00
      vertex   8.950000e-01 -2.526127e-02  1.251751e+00
      vertex   8.950000e-01 -2.496573e-02  1.251904e+00
    endloop
  endfacet
  facet normal  2.113595e-03 -5.476688e-01  8.366926e-01
    outer loop
      vertex   8.920000e-01 -2.508968e-02  1.251830e+00
      vertex   8.950000e-01 -2.496573e-02  1.251904e+00
      vertex   8.920000e-01 -2.484764e-02  1.251989e+00
    endloop
  endfacet
  facet normal -2.861979e-03 -6.305500e-01  7.761433e-01
    outer loop
      vertex   8.920000e-01 -2.484764e-02  1.251989e+00
      vertex   8.950000e-01 -2.496573e-02  1.251904e+00
      vertex   8.950000e-01 -2.470190e-02  1.252118e+00
    endloop
  endfacet
  facet normal  1.925362e-03 -6.859865e-01  7.276117e-01
    outer loop
      vertex   8.920000e-01 -2.484764e-02  1.251989e+00
      vertex   8.950000e-01 -2.470190e-02  1.252118e+00
      vertex   8.920000e-01 -2.463496e-02  1.252189e+00
    endloop
  endfacet
  facet normal -2.385400e-03 -7.761520e-01  6.305413e-01
    outer loop
      vertex   8.920000e-01 -2.463496e-02  1.252189e+00
      vertex   8.950000e-01 -2.470190e-02  1.252118e+00
      vertex   8.950000e-01 -2.448758e-02  1.252382e+00
    endloop
  endfacet
  facet normal  1.188333e-03 -8.032504e-01  5.956403e-01
    outer loop
      vertex   8.920000e-01 -2.463496e-02  1.252189e+00
      vertex   8.950000e-01 -2.448758e-02  1.252382e+00
      vertex   8.920000e-01 -2.446179e-02  1.252423e+00
    endloop
  endfacet
  facet normal -1.385209e-03 -8.879828e-01  4.598746e-01
    outer loop
      vertex   8.920000e-01 -2.446179e-02  1.252423e+00
      vertex   8.950000e-01 -2.448758e-02  1.252382e+00
      vertex   8.950000e-01 -2.433448e-02  1.252678e+00
    endloop
  endfacet
  facet normal  0.000000e+00 -8.945971e-01  4.468736e-01
    outer loop
      vertex   8.920000e-01 -2.446179e-02  1.252423e+00
      vertex   8.950000e-01 -2.433448e-02  1.252678e+00
      vertex   8.920000e-01 -2.433448e-02  1.252678e+00
    endloop
  endfacet
  facet normal  0.000000e+00 -9.572137e-01  2.893818e-01
    outer loop
      vertex   8.920000e-01 -2.433448e-02  1.252678e+00
      vertex   8.950000e-01 -2.433448e-02  1.252678e+00
      vertex   8.920000e-01 -2.425490e-02  1.252941e+00
    endloop
  endfacet
  facet normal  0.000000e+00 -9.572138e-01  2.893819e-01
    outer loop
      vertex   8.920000e-01 -2.433448e-02  1.252678e+00
      vertex   8.920000e-01 -2.425490e-02  1.252941e+00
      vertex   8.890001e-01 -2.433448e-02  1.252678e+00
    endloop
  endfacet
  facet normal  1.244991e-03 -9.610552e-01  2.763535e-01
    outer loop
      vertex   8.890001e-01 -2.433448e-02  1.252678e+00
      vertex   8.920000e-01 -2.425490e-02  1.252941e+00
      vertex   8.890001e-01 -2.424617e-02  1.252985e+00
    endloop
  endfacet
  facet normal -1.360094e-03 -9.944863e-01  1.048576e-01
    outer loop
      vertex   8.890001e-01 -2.424617e-02  1.252985e+00
      vertex   8.920000e-01 -2.425490e-02  1.252941e+00
      vertex   8.920000e-01 -2.421863e-02  1.253285e+00
    endloop
  endfacet
  facet normal  0.000000e+00 -9.958155e-01  9.138649e-02
    outer loop
      vertex   8.890001e-01 -2.424617e-02  1.252985e+00
      vertex   8.920000e-01 -2.421863e-02  1.253285e+00
      vertex   8.890001e-01 -2.421863e-02  1.253285e+00
    endloop
  endfacet
  facet normal  0.000000e+00 -9.958188e-01 -9.135051e-02
    outer loop
      vertex   8.890001e-01 -2.421863e-02  1.253285e+00
      vertex   8.920000e-01 -2.421863e-02  1.253285e+00
      vertex   8.890001e-01 -2.424617e-02  1.253585e+00
    endloop
  endfacet
  facet normal -1.364261e-03 -9.944863e-01 -1.048576e-01
    outer loop
      vertex   8.890001e-01 -2.424617e-02  1.253585e+00
      vertex   8.920000e-01 -2.421863e-02  1.253285e+00
      vertex   8.920000e-01 -2.425490e-02  1.253629e+00
    endloop
  endfacet
  facet normal  1.234010e-03 -9.610552e-01 -2.763535e-01
    outer loop
      vertex   8.890001e-01 -2.424617e-02  1.253585e+00
      vertex   8.920000e-01 -2.425490e-02  1.253629e+00
      vertex   8.890001e-01 -2.433448e-02  1.253892e+00
    endloop
  endfacet
  facet normal -2.613442e-03 -9.486138e-01 -3.164251e-01
    outer loop
      vertex   8.890001e-01 -2.433448e-02  1.253892e+00
      vertex   8.920000e-01 -2.425490e-02  1.253629e+00
      vertex   8.920000e-01 -2.437161e-02  1.253979e+00
    endloop
  endfacet
  facet normal  2.280582e-03 -8.879056e-01 -4.600201e-01
    outer loop
      vertex   8.890001e-01 -2.433448e-02  1.253892e+00
      vertex   8.920000e-01 -2.437161e-02  1.253979e+00
      vertex   8.890001e-01 -2.448758e-02  1.254188e+00
    endloop
  endfacet
  facet normal -3.502842e-03 -8.521885e-01 -5.232233e-01
    outer loop
      vertex   8.890001e-01 -2.448758e-02  1.254188e+00
      vertex   8.920000e-01 -2.437161e-02  1.253979e+00
      vertex   8.920000e-01 -2.457245e-02  1.254306e+00
    endloop
  endfacet
  facet normal  2.874212e-03 -7.761511e-01 -6.305405e-01
    outer loop
      vertex   8.890001e-01 -2.448758e-02  1.254188e+00
      vertex   8.920000e-01 -2.457245e-02  1.254306e+00
      vertex   8.890001e-01 -2.470190e-02  1.254452e+00
    endloop
  endfacet
  facet normal -3.815632e-03 -7.071829e-01 -7.070203e-01
    outer loop
      vertex   8.890001e-01 -2.470190e-02  1.254452e+00
      vertex   8.920000e-01 -2.457245e-02  1.254306e+00
      vertex   8.920000e-01 -2.484764e-02  1.254581e+00
    endloop
  endfacet
  facet normal  2.892875e-03 -6.305500e-01 -7.761433e-01
    outer loop
      vertex   8.890001e-01 -2.470190e-02  1.254452e+00
      vertex   8.920000e-01 -2.484764e-02  1.254581e+00
      vertex   8.890001e-01 -2.496573e-02  1.254666e+00
    endloop
  endfacet
  facet normal -3.491423e-03 -5.230303e-01 -8.523070e-01
    outer loop
      vertex   8.890001e-01 -2.496573e-02  1.254666e+00
      vertex   8.920000e-01 -2.484764e-02  1.254581e+00
      vertex   8.920000e-01 -2.517477e-02  1.254782e+00
    endloop
  endfacet
  facet normal  2.261783e-03 -4.601736e-01 -8.878261e-01
    outer loop
      vertex   8.890001e-01 -2.496573e-02  1.254666e+00
      vertex   8.920000e-01 -2.517477e-02  1.254782e+00
      vertex   8.890001e-01 -2.526127e-02  1.254819e+00
    endloop
  endfacet
  facet normal -2.634208e-03 -3.165040e-01 -9.485876e-01
    outer loop
      vertex   8.890001e-01 -2.526127e-02  1.254819e+00
      vertex   8.920000e-01 -2.517477e-02  1.254782e+00
      vertex   8.920000e-01 -2.552455e-02  1.254899e+00
    endloop
  endfacet
  facet normal  1.246455e-03 -2.760741e-01 -9.611355e-01
    outer loop
      vertex   8.890001e-01 -2.526127e-02  1.254819e+00
      vertex   8.920000e-01 -2.552455e-02  1.254899e+00
      vertex   8.890001e-01 -2.556839e-02  1.254907e+00
    endloop
  endfacet
  facet normal -1.553927e-03 -9.133381e-02 -9.958191e-01
    outer loop
      vertex   8.890001e-01 -2.556839e-02  1.254907e+00
      vertex   8.920000e-01 -2.552455e-02  1.254899e+00
      vertex   8.890001e-01 -2.586863e-02  1.254935e+00
    endloop
  endfacet
  facet normal  1.199697e-03 -1.150824e-01 -9.933553e-01
    outer loop
      vertex   8.890001e-01 -2.586863e-02  1.254935e+00
      vertex   8.920000e-01 -2.552455e-02  1.254899e+00
      vertex   8.950000e-01 -2.556839e-02  1.254907e+00
    endloop
  endfacet
  facet normal  0.000000e+00 -9.133393e-02 -9.958203e-01
    outer loop
      vertex   8.890001e-01 -2.586863e-02  1.254935e+00
      vertex   8.950000e-01 -2.556839e-02  1.254907e+00
      vertex   8.950000e-01 -2.586863e-02  1.254935e+00
    endloop
  endfacet
  facet normal -1.244967e-03 -9.610552e-01  2.763535e-01
    outer loop
      vertex   8.950000e-01 -2.433448e-02  1.252678e+00
      vertex   8.950000e-01 -2.424617e-02  1.252985e+00
      vertex   8.920000e-01 -2.425490e-02  1.252941e+00
    endloop
  endfacet
  facet normal  1.360067e-03 -9.944863e-01  1.048576e-01
    outer loop
      vertex   8.920000e-01 -2.425490e-02  1.252941e+00
      vertex   8.950000e-01 -2.424617e-02  1.252985e+00
      vertex   8.920000e-01 -2.421863e-02  1.253285e+00
    endloop
  endfacet
  facet normal  0.000000e+00 -9.958155e-01  9.138649e-02
    outer loop
      vertex   8.950000e-01 -2.424617e-02  1.252985e+00
      vertex   8.950000e-01 -2.421863e-02  1.253285e+00
      vertex   8.920000e-01 -2.421863e-02  1.253285e+00
    endloop
  endfacet
  facet normal  0.000000e+00 -9.958188e-01 -9.135052e-02
    outer loop
      vertex   8.920000e-01 -2.421863e-02  1.253285e+00
      vertex   8.950000e-01 -2.421863e-02  1.253285e+00
      vertex   8.950000e-01 -2.424617e-02  1.253585e+00
    endloop
  endfacet
  facet normal  1.364233e-03 -9.944863e-01 -1.048576e-01
    outer loop
      vertex   8.920000e-01 -2.421863e-02  1.253285e+00
      vertex   8.950000e-01 -2.424617e-02  1.253585e+00
      vertex   8.920000e-01 -2.425490e-02  1.253629e+00
    endloop
  endfacet
  facet normal -1.233985e-03 -9.610552e-01 -2.763535e-01
    outer loop
      vertex   8.920000e-01 -2.425490e-02  1.253629e+00
      vertex   8.950000e-01 -2.424617e-02  1.253585e+00
      vertex   8.950000e-01 -2.433448e-02  1.253892e+00
    endloop
  endfacet
  facet normal  2.613389e-03 -9.486138e-01 -3.164251e-01
    outer loop
      vertex   8.920000e-01 -2.425490e-02  1.253629e+00
      vertex   8.950000e-01 -2.433448e-02  1.253892e+00
      vertex   8.920000e-01 -2.437161e-02  1.253979e+00
    endloop
  endfacet
  facet normal -2.280537e-03 -8.879055e-01 -4.600201e-01
    outer loop
      vertex   8.920000e-01 -2.437161e-02  1.253979e+00
      vertex   8.950000e-01 -2.433448e-02  1.253892e+00
      vertex   8.950000e-01 -2.448758e-02  1.254188e+00
    endloop
  endfacet
  facet normal  3.502774e-03 -8.521885e-01 -5.232232e-01
    outer loop
      vertex   8.920000e-01 -2.437161e-02  1.253979e+00
      vertex   8.950000e-01 -2.448758e-02  1.254188e+00
      vertex   8.920000e-01 -2.457245e-02  1.254306e+00
    endloop
  endfacet
  facet normal -2.874155e-03 -7.761511e-01 -6.305405e-01
    outer loop
      vertex   8.920000e-01 -2.457245e-02  1.254306e+00
      vertex   8.950000e-01 -2.448758e-02  1.254188e+00
      vertex   8.950000e-01 -2.470190e-02  1.254452e+00
    endloop
  endfacet
  facet normal  3.815553e-03 -7.071829e-01 -7.070202e-01
    outer loop
      vertex   8.920000e-01 -2.457245e-02  1.254306e+00
      vertex   8.950000e-01 -2.470190e-02  1.254452e+00
      vertex   8.920000e-01 -2.484764e-02  1.254581e+00
    endloop
  endfacet
  facet normal -2.892819e-03 -6.305500e-01 -7.761433e-01
    outer loop
      vertex   8.920000e-01 -2.484764e-02  1.254581e+00
      vertex   8.950000e-01 -2.470190e-02  1.254452e+00
      vertex   8.950000e-01 -2.496573e-02  1.254666e+00
    endloop
  endfacet
  facet normal  3.491354e-03 -5.230302e-01 -8.523069e-01
    outer loop
      vertex   8.920000e-01 -2.484764e-02  1.254581e+00
      vertex   8.950000e-01 -2.496573e-02  1.254666e+00
      vertex   8.920000e-01 -2.517477e-02  1.254782e+00
    endloop
  endfacet
  facet normal -2.261737e-03 -4.601735e-01 -8.878261e-01
    outer loop
      vertex   8.920000e-01 -2.517477e-02  1.254782e+00
      vertex   8.950000e-01 -2.496573e-02  1.254666e+00
      vertex   8.950000e-01 -2.526127e-02  1.254819e+00
    endloop
  endfacet
  facet normal  2.634155e-03 -3.165040e-01 -9.485875e-01
    outer loop
      vertex   8.920000e-01 -2.517477e-02  1.254782e+00
      vertex   8.950000e-01 -2.526127e-02  1.254819e+00
      vertex   8.920000e-01 -2.552455e-02  1.254899e+00
    endloop
  endfacet
  facet normal -1.246431e-03 -2.760741e-01 -9.611355e-01
    outer loop
      vertex   8.920000e-01 -2.552455e-02  1.254899e+00
      vertex   8.950000e-01 -2.526127e-02  1.254819e+00
      vertex   8.950000e-01 -2.556839e-02  1.254907e+00
    endloop
  endfacet
  facet normal  0.000000e+00 -8.945971e-01  4.468736e-01
    outer loop
      vertex   8.920000e-01 -2.433448e-02  1.252678e+00
      vertex   8.890001e-01 -2.433448e-02  1.252678e+00
      vertex   8.920000e-01 -2.446179e-02  1.252423e+00
    endloop
  endfacet
  facet normal  1.385236e-03 -8.879827e-01  4.598746e-01
    outer loop
      vertex   8.920000e-01 -2.446179e-02  1.252423e+00
      vertex   8.890001e-01 -2.433448e-02  1.252678e+00
      vertex   8.890001e-01 -2.448758e-02  1.252382e+00
    endloop
  endfacet
  facet normal -1.188359e-03 -8.032504e-01  5.956402e-01
    outer loop
      vertex   8.920000e-01 -2.446179e-02  1.252423e+00
      vertex   8.890001e-01 -2.448758e-02  1.252382e+00
      vertex   8.920000e-01 -2.463496e-02  1.252189e+00
    endloop
  endfacet
  facet normal  2.385448e-03 -7.761520e-01  6.305414e-01
    outer loop
      vertex   8.920000e-01 -2.463496e-02  1.252189e+00
      vertex   8.890001e-01 -2.448758e-02  1.252382e+00
      vertex   8.890001e-01 -2.470190e-02  1.252118e+00
    endloop
  endfacet
  facet normal -1.925401e-03 -6.859866e-01  7.276117e-01
    outer loop
      vertex   8.920000e-01 -2.463496e-02  1.252189e+00
      vertex   8.890001e-01 -2.470190e-02  1.252118e+00
      vertex   8.920000e-01 -2.484764e-02  1.251989e+00
    endloop
  endfacet
  facet normal  2.862036e-03 -6.305500e-01  7.761434e-01
    outer loop
      vertex   8.920000e-01 -2.484764e-02  1.251989e+00
      vertex   8.890001e-01 -2.470190e-02  1.252118e+00
      vertex   8.890001e-01 -2.496573e-02  1.251904e+00
    endloop
  endfacet
  facet normal -2.113637e-03 -5.476688e-01  8.366926e-01
    outer loop
      vertex   8.920000e-01 -2.484764e-02  1.251989e+00
      vertex   8.890001e-01 -2.496573e-02  1.251904e+00
      vertex   8.920000e-01 -2.508968e-02  1.251830e+00
    endloop
  endfacet
  facet normal  2.770228e-03 -4.598907e-01  8.879713e-01
    outer loop
      vertex   8.920000e-01 -2.508968e-02  1.251830e+00
      vertex   8.890001e-01 -2.496573e-02  1.251904e+00
      vertex   8.890001e-01 -2.526127e-02  1.251751e+00
    endloop
  endfacet
  facet normal -1.762085e-03 -3.949023e-01  9.187214e-01
    outer loop
      vertex   8.920000e-01 -2.508968e-02  1.251830e+00
      vertex   8.890001e-01 -2.526127e-02  1.251751e+00
      vertex   8.920000e-01 -2.534871e-02  1.251719e+00
    endloop
  endfacet
  facet normal  2.140092e-03 -2.764183e-01  9.610351e-01
    outer loop
      vertex   8.920000e-01 -2.534871e-02  1.251719e+00
      vertex   8.890001e-01 -2.526127e-02  1.251751e+00
      vertex   8.890001e-01 -2.556839e-02  1.251662e+00
    endloop
  endfacet
  facet normal -1.007596e-03 -2.361789e-01  9.717091e-01
    outer loop
      vertex   8.920000e-01 -2.534871e-02  1.251719e+00
      vertex   8.890001e-01 -2.556839e-02  1.251662e+00
      vertex   8.920000e-01 -2.561209e-02  1.251655e+00
    endloop
  endfacet
  facet normal  1.156830e-03 -9.172678e-02  9.957836e-01
    outer loop
      vertex   8.890001e-01 -1.041490e-02  1.236509e+00
      vertex   8.890001e-01 -1.071514e-02  1.236481e+00
      vertex   8.920000e-01 -1.045859e-02  1.236502e+00
    endloop
  endfacet
  facet normal  0.000000e+00 -7.828914e-02  9.969307e-01
    outer loop
      vertex   8.920000e-01 -1.045859e-02  1.236502e+00
      vertex   8.890001e-01 -1.071514e-02  1.236481e+00
      vertex   8.950000e-01 -1.071514e-02  1.236481e+00
    endloop
  endfacet
  facet normal -1.156807e-03 -9.172677e-02  9.957835e-01
    outer loop
      vertex   8.920000e-01 -1.045859e-02  1.236502e+00
      vertex   8.950000e-01 -1.071514e-02  1.236481e+00
      vertex   8.950000e-01 -1.041490e-02  1.236509e+00
    endloop
  endfacet
  facet normal  1.001115e-03 -2.357628e-01  9.718100e-01
    outer loop
      vertex   8.920000e-01 -1.045859e-02  1.236502e+00
      vertex   8.950000e-01 -1.041490e-02  1.236509e+00
      vertex   8.920000e-01 -1.019522e-02  1.236565e+00
    endloop
  endfacet
  facet normal -2.151157e-03 -2.760706e-01  9.611350e-01
    outer loop
      vertex   8.920000e-01 -1.019522e-02  1.236565e+00
      vertex   8.950000e-01 -1.041490e-02  1.236509e+00
      vertex   8.950000e-01 -1.010778e-02  1.236597e+00
    endloop
  endfacet
  facet normal  1.774280e-03 -3.952615e-01  9.185669e-01
    outer loop
      vertex   8.920000e-01 -1.019522e-02  1.236565e+00
      vertex   8.950000e-01 -1.010778e-02  1.236597e+00
      vertex   8.920000e-01 -9.936186e-03  1.236677e+00
    endloop
  endfacet
  facet normal -2.734703e-03 -4.598941e-01  8.879696e-01
    outer loop
      vertex   8.920000e-01 -9.936186e-03  1.236677e+00
      vertex   8.950000e-01 -1.010778e-02  1.236597e+00
      vertex   8.950000e-01 -9.812240e-03  1.236750e+00
    endloop
  endfacet
  facet normal  2.130297e-03 -5.473801e-01  8.368813e-01
    outer loop
      vertex   8.920000e-01 -9.936186e-03  1.236677e+00
      vertex   8.950000e-01 -9.812240e-03  1.236750e+00
      vertex   8.920000e-01 -9.694149e-03  1.236835e+00
    endloop
  endfacet
  facet normal -2.861895e-03 -6.305487e-01  7.761444e-01
    outer loop
      vertex   8.920000e-01 -9.694149e-03  1.236835e+00
      vertex   8.950000e-01 -9.812240e-03  1.236750e+00
      vertex   8.950000e-01 -9.548411e-03  1.236965e+00
    endloop
  endfacet
  facet normal  1.925719e-03 -6.859881e-01  7.276102e-01
    outer loop
      vertex   8.920000e-01 -9.694149e-03  1.236835e+00
      vertex   8.950000e-01 -9.548411e-03  1.236965e+00
      vertex   8.920000e-01 -9.481473e-03  1.237036e+00
    endloop
  endfacet
  facet normal -2.384987e-03 -7.761534e-01  6.305397e-01
    outer loop
      vertex   8.920000e-01 -9.481473e-03  1.237036e+00
      vertex   8.950000e-01 -9.548411e-03  1.236965e+00
      vertex   8.950000e-01 -9.334094e-03  1.237229e+00
    endloop
  endfacet
  facet normal  1.188170e-03 -8.032474e-01  5.956444e-01
    outer loop
      vertex   8.920000e-01 -9.481473e-03  1.237036e+00
      vertex   8.950000e-01 -9.334094e-03  1.237229e+00
      vertex   8.920000e-01 -9.308299e-03  1.237269e+00
    endloop
  endfacet
  facet normal -1.385484e-03 -8.879828e-01  4.598746e-01
    outer loop
      vertex   8.920000e-01 -9.308299e-03  1.237269e+00
      vertex   8.950000e-01 -9.334094e-03  1.237229e+00
      vertex   8.950000e-01 -9.180986e-03  1.237524e+00
    endloop
  endfacet
  facet normal  0.000000e+00 -8.945984e-01  4.468710e-01
    outer loop
      vertex   8.920000e-01 -9.308299e-03  1.237269e+00
      vertex   8.950000e-01 -9.180986e-03  1.237524e+00
      vertex   8.920000e-01 -9.180986e-03  1.237524e+00
    endloop
  endfacet
  facet normal  0.000000e+00 -9.572137e-01  2.893818e-01
    outer loop
      vertex   8.920000e-01 -9.180986e-03  1.237524e+00
      vertex   8.950000e-01 -9.180986e-03  1.237524e+00
      vertex   8.920000e-01 -9.101412e-03  1.237787e+00
    endloop
  endfacet
  facet normal  0.000000e+00 -9.572138e-01  2.893819e-01
    outer loop
      vertex   8.920000e-01 -9.180986e-03  1.237524e+00
      vertex   8.920000e-01 -9.101412e-03  1.237787e+00
      vertex   8.890001e-01 -9.180986e-03  1.237524e+00
    endloop
  endfacet
  facet normal  1.244735e-03 -9.610546e-01  2.763563e-01
    outer loop
      vertex   8.890001e-01 -9.180986e-03  1.237524e+00
      vertex   8.920000e-01 -9.101412e-03  1.237787e+00
      vertex   8.890001e-01 -9.092683e-03  1.237831e+00
    endloop
  endfacet
  facet normal -1.360939e-03 -9.944901e-01  1.048217e-01
    outer loop
      vertex   8.890001e-01 -9.092683e-03  1.237831e+00
      vertex   8.920000e-01 -9.101412e-03  1.237787e+00
      vertex   8.920000e-01 -9.065137e-03  1.238132e+00
    endloop
  endfacet
  facet normal  0.000000e+00 -9.958191e-01  9.134745e-02
    outer loop
      vertex   8.890001e-01 -9.092683e-03  1.237831e+00
      vertex   8.920000e-01 -9.065137e-03  1.238132e+00
      vertex   8.890001e-01 -9.065137e-03  1.238132e+00
    endloop
  endfacet
  facet normal  0.000000e+00 -9.958158e-01 -9.138343e-02
    outer loop
      vertex   8.890001e-01 -9.065137e-03  1.238132e+00
      vertex   8.920000e-01 -9.065137e-03  1.238132e+00
      vertex   8.890001e-01 -9.092683e-03  1.238432e+00
    endloop
  endfacet
  facet normal -1.360403e-03 -9.944863e-01 -1.048576e-01
    outer loop
      vertex   8.890001e-01 -9.092683e-03  1.238432e+00
      vertex   8.920000e-01 -9.065137e-03  1.238132e+00
      vertex   8.920000e-01 -9.101412e-03  1.238476e+00
    endloop
  endfacet
  facet normal  1.244735e-03 -9.610546e-01 -2.763563e-01
    outer loop
      vertex   8.890001e-01 -9.092683e-03  1.238432e+00
      vertex   8.920000e-01 -9.101412e-03  1.238476e+00
      vertex   8.890001e-01 -9.180986e-03  1.238739e+00
    endloop
  endfacet
  facet normal -2.610022e-03 -9.485823e-01 -3.165199e-01
    outer loop
      vertex   8.890001e-01 -9.180986e-03  1.238739e+00
      vertex   8.920000e-01 -9.101412e-03  1.238476e+00
      vertex   8.920000e-01 -9.218119e-03  1.238825e+00
    endloop
  endfacet
  facet normal  2.275701e-03 -8.879814e-01 -4.598739e-01
    outer loop
      vertex   8.890001e-01 -9.180986e-03  1.238739e+00
      vertex   8.920000e-01 -9.218119e-03  1.238825e+00
      vertex   8.890001e-01 -9.334094e-03  1.239034e+00
    endloop
  endfacet
  facet normal -3.523204e-03 -8.521895e-01 -5.232214e-01
    outer loop
      vertex   8.890001e-01 -9.334094e-03  1.239034e+00
      vertex   8.920000e-01 -9.218119e-03  1.238825e+00
      vertex   8.920000e-01 -9.418956e-03  1.239152e+00
    endloop
  endfacet
  facet normal  2.849536e-03 -7.761524e-01 -6.305389e-01
    outer loop
      vertex   8.890001e-01 -9.334094e-03  1.239034e+00
      vertex   8.920000e-01 -9.418956e-03  1.239152e+00
      vertex   8.890001e-01 -9.548411e-03  1.239298e+00
    endloop
  endfacet
  facet normal -3.843725e-03 -7.071805e-01 -7.070225e-01
    outer loop
      vertex   8.890001e-01 -9.548411e-03  1.239298e+00
      vertex   8.920000e-01 -9.418956e-03  1.239152e+00
      vertex   8.920000e-01 -9.694149e-03  1.239428e+00
    endloop
  endfacet
  facet normal  2.879625e-03 -6.303373e-01 -7.763160e-01
    outer loop
      vertex   8.890001e-01 -9.548411e-03  1.239298e+00
      vertex   8.920000e-01 -9.694149e-03  1.239428e+00
      vertex   8.890001e-01 -9.812240e-03  1.239512e+00
    endloop
  endfacet
  facet normal -3.491361e-03 -5.230314e-01 -8.523063e-01
    outer loop
      vertex   8.890001e-01 -9.812240e-03  1.239512e+00
      vertex   8.920000e-01 -9.694149e-03  1.239428e+00
      vertex   8.920000e-01 -1.002128e-02  1.239628e+00
    endloop
  endfacet
  facet normal  2.261619e-03 -4.601770e-01 -8.878243e-01
    outer loop
      vertex   8.890001e-01 -9.812240e-03  1.239512e+00
      vertex   8.920000e-01 -1.002128e-02  1.239628e+00
      vertex   8.890001e-01 -1.010778e-02  1.239666e+00
    endloop
  endfacet
  facet normal -2.634355e-03 -3.165055e-01 -9.485870e-01
    outer loop
      vertex   8.890001e-01 -1.010778e-02  1.239666e+00
      vertex   8.920000e-01 -1.002128e-02  1.239628e+00
      vertex   8.920000e-01 -1.037105e-02  1.239745e+00
    endloop
  endfacet
  facet normal  1.246750e-03 -2.760710e-01 -9.611364e-01
    outer loop
      vertex   8.890001e-01 -1.010778e-02  1.239666e+00
      vertex   8.920000e-01 -1.037105e-02  1.239745e+00
      vertex   8.890001e-01 -1.041490e-02  1.239754e+00
    endloop
  endfacet
  facet normal -1.553801e-03 -9.133466e-02 -9.958190e-01
    outer loop
      vertex   8.890001e-01 -1.041490e-02  1.239754e+00
      vertex   8.920000e-01 -1.037105e-02  1.239745e+00
      vertex   8.890001e-01 -1.071514e-02  1.239781e+00
    endloop
  endfacet
  facet normal  1.199574e-03 -1.150810e-01 -9.933553e-01
    outer loop
      vertex   8.890001e-01 -1.071514e-02  1.239781e+00
      vertex   8.920000e-01 -1.037105e-02  1.239745e+00
      vertex   8.950000e-01 -1.041490e-02  1.239754e+00
    endloop
  endfacet
  facet normal  0.000000e+00 -9.133477e-02 -9.958202e-01
    outer loop
      vertex   8.890001e-01 -1.071514e-02  1.239781e+00
      vertex   8.950000e-01 -1.041490e-02  1.239754e+00
      vertex   8.950000e-01 -1.071514e-02  1.239781e+00
    endloop
  endfacet
  facet normal -1.244710e-03 -9.610545e-01  2.763562e-01
    outer loop
      vertex   8.950000e-01 -9.180986e-03  1.237524e+00
      vertex   8.950000e-01 -9.092683e-03  1.237831e+00
      vertex   8.920000e-01 -9.101412e-03  1.237787e+00
    endloop
  endfacet
  facet normal  1.360912e-03 -9.944901e-01  1.048217e-01
    outer loop
      vertex   8.920000e-01 -9.101412e-03  1.237787e+00
      vertex   8.950000e-01 -9.092683e-03  1.237831e+00
      vertex   8.920000e-01 -9.065137e-03  1.238132e+00
    endloop
  endfacet
  facet normal  0.000000e+00 -9.958190e-01  9.134745e-02
    outer loop
      vertex   8.950000e-01 -9.092683e-03  1.237831e+00
      vertex   8.950000e-01 -9.065137e-03  1.238132e+00
      vertex   8.920000e-01 -9.065137e-03  1.238132e+00
    endloop
  endfacet
  facet normal  0.000000e+00 -9.958158e-01 -9.138343e-02
    outer loop
      vertex   8.920000e-01 -9.065137e-03  1.238132e+00
      vertex   8.950000e-01 -9.065137e-03  1.238132e+00
      vertex   8.950000e-01 -9.092683e-03  1.238432e+00
    endloop
  endfacet
  facet normal  1.360375e-03 -9.944863e-01 -1.048576e-01
    outer loop
      vertex   8.920000e-01 -9.065137e-03  1.238132e+00
      vertex   8.950000e-01 -9.092683e-03  1.238432e+00
      vertex   8.920000e-01 -9.101412e-03  1.238476e+00
    endloop
  endfacet
  facet normal -1.244710e-03 -9.610545e-01 -2.763562e-01
    outer loop
      vertex   8.920000e-01 -9.101412e-03  1.238476e+00
      vertex   8.950000e-01 -9.092683e-03  1.238432e+00
      vertex   8.950000e-01 -9.180986e-03  1.238739e+00
    endloop
  endfacet
  facet normal  2.609970e-03 -9.485822e-01 -3.165199e-01
    outer loop
      vertex   8.920000e-01 -9.101412e-03  1.238476e+00
      vertex   8.950000e-01 -9.180986e-03  1.238739e+00
      vertex   8.920000e-01 -9.218119e-03  1.238825e+00
    endloop
  endfacet
  facet normal -2.275656e-03 -8.879813e-01 -4.598738e-01
    outer loop
      vertex   8.920000e-01 -9.218119e-03  1.238825e+00
      vertex   8.950000e-01 -9.180986e-03  1.238739e+00
      vertex   8.950000e-01 -9.334094e-03  1.239034e+00
    endloop
  endfacet
  facet normal  3.523134e-03 -8.521895e-01 -5.232214e-01
    outer loop
      vertex   8.920000e-01 -9.218119e-03  1.238825e+00
      vertex   8.950000e-01 -9.334094e-03  1.239034e+00
      vertex   8.920000e-01 -9.418956e-03  1.239152e+00
    endloop
  endfacet
  facet normal -2.849480e-03 -7.761524e-01 -6.305389e-01
    outer loop
      vertex   8.920000e-01 -9.418956e-03  1.239152e+00
      vertex   8.950000e-01 -9.334094e-03  1.239034e+00
      vertex   8.950000e-01 -9.548411e-03  1.239298e+00
    endloop
  endfacet
  facet normal  3.843650e-03 -7.071805e-01 -7.070225e-01
    outer loop
      vertex   8.920000e-01 -9.418956e-03  1.239152e+00
      vertex   8.950000e-01 -9.548411e-03  1.239298e+00
      vertex   8.920000e-01 -9.694149e-03  1.239428e+00
    endloop
  endfacet
  facet normal -2.879568e-03 -6.303373e-01 -7.763160e-01
    outer loop
      vertex   8.920000e-01 -9.694149e-03  1.239428e+00
      vertex   8.950000e-01 -9.548411e-03  1.239298e+00
      vertex   8.950000e-01 -9.812240e-03  1.239512e+00
    endloop
  endfacet
  facet normal  3.491292e-03 -5.230314e-01 -8.523063e-01
    outer loop
      vertex   8.920000e-01 -9.694149e-03  1.239428e+00
      vertex   8.950000e-01 -9.812240e-03  1.239512e+00
      vertex   8.920000e-01 -1.002128e-02  1.239628e+00
    endloop
  endfacet
  facet normal -2.261573e-03 -4.601770e-01 -8.878243e-01
    outer loop
      vertex   8.920000e-01 -1.002128e-02  1.239628e+00
      vertex   8.950000e-01 -9.812240e-03  1.239512e+00
      vertex   8.950000e-01 -1.010778e-02  1.239666e+00
    endloop
  endfacet
  facet normal  2.634302e-03 -3.165055e-01 -9.485870e-01
    outer loop
      vertex   8.920000e-01 -1.002128e-02  1.239628e+00
      vertex   8.950000e-01 -1.010778e-02  1.239666e+00
      vertex   8.920000e-01 -1.037105e-02  1.239745e+00
    endloop
  endfacet
  facet normal -1.246726e-03 -2.760710e-01 -9.611364e-01
    outer loop
      vertex   8.920000e-01 -1.037105e-02  1.239745e+00
      vertex   8.950000e-01 -1.010778e-02  1.239666e+00
      vertex   8.950000e-01 -1.041490e-02  1.239754e+00
    endloop
  endfacet
  facet normal  0.000000e+00 -8.945984e-01  4.468710e-01
    outer loop
      vertex   8.920000e-01 -9.180986e-03  1.237524e+00
      vertex   8.890001e-01 -9.180986e-03  1.237524e+00
      vertex   8.920000e-01 -9.308299e-03  1.237269e+00
    endloop
  endfacet
  facet normal  1.385511e-03 -8.879827e-01  4.598746e-01
    outer loop
      vertex   8.920000e-01 -9.308299e-03  1.237269e+00
      vertex   8.890001e-01 -9.180986e-03  1.237524e+00
      vertex   8.890001e-01 -9.334094e-03  1.237229e+00
    endloop
  endfacet
  facet normal -1.188193e-03 -8.032473e-01  5.956444e-01
    outer loop
      vertex   8.920000e-01 -9.308299e-03  1.237269e+00
      vertex   8.890001e-01 -9.334094e-03  1.237229e+00
      vertex   8.920000e-01 -9.481473e-03  1.237036e+00
    endloop
  endfacet
  facet normal  2.385034e-03 -7.761533e-01  6.305397e-01
    outer loop
      vertex   8.920000e-01 -9.481473e-03  1.237036e+00
      vertex   8.890001e-01 -9.334094e-03  1.237229e+00
      vertex   8.890001e-01 -9.548411e-03  1.236965e+00
    endloop
  endfacet
  facet normal -1.925757e-03 -6.859881e-01  7.276102e-01
    outer loop
      vertex   8.920000e-01 -9.481473e-03  1.237036e+00
      vertex   8.890001e-01 -9.548411e-03  1.236965e+00
      vertex   8.920000e-01 -9.694149e-03  1.236835e+00
    endloop
  endfacet
  facet normal  2.861952e-03 -6.305487e-01  7.761444e-01
    outer loop
      vertex   8.920000e-01 -9.694149e-03  1.236835e+00
      vertex   8.890001e-01 -9.548411e-03  1.236965e+00
      vertex   8.890001e-01 -9.812240e-03  1.236750e+00
    endloop
  endfacet
  facet normal -2.130339e-03 -5.473801e-01  8.368813e-01
    outer loop
      vertex   8.920000e-01 -9.694149e-03  1.236835e+00
      vertex   8.890001e-01 -9.812240e-03  1.236750e+00
      vertex   8.920000e-01 -9.936186e-03  1.236677e+00
    endloop
  endfacet
  facet normal  2.734758e-03 -4.598941e-01  8.879696e-01
    outer loop
      vertex   8.920000e-01 -9.936186e-03  1.236677e+00
      vertex   8.890001e-01 -9.812240e-03  1.236750e+00
      vertex   8.890001e-01 -1.010778e-02  1.236597e+00
    endloop
  endfacet
  facet normal -1.774316e-03 -3.952615e-01  9.185669e-01
    outer loop
      vertex   8.920000e-01 -9.936186e-03  1.236677e+00
      vertex   8.890001e-01 -1.010778e-02  1.236597e+00
      vertex   8.920000e-01 -1.019522e-02  1.236565e+00
    endloop
  endfacet
  facet normal  2.151199e-03 -2.760706e-01  9.611349e-01
    outer loop
      vertex   8.920000e-01 -1.019522e-02  1.236565e+00
      vertex   8.890001e-01 -1.010778e-02  1.236597e+00
      vertex   8.890001e-01 -1.041490e-02  1.236509e+00
    endloop
  endfacet
  facet normal -1.001135e-03 -2.357628e-01  9.718102e-01
    outer loop
      vertex   8.920000e-01 -1.019522e-02  1.236565e+00
      vertex   8.890001e-01 -1.041490e-02  1.236509e+00
      vertex   8.920000e-01 -1.045859e-02  1.236502e+00
    endloop
  endfacet
  facet normal  1.156854e-03 -9.172706e-02  9.957835e-01
    outer loop
      vertex   8.890001e-01  1.101538e-02  1.236509e+00
      vertex   8.890001e-01  1.071514e-02  1.236481e+00
      vertex   8.920000e-01  1.097168e-02  1.236502e+00
    endloop
  endfacet
  facet normal  0.000000e+00 -7.828914e-02  9.969307e-01
    outer loop
      vertex   8.920000e-01  1.097168e-02  1.236502e+00
      vertex   8.890001e-01  1.071514e-02  1.236481e+00
      vertex   8.950000e-01  1.071514e-02  1.236481e+00
    endloop
  endfacet
  facet normal -1.156831e-03 -9.172706e-02  9.957835e-01
    outer loop
      vertex   8.920000e-01  1.097168e-02  1.236502e+00
      vertex   8.950000e-01  1.071514e-02  1.236481e+00
      vertex   8.950000e-01  1.101538e-02  1.236509e+00
    endloop
  endfacet
  facet normal  1.001054e-03 -2.357636e-01  9.718100e-01
    outer loop
      vertex   8.920000e-01  1.097168e-02  1.236502e+00
      vertex   8.950000e-01  1.101538e-02  1.236509e+00
      vertex   8.920000e-01  1.123506e-02  1.236565e+00
    endloop
  endfacet
  facet normal -2.151218e-03 -2.760714e-01  9.611347e-01
    outer loop
      vertex   8.920000e-01  1.123506e-02  1.236565e+00
      vertex   8.950000e-01  1.101538e-02  1.236509e+00
      vertex   8.950000e-01  1.132249e-02  1.236597e+00
    endloop
  endfacet
  facet normal  1.774117e-03 -3.952603e-01  9.185674e-01
    outer loop
      vertex   8.920000e-01  1.123506e-02  1.236565e+00
      vertex   8.950000e-01  1.132249e-02  1.236597e+00
      vertex   8.920000e-01  1.149409e-02  1.236677e+00
    endloop
  endfacet
  facet normal -2.734907e-03 -4.598929e-01  8.879701e-01
    outer loop
      vertex   8.920000e-01  1.149409e-02  1.236677e+00
      vertex   8.950000e-01  1.132249e-02  1.236597e+00
      vertex   8.950000e-01  1.161803e-02  1.236750e+00
    endloop
  endfacet
  facet normal  2.130213e-03 -5.473816e-01  8.368804e-01
    outer loop
      vertex   8.920000e-01  1.149409e-02  1.236677e+00
      vertex   8.950000e-01  1.161803e-02  1.236750e+00
      vertex   8.920000e-01  1.173612e-02  1.236835e+00
    endloop
  endfacet
  facet normal -2.861812e-03 -6.305473e-01  7.761455e-01
    outer loop
      vertex   8.920000e-01  1.173612e-02  1.236835e+00
      vertex   8.950000e-01  1.161803e-02  1.236750e+00
      vertex   8.950000e-01  1.188186e-02  1.236965e+00
    endloop
  endfacet
  facet normal  1.925932e-03 -6.859881e-01  7.276102e-01
    outer loop
      vertex   8.920000e-01  1.173612e-02  1.236835e+00
      vertex   8.950000e-01  1.188186e-02  1.236965e+00
      vertex   8.920000e-01  1.194880e-02  1.237036e+00
    endloop
  endfacet
  facet normal -2.384815e-03 -7.761547e-01  6.305380e-01
    outer loop
      vertex   8.920000e-01  1.194880e-02  1.237036e+00
      vertex   8.950000e-01  1.188186e-02  1.236965e+00
      vertex   8.950000e-01  1.209618e-02  1.237229e+00
    endloop
  endfacet
  facet normal  1.188380e-03 -8.032489e-01  5.956423e-01
    outer loop
      vertex   8.920000e-01  1.194880e-02  1.237036e+00
      vertex   8.950000e-01  1.209618e-02  1.237229e+00
      vertex   8.920000e-01  1.212197e-02  1.237269e+00
    endloop
  endfacet
  facet normal -1.385169e-03 -8.879817e-01  4.598768e-01
    outer loop
      vertex   8.920000e-01  1.212197e-02  1.237269e+00
      vertex   8.950000e-01  1.209618e-02  1.237229e+00
      vertex   8.950000e-01  1.224929e-02  1.237524e+00
    endloop
  endfacet
  facet normal  0.000000e+00 -8.945957e-01  4.468762e-01
    outer loop
      vertex   8.920000e-01  1.212197e-02  1.237269e+00
      vertex   8.950000e-01  1.224929e-02  1.237524e+00
      vertex   8.920000e-01  1.224929e-02  1.237524e+00
    endloop
  endfacet
  facet normal  0.000000e+00 -9.572147e-01  2.893788e-01
    outer loop
      vertex   8.920000e-01  1.224929e-02  1.237524e+00
      vertex   8.950000e-01  1.224929e-02  1.237524e+00
      vertex   8.920000e-01  1.232886e-02  1.237787e+00
    endloop
  endfacet
  facet normal  0.000000e+00 -9.572147e-01  2.893788e-01
    outer loop
      vertex   8.920000e-01  1.224929e-02  1.237524e+00
      vertex   8.920000e-01  1.232886e-02  1.237787e+00
      vertex   8.890001e-01  1.224929e-02  1.237524e+00
    endloop
  endfacet
  facet normal  1.244436e-03 -9.610546e-01  2.763563e-01
    outer loop
      vertex   8.890001e-01  1.224929e-02  1.237524e+00
      vertex   8.920000e-01  1.232886e-02  1.237787e+00
      vertex   8.890001e-01  1.233759e-02  1.237831e+00
    endloop
  endfacet
  facet normal -1.361208e-03 -9.944898e-01  1.048244e-01
    outer loop
      vertex   8.890001e-01  1.233759e-02  1.237831e+00
      vertex   8.920000e-01  1.232886e-02  1.237787e+00
      vertex   8.920000e-01  1.236514e-02  1.238132e+00
    endloop
  endfacet
  facet normal  0.000000e+00 -9.958191e-01  9.134745e-02
    outer loop
      vertex   8.890001e-01  1.233759e-02  1.237831e+00
      vertex   8.920000e-01  1.236514e-02  1.238132e+00
      vertex   8.890001e-01  1.236514e-02  1.238132e+00
    endloop
  endfacet
  facet normal  0.000000e+00 -9.958158e-01 -9.138343e-02
    outer loop
      vertex   8.890001e-01  1.236514e-02  1.238132e+00
      vertex   8.920000e-01  1.236514e-02  1.238132e+00
      vertex   8.890001e-01  1.233759e-02  1.238432e+00
    endloop
  endfacet
  facet normal -1.360672e-03 -9.944862e-01 -1.048603e-01
    outer loop
      vertex   8.890001e-01  1.233759e-02  1.238432e+00
      vertex   8.920000e-01  1.236514e-02  1.238132e+00
      vertex   8.920000e-01  1.232886e-02  1.238476e+00
    endloop
  endfacet
  facet normal  1.244436e-03 -9.610546e-01 -2.763563e-01
    outer loop
      vertex   8.890001e-01  1.233759e-02  1.238432e+00
      vertex   8.920000e-01  1.232886e-02  1.238476e+00
      vertex   8.890001e-01  1.224929e-02  1.238739e+00
    endloop
  endfacet
  facet normal -2.610316e-03 -9.485823e-01 -3.165199e-01
    outer loop
      vertex   8.890001e-01  1.224929e-02  1.238739e+00
      vertex   8.920000e-01  1.232886e-02  1.238476e+00
      vertex   8.920000e-01  1.221215e-02  1.238825e+00
    endloop
  endfacet
  facet normal  2.275503e-03 -8.879802e-01 -4.598761e-01
    outer loop
      vertex   8.890001e-01  1.224929e-02  1.238739e+00
      vertex   8.920000e-01  1.221215e-02  1.238825e+00
      vertex   8.890001e-01  1.209618e-02  1.239034e+00
    endloop
  endfacet
  facet normal -3.523204e-03 -8.521895e-01 -5.232214e-01
    outer loop
      vertex   8.890001e-01  1.209618e-02  1.239034e+00
      vertex   8.920000e-01  1.221215e-02  1.238825e+00
      vertex   8.920000e-01  1.201132e-02  1.239152e+00
    endloop
  endfacet
  facet normal  2.849434e-03 -7.761538e-01 -6.305373e-01
    outer loop
      vertex   8.890001e-01  1.209618e-02  1.239034e+00
      vertex   8.920000e-01  1.201132e-02  1.239152e+00
      vertex   8.890001e-01  1.188186e-02  1.239298e+00
    endloop
  endfacet
  facet normal -3.843945e-03 -7.071805e-01 -7.070226e-01
    outer loop
      vertex   8.890001e-01  1.188186e-02  1.239298e+00
      vertex   8.920000e-01  1.201132e-02  1.239152e+00
      vertex   8.920000e-01  1.173612e-02  1.239428e+00
    endloop
  endfacet
  facet normal  2.879543e-03 -6.303359e-01 -7.763171e-01
    outer loop
      vertex   8.890001e-01  1.188186e-02  1.239298e+00
      vertex   8.920000e-01  1.173612e-02  1.239428e+00
      vertex   8.890001e-01  1.161803e-02  1.239512e+00
    endloop
  endfacet
  facet normal -3.491361e-03 -5.230314e-01 -8.523063e-01
    outer loop
      vertex   8.890001e-01  1.161803e-02  1.239512e+00
      vertex   8.920000e-01  1.173612e-02  1.239428e+00
      vertex   8.920000e-01  1.140899e-02  1.239628e+00
    endloop
  endfacet
  facet normal  2.261720e-03 -4.601758e-01 -8.878249e-01
    outer loop
      vertex   8.890001e-01  1.161803e-02  1.239512e+00
      vertex   8.920000e-01  1.140899e-02  1.239628e+00
      vertex   8.890001e-01  1.132249e-02  1.239666e+00
    endloop
  endfacet
  facet normal -2.634281e-03 -3.165047e-01 -9.485872e-01
    outer loop
      vertex   8.890001e-01  1.132249e-02  1.239666e+00
      vertex   8.920000e-01  1.140899e-02  1.239628e+00
      vertex   8.920000e-01  1.105922e-02  1.239745e+00
    endloop
  endfacet
  facet normal  1.246676e-03 -2.760718e-01 -9.611362e-01
    outer loop
      vertex   8.890001e-01  1.132249e-02  1.239666e+00
      vertex   8.920000e-01  1.105922e-02  1.239745e+00
      vertex   8.890001e-01  1.101538e-02  1.239754e+00
    endloop
  endfacet
  facet normal -1.553825e-03 -9.133494e-02 -9.958190e-01
    outer loop
      vertex   8.890001e-01  1.101538e-02  1.239754e+00
      vertex   8.920000e-01  1.105922e-02  1.239745e+00
      vertex   8.890001e-01  1.071514e-02  1.239781e+00
    endloop
  endfacet
  facet normal  1.199598e-03 -1.150819e-01 -9.933553e-01
    outer loop
      vertex   8.890001e-01  1.071514e-02  1.239781e+00
      vertex   8.920000e-01  1.105922e-02  1.239745e+00
      vertex   8.950000e-01  1.101538e-02  1.239754e+00
    endloop
  endfacet
  facet normal  0.000000e+00 -9.133505e-02 -9.958202e-01
    outer loop
      vertex   8.890001e-01  1.071514e-02  1.239781e+00
      vertex   8.950000e-01  1.101538e-02  1.239754e+00
      vertex   8.950000e-01  1.071514e-02  1.239781e+00
    endloop
  endfacet
  facet normal -1.244412e-03 -9.610545e-01  2.763562e-01
    outer loop
      vertex   8.950000e-01  1.224929e-02  1.237524e+00
      vertex   8.950000e-01  1.233759e-02  1.237831e+00
      vertex   8.920000e-01  1.232886e-02  1.237787e+00
    endloop
  endfacet
  facet normal  1.361181e-03 -9.944898e-01  1.048244e-01
    outer loop
      vertex   8.920000e-01  1.232886e-02  1.237787e+00
      vertex   8.950000e-01  1.233759e-02  1.237831e+00
      vertex   8.920000e-01  1.236514e-02  1.238132e+00
    endloop
  endfacet
  facet normal  0.000000e+00 -9.958190e-01  9.134745e-02
    outer loop
      vertex   8.950000e-01  1.233759e-02  1.237831e+00
      vertex   8.950000e-01  1.236514e-02  1.238132e+00
      vertex   8.920000e-01  1.236514e-02  1.238132e+00
    endloop
  endfacet
  facet normal  0.000000e+00 -9.958158e-01 -9.138343e-02
    outer loop
      vertex   8.920000e-01  1.236514e-02  1.238132e+00
      vertex   8.950000e-01  1.236514e-02  1.238132e+00
      vertex   8.950000e-01  1.233759e-02  1.238432e+00
    endloop
  endfacet
  facet normal  1.360644e-03 -9.944860e-01 -1.048603e-01
    outer loop
      vertex   8.920000e-01  1.236514e-02  1.238132e+00
      vertex   8.950000e-01  1.233759e-02  1.238432e+00
      vertex   8.920000e-01  1.232886e-02  1.238476e+00
    endloop
  endfacet
  facet normal -1.244412e-03 -9.610545e-01 -2.763562e-01
    outer loop
      vertex   8.920000e-01  1.232886e-02  1.238476e+00
      vertex   8.950000e-01  1.233759e-02  1.238432e+00
      vertex   8.950000e-01  1.224929e-02  1.238739e+00
    endloop
  endfacet
  facet normal  2.610265e-03 -9.485822e-01 -3.165199e-01
    outer loop
      vertex   8.920000e-01  1.232886e-02  1.238476e+00
      vertex   8.950000e-01  1.224929e-02  1.238739e+00
      vertex   8.920000e-01  1.221215e-02  1.238825e+00
    endloop
  endfacet
  facet normal -2.275458e-03 -8.879802e-01 -4.598760e-01
    outer loop
      vertex   8.920000e-01  1.221215e-02  1.238825e+00
      vertex   8.950000e-01  1.224929e-02  1.238739e+00
      vertex   8.950000e-01  1.209618e-02  1.239034e+00
    endloop
  endfacet
  facet normal  3.523134e-03 -8.521895e-01 -5.232214e-01
    outer loop
      vertex   8.920000e-01  1.221215e-02  1.238825e+00
      vertex   8.950000e-01  1.209618e-02  1.239034e+00
      vertex   8.920000e-01  1.201132e-02  1.239152e+00
    endloop
  endfacet
  facet normal -2.849377e-03 -7.761537e-01 -6.305373e-01
    outer loop
      vertex   8.920000e-01  1.201132e-02  1.239152e+00
      vertex   8.950000e-01  1.209618e-02  1.239034e+00
      vertex   8.950000e-01  1.188186e-02  1.239298e+00
    endloop
  endfacet
  facet normal  3.843869e-03 -7.071805e-01 -7.070225e-01
    outer loop
      vertex   8.920000e-01  1.201132e-02  1.239152e+00
      vertex   8.950000e-01  1.188186e-02  1.239298e+00
      vertex   8.920000e-01  1.173612e-02  1.239428e+00
    endloop
  endfacet
  facet normal -2.879485e-03 -6.303360e-01 -7.763171e-01
    outer loop
      vertex   8.920000e-01  1.173612e-02  1.239428e+00
      vertex   8.950000e-01  1.188186e-02  1.239298e+00
      vertex   8.950000e-01  1.161803e-02  1.239512e+00
    endloop
  endfacet
  facet normal  3.491292e-03 -5.230314e-01 -8.523063e-01
    outer loop
      vertex   8.920000e-01  1.173612e-02  1.239428e+00
      vertex   8.950000e-01  1.161803e-02  1.239512e+00
      vertex   8.920000e-01  1.140899e-02  1.239628e+00
    endloop
  endfacet
  facet normal -2.261676e-03 -4.601759e-01 -8.878250e-01
    outer loop
      vertex   8.920000e-01  1.140899e-02  1.239628e+00
      vertex   8.950000e-01  1.161803e-02  1.239512e+00
      vertex   8.950000e-01  1.132249e-02  1.239666e+00
    endloop
  endfacet
  facet normal  2.634229e-03 -3.165047e-01 -9.485872e-01
    outer loop
      vertex   8.920000e-01  1.140899e-02  1.239628e+00
      vertex   8.950000e-01  1.132249e-02  1.239666e+00
      vertex   8.920000e-01  1.105922e-02  1.239745e+00
    endloop
  endfacet
  facet normal -1.246652e-03 -2.760718e-01 -9.611363e-01
    outer loop
      vertex   8.920000e-01  1.105922e-02  1.239745e+00
      vertex   8.950000e-01  1.132249e-02  1.239666e+00
      vertex   8.950000e-01  1.101538e-02  1.239754e+00
    endloop
  endfacet
  facet normal  0.000000e+00 -8.945958e-01  4.468762e-01
    outer loop
      vertex   8.920000e-01  1.224929e-02  1.237524e+00
      vertex   8.890001e-01  1.224929e-02  1.237524e+00
      vertex   8.920000e-01  1.212197e-02  1.237269e+00
    endloop
  endfacet
  facet normal  1.385197e-03 -8.879817e-01  4.598768e-01
    outer loop
      vertex   8.920000e-01  1.212197e-02  1.237269e+00
      vertex   8.890001e-01  1.224929e-02  1.237524e+00
      vertex   8.890001e-01  1.209618e-02  1.237229e+00
    endloop
  endfacet
  facet normal -1.188401e-03 -8.032489e-01  5.956423e-01
    outer loop
      vertex   8.920000e-01  1.212197e-02  1.237269e+00
      vertex   8.890001e-01  1.209618e-02  1.237229e+00
      vertex   8.920000e-01  1.194880e-02  1.237036e+00
    endloop
  endfacet
  facet normal  2.384863e-03 -7.761547e-01  6.305380e-01
    outer loop
      vertex   8.920000e-01  1.194880e-02  1.237036e+00
      vertex   8.890001e-01  1.209618e-02  1.237229e+00
      vertex   8.890001e-01  1.188186e-02  1.236965e+00
    endloop
  endfacet
  facet normal -1.925970e-03 -6.859881e-01  7.276102e-01
    outer loop
      vertex   8.920000e-01  1.194880e-02  1.237036e+00
      vertex   8.890001e-01  1.188186e-02  1.236965e+00
      vertex   8.920000e-01  1.173612e-02  1.236835e+00
    endloop
  endfacet
  facet normal  2.861869e-03 -6.305473e-01  7.761455e-01
    outer loop
      vertex   8.920000e-01  1.173612e-02  1.236835e+00
      vertex   8.890001e-01  1.188186e-02  1.236965e+00
      vertex   8.890001e-01  1.161803e-02  1.236750e+00
    endloop
  endfacet
  facet normal -2.130253e-03 -5.473816e-01  8.368804e-01
    outer loop
      vertex   8.920000e-01  1.173612e-02  1.236835e+00
      vertex   8.890001e-01  1.161803e-02  1.236750e+00
      vertex   8.920000e-01  1.149409e-02  1.236677e+00
    endloop
  endfacet
  facet normal  2.734962e-03 -4.598930e-01  8.879701e-01
    outer loop
      vertex   8.920000e-01  1.149409e-02  1.236677e+00
      vertex   8.890001e-01  1.161803e-02  1.236750e+00
      vertex   8.890001e-01  1.132249e-02  1.236597e+00
    endloop
  endfacet
  facet normal -1.774151e-03 -3.952603e-01  9.185674e-01
    outer loop
      vertex   8.920000e-01  1.149409e-02  1.236677e+00
      vertex   8.890001e-01  1.132249e-02  1.236597e+00
      vertex   8.920000e-01  1.123506e-02  1.236565e+00
    endloop
  endfacet
  facet normal  2.151261e-03 -2.760714e-01  9.611348e-01
    outer loop
      vertex   8.920000e-01  1.123506e-02  1.236565e+00
      vertex   8.890001e-01  1.132249e-02  1.236597e+00
      vertex   8.890001e-01  1.101538e-02  1.236509e+00
    endloop
  endfacet
  facet normal -1.001074e-03 -2.357635e-01  9.718099e-01
    outer loop
      vertex   8.920000e-01  1.123506e-02  1.236565e+00
      vertex   8.890001e-01  1.101538e-02  1.236509e+00
      vertex   8.920000e-01  1.097168e-02  1.236502e+00
    endloop
  endfacet
  facet normal  1.162626e-03 -9.133499e-02  9.958195e-01
    outer loop
      vertex   8.890001e-01  2.616887e-02  1.251662e+00
      vertex   8.890001e-01  2.586863e-02  1.251635e+00
      vertex   8.920000e-01  2.612517e-02  1.251655e+00
    endloop
  endfacet
  facet normal  0.000000e+00 -7.782899e-02  9.969668e-01
    outer loop
      vertex   8.920000e-01  2.612517e-02  1.251655e+00
      vertex   8.890001e-01  2.586863e-02  1.251635e+00
      vertex   8.950000e-01  2.586863e-02  1.251635e+00
    endloop
  endfacet
  facet normal -1.162603e-03 -9.133499e-02  9.958196e-01
    outer loop
      vertex   8.920000e-01  2.612517e-02  1.251655e+00
      vertex   8.950000e-01  2.586863e-02  1.251635e+00
      vertex   8.950000e-01  2.616887e-02  1.251662e+00
    endloop
  endfacet
  facet normal  1.007429e-03 -2.361789e-01  9.717091e-01
    outer loop
      vertex   8.920000e-01  2.612517e-02  1.251655e+00
      vertex   8.950000e-01  2.616887e-02  1.251662e+00
      vertex   8.920000e-01  2.638855e-02  1.251719e+00
    endloop
  endfacet
  facet normal -2.140100e-03 -2.764167e-01  9.610354e-01
    outer loop
      vertex   8.920000e-01  2.638855e-02  1.251719e+00
      vertex   8.950000e-01  2.616887e-02  1.251662e+00
      vertex   8.950000e-01  2.647598e-02  1.251751e+00
    endloop
  endfacet
  facet normal  1.762131e-03 -3.949048e-01  9.187204e-01
    outer loop
      vertex   8.920000e-01  2.638855e-02  1.251719e+00
      vertex   8.950000e-01  2.647598e-02  1.251751e+00
      vertex   8.920000e-01  2.664758e-02  1.251830e+00
    endloop
  endfacet
  facet normal -2.770049e-03 -4.598929e-01  8.879700e-01
    outer loop
      vertex   8.920000e-01  2.664758e-02  1.251830e+00
      vertex   8.950000e-01  2.647598e-02  1.251751e+00
      vertex   8.950000e-01  2.677152e-02  1.251904e+00
    endloop
  endfacet
  facet normal  2.113595e-03 -5.476688e-01  8.366926e-01
    outer loop
      vertex   8.920000e-01  2.664758e-02  1.251830e+00
      vertex   8.950000e-01  2.677152e-02  1.251904e+00
      vertex   8.920000e-01  2.688962e-02  1.251989e+00
    endloop
  endfacet
  facet normal -2.861812e-03 -6.305473e-01  7.761455e-01
    outer loop
      vertex   8.920000e-01  2.688962e-02  1.251989e+00
      vertex   8.950000e-01  2.677152e-02  1.251904e+00
      vertex   8.950000e-01  2.703536e-02  1.252118e+00
    endloop
  endfacet
  facet normal  1.925789e-03 -6.859865e-01  7.276117e-01
    outer loop
      vertex   8.920000e-01  2.688962e-02  1.251989e+00
      vertex   8.950000e-01  2.703536e-02  1.252118e+00
      vertex   8.920000e-01  2.710229e-02  1.252189e+00
    endloop
  endfacet
  facet normal -2.385056e-03 -7.761547e-01  6.305380e-01
    outer loop
      vertex   8.920000e-01  2.710229e-02  1.252189e+00
      vertex   8.950000e-01  2.703536e-02  1.252118e+00
      vertex   8.950000e-01  2.724967e-02  1.252382e+00
    endloop
  endfacet
  facet normal  1.187918e-03 -8.032474e-01  5.956444e-01
    outer loop
      vertex   8.920000e-01  2.710229e-02  1.252189e+00
      vertex   8.950000e-01  2.724967e-02  1.252382e+00
      vertex   8.920000e-01  2.727547e-02  1.252423e+00
    endloop
  endfacet
  facet normal -1.385760e-03 -8.879828e-01  4.598746e-01
    outer loop
      vertex   8.920000e-01  2.727547e-02  1.252423e+00
      vertex   8.950000e-01  2.724967e-02  1.252382e+00
      vertex   8.950000e-01  2.740278e-02  1.252678e+00
    endloop
  endfacet
  facet normal  0.000000e+00 -8.945997e-01  4.468684e-01
    outer loop
      vertex   8.920000e-01  2.727547e-02  1.252423e+00
      vertex   8.950000e-01  2.740278e-02  1.252678e+00
      vertex   8.920000e-01  2.740278e-02  1.252678e+00
    endloop
  endfacet
  facet normal  0.000000e+00 -9.572119e-01  2.893881e-01
    outer loop
      vertex   8.920000e-01  2.740278e-02  1.252678e+00
      vertex   8.950000e-01  2.740278e-02  1.252678e+00
      vertex   8.920000e-01  2.748236e-02  1.252941e+00
    endloop
  endfacet
  facet normal  0.000000e+00 -9.572119e-01  2.893881e-01
    outer loop
      vertex   8.920000e-01  2.740278e-02  1.252678e+00
      vertex   8.920000e-01  2.748236e-02  1.252941e+00
      vertex   8.890001e-01  2.740278e-02  1.252678e+00
    endloop
  endfacet
  facet normal  1.245075e-03 -9.610537e-01  2.763589e-01
    outer loop
      vertex   8.890001e-01  2.740278e-02  1.252678e+00
      vertex   8.920000e-01  2.748236e-02  1.252941e+00
      vertex   8.890001e-01  2.749108e-02  1.252985e+00
    endloop
  endfacet
  facet normal -1.360094e-03 -9.944863e-01  1.048576e-01
    outer loop
      vertex   8.890001e-01  2.749108e-02  1.252985e+00
      vertex   8.920000e-01  2.748236e-02  1.252941e+00
      vertex   8.920000e-01  2.751863e-02  1.253285e+00
    endloop
  endfacet
  facet normal  0.000000e+00 -9.958155e-01  9.138649e-02
    outer loop
      vertex   8.890001e-01  2.749108e-02  1.252985e+00
      vertex   8.920000e-01  2.751863e-02  1.253285e+00
      vertex   8.890001e-01  2.751863e-02  1.253285e+00
    endloop
  endfacet
  facet normal  0.000000e+00 -9.958188e-01 -9.135051e-02
    outer loop
      vertex   8.890001e-01  2.751863e-02  1.253285e+00
      vertex   8.920000e-01  2.751863e-02  1.253285e+00
      vertex   8.890001e-01  2.749108e-02  1.253585e+00
    endloop
  endfacet
  facet normal -1.364261e-03 -9.944863e-01 -1.048576e-01
    outer loop
      vertex   8.890001e-01  2.749108e-02  1.253585e+00
      vertex   8.920000e-01  2.751863e-02  1.253285e+00
      vertex   8.920000e-01  2.748236e-02  1.253629e+00
    endloop
  endfacet
  facet normal  1.234093e-03 -9.610537e-01 -2.763589e-01
    outer loop
      vertex   8.890001e-01  2.749108e-02  1.253585e+00
      vertex   8.920000e-01  2.748236e-02  1.253629e+00
      vertex   8.890001e-01  2.740278e-02  1.253892e+00
    endloop
  endfacet
  facet normal -2.613292e-03 -9.486124e-01 -3.164297e-01
    outer loop
      vertex   8.890001e-01  2.740278e-02  1.253892e+00
      vertex   8.920000e-01  2.748236e-02  1.253629e+00
      vertex   8.920000e-01  2.736565e-02  1.253979e+00
    endloop
  endfacet
  facet normal  2.280582e-03 -8.879056e-01 -4.600201e-01
    outer loop
      vertex   8.890001e-01  2.740278e-02  1.253892e+00
      vertex   8.920000e-01  2.736565e-02  1.253979e+00
      vertex   8.890001e-01  2.724967e-02  1.254188e+00
    endloop
  endfacet
  facet normal -3.502513e-03 -8.521907e-01 -5.232198e-01
    outer loop
      vertex   8.890001e-01  2.724967e-02  1.254188e+00
      vertex   8.920000e-01  2.736565e-02  1.253979e+00
      vertex   8.920000e-01  2.716481e-02  1.254306e+00
    endloop
  endfacet
  facet normal  2.874490e-03 -7.761537e-01 -6.305372e-01
    outer loop
      vertex   8.890001e-01  2.724967e-02  1.254188e+00
      vertex   8.920000e-01  2.716481e-02  1.254306e+00
      vertex   8.890001e-01  2.703536e-02  1.254452e+00
    endloop
  endfacet
  facet normal -3.815851e-03 -7.071806e-01 -7.070227e-01
    outer loop
      vertex   8.890001e-01  2.703536e-02  1.254452e+00
      vertex   8.920000e-01  2.716481e-02  1.254306e+00
      vertex   8.920000e-01  2.688962e-02  1.254581e+00
    endloop
  endfacet
  facet normal  2.892709e-03 -6.305473e-01 -7.761455e-01
    outer loop
      vertex   8.890001e-01  2.703536e-02  1.254452e+00
      vertex   8.920000e-01  2.688962e-02  1.254581e+00
      vertex   8.890001e-01  2.677152e-02  1.254666e+00
    endloop
  endfacet
  facet normal -3.491301e-03 -5.230324e-01 -8.523057e-01
    outer loop
      vertex   8.890001e-01  2.677152e-02  1.254666e+00
      vertex   8.920000e-01  2.688962e-02  1.254581e+00
      vertex   8.920000e-01  2.656249e-02  1.254782e+00
    endloop
  endfacet
  facet normal  2.261862e-03 -4.601758e-01 -8.878249e-01
    outer loop
      vertex   8.890001e-01  2.677152e-02  1.254666e+00
      vertex   8.920000e-01  2.656249e-02  1.254782e+00
      vertex   8.890001e-01  2.647598e-02  1.254819e+00
    endloop
  endfacet
  facet normal -2.634208e-03 -3.165040e-01 -9.485876e-01
    outer loop
      vertex   8.890001e-01  2.647598e-02  1.254819e+00
      vertex   8.920000e-01  2.656249e-02  1.254782e+00
      vertex   8.920000e-01  2.621271e-02  1.254899e+00
    endloop
  endfacet
  facet normal  1.246604e-03 -2.760726e-01 -9.611360e-01
    outer loop
      vertex   8.890001e-01  2.647598e-02  1.254819e+00
      vertex   8.920000e-01  2.621271e-02  1.254899e+00
      vertex   8.890001e-01  2.616887e-02  1.254907e+00
    endloop
  endfacet
  facet normal -1.553854e-03 -9.133494e-02 -9.958190e-01
    outer loop
      vertex   8.890001e-01  2.616887e-02  1.254907e+00
      vertex   8.920000e-01  2.621271e-02  1.254899e+00
      vertex   8.890001e-01  2.586863e-02  1.254935e+00
    endloop
  endfacet
  facet normal  1.199626e-03 -1.150824e-01 -9.933553e-01
    outer loop
      vertex   8.890001e-01  2.586863e-02  1.254935e+00
      vertex   8.920000e-01  2.621271e-02  1.254899e+00
      vertex   8.950000e-01  2.616887e-02  1.254907e+00
    endloop
  endfacet
  facet normal  0.000000e+00 -9.133505e-02 -9.958202e-01
    outer loop
      vertex   8.890001e-01  2.586863e-02  1.254935e+00
      vertex   8.950000e-01  2.616887e-02  1.254907e+00
      vertex   8.950000e-01  2.586863e-02  1.254935e+00
    endloop
  endfacet
  facet normal -1.245050e-03 -9.610537e-01  2.763589e-01
    outer loop
      vertex   8.950000e-01  2.740278e-02  1.252678e+00
      vertex   8.950000e-01  2.749108e-02  1.252985e+00
      vertex   8.920000e-01  2.748236e-02  1.252941e+00
    endloop
  endfacet
  facet normal  1.360067e-03 -9.944863e-01  1.048576e-01
    outer loop
      vertex   8.920000e-01  2.748236e-02  1.252941e+00
      vertex   8.950000e-01  2.749108e-02  1.252985e+00
      vertex   8.920000e-01  2.751863e-02  1.253285e+00
    endloop
  endfacet
  facet normal  0.000000e+00 -9.958155e-01  9.138649e-02
    outer loop
      vertex   8.950000e-01  2.749108e-02  1.252985e+00
      vertex   8.950000e-01  2.751863e-02  1.253285e+00
      vertex   8.920000e-01  2.751863e-02  1.253285e+00
    endloop
  endfacet
  facet normal  0.000000e+00 -9.958188e-01 -9.135052e-02
    outer loop
      vertex   8.920000e-01  2.751863e-02  1.253285e+00
      vertex   8.950000e-01  2.751863e-02  1.253285e+00
      vertex   8.950000e-01  2.749108e-02  1.253585e+00
    endloop
  endfacet
  facet normal  1.364233e-03 -9.944863e-01 -1.048576e-01
    outer loop
      vertex   8.920000e-01  2.751863e-02  1.253285e+00
      vertex   8.950000e-01  2.749108e-02  1.253585e+00
      vertex   8.920000e-01  2.748236e-02  1.253629e+00
    endloop
  endfacet
  facet normal -1.234068e-03 -9.610537e-01 -2.763589e-01
    outer loop
      vertex   8.920000e-01  2.748236e-02  1.253629e+00
      vertex   8.950000e-01  2.749108e-02  1.253585e+00
      vertex   8.950000e-01  2.740278e-02  1.253892e+00
    endloop
  endfacet
  facet normal  2.613239e-03 -9.486124e-01 -3.164297e-01
    outer loop
      vertex   8.920000e-01  2.748236e-02  1.253629e+00
      vertex   8.950000e-01  2.740278e-02  1.253892e+00
      vertex   8.920000e-01  2.736565e-02  1.253979e+00
    endloop
  endfacet
  facet normal -2.280537e-03 -8.879055e-01 -4.600201e-01
    outer loop
      vertex   8.920000e-01  2.736565e-02  1.253979e+00
      vertex   8.950000e-01  2.740278e-02  1.253892e+00
      vertex   8.950000e-01  2.724967e-02  1.254188e+00
    endloop
  endfacet
  facet normal  3.502443e-03 -8.521907e-01 -5.232197e-01
    outer loop
      vertex   8.920000e-01  2.736565e-02  1.253979e+00
      vertex   8.950000e-01  2.724967e-02  1.254188e+00
      vertex   8.920000e-01  2.716481e-02  1.254306e+00
    endloop
  endfacet
  facet normal -2.874431e-03 -7.761537e-01 -6.305372e-01
    outer loop
      vertex   8.920000e-01  2.716481e-02  1.254306e+00
      vertex   8.950000e-01  2.724967e-02  1.254188e+00
      vertex   8.950000e-01  2.703536e-02  1.254452e+00
    endloop
  endfacet
  facet normal  3.815775e-03 -7.071806e-01 -7.070227e-01
    outer loop
      vertex   8.920000e-01  2.716481e-02  1.254306e+00
      vertex   8.950000e-01  2.703536e-02  1.254452e+00
      vertex   8.920000e-01  2.688962e-02  1.254581e+00
    endloop
  endfacet
  facet normal -2.892653e-03 -6.305473e-01 -7.761454e-01
    outer loop
      vertex   8.920000e-01  2.688962e-02  1.254581e+00
      vertex   8.950000e-01  2.703536e-02  1.254452e+00
      vertex   8.950000e-01  2.677152e-02  1.254666e+00
    endloop
  endfacet
  facet normal  3.491231e-03 -5.230324e-01 -8.523056e-01
    outer loop
      vertex   8.920000e-01  2.688962e-02  1.254581e+00
      vertex   8.950000e-01  2.677152e-02  1.254666e+00
      vertex   8.920000e-01  2.656249e-02  1.254782e+00
    endloop
  endfacet
  facet normal -2.261818e-03 -4.601759e-01 -8.878250e-01
    outer loop
      vertex   8.920000e-01  2.656249e-02  1.254782e+00
      vertex   8.950000e-01  2.677152e-02  1.254666e+00
      vertex   8.950000e-01  2.647598e-02  1.254819e+00
    endloop
  endfacet
  facet normal  2.634155e-03 -3.165040e-01 -9.485875e-01
    outer loop
      vertex   8.920000e-01  2.656249e-02  1.254782e+00
      vertex   8.950000e-01  2.647598e-02  1.254819e+00
      vertex   8.920000e-01  2.621271e-02  1.254899e+00
    endloop
  endfacet
  facet normal -1.246578e-03 -2.760726e-01 -9.611360e-01
    outer loop
      vertex   8.920000e-01  2.621271e-02  1.254899e+00
      vertex   8.950000e-01  2.647598e-02  1.254819e+00
      vertex   8.950000e-01  2.616887e-02  1.254907e+00
    endloop
  endfacet
  facet normal  0.000000e+00 -8.945997e-01  4.468684e-01
    outer loop
      vertex   8.920000e-01  2.740278e-02  1.252678e+00
      vertex   8.890001e-01  2.740278e-02  1.252678e+00
      vertex   8.920000e-01  2.727547e-02  1.252423e+00
    endloop
  endfacet
  facet normal  1.385788e-03 -8.879827e-01  4.598746e-01
    outer loop
      vertex   8.920000e-01  2.727547e-02  1.252423e+00
      vertex   8.890001e-01  2.740278e-02  1.252678e+00
      vertex   8.890001e-01  2.724967e-02  1.252382e+00
    endloop
  endfacet
  facet normal -1.187943e-03 -8.032473e-01  5.956444e-01
    outer loop
      vertex   8.920000e-01  2.727547e-02  1.252423e+00
      vertex   8.890001e-01  2.724967e-02  1.252382e+00
      vertex   8.920000e-01  2.710229e-02  1.252189e+00
    endloop
  endfacet
  facet normal  2.385104e-03 -7.761547e-01  6.305380e-01
    outer loop
      vertex   8.920000e-01  2.710229e-02  1.252189e+00
      vertex   8.890001e-01  2.724967e-02  1.252382e+00
      vertex   8.890001e-01  2.703536e-02  1.252118e+00
    endloop
  endfacet
  facet normal -1.925828e-03 -6.859866e-01  7.276117e-01
    outer loop
      vertex   8.920000e-01  2.710229e-02  1.252189e+00
      vertex   8.890001e-01  2.703536e-02  1.252118e+00
      vertex   8.920000e-01  2.688962e-02  1.251989e+00
    endloop
  endfacet
  facet normal  2.861869e-03 -6.305473e-01  7.761455e-01
    outer loop
      vertex   8.920000e-01  2.688962e-02  1.251989e+00
      vertex   8.890001e-01  2.703536e-02  1.252118e+00
      vertex   8.890001e-01  2.677152e-02  1.251904e+00
    endloop
  endfacet
  facet normal -2.113637e-03 -5.476688e-01  8.366926e-01
    outer loop
      vertex   8.920000e-01  2.688962e-02  1.251989e+00
      vertex   8.890001e-01  2.677152e-02  1.251904e+00
      vertex   8.920000e-01  2.664758e-02  1.251830e+00
    endloop
  endfacet
  facet normal  2.770105e-03 -4.598929e-01  8.879700e-01
    outer loop
      vertex   8.920000e-01  2.664758e-02  1.251830e+00
      vertex   8.890001e-01  2.677152e-02  1.251904e+00
      vertex   8.890001e-01  2.647598e-02  1.251751e+00
    endloop
  endfacet
  facet normal -1.762165e-03 -3.949047e-01  9.187204e-01
    outer loop
      vertex   8.920000e-01  2.664758e-02  1.251830e+00
      vertex   8.890001e-01  2.647598e-02  1.251751e+00
      vertex   8.920000e-01  2.638855e-02  1.251719e+00
    endloop
  endfacet
  facet normal  2.140142e-03 -2.764167e-01  9.610355e-01
    outer loop
      vertex   8.920000e-01  2.638855e-02  1.251719e+00
      vertex   8.890001e-01  2.647598e-02  1.251751e+00
      vertex   8.890001e-01  2.616887e-02  1.251662e+00
    endloop
  endfacet
  facet normal -1.007450e-03 -2.361789e-01  9.717091e-01
    outer loop
      vertex   8.920000e-01  2.638855e-02  1.251719e+00
      vertex   8.890001e-01  2.616887e-02  1.251662e+00
      vertex   8.920000e-01  2.612517e-02  1.251655e+00
    endloop
  endfacet
  facet normal  1.162626e-03 -9.133499e-02  9.958195e-01
    outer loop
      vertex   8.890001e-01  2.616887e-02  1.273093e+00
      vertex   8.890001e-01  2.586863e-02  1.273065e+00
      vertex   8.920000e-01  2.612517e-02  1.273085e+00
    endloop
  endfacet
  facet normal  0.000000e+00 -7.782899e-02  9.969668e-01
    outer loop
      vertex   8.920000e-01  2.612517e-02  1.273085e+00
      vertex   8.890001e-01  2.586863e-02  1.273065e+00
      vertex   8.950000e-01  2.586863e-02  1.273065e+00
    endloop
  endfacet
  facet normal -1.162603e-03 -9.133499e-02  9.958196e-01
    outer loop
      vertex   8.920000e-01  2.612517e-02  1.273085e+00
      vertex   8.950000e-01  2.586863e-02  1.273065e+00
      vertex   8.950000e-01  2.616887e-02  1.273093e+00
    endloop
  endfacet
  facet normal  1.007429e-03 -2.361789e-01  9.717091e-01
    outer loop
      vertex   8.920000e-01  2.612517e-02  1.273085e+00
      vertex   8.950000e-01  2.616887e-02  1.273093e+00
      vertex   8.920000e-01  2.638855e-02  1.273149e+00
    endloop
  endfacet
  facet normal -2.140100e-03 -2.764167e-01  9.610354e-01
    outer loop
      vertex   8.920000e-01  2.638855e-02  1.273149e+00
      vertex   8.950000e-01  2.616887e-02  1.273093e+00
      vertex   8.950000e-01  2.647598e-02  1.273181e+00
    endloop
  endfacet
  facet normal  1.774157e-03 -3.952615e-01  9.185669e-01
    outer loop
      vertex   8.920000e-01  2.638855e-02  1.273149e+00
      vertex   8.950000e-01  2.647598e-02  1.273181e+00
      vertex   8.920000e-01  2.664758e-02  1.273261e+00
    endloop
  endfacet
  facet normal -2.754798e-03 -4.601753e-01  8.878238e-01
    outer loop
      vertex   8.920000e-01  2.664758e-02  1.273261e+00
      vertex   8.950000e-01  2.647598e-02  1.273181e+00
      vertex   8.950000e-01  2.677152e-02  1.273334e+00
    endloop
  endfacet
  facet normal  2.097042e-03 -5.473802e-01  8.368814e-01
    outer loop
      vertex   8.920000e-01  2.664758e-02  1.273261e+00
      vertex   8.950000e-01  2.677152e-02  1.273334e+00
      vertex   8.920000e-01  2.688962e-02  1.273419e+00
    endloop
  endfacet
  facet normal -2.879485e-03 -6.303360e-01  7.763171e-01
    outer loop
      vertex   8.920000e-01  2.688962e-02  1.273419e+00
      vertex   8.950000e-01  2.677152e-02  1.273334e+00
      vertex   8.950000e-01  2.703536e-02  1.273548e+00
    endloop
  endfacet
  facet normal  1.925789e-03 -6.859865e-01  7.276117e-01
    outer loop
      vertex   8.920000e-01  2.688962e-02  1.273419e+00
      vertex   8.950000e-01  2.703536e-02  1.273548e+00
      vertex   8.920000e-01  2.710229e-02  1.273620e+00
    endloop
  endfacet
  facet normal -2.385056e-03 -7.761547e-01  6.305380e-01
    outer loop
      vertex   8.920000e-01  2.710229e-02  1.273620e+00
      vertex   8.950000e-01  2.703536e-02  1.273548e+00
      vertex   8.950000e-01  2.724967e-02  1.273812e+00
    endloop
  endfacet
  facet normal  1.187918e-03 -8.032474e-01  5.956444e-01
    outer loop
      vertex   8.920000e-01  2.710229e-02  1.273620e+00
      vertex   8.950000e-01  2.724967e-02  1.273812e+00
      vertex   8.920000e-01  2.727547e-02  1.273853e+00
    endloop
  endfacet
  facet normal -1.383121e-03 -8.879070e-01  4.600209e-01
    outer loop
      vertex   8.920000e-01  2.727547e-02  1.273853e+00
      vertex   8.950000e-01  2.724967e-02  1.273812e+00
      vertex   8.950000e-01  2.740278e-02  1.274108e+00
    endloop
  endfacet
  facet normal  0.000000e+00 -8.945161e-01  4.470357e-01
    outer loop
      vertex   8.920000e-01  2.727547e-02  1.273853e+00
      vertex   8.950000e-01  2.740278e-02  1.274108e+00
      vertex   8.920000e-01  2.740278e-02  1.274108e+00
    endloop
  endfacet
  facet normal  0.000000e+00 -9.572482e-01  2.892680e-01
    outer loop
      vertex   8.920000e-01  2.740278e-02  1.274108e+00
      vertex   8.950000e-01  2.740278e-02  1.274108e+00
      vertex   8.920000e-01  2.748236e-02  1.274371e+00
    endloop
  endfacet
  facet normal  0.000000e+00 -9.572482e-01  2.892680e-01
    outer loop
      vertex   8.920000e-01  2.740278e-02  1.274108e+00
      vertex   8.920000e-01  2.748236e-02  1.274371e+00
      vertex   8.890001e-01  2.740278e-02  1.274108e+00
    endloop
  endfacet
  facet normal  1.243543e-03 -9.610822e-01  2.762599e-01
    outer loop
      vertex   8.890001e-01  2.740278e-02  1.274108e+00
      vertex   8.920000e-01  2.748236e-02  1.274371e+00
      vertex   8.890001e-01  2.749108e-02  1.274415e+00
    endloop
  endfacet
  facet normal -1.360094e-03 -9.944863e-01  1.048576e-01
    outer loop
      vertex   8.890001e-01  2.749108e-02  1.274415e+00
      vertex   8.920000e-01  2.748236e-02  1.274371e+00
      vertex   8.920000e-01  2.751863e-02  1.274715e+00
    endloop
  endfacet
  facet normal  0.000000e+00 -9.958155e-01  9.138649e-02
    outer loop
      vertex   8.890001e-01  2.749108e-02  1.274415e+00
      vertex   8.920000e-01  2.751863e-02  1.274715e+00
      vertex   8.890001e-01  2.751863e-02  1.274715e+00
    endloop
  endfacet
  facet normal  0.000000e+00 -9.958188e-01 -9.135051e-02
    outer loop
      vertex   8.890001e-01  2.751863e-02  1.274715e+00
      vertex   8.920000e-01  2.751863e-02  1.274715e+00
      vertex   8.890001e-01  2.749108e-02  1.275015e+00
    endloop
  endfacet
  facet normal -1.360630e-03 -9.944901e-01 -1.048217e-01
    outer loop
      vertex   8.890001e-01  2.749108e-02  1.275015e+00
      vertex   8.920000e-01  2.751863e-02  1.274715e+00
      vertex   8.920000e-01  2.748236e-02  1.275059e+00
    endloop
  endfacet
  facet normal  1.245075e-03 -9.610537e-01 -2.763589e-01
    outer loop
      vertex   8.890001e-01  2.749108e-02  1.275015e+00
      vertex   8.920000e-01  2.748236e-02  1.275059e+00
      vertex   8.890001e-01  2.740278e-02  1.275323e+00
    endloop
  endfacet
  facet normal -2.610091e-03 -9.485800e-01 -3.165267e-01
    outer loop
      vertex   8.890001e-01  2.740278e-02  1.275323e+00
      vertex   8.920000e-01  2.748236e-02  1.275059e+00
      vertex   8.920000e-01  2.736565e-02  1.275409e+00
    endloop
  endfacet
  facet normal  2.275425e-03 -8.879814e-01 -4.598739e-01
    outer loop
      vertex   8.890001e-01  2.740278e-02  1.275323e+00
      vertex   8.920000e-01  2.736565e-02  1.275409e+00
      vertex   8.890001e-01  2.724967e-02  1.275618e+00
    endloop
  endfacet
  facet normal -3.523304e-03 -8.521906e-01 -5.232197e-01
    outer loop
      vertex   8.890001e-01  2.724967e-02  1.275618e+00
      vertex   8.920000e-01  2.736565e-02  1.275409e+00
      vertex   8.920000e-01  2.716481e-02  1.275736e+00
    endloop
  endfacet
  facet normal  2.849434e-03 -7.761538e-01 -6.305373e-01
    outer loop
      vertex   8.890001e-01  2.724967e-02  1.275618e+00
      vertex   8.920000e-01  2.716481e-02  1.275736e+00
      vertex   8.890001e-01  2.703536e-02  1.275882e+00
    endloop
  endfacet
  facet normal -3.843945e-03 -7.071805e-01 -7.070226e-01
    outer loop
      vertex   8.890001e-01  2.703536e-02  1.275882e+00
      vertex   8.920000e-01  2.716481e-02  1.275736e+00
      vertex   8.920000e-01  2.688962e-02  1.276011e+00
    endloop
  endfacet
  facet normal  2.879543e-03 -6.303359e-01 -7.763171e-01
    outer loop
      vertex   8.890001e-01  2.703536e-02  1.275882e+00
      vertex   8.920000e-01  2.688962e-02  1.276011e+00
      vertex   8.890001e-01  2.677152e-02  1.276096e+00
    endloop
  endfacet
  facet normal -3.491301e-03 -5.230324e-01 -8.523057e-01
    outer loop
      vertex   8.890001e-01  2.677152e-02  1.276096e+00
      vertex   8.920000e-01  2.688962e-02  1.276011e+00
      vertex   8.920000e-01  2.656249e-02  1.276212e+00
    endloop
  endfacet
  facet normal  2.261862e-03 -4.601758e-01 -8.878249e-01
    outer loop
      vertex   8.890001e-01  2.677152e-02  1.276096e+00
      vertex   8.920000e-01  2.656249e-02  1.276212e+00
      vertex   8.890001e-01  2.647598e-02  1.276249e+00
    endloop
  endfacet
  facet normal -2.634208e-03 -3.165040e-01 -9.485876e-01
    outer loop
      vertex   8.890001e-01  2.647598e-02  1.276249e+00
      vertex   8.920000e-01  2.656249e-02  1.276212e+00
      vertex   8.920000e-01  2.621271e-02  1.276329e+00
    endloop
  endfacet
  facet normal  1.246604e-03 -2.760726e-01 -9.611360e-01
    outer loop
      vertex   8.890001e-01  2.647598e-02  1.276249e+00
      vertex   8.920000e-01  2.621271e-02  1.276329e+00
      vertex   8.890001e-01  2.616887e-02  1.276338e+00
    endloop
  endfacet
  facet normal -1.553854e-03 -9.133494e-02 -9.958190e-01
    outer loop
      vertex   8.890001e-01  2.616887e-02  1.276338e+00
      vertex   8.920000e-01  2.621271e-02  1.276329e+00
      vertex   8.890001e-01  2.586863e-02  1.276365e+00
    endloop
  endfacet
  facet normal  1.199626e-03 -1.150824e-01 -9.933553e-01
    outer loop
      vertex   8.890001e-01  2.586863e-02  1.276365e+00
      vertex   8.920000e-01  2.621271e-02  1.276329e+00
      vertex   8.950000e-01  2.616887e-02  1.276338e+00
    endloop
  endfacet
  facet normal  0.000000e+00 -9.133505e-02 -9.958202e-01
    outer loop
      vertex   8.890001e-01  2.586863e-02  1.276365e+00
      vertex   8.950000e-01  2.616887e-02  1.276338e+00
      vertex   8.950000e-01  2.586863e-02  1.276365e+00
    endloop
  endfacet
  facet normal -1.243518e-03 -9.610822e-01  2.762598e-01
    outer loop
      vertex   8.950000e-01  2.740278e-02  1.274108e+00
      vertex   8.950000e-01  2.749108e-02  1.274415e+00
      vertex   8.920000e-01  2.748236e-02  1.274371e+00
    endloop
  endfacet
  facet normal  1.360067e-03 -9.944863e-01  1.048576e-01
    outer loop
      vertex   8.920000e-01  2.748236e-02  1.274371e+00
      vertex   8.950000e-01  2.749108e-02  1.274415e+00
      vertex   8.920000e-01  2.751863e-02  1.274715e+00
    endloop
  endfacet
  facet normal  0.000000e+00 -9.958155e-01  9.138649e-02
    outer loop
      vertex   8.950000e-01  2.749108e-02  1.274415e+00
      vertex   8.950000e-01  2.751863e-02  1.274715e+00
      vertex   8.920000e-01  2.751863e-02  1.274715e+00
    endloop
  endfacet
  facet normal  0.000000e+00 -9.958188e-01 -9.135052e-02
    outer loop
      vertex   8.920000e-01  2.751863e-02  1.274715e+00
      vertex   8.950000e-01  2.751863e-02  1.274715e+00
      vertex   8.950000e-01  2.749108e-02  1.275015e+00
    endloop
  endfacet
  facet normal  1.360603e-03 -9.944901e-01 -1.048217e-01
    outer loop
      vertex   8.920000e-01  2.751863e-02  1.274715e+00
      vertex   8.950000e-01  2.749108e-02  1.275015e+00
      vertex   8.920000e-01  2.748236e-02  1.275059e+00
    endloop
  endfacet
  facet normal -1.245050e-03 -9.610537e-01 -2.763589e-01
    outer loop
      vertex   8.920000e-01  2.748236e-02  1.275059e+00
      vertex   8.950000e-01  2.749108e-02  1.275015e+00
      vertex   8.950000e-01  2.740278e-02  1.275323e+00
    endloop
  endfacet
  facet normal  2.610039e-03 -9.485800e-01 -3.165267e-01
    outer loop
      vertex   8.920000e-01  2.748236e-02  1.275059e+00
      vertex   8.950000e-01  2.740278e-02  1.275323e+00
      vertex   8.920000e-01  2.736565e-02  1.275409e+00
    endloop
  endfacet
  facet normal -2.275380e-03 -8.879813e-01 -4.598738e-01
    outer loop
      vertex   8.920000e-01  2.736565e-02  1.275409e+00
      vertex   8.950000e-01  2.740278e-02  1.275323e+00
      vertex   8.950000e-01  2.724967e-02  1.275618e+00
    endloop
  endfacet
  facet normal  3.523234e-03 -8.521906e-01 -5.232196e-01
    outer loop
      vertex   8.920000e-01  2.736565e-02  1.275409e+00
      vertex   8.950000e-01  2.724967e-02  1.275618e+00
      vertex   8.920000e-01  2.716481e-02  1.275736e+00
    endloop
  endfacet
  facet normal -2.849377e-03 -7.761537e-01 -6.305373e-01
    outer loop
      vertex   8.920000e-01  2.716481e-02  1.275736e+00
      vertex   8.950000e-01  2.724967e-02  1.275618e+00
      vertex   8.950000e-01  2.703536e-02  1.275882e+00
    endloop
  endfacet
  facet normal  3.843869e-03 -7.071805e-01 -7.070225e-01
    outer loop
      vertex   8.920000e-01  2.716481e-02  1.275736e+00
      vertex   8.950000e-01  2.703536e-02  1.275882e+00
      vertex   8.920000e-01  2.688962e-02  1.276011e+00
    endloop
  endfacet
  facet normal -2.879485e-03 -6.303360e-01 -7.763171e-01
    outer loop
      vertex   8.920000e-01  2.688962e-02  1.276011e+00
      vertex   8.950000e-01  2.703536e-02  1.275882e+00
      vertex   8.950000e-01  2.677152e-02  1.276096e+00
    endloop
  endfacet
  facet normal  3.491231e-03 -5.230324e-01 -8.523056e-01
    outer loop
      vertex   8.920000e-01  2.688962e-02  1.276011e+00
      vertex   8.950000e-01  2.677152e-02  1.276096e+00
      vertex   8.920000e-01  2.656249e-02  1.276212e+00
    endloop
  endfacet
  facet normal -2.261818e-03 -4.601759e-01 -8.878250e-01
    outer loop
      vertex   8.920000e-01  2.656249e-02  1.276212e+00
      vertex   8.950000e-01  2.677152e-02  1.276096e+00
      vertex   8.950000e-01  2.647598e-02  1.276249e+00
    endloop
  endfacet
  facet normal  2.634155e-03 -3.165040e-01 -9.485875e-01
    outer loop
      vertex   8.920000e-01  2.656249e-02  1.276212e+00
      vertex   8.950000e-01  2.647598e-02  1.276249e+00
      vertex   8.920000e-01  2.621271e-02  1.276329e+00
    endloop
  endfacet
  facet normal -1.246578e-03 -2.760726e-01 -9.611360e-01
    outer loop
      vertex   8.920000e-01  2.621271e-02  1.276329e+00
      vertex   8.950000e-01  2.647598e-02  1.276249e+00
      vertex   8.950000e-01  2.616887e-02  1.276338e+00
    endloop
  endfacet
  facet normal  0.000000e+00 -8.945161e-01  4.470357e-01
    outer loop
      vertex   8.920000e-01  2.740278e-02  1.274108e+00
      vertex   8.890001e-01  2.740278e-02  1.274108e+00
      vertex   8.920000e-01  2.727547e-02  1.273853e+00
    endloop
  endfacet
  facet normal  1.383148e-03 -8.879070e-01  4.600209e-01
    outer loop
      vertex   8.920000e-01  2.727547e-02  1.273853e+00
      vertex   8.890001e-01  2.740278e-02  1.274108e+00
      vertex   8.890001e-01  2.724967e-02  1.273812e+00
    endloop
  endfacet
  facet normal -1.187943e-03 -8.032473e-01  5.956444e-01
    outer loop
      vertex   8.920000e-01  2.727547e-02  1.273853e+00
      vertex   8.890001e-01  2.724967e-02  1.273812e+00
      vertex   8.920000e-01  2.710229e-02  1.273620e+00
    endloop
  endfacet
  facet normal  2.385104e-03 -7.761547e-01  6.305380e-01
    outer loop
      vertex   8.920000e-01  2.710229e-02  1.273620e+00
      vertex   8.890001e-01  2.724967e-02  1.273812e+00
      vertex   8.890001e-01  2.703536e-02  1.273548e+00
    endloop
  endfacet
  facet normal -1.925828e-03 -6.859866e-01  7.276117e-01
    outer loop
      vertex   8.920000e-01  2.710229e-02  1.273620e+00
      vertex   8.890001e-01  2.703536e-02  1.273548e+00
      vertex   8.920000e-01  2.688962e-02  1.273419e+00
    endloop
  endfacet
  facet normal  2.879542e-03 -6.303360e-01  7.763172e-01
    outer loop
      vertex   8.920000e-01  2.688962e-02  1.273419e+00
      vertex   8.890001e-01  2.703536e-02  1.273548e+00
      vertex   8.890001e-01  2.677152e-02  1.273334e+00
    endloop
  endfacet
  facet normal -2.097084e-03 -5.473802e-01  8.368814e-01
    outer loop
      vertex   8.920000e-01  2.688962e-02  1.273419e+00
      vertex   8.890001e-01  2.677152e-02  1.273334e+00
      vertex   8.920000e-01  2.664758e-02  1.273261e+00
    endloop
  endfacet
  facet normal  2.754852e-03 -4.601753e-01  8.878238e-01
    outer loop
      vertex   8.920000e-01  2.664758e-02  1.273261e+00
      vertex   8.890001e-01  2.677152e-02  1.273334e+00
      vertex   8.890001e-01  2.647598e-02  1.273181e+00
    endloop
  endfacet
  facet normal -1.774194e-03 -3.952615e-01  9.185669e-01
    outer loop
      vertex   8.920000e-01  2.664758e-02  1.273261e+00
      vertex   8.890001e-01  2.647598e-02  1.273181e+00
      vertex   8.920000e-01  2.638855e-02  1.273149e+00
    endloop
  endfacet
  facet normal  2.140142e-03 -2.764167e-01  9.610355e-01
    outer loop
      vertex   8.920000e-01  2.638855e-02  1.273149e+00
      vertex   8.890001e-01  2.647598e-02  1.273181e+00
      vertex   8.890001e-01  2.616887e-02  1.273093e+00
    endloop
  endfacet
  facet normal -1.007450e-03 -2.361789e-01  9.717091e-01
    outer loop
      vertex   8.920000e-01  2.638855e-02  1.273149e+00
      vertex   8.890001e-01  2.616887e-02  1.273093e+00
      vertex   8.920000e-01  2.612517e-02  1.273085e+00
    endloop
  endfacet
  facet normal  1.162655e-03 -9.133499e-02  9.958195e-01
    outer loop
      vertex   8.890001e-01  1.101538e-02  1.288246e+00
      vertex   8.890001e-01  1.071514e-02  1.288219e+00
      vertex   8.920000e-01  1.097168e-02  1.288239e+00
    endloop
  endfacet
  facet normal  0.000000e+00 -7.782871e-02  9.969668e-01
    outer loop
      vertex   8.920000e-01  1.097168e-02  1.288239e+00
      vertex   8.890001e-01  1.071514e-02  1.288219e+00
      vertex   8.950000e-01  1.071514e-02  1.288219e+00
    endloop
  endfacet
  facet normal -1.162632e-03 -9.133499e-02  9.958196e-01
    outer loop
      vertex   8.920000e-01  1.097168e-02  1.288239e+00
      vertex   8.950000e-01  1.071514e-02  1.288219e+00
      vertex   8.950000e-01  1.101538e-02  1.288246e+00
    endloop
  endfacet
  facet normal  1.001054e-03 -2.357636e-01  9.718100e-01
    outer loop
      vertex   8.920000e-01  1.097168e-02  1.288239e+00
      vertex   8.950000e-01  1.101538e-02  1.288246e+00
      vertex   8.920000e-01  1.123506e-02  1.288303e+00
    endloop
  endfacet
  facet normal -2.178313e-03 -2.764160e-01  9.610357e-01
    outer loop
      vertex   8.920000e-01  1.123506e-02  1.288303e+00
      vertex   8.950000e-01  1.101538e-02  1.288246e+00
      vertex   8.950000e-01  1.132249e-02  1.288335e+00
    endloop
  endfacet
  facet normal  1.737617e-03 -3.952604e-01  9.185675e-01
    outer loop
      vertex   8.920000e-01  1.123506e-02  1.288303e+00
      vertex   8.950000e-01  1.132249e-02  1.288335e+00
      vertex   8.920000e-01  1.149409e-02  1.288414e+00
    endloop
  endfacet
  facet normal -2.770192e-03 -4.598929e-01  8.879700e-01
    outer loop
      vertex   8.920000e-01  1.149409e-02  1.288414e+00
      vertex   8.950000e-01  1.132249e-02  1.288335e+00
      vertex   8.950000e-01  1.161803e-02  1.288488e+00
    endloop
  endfacet
  facet normal  2.096958e-03 -5.473817e-01  8.368805e-01
    outer loop
      vertex   8.920000e-01  1.149409e-02  1.288414e+00
      vertex   8.950000e-01  1.161803e-02  1.288488e+00
      vertex   8.920000e-01  1.173612e-02  1.288572e+00
    endloop
  endfacet
  facet normal -2.892653e-03 -6.305473e-01  7.761454e-01
    outer loop
      vertex   8.920000e-01  1.173612e-02  1.288572e+00
      vertex   8.950000e-01  1.161803e-02  1.288488e+00
      vertex   8.950000e-01  1.188186e-02  1.288702e+00
    endloop
  endfacet
  facet normal  1.897018e-03 -6.859881e-01  7.276102e-01
    outer loop
      vertex   8.920000e-01  1.173612e-02  1.288572e+00
      vertex   8.950000e-01  1.188186e-02  1.288702e+00
      vertex   8.920000e-01  1.194880e-02  1.288773e+00
    endloop
  endfacet
  facet normal -2.409870e-03 -7.761546e-01  6.305380e-01
    outer loop
      vertex   8.920000e-01  1.194880e-02  1.288773e+00
      vertex   8.950000e-01  1.188186e-02  1.288702e+00
      vertex   8.950000e-01  1.209618e-02  1.288966e+00
    endloop
  endfacet
  facet normal  1.184463e-03 -8.033943e-01  5.954462e-01
    outer loop
      vertex   8.920000e-01  1.194880e-02  1.288773e+00
      vertex   8.950000e-01  1.209618e-02  1.288966e+00
      vertex   8.920000e-01  1.212197e-02  1.289007e+00
    endloop
  endfacet
  facet normal -1.385169e-03 -8.879817e-01  4.598768e-01
    outer loop
      vertex   8.920000e-01  1.212197e-02  1.289007e+00
      vertex   8.950000e-01  1.209618e-02  1.288966e+00
      vertex   8.950000e-01  1.224929e-02  1.289261e+00
    endloop
  endfacet
  facet normal  0.000000e+00 -8.945957e-01  4.468762e-01
    outer loop
      vertex   8.920000e-01  1.212197e-02  1.289007e+00
      vertex   8.950000e-01  1.224929e-02  1.289261e+00
      vertex   8.920000e-01  1.224929e-02  1.289261e+00
    endloop
  endfacet
  facet normal  0.000000e+00 -9.572147e-01  2.893788e-01
    outer loop
      vertex   8.920000e-01  1.224929e-02  1.289261e+00
      vertex   8.950000e-01  1.224929e-02  1.289261e+00
      vertex   8.920000e-01  1.232886e-02  1.289525e+00
    endloop
  endfacet
  facet normal  0.000000e+00 -9.572147e-01  2.893788e-01
    outer loop
      vertex   8.920000e-01  1.224929e-02  1.289261e+00
      vertex   8.920000e-01  1.232886e-02  1.289525e+00
      vertex   8.890001e-01  1.224929e-02  1.289261e+00
    endloop
  endfacet
  facet normal  1.234983e-03 -9.610261e-01  2.764553e-01
    outer loop
      vertex   8.890001e-01  1.224929e-02  1.289261e+00
      vertex   8.920000e-01  1.232886e-02  1.289525e+00
      vertex   8.890001e-01  1.233759e-02  1.289568e+00
    endloop
  endfacet
  facet normal -1.364838e-03 -9.944860e-01  1.048603e-01
    outer loop
      vertex   8.890001e-01  1.233759e-02  1.289568e+00
      vertex   8.920000e-01  1.232886e-02  1.289525e+00
      vertex   8.920000e-01  1.236514e-02  1.289869e+00
    endloop
  endfacet
  facet normal  0.000000e+00 -9.958191e-01  9.134745e-02
    outer loop
      vertex   8.890001e-01  1.233759e-02  1.289568e+00
      vertex   8.920000e-01  1.236514e-02  1.289869e+00
      vertex   8.890001e-01  1.236514e-02  1.289869e+00
    endloop
  endfacet
  facet normal  0.000000e+00 -9.958191e-01 -9.134745e-02
    outer loop
      vertex   8.890001e-01  1.236514e-02  1.289869e+00
      vertex   8.920000e-01  1.236514e-02  1.289869e+00
      vertex   8.890001e-01  1.233759e-02  1.290169e+00
    endloop
  endfacet
  facet normal -1.364838e-03 -9.944860e-01 -1.048603e-01
    outer loop
      vertex   8.890001e-01  1.233759e-02  1.290169e+00
      vertex   8.920000e-01  1.236514e-02  1.289869e+00
      vertex   8.920000e-01  1.232886e-02  1.290213e+00
    endloop
  endfacet
  facet normal  1.234983e-03 -9.610261e-01 -2.764553e-01
    outer loop
      vertex   8.890001e-01  1.233759e-02  1.290169e+00
      vertex   8.920000e-01  1.232886e-02  1.290213e+00
      vertex   8.890001e-01  1.224929e-02  1.290476e+00
    endloop
  endfacet
  facet normal -2.610316e-03 -9.485823e-01 -3.165199e-01
    outer loop
      vertex   8.890001e-01  1.224929e-02  1.290476e+00
      vertex   8.920000e-01  1.232886e-02  1.290213e+00
      vertex   8.920000e-01  1.221215e-02  1.290563e+00
    endloop
  endfacet
  facet normal  2.275503e-03 -8.879802e-01 -4.598761e-01
    outer loop
      vertex   8.890001e-01  1.224929e-02  1.290476e+00
      vertex   8.920000e-01  1.221215e-02  1.290563e+00
      vertex   8.890001e-01  1.209618e-02  1.290772e+00
    endloop
  endfacet
  facet normal -3.523204e-03 -8.521895e-01 -5.232214e-01
    outer loop
      vertex   8.890001e-01  1.209618e-02  1.290772e+00
      vertex   8.920000e-01  1.221215e-02  1.290563e+00
      vertex   8.920000e-01  1.201132e-02  1.290890e+00
    endloop
  endfacet
  facet normal  2.849434e-03 -7.761538e-01 -6.305373e-01
    outer loop
      vertex   8.890001e-01  1.209618e-02  1.290772e+00
      vertex   8.920000e-01  1.201132e-02  1.290890e+00
      vertex   8.890001e-01  1.188186e-02  1.291035e+00
    endloop
  endfacet
  facet normal -3.829901e-03 -7.073336e-01 -7.068695e-01
    outer loop
      vertex   8.890001e-01  1.188186e-02  1.291035e+00
      vertex   8.920000e-01  1.201132e-02  1.290890e+00
      vertex   8.920000e-01  1.173612e-02  1.291165e+00
    endloop
  endfacet
  facet normal  2.892709e-03 -6.305473e-01 -7.761455e-01
    outer loop
      vertex   8.890001e-01  1.188186e-02  1.291035e+00
      vertex   8.920000e-01  1.173612e-02  1.291165e+00
      vertex   8.890001e-01  1.161803e-02  1.291250e+00
    endloop
  endfacet
  facet normal -3.491361e-03 -5.230314e-01 -8.523063e-01
    outer loop
      vertex   8.890001e-01  1.161803e-02  1.291250e+00
      vertex   8.920000e-01  1.173612e-02  1.291165e+00
      vertex   8.920000e-01  1.140899e-02  1.291366e+00
    endloop
  endfacet
  facet normal  2.287049e-03 -4.598935e-01 -8.879712e-01
    outer loop
      vertex   8.890001e-01  1.161803e-02  1.291250e+00
      vertex   8.920000e-01  1.140899e-02  1.291366e+00
      vertex   8.890001e-01  1.132249e-02  1.291403e+00
    endloop
  endfacet
  facet normal -2.596587e-03 -3.165047e-01 -9.485874e-01
    outer loop
      vertex   8.890001e-01  1.132249e-02  1.291403e+00
      vertex   8.920000e-01  1.140899e-02  1.291366e+00
      vertex   8.920000e-01  1.105922e-02  1.291482e+00
    endloop
  endfacet
  facet normal  1.252001e-03 -2.764164e-01 -9.610372e-01
    outer loop
      vertex   8.890001e-01  1.132249e-02  1.291403e+00
      vertex   8.920000e-01  1.105922e-02  1.291482e+00
      vertex   8.890001e-01  1.101538e-02  1.291491e+00
    endloop
  endfacet
  facet normal -1.553825e-03 -9.133494e-02 -9.958190e-01
    outer loop
      vertex   8.890001e-01  1.101538e-02  1.291491e+00
      vertex   8.920000e-01  1.105922e-02  1.291482e+00
      vertex   8.890001e-01  1.071514e-02  1.291519e+00
    endloop
  endfacet
  facet normal  1.199598e-03 -1.150819e-01 -9.933553e-01
    outer loop
      vertex   8.890001e-01  1.071514e-02  1.291519e+00
      vertex   8.920000e-01  1.105922e-02  1.291482e+00
      vertex   8.950000e-01  1.101538e-02  1.291491e+00
    endloop
  endfacet
  facet normal  0.000000e+00 -9.133505e-02 -9.958202e-01
    outer loop
      vertex   8.890001e-01  1.071514e-02  1.291519e+00
      vertex   8.950000e-01  1.101538e-02  1.291491e+00
      vertex   8.950000e-01  1.071514e-02  1.291519e+00
    endloop
  endfacet
  facet normal -1.234959e-03 -9.610260e-01  2.764553e-01
    outer loop
      vertex   8.950000e-01  1.224929e-02  1.289261e+00
      vertex   8.950000e-01  1.233759e-02  1.289568e+00
      vertex   8.920000e-01  1.232886e-02  1.289525e+00
    endloop
  endfacet
  facet normal  1.364811e-03 -9.944860e-01  1.048603e-01
    outer loop
      vertex   8.920000e-01  1.232886e-02  1.289525e+00
      vertex   8.950000e-01  1.233759e-02  1.289568e+00
      vertex   8.920000e-01  1.236514e-02  1.289869e+00
    endloop
  endfacet
  facet normal  0.000000e+00 -9.958190e-01  9.134745e-02
    outer loop
      vertex   8.950000e-01  1.233759e-02  1.289568e+00
      vertex   8.950000e-01  1.236514e-02  1.289869e+00
      vertex   8.920000e-01  1.236514e-02  1.289869e+00
    endloop
  endfacet
  facet normal  0.000000e+00 -9.958190e-01 -9.134745e-02
    outer loop
      vertex   8.920000e-01  1.236514e-02  1.289869e+00
      vertex   8.950000e-01  1.236514e-02  1.289869e+00
      vertex   8.950000e-01  1.233759e-02  1.290169e+00
    endloop
  endfacet
  facet normal  1.364811e-03 -9.944860e-01 -1.048603e-01
    outer loop
      vertex   8.920000e-01  1.236514e-02  1.289869e+00
      vertex   8.950000e-01  1.233759e-02  1.290169e+00
      vertex   8.920000e-01  1.232886e-02  1.290213e+00
    endloop
  endfacet
  facet normal -1.234959e-03 -9.610260e-01 -2.764553e-01
    outer loop
      vertex   8.920000e-01  1.232886e-02  1.290213e+00
      vertex   8.950000e-01  1.233759e-02  1.290169e+00
      vertex   8.950000e-01  1.224929e-02  1.290476e+00
    endloop
  endfacet
  facet normal  2.610265e-03 -9.485822e-01 -3.165199e-01
    outer loop
      vertex   8.920000e-01  1.232886e-02  1.290213e+00
      vertex   8.950000e-01  1.224929e-02  1.290476e+00
      vertex   8.920000e-01  1.221215e-02  1.290563e+00
    endloop
  endfacet
  facet normal -2.275458e-03 -8.879802e-01 -4.598760e-01
    outer loop
      vertex   8.920000e-01  1.221215e-02  1.290563e+00
      vertex   8.950000e-01  1.224929e-02  1.290476e+00
      vertex   8.950000e-01  1.209618e-02  1.290772e+00
    endloop
  endfacet
  facet normal  3.523134e-03 -8.521895e-01 -5.232214e-01
    outer loop
      vertex   8.920000e-01  1.221215e-02  1.290563e+00
      vertex   8.950000e-01  1.209618e-02  1.290772e+00
      vertex   8.920000e-01  1.201132e-02  1.290890e+00
    endloop
  endfacet
  facet normal -2.849377e-03 -7.761537e-01 -6.305373e-01
    outer loop
      vertex   8.920000e-01  1.201132e-02  1.290890e+00
      vertex   8.950000e-01  1.209618e-02  1.290772e+00
      vertex   8.950000e-01  1.188186e-02  1.291035e+00
    endloop
  endfacet
  facet normal  3.829826e-03 -7.073336e-01 -7.068695e-01
    outer loop
      vertex   8.920000e-01  1.201132e-02  1.290890e+00
      vertex   8.950000e-01  1.188186e-02  1.291035e+00
      vertex   8.920000e-01  1.173612e-02  1.291165e+00
    endloop
  endfacet
  facet normal -2.892653e-03 -6.305473e-01 -7.761454e-01
    outer loop
      vertex   8.920000e-01  1.173612e-02  1.291165e+00
      vertex   8.950000e-01  1.188186e-02  1.291035e+00
      vertex   8.950000e-01  1.161803e-02  1.291250e+00
    endloop
  endfacet
  facet normal  3.491292e-03 -5.230314e-01 -8.523063e-01
    outer loop
      vertex   8.920000e-01  1.173612e-02  1.291165e+00
      vertex   8.950000e-01  1.161803e-02  1.291250e+00
      vertex   8.920000e-01  1.140899e-02  1.291366e+00
    endloop
  endfacet
  facet normal -2.287006e-03 -4.598935e-01 -8.879711e-01
    outer loop
      vertex   8.920000e-01  1.140899e-02  1.291366e+00
      vertex   8.950000e-01  1.161803e-02  1.291250e+00
      vertex   8.950000e-01  1.132249e-02  1.291403e+00
    endloop
  endfacet
  facet normal  2.596536e-03 -3.165048e-01 -9.485874e-01
    outer loop
      vertex   8.920000e-01  1.140899e-02  1.291366e+00
      vertex   8.950000e-01  1.132249e-02  1.291403e+00
      vertex   8.920000e-01  1.105922e-02  1.291482e+00
    endloop
  endfacet
  facet normal -1.251976e-03 -2.764164e-01 -9.610372e-01
    outer loop
      vertex   8.920000e-01  1.105922e-02  1.291482e+00
      vertex   8.950000e-01  1.132249e-02  1.291403e+00
      vertex   8.950000e-01  1.101538e-02  1.291491e+00
    endloop
  endfacet
  facet normal  0.000000e+00 -8.945958e-01  4.468762e-01
    outer loop
      vertex   8.920000e-01  1.224929e-02  1.289261e+00
      vertex   8.890001e-01  1.224929e-02  1.289261e+00
      vertex   8.920000e-01  1.212197e-02  1.289007e+00
    endloop
  endfacet
  facet normal  1.385197e-03 -8.879817e-01  4.598768e-01
    outer loop
      vertex   8.920000e-01  1.212197e-02  1.289007e+00
      vertex   8.890001e-01  1.224929e-02  1.289261e+00
      vertex   8.890001e-01  1.209618e-02  1.288966e+00
    endloop
  endfacet
  facet normal -1.184485e-03 -8.033943e-01  5.954462e-01
    outer loop
      vertex   8.920000e-01  1.212197e-02  1.289007e+00
      vertex   8.890001e-01  1.209618e-02  1.288966e+00
      vertex   8.920000e-01  1.194880e-02  1.288773e+00
    endloop
  endfacet
  facet normal  2.409918e-03 -7.761547e-01  6.305380e-01
    outer loop
      vertex   8.920000e-01  1.194880e-02  1.288773e+00
      vertex   8.890001e-01  1.209618e-02  1.288966e+00
      vertex   8.890001e-01  1.188186e-02  1.288702e+00
    endloop
  endfacet
  facet normal -1.897056e-03 -6.859881e-01  7.276102e-01
    outer loop
      vertex   8.920000e-01  1.194880e-02  1.288773e+00
      vertex   8.890001e-01  1.188186e-02  1.288702e+00
      vertex   8.920000e-01  1.173612e-02  1.288572e+00
    endloop
  endfacet
  facet normal  2.892710e-03 -6.305473e-01  7.761455e-01
    outer loop
      vertex   8.920000e-01  1.173612e-02  1.288572e+00
      vertex   8.890001e-01  1.188186e-02  1.288702e+00
      vertex   8.890001e-01  1.161803e-02  1.288488e+00
    endloop
  endfacet
  facet normal -2.097000e-03 -5.473817e-01  8.368805e-01
    outer loop
      vertex   8.920000e-01  1.173612e-02  1.288572e+00
      vertex   8.890001e-01  1.161803e-02  1.288488e+00
      vertex   8.920000e-01  1.149409e-02  1.288414e+00
    endloop
  endfacet
  facet normal  2.770247e-03 -4.598929e-01  8.879700e-01
    outer loop
      vertex   8.920000e-01  1.149409e-02  1.288414e+00
      vertex   8.890001e-01  1.161803e-02  1.288488e+00
      vertex   8.890001e-01  1.132249e-02  1.288335e+00
    endloop
  endfacet
  facet normal -1.737651e-03 -3.952603e-01  9.185675e-01
    outer loop
      vertex   8.920000e-01  1.149409e-02  1.288414e+00
      vertex   8.890001e-01  1.132249e-02  1.288335e+00
      vertex   8.920000e-01  1.123506e-02  1.288303e+00
    endloop
  endfacet
  facet normal  2.178356e-03 -2.764160e-01  9.610356e-01
    outer loop
      vertex   8.920000e-01  1.123506e-02  1.288303e+00
      vertex   8.890001e-01  1.132249e-02  1.288335e+00
      vertex   8.890001e-01  1.101538e-02  1.288246e+00
    endloop
  endfacet
  facet normal -1.001074e-03 -2.357635e-01  9.718099e-01
    outer loop
      vertex   8.920000e-01  1.123506e-02  1.288303e+00
      vertex   8.890001e-01  1.101538e-02  1.288246e+00
      vertex   8.920000e-01  1.097168e-02  1.288239e+00
    endloop
  endfacet
  facet normal -1.000000e+00  0.000000e+00  0.000000e+00
    outer loop
      vertex   8.890001e-01 -2.785488e-03  1.233125e+00
      vertex   8.890001e-01 -2.246361e-03  1.239101e+00
      vertex   8.890001e-01  1.941503e-16  1.233000e+00
    endloop
  endfacet
  facet normal -1.000000e+00  0.000000e+00  0.000000e+00
    outer loop
      vertex   8.890001e-01  1.941503e-16  1.233000e+00
      vertex   8.890001e-01 -2.246361e-03  1.239101e+00
      vertex   8.890001e-01  1.976879e-16  1.239000e+00
    endloop
  endfacet
  facet normal -1.000000e+00  0.000000e+00  0.000000e+00
    outer loop
      vertex   8.890001e-01  1.941503e-16  1.233000e+00
      vertex   8.890001e-01  1.976879e-16  1.239000e+00
      vertex   8.890001e-01  2.246361e-03  1.239101e+00
    endloop
  endfacet
  facet normal -1.000000e+00 -0.000000e+00  0.000000e+00
    outer loop
      vertex   8.890001e-01 -2.246361e-03  1.239101e+00
      vertex   8.890001e-01 -2.785488e-03  1.233125e+00
      vertex   8.890001e-01 -4.549077e-03  1.239417e+00
    endloop
  endfacet
  facet normal -1.000000e+00  0.000000e+00 -0.000000e+00
    outer loop
      vertex   8.890001e-01 -4.549077e-03  1.239417e+00
      vertex   8.890001e-01 -2.785488e-03  1.233125e+00
      vertex   8.890001e-01 -5.640855e-03  1.233518e+00
    endloop
  endfacet
  facet normal -1.000000e+00 -0.000000e+00  0.000000e+00
    outer loop
      vertex   8.890001e-01 -4.549077e-03  1.239417e+00
      vertex   8.890001e-01 -5.640855e-03  1.233518e+00
      vertex   8.890001e-01 -6.878956e-03  1.239965e+00
    endloop
  endfacet
  facet normal -1.000000e+00  0.000000e+00 -0.000000e+00
    outer loop
      vertex   8.890001e-01 -6.878956e-03  1.239965e+00
      vertex   8.890001e-01 -5.640855e-03  1.233518e+00
      vertex   8.890001e-01 -9.092683e-03  1.237831e+00
    endloop
  endfacet
  facet normal -1.000000e+00  0.000000e+00  0.000000e+00
    outer loop
      vertex   8.890001e-01 -6.878956e-03  1.239965e+00
      vertex   8.890001e-01 -9.092683e-03  1.237831e+00
      vertex   8.890001e-01 -9.065137e-03  1.238132e+00
    endloop
  endfacet
  facet normal -1.000000e+00  0.000000e+00 -0.000000e+00
    outer loop
      vertex   8.890001e-01 -9.092683e-03  1.237831e+00
      vertex   8.890001e-01 -5.640855e-03  1.233518e+00
      vertex   8.890001e-01 -9.180986e-03  1.237524e+00
    endloop
  endfacet
  facet normal -1.000000e+00  0.000000e+00  0.000000e+00
    outer loop
      vertex   8.890001e-01 -9.180986e-03  1.237524e+00
      vertex   8.890001e-01 -5.640855e-03  1.233518e+00
      vertex   8.890001e-01 -8.529905e-03  1.234197e+00
    endloop
  endfacet
  facet normal -1.000000e+00  0.000000e+00 -0.000000e+00
    outer loop
      vertex   8.890001e-01 -9.180986e-03  1.237524e+00
      vertex   8.890001e-01 -8.529905e-03  1.234197e+00
      vertex   8.890001e-01 -9.334094e-03  1.237229e+00
    endloop
  endfacet
  facet normal -1.000000e+00  0.000000e+00 -0.000000e+00
    outer loop
      vertex   8.890001e-01 -9.334094e-03  1.237229e+00
      vertex   8.890001e-01 -8.529905e-03  1.234197e+00
      vertex   8.890001e-01 -9.548411e-03  1.236965e+00
    endloop
  endfacet
  facet normal -1.000000e+00  0.000000e+00 -0.000000e+00
    outer loop
      vertex   8.890001e-01 -9.548411e-03  1.236965e+00
      vertex   8.890001e-01 -8.529905e-03  1.234197e+00
      vertex   8.890001e-01 -9.812240e-03  1.236750e+00
    endloop
  endfacet
  facet normal -1.000000e+00  0.000000e+00 -0.000000e+00
    outer loop
      vertex   8.890001e-01 -9.812240e-03  1.236750e+00
      vertex   8.890001e-01 -8.529905e-03  1.234197e+00
      vertex   8.890001e-01 -1.010778e-02  1.236597e+00
    endloop
  endfacet
  facet normal -1.000000e+00  0.000000e+00 -0.000000e+00
    outer loop
      vertex   8.890001e-01 -1.010778e-02  1.236597e+00
      vertex   8.890001e-01 -8.529905e-03  1.234197e+00
      vertex   8.890001e-01 -1.041490e-02  1.236509e+00
    endloop
  endfacet
  facet normal -1.000000e+00  0.000000e+00 -0.000000e+00
    outer loop
      vertex   8.890001e-01 -1.041490e-02  1.236509e+00
      vertex   8.890001e-01 -8.529905e-03  1.234197e+00
      vertex   8.890001e-01 -1.141094e-02  1.235177e+00
    endloop
  endfacet
  facet normal -1.000000e+00  0.000000e+00  0.000000e+00
    outer loop
      vertex   8.890001e-01 -1.041490e-02  1.236509e+00
      vertex   8.890001e-01 -1.141094e-02  1.235177e+00
      vertex   8.890001e-01 -1.071514e-02  1.236481e+00
    endloop
  endfacet
  facet normal -1.000000e+00 -0.000000e+00  0.000000e+00
    outer loop
      vertex   8.890001e-01 -1.071514e-02  1.236481e+00
      vertex   8.890001e-01 -1.141094e-02  1.235177e+00
      vertex   8.890001e-01 -1.101538e-02  1.236509e+00
    endloop
  endfacet
  facet normal -1.000000e+00 -0.000000e+00  0.000000e+00
    outer loop
      vertex   8.890001e-01 -1.101538e-02  1.236509e+00
      vertex   8.890001e-01 -1.141094e-02  1.235177e+00
      vertex   8.890001e-01 -1.132249e-02  1.236597e+00
    endloop
  endfacet
  facet normal -1.000000e+00 -0.000000e+00  0.000000e+00
    outer loop
      vertex   8.890001e-01 -1.132249e-02  1.236597e+00
      vertex   8.890001e-01 -1.141094e-02  1.235177e+00
      vertex   8.890001e-01 -1.161803e-02  1.236750e+00
    endloop
  endfacet
  facet normal -1.000000e+00 -0.000000e+00 -0.000000e+00
    outer loop
      vertex   8.890001e-01 -1.161803e-02  1.236750e+00
      vertex   8.890001e-01 -1.141094e-02  1.235177e+00
      vertex   8.890001e-01 -1.188186e-02  1.236965e+00
    endloop
  endfacet
  facet normal -1.000000e+00  0.000000e+00 -0.000000e+00
    outer loop
      vertex   8.890001e-01 -1.188186e-02  1.236965e+00
      vertex   8.890001e-01 -1.141094e-02  1.235177e+00
      vertex   8.890001e-01 -1.423813e-02  1.236463e+00
    endloop
  endfacet
  facet normal -1.000000e+00 -0.000000e+00  0.000000e+00
    outer loop
      vertex   8.890001e-01 -1.188186e-02  1.236965e+00
      vertex   8.890001e-01 -1.423813e-02  1.236463e+00
      vertex   8.890001e-01 -1.209618e-02  1.237229e+00
    endloop
  endfacet
  facet normal -1.000000e+00 -0.000000e+00  0.000000e+00
    outer loop
      vertex   8.890001e-01 -1.209618e-02  1.237229e+00
      vertex   8.890001e-01 -1.423813e-02  1.236463e+00
      vertex   8.890001e-01 -1.224929e-02  1.237524e+00
    endloop
  endfacet
  facet normal -1.000000e+00 -0.000000e+00  0.000000e+00
    outer loop
      vertex   8.890001e-01 -1.224929e-02  1.237524e+00
      vertex   8.890001e-01 -1.423813e-02  1.236463e+00
      vertex   8.890001e-01 -1.233759e-02  1.237831e+00
    endloop
  endfacet
  facet normal -1.000000e+00 -0.000000e+00  0.000000e+00
    outer loop
      vertex   8.890001e-01 -1.233759e-02  1.237831e+00
      vertex   8.890001e-01 -1.423813e-02  1.236463e+00
      vertex   8.890001e-01 -1.236514e-02  1.238132e+00
    endloop
  endfacet
  facet normal -1.000000e+00 -0.000000e+00  0.000000e+00
    outer loop
      vertex   8.890001e-01 -1.236514e-02  1.238132e+00
      vertex   8.890001e-01 -1.423813e-02  1.236463e+00
      vertex   8.890001e-01 -1.233759e-02  1.238432e+00
    endloop
  endfacet
  facet normal -1.000000e+00  0.000000e+00  0.000000e+00
    outer loop
      vertex   8.890001e-01 -1.233759e-02  1.238432e+00
      vertex   8.890001e-01 -1.423813e-02  1.236463e+00
      vertex   8.890001e-01 -1.696350e-02  1.238053e+00
    endloop
  endfacet
  facet normal -1.000000e+00 -0.000000e+00  0.000000e+00
    outer loop
      vertex   8.890001e-01 -1.233759e-02  1.238432e+00
      vertex   8.890001e-01 -1.696350e-02  1.238053e+00
      vertex   8.890001e-01 -1.224929e-02  1.238739e+00
    endloop
  endfacet
  facet normal -1.000000e+00 -0.000000e+00  0.000000e+00
    outer loop
      vertex   8.890001e-01 -1.224929e-02  1.238739e+00
      vertex   8.890001e-01 -1.696350e-02  1.238053e+00
      vertex   8.890001e-01 -1.368024e-02  1.243075e+00
    endloop
  endfacet
  facet normal -1.000000e+00  0.000000e+00  0.000000e+00
    outer loop
      vertex   8.890001e-01 -1.224929e-02  1.238739e+00
      vertex   8.890001e-01 -1.368024e-02  1.243075e+00
      vertex   8.890001e-01 -1.209618e-02  1.239034e+00
    endloop
  endfacet
  facet normal -1.000000e+00  0.000000e+00  0.000000e+00
    outer loop
      vertex   8.890001e-01 -1.209618e-02  1.239034e+00
      vertex   8.890001e-01 -1.368024e-02  1.243075e+00
      vertex   8.890001e-01 -1.188186e-02  1.239298e+00
    endloop
  endfacet
  facet normal -1.000000e+00  0.000000e+00  0.000000e+00
    outer loop
      vertex   8.890001e-01 -1.188186e-02  1.239298e+00
      vertex   8.890001e-01 -1.368024e-02  1.243075e+00
      vertex   8.890001e-01 -1.148237e-02  1.241793e+00
    endloop
  endfacet
  facet normal -1.000000e+00  0.000000e+00  0.000000e+00
    outer loop
      vertex   8.890001e-01 -1.188186e-02  1.239298e+00
      vertex   8.890001e-01 -1.148237e-02  1.241793e+00
      vertex   8.890001e-01 -1.161803e-02  1.239512e+00
    endloop
  endfacet
  facet normal -1.000000e+00  0.000000e+00  0.000000e+00
    outer loop
      vertex   8.890001e-01 -1.161803e-02  1.239512e+00
      vertex   8.890001e-01 -1.148237e-02  1.241793e+00
      vertex   8.890001e-01 -1.132249e-02  1.239666e+00
    endloop
  endfacet
  facet normal -1.000000e+00  0.000000e+00  0.000000e+00
    outer loop
      vertex   8.890001e-01 -1.132249e-02  1.239666e+00
      vertex   8.890001e-01 -1.148237e-02  1.241793e+00
      vertex   8.890001e-01 -1.101538e-02  1.239754e+00
    endloop
  endfacet
  facet normal -1.000000e+00  0.000000e+00  0.000000e+00
    outer loop
      vertex   8.890001e-01 -1.101538e-02  1.239754e+00
      vertex   8.890001e-01 -1.148237e-02  1.241793e+00
      vertex   8.890001e-01 -1.071514e-02  1.239781e+00
    endloop
  endfacet
  facet normal -1.000000e+00  0.000000e+00  0.000000e+00
    outer loop
      vertex   8.890001e-01 -1.071514e-02  1.239781e+00
      vertex   8.890001e-01 -1.148237e-02  1.241793e+00
      vertex   8.890001e-01 -1.041490e-02  1.239754e+00
    endloop
  endfacet
  facet normal -1.000000e+00  0.000000e+00  0.000000e+00
    outer loop
      vertex   8.890001e-01 -1.041490e-02  1.239754e+00
      vertex   8.890001e-01 -1.148237e-02  1.241793e+00
      vertex   8.890001e-01 -9.202369e-03  1.240755e+00
    endloop
  endfacet
  facet normal -1.000000e+00  0.000000e+00  0.000000e+00
    outer loop
      vertex   8.890001e-01 -1.041490e-02  1.239754e+00
      vertex   8.890001e-01 -9.202369e-03  1.240755e+00
      vertex   8.890001e-01 -1.010778e-02  1.239666e+00
    endloop
  endfacet
  facet normal -1.000000e+00  0.000000e+00  0.000000e+00
    outer loop
      vertex   8.890001e-01 -1.010778e-02  1.239666e+00
      vertex   8.890001e-01 -9.202369e-03  1.240755e+00
      vertex   8.890001e-01 -9.812240e-03  1.239512e+00
    endloop
  endfacet
  facet normal -1.000000e+00  0.000000e+00  0.000000e+00
    outer loop
      vertex   8.890001e-01 -9.812240e-03  1.239512e+00
      vertex   8.890001e-01 -9.202369e-03  1.240755e+00
      vertex   8.890001e-01 -9.548411e-03  1.239298e+00
    endloop
  endfacet
  facet normal -1.000000e+00  0.000000e+00  0.000000e+00
    outer loop
      vertex   8.890001e-01 -9.548411e-03  1.239298e+00
      vertex   8.890001e-01 -9.202369e-03  1.240755e+00
      vertex   8.890001e-01 -9.334094e-03  1.239034e+00
    endloop
  endfacet
  facet normal -1.000000e+00  0.000000e+00  0.000000e+00
    outer loop
      vertex   8.890001e-01 -9.334094e-03  1.239034e+00
      vertex   8.890001e-01 -9.202369e-03  1.240755e+00
      vertex   8.890001e-01 -6.878956e-03  1.239965e+00
    endloop
  endfacet
  facet normal -1.000000e+00  0.000000e+00  0.000000e+00
    outer loop
      vertex   8.890001e-01 -9.334094e-03  1.239034e+00
      vertex   8.890001e-01 -6.878956e-03  1.239965e+00
      vertex   8.890001e-01 -9.180986e-03  1.238739e+00
    endloop
  endfacet
  facet normal -1.000000e+00  0.000000e+00  0.000000e+00
    outer loop
      vertex   8.890001e-01 -9.180986e-03  1.238739e+00
      vertex   8.890001e-01 -6.878956e-03  1.239965e+00
      vertex   8.890001e-01 -9.092683e-03  1.238432e+00
    endloop
  endfacet
  facet normal -1.000000e+00  0.000000e+00  0.000000e+00
    outer loop
      vertex   8.890001e-01 -9.092683e-03  1.238432e+00
      vertex   8.890001e-01 -6.878956e-03  1.239965e+00
      vertex   8.890001e-01 -9.065137e-03  1.238132e+00
    endloop
  endfacet
  facet normal -1.000000e+00 -0.000000e+00  0.000000e+00
    outer loop
      vertex   8.890001e-01 -1.368024e-02  1.243075e+00
      vertex   8.890001e-01 -1.696350e-02  1.238053e+00
      vertex   8.890001e-01 -1.575745e-02  1.244591e+00
    endloop
  endfacet
  facet normal -1.000000e+00  0.000000e+00  0.000000e+00
    outer loop
      vertex   8.890001e-01 -1.575745e-02  1.244591e+00
      vertex   8.890001e-01 -1.696350e-02  1.238053e+00
      vertex   8.890001e-01 -1.953924e-02  1.239933e+00
    endloop
  endfacet
  facet normal -1.000000e+00 -0.000000e+00  0.000000e+00
    outer loop
      vertex   8.890001e-01 -1.575745e-02  1.244591e+00
      vertex   8.890001e-01 -1.953924e-02  1.239933e+00
      vertex   8.890001e-01 -1.767767e-02  1.246322e+00
    endloop
  endfacet
  facet normal -1.000000e+00  0.000000e+00  0.000000e+00
    outer loop
      vertex   8.890001e-01 -1.767767e-02  1.246322e+00
      vertex   8.890001e-01 -1.953924e-02  1.239933e+00
      vertex   8.890001e-01 -2.192031e-02  1.242080e+00
    endloop
  endfacet
  facet normal -1.000000e+00 -0.000000e+00  0.000000e+00
    outer loop
      vertex   8.890001e-01 -1.767767e-02  1.246322e+00
      vertex   8.890001e-01 -2.192031e-02  1.242080e+00
      vertex   8.890001e-01 -1.940883e-02  1.248243e+00
    endloop
  endfacet
  facet normal -1.000000e+00  0.000000e+00  0.000000e+00
    outer loop
      vertex   8.890001e-01 -1.940883e-02  1.248243e+00
      vertex   8.890001e-01 -2.192031e-02  1.242080e+00
      vertex   8.890001e-01 -2.406695e-02  1.244461e+00
    endloop
  endfacet
  facet normal -1.000000e+00 -0.000000e+00  0.000000e+00
    outer loop
      vertex   8.890001e-01 -1.940883e-02  1.248243e+00
      vertex   8.890001e-01 -2.406695e-02  1.244461e+00
      vertex   8.890001e-01 -2.092489e-02  1.250320e+00
    endloop
  endfacet
  facet normal -1.000000e+00  0.000000e+00  0.000000e+00
    outer loop
      vertex   8.890001e-01 -2.092489e-02  1.250320e+00
      vertex   8.890001e-01 -2.406695e-02  1.244461e+00
      vertex   8.890001e-01 -2.594686e-02  1.247037e+00
    endloop
  endfacet
  facet normal -1.000000e+00 -0.000000e+00  0.000000e+00
    outer loop
      vertex   8.890001e-01 -2.092489e-02  1.250320e+00
      vertex   8.890001e-01 -2.594686e-02  1.247037e+00
      vertex   8.890001e-01 -2.526127e-02  1.251751e+00
    endloop
  endfacet
  facet normal -1.000000e+00  0.000000e+00  0.000000e+00
    outer loop
      vertex   8.890001e-01 -2.526127e-02  1.251751e+00
      vertex   8.890001e-01 -2.594686e-02  1.247037e+00
      vertex   8.890001e-01 -2.556839e-02  1.251662e+00
    endloop
  endfacet
  facet normal -1.000000e+00  0.000000e+00  0.000000e+00
    outer loop
      vertex   8.890001e-01 -2.556839e-02  1.251662e+00
      vertex   8.890001e-01 -2.594686e-02  1.247037e+00
      vertex   8.890001e-01 -2.753681e-02  1.249762e+00
    endloop
  endfacet
  facet normal -1.000000e+00  0.000000e+00  0.000000e+00
    outer loop
      vertex   8.890001e-01 -2.556839e-02  1.251662e+00
      vertex   8.890001e-01 -2.753681e-02  1.249762e+00
      vertex   8.890001e-01 -2.586863e-02  1.251635e+00
    endloop
  endfacet
  facet normal -1.000000e+00 -0.000000e+00  0.000000e+00
    outer loop
      vertex   8.890001e-01 -2.586863e-02  1.251635e+00
      vertex   8.890001e-01 -2.753681e-02  1.249762e+00
      vertex   8.890001e-01 -2.616887e-02  1.251662e+00
    endloop
  endfacet
  facet normal -1.000000e+00 -0.000000e+00  0.000000e+00
    outer loop
      vertex   8.890001e-01 -2.616887e-02  1.251662e+00
      vertex   8.890001e-01 -2.753681e-02  1.249762e+00
      vertex   8.890001e-01 -2.647598e-02  1.251751e+00
    endloop
  endfacet
  facet normal -1.000000e+00 -0.000000e+00  0.000000e+00
    outer loop
      vertex   8.890001e-01 -2.647598e-02  1.251751e+00
      vertex   8.890001e-01 -2.753681e-02  1.249762e+00
      vertex   8.890001e-01 -2.677152e-02  1.251904e+00
    endloop
  endfacet
  facet normal -1.000000e+00 -0.000000e+00  0.000000e+00
    outer loop
      vertex   8.890001e-01 -2.677152e-02  1.251904e+00
      vertex   8.890001e-01 -2.753681e-02  1.249762e+00
      vertex   8.890001e-01 -2.703536e-02  1.252118e+00
    endloop
  endfacet
  facet normal -1.000000e+00 -0.000000e+00  0.000000e+00
    outer loop
      vertex   8.890001e-01 -2.703536e-02  1.252118e+00
      vertex   8.890001e-01 -2.753681e-02  1.249762e+00
      vertex   8.890001e-01 -2.882344e-02  1.252589e+00
    endloop
  endfacet
  facet normal -1.000000e+00  0.000000e+00  0.000000e+00
    outer loop
      vertex   8.890001e-01 -2.703536e-02  1.252118e+00
      vertex   8.890001e-01 -2.882344e-02  1.252589e+00
      vertex   8.890001e-01 -2.724967e-02  1.252382e+00
    endloop
  endfacet
  facet normal -1.000000e+00  0.000000e+00  0.000000e+00
    outer loop
      vertex   8.890001e-01 -2.724967e-02  1.252382e+00
      vertex   8.890001e-01 -2.882344e-02  1.252589e+00
      vertex   8.890001e-01 -2.740278e-02  1.252678e+00
    endloop
  endfacet
  facet normal -1.000000e+00 -0.000000e+00  0.000000e+00
    outer loop
      vertex   8.890001e-01 -2.740278e-02  1.252678e+00
      vertex   8.890001e-01 -2.882344e-02  1.252589e+00
      vertex   8.890001e-01 -2.749108e-02  1.252985e+00
    endloop
  endfacet
  facet normal -1.000000e+00 -0.000000e+00  0.000000e+00
    outer loop
      vertex   8.890001e-01 -2.749108e-02  1.252985e+00
      vertex   8.890001e-01 -2.882344e-02  1.252589e+00
      vertex   8.890001e-01 -2.751863e-02  1.253285e+00
    endloop
  endfacet
  facet normal -1.000000e+00 -0.000000e+00  0.000000e+00
    outer loop
      vertex   8.890001e-01 -2.751863e-02  1.253285e+00
      vertex   8.890001e-01 -2.882344e-02  1.252589e+00
      vertex   8.890001e-01 -2.749108e-02  1.253585e+00
    endloop
  endfacet
  facet normal -1.000000e+00 -0.000000e+00  0.000000e+00
    outer loop
      vertex   8.890001e-01 -2.749108e-02  1.253585e+00
      vertex   8.890001e-01 -2.882344e-02  1.252589e+00
      vertex   8.890001e-01 -2.980337e-02  1.255470e+00
    endloop
  endfacet
  facet normal -1.000000e+00  0.000000e+00  0.000000e+00
    outer loop
      vertex   8.890001e-01 -2.749108e-02  1.253585e+00
      vertex   8.890001e-01 -2.980337e-02  1.255470e+00
      vertex   8.890001e-01 -2.740278e-02  1.253892e+00
    endloop
  endfacet
  facet normal -1.000000e+00  0.000000e+00  0.000000e+00
    outer loop
      vertex   8.890001e-01 -2.740278e-02  1.253892e+00
      vertex   8.890001e-01 -2.980337e-02  1.255470e+00
      vertex   8.890001e-01 -2.724967e-02  1.254188e+00
    endloop
  endfacet
  facet normal -1.000000e+00  0.000000e+00  0.000000e+00
    outer loop
      vertex   8.890001e-01 -2.724967e-02  1.254188e+00
      vertex   8.890001e-01 -2.980337e-02  1.255470e+00
      vertex   8.890001e-01 -2.703536e-02  1.254452e+00
    endloop
  endfacet
  facet normal -1.000000e+00  0.000000e+00  0.000000e+00
    outer loop
      vertex   8.890001e-01 -2.703536e-02  1.254452e+00
      vertex   8.890001e-01 -2.980337e-02  1.255470e+00
      vertex   8.890001e-01 -2.677152e-02  1.254666e+00
    endloop
  endfacet
  facet normal -1.000000e+00  0.000000e+00  0.000000e+00
    outer loop
      vertex   8.890001e-01 -2.677152e-02  1.254666e+00
      vertex   8.890001e-01 -2.980337e-02  1.255470e+00
      vertex   8.890001e-01 -2.647598e-02  1.254819e+00
    endloop
  endfacet
  facet normal -1.000000e+00  0.000000e+00  0.000000e+00
    outer loop
      vertex   8.890001e-01 -2.647598e-02  1.254819e+00
      vertex   8.890001e-01 -2.980337e-02  1.255470e+00
      vertex   8.890001e-01 -2.458264e-02  1.259451e+00
    endloop
  endfacet
  facet normal -1.000000e+00  0.000000e+00  0.000000e+00
    outer loop
      vertex   8.890001e-01 -2.647598e-02  1.254819e+00
      vertex   8.890001e-01 -2.458264e-02  1.259451e+00
      vertex   8.890001e-01 -2.616887e-02  1.254907e+00
    endloop
  endfacet
  facet normal -1.000000e+00  0.000000e+00  0.000000e+00
    outer loop
      vertex   8.890001e-01 -2.616887e-02  1.254907e+00
      vertex   8.890001e-01 -2.458264e-02  1.259451e+00
      vertex   8.890001e-01 -2.403498e-02  1.257121e+00
    endloop
  endfacet
  facet normal -1.000000e+00  0.000000e+00  0.000000e+00
    outer loop
      vertex   8.890001e-01 -2.616887e-02  1.254907e+00
      vertex   8.890001e-01 -2.403498e-02  1.257121e+00
      vertex   8.890001e-01 -2.586863e-02  1.254935e+00
    endloop
  endfacet
  facet normal -1.000000e+00  0.000000e+00  0.000000e+00
    outer loop
      vertex   8.890001e-01 -2.586863e-02  1.254935e+00
      vertex   8.890001e-01 -2.403498e-02  1.257121e+00
      vertex   8.890001e-01 -2.556839e-02  1.254907e+00
    endloop
  endfacet
  facet normal -1.000000e+00  0.000000e+00  0.000000e+00
    outer loop
      vertex   8.890001e-01 -2.556839e-02  1.254907e+00
      vertex   8.890001e-01 -2.403498e-02  1.257121e+00
      vertex   8.890001e-01 -2.526127e-02  1.254819e+00
    endloop
  endfacet
  facet normal -1.000000e+00  0.000000e+00  0.000000e+00
    outer loop
      vertex   8.890001e-01 -2.526127e-02  1.254819e+00
      vertex   8.890001e-01 -2.403498e-02  1.257121e+00
      vertex   8.890001e-01 -2.496573e-02  1.254666e+00
    endloop
  endfacet
  facet normal -1.000000e+00  0.000000e+00  0.000000e+00
    outer loop
      vertex   8.890001e-01 -2.496573e-02  1.254666e+00
      vertex   8.890001e-01 -2.403498e-02  1.257121e+00
      vertex   8.890001e-01 -2.324471e-02  1.254798e+00
    endloop
  endfacet
  facet normal -1.000000e+00  0.000000e+00  0.000000e+00
    outer loop
      vertex   8.890001e-01 -2.496573e-02  1.254666e+00
      vertex   8.890001e-01 -2.324471e-02  1.254798e+00
      vertex   8.890001e-01 -2.470190e-02  1.254452e+00
    endloop
  endfacet
  facet normal -1.000000e+00  0.000000e+00  0.000000e+00
    outer loop
      vertex   8.890001e-01 -2.470190e-02  1.254452e+00
      vertex   8.890001e-01 -2.324471e-02  1.254798e+00
      vertex   8.890001e-01 -2.448758e-02  1.254188e+00
    endloop
  endfacet
  facet normal -1.000000e+00  0.000000e+00  0.000000e+00
    outer loop
      vertex   8.890001e-01 -2.448758e-02  1.254188e+00
      vertex   8.890001e-01 -2.324471e-02  1.254798e+00
      vertex   8.890001e-01 -2.433448e-02  1.253892e+00
    endloop
  endfacet
  facet normal -1.000000e+00  0.000000e+00  0.000000e+00
    outer loop
      vertex   8.890001e-01 -2.433448e-02  1.253892e+00
      vertex   8.890001e-01 -2.324471e-02  1.254798e+00
      vertex   8.890001e-01 -2.424617e-02  1.253585e+00
    endloop
  endfacet
  facet normal -1.000000e+00  0.000000e+00  0.000000e+00
    outer loop
      vertex   8.890001e-01 -2.424617e-02  1.253585e+00
      vertex   8.890001e-01 -2.324471e-02  1.254798e+00
      vertex   8.890001e-01 -2.220710e-02  1.252518e+00
    endloop
  endfacet
  facet normal -1.000000e+00  0.000000e+00  0.000000e+00
    outer loop
      vertex   8.890001e-01 -2.424617e-02  1.253585e+00
      vertex   8.890001e-01 -2.220710e-02  1.252518e+00
      vertex   8.890001e-01 -2.421863e-02  1.253285e+00
    endloop
  endfacet
  facet normal -1.000000e+00  0.000000e+00 -0.000000e+00
    outer loop
      vertex   8.890001e-01 -2.421863e-02  1.253285e+00
      vertex   8.890001e-01 -2.220710e-02  1.252518e+00
      vertex   8.890001e-01 -2.424617e-02  1.252985e+00
    endloop
  endfacet
  facet normal -1.000000e+00  0.000000e+00 -0.000000e+00
    outer loop
      vertex   8.890001e-01 -2.424617e-02  1.252985e+00
      vertex   8.890001e-01 -2.220710e-02  1.252518e+00
      vertex   8.890001e-01 -2.433448e-02  1.252678e+00
    endloop
  endfacet
  facet normal -1.000000e+00  0.000000e+00 -0.000000e+00
    outer loop
      vertex   8.890001e-01 -2.433448e-02  1.252678e+00
      vertex   8.890001e-01 -2.220710e-02  1.252518e+00
      vertex   8.890001e-01 -2.448758e-02  1.252382e+00
    endloop
  endfacet
  facet normal -1.000000e+00  0.000000e+00 -0.000000e+00
    outer loop
      vertex   8.890001e-01 -2.448758e-02  1.252382e+00
      vertex   8.890001e-01 -2.220710e-02  1.252518e+00
      vertex   8.890001e-01 -2.470190e-02  1.252118e+00
    endloop
  endfacet
  facet normal -1.000000e+00  0.000000e+00  0.000000e+00
    outer loop
      vertex   8.890001e-01 -2.470190e-02  1.252118e+00
      vertex   8.890001e-01 -2.220710e-02  1.252518e+00
      vertex   8.890001e-01 -2.092489e-02  1.250320e+00
    endloop
  endfacet
  facet normal -1.000000e+00  0.000000e+00 -0.000000e+00
    outer loop
      vertex   8.890001e-01 -2.470190e-02  1.252118e+00
      vertex   8.890001e-01 -2.092489e-02  1.250320e+00
      vertex   8.890001e-01 -2.496573e-02  1.251904e+00
    endloop
  endfacet
  facet normal -1.000000e+00  0.000000e+00 -0.000000e+00
    outer loop
      vertex   8.890001e-01 -2.496573e-02  1.251904e+00
      vertex   8.890001e-01 -2.092489e-02  1.250320e+00
      vertex   8.890001e-01 -2.526127e-02  1.251751e+00
    endloop
  endfacet
  facet normal -1.000000e+00  0.000000e+00  0.000000e+00
    outer loop
      vertex   8.890001e-01 -2.980337e-02  1.255470e+00
      vertex   8.890001e-01 -3.048247e-02  1.258359e+00
      vertex   8.890001e-01 -2.458264e-02  1.259451e+00
    endloop
  endfacet
  facet normal -1.000000e+00 -0.000000e+00  0.000000e+00
    outer loop
      vertex   8.890001e-01 -2.458264e-02  1.259451e+00
      vertex   8.890001e-01 -3.048247e-02  1.258359e+00
      vertex   8.890001e-01 -3.087460e-02  1.261215e+00
    endloop
  endfacet
  facet normal -1.000000e+00  0.000000e+00  0.000000e+00
    outer loop
      vertex   8.890001e-01 -2.458264e-02  1.259451e+00
      vertex   8.890001e-01 -3.087460e-02  1.261215e+00
      vertex   8.890001e-01 -2.489887e-02  1.261754e+00
    endloop
  endfacet
  facet normal -1.000000e+00 -0.000000e+00  0.000000e+00
    outer loop
      vertex   8.890001e-01 -2.489887e-02  1.261754e+00
      vertex   8.890001e-01 -3.087460e-02  1.261215e+00
      vertex   8.890001e-01 -2.751863e-02  1.264000e+00
    endloop
  endfacet
  facet normal -1.000000e+00  0.000000e+00  0.000000e+00
    outer loop
      vertex   8.890001e-01 -2.489887e-02  1.261754e+00
      vertex   8.890001e-01 -2.751863e-02  1.264000e+00
      vertex   8.890001e-01 -2.500000e-02  1.264000e+00
    endloop
  endfacet
  facet normal -1.000000e+00  0.000000e+00  0.000000e+00
    outer loop
      vertex   8.890001e-01 -2.500000e-02  1.264000e+00
      vertex   8.890001e-01 -2.751863e-02  1.264000e+00
      vertex   8.890001e-01 -2.489887e-02  1.266246e+00
    endloop
  endfacet
  facet normal -1.000000e+00 -0.000000e+00  0.000000e+00
    outer loop
      vertex   8.890001e-01 -2.489887e-02  1.266246e+00
      vertex   8.890001e-01 -2.751863e-02  1.264000e+00
      vertex   8.890001e-01 -3.087460e-02  1.266786e+00
    endloop
  endfacet
  facet normal -1.000000e+00  0.000000e+00  0.000000e+00
    outer loop
      vertex   8.890001e-01 -2.489887e-02  1.266246e+00
      vertex   8.890001e-01 -3.087460e-02  1.266786e+00
      vertex   8.890001e-01 -3.048247e-02  1.269641e+00
    endloop
  endfacet
  facet normal -1.000000e+00  0.000000e+00  0.000000e+00
    outer loop
      vertex   8.890001e-01 -3.087460e-02  1.261215e+00
      vertex   8.890001e-01 -3.100000e-02  1.264000e+00
      vertex   8.890001e-01 -2.751863e-02  1.264000e+00
    endloop
  endfacet
  facet normal -1.000000e+00  0.000000e+00  0.000000e+00
    outer loop
      vertex   8.890001e-01 -2.751863e-02  1.264000e+00
      vertex   8.890001e-01 -3.100000e-02  1.264000e+00
      vertex   8.890001e-01 -3.087460e-02  1.266786e+00
    endloop
  endfacet
  facet normal -1.000000e+00  0.000000e+00  0.000000e+00
    outer loop
      vertex   8.890001e-01 -2.489887e-02  1.266246e+00
      vertex   8.890001e-01 -3.048247e-02  1.269641e+00
      vertex   8.890001e-01 -2.458264e-02  1.268549e+00
    endloop
  endfacet
  facet normal -1.000000e+00  0.000000e+00  0.000000e+00
    outer loop
      vertex   8.890001e-01 -2.458264e-02  1.268549e+00
      vertex   8.890001e-01 -3.048247e-02  1.269641e+00
      vertex   8.890001e-01 -2.980337e-02  1.272530e+00
    endloop
  endfacet
  facet normal -1.000000e+00  0.000000e+00  0.000000e+00
    outer loop
      vertex   8.890001e-01 -2.458264e-02  1.268549e+00
      vertex   8.890001e-01 -2.980337e-02  1.272530e+00
      vertex   8.890001e-01 -2.647598e-02  1.273181e+00
    endloop
  endfacet
  facet normal -1.000000e+00 -0.000000e+00  0.000000e+00
    outer loop
      vertex   8.890001e-01 -2.647598e-02  1.273181e+00
      vertex   8.890001e-01 -2.980337e-02  1.272530e+00
      vertex   8.890001e-01 -2.677152e-02  1.273334e+00
    endloop
  endfacet
  facet normal -1.000000e+00 -0.000000e+00  0.000000e+00
    outer loop
      vertex   8.890001e-01 -2.677152e-02  1.273334e+00
      vertex   8.890001e-01 -2.980337e-02  1.272530e+00
      vertex   8.890001e-01 -2.703536e-02  1.273548e+00
    endloop
  endfacet
  facet normal -1.000000e+00 -0.000000e+00  0.000000e+00
    outer loop
      vertex   8.890001e-01 -2.703536e-02  1.273548e+00
      vertex   8.890001e-01 -2.980337e-02  1.272530e+00
      vertex   8.890001e-01 -2.724967e-02  1.273812e+00
    endloop
  endfacet
  facet normal -1.000000e+00 -0.000000e+00  0.000000e+00
    outer loop
      vertex   8.890001e-01 -2.724967e-02  1.273812e+00
      vertex   8.890001e-01 -2.980337e-02  1.272530e+00
      vertex   8.890001e-01 -2.740278e-02  1.274108e+00
    endloop
  endfacet
  facet normal -1.000000e+00 -0.000000e+00  0.000000e+00
    outer loop
      vertex   8.890001e-01 -2.740278e-02  1.274108e+00
      vertex   8.890001e-01 -2.980337e-02  1.272530e+00
      vertex   8.890001e-01 -2.749108e-02  1.274415e+00
    endloop
  endfacet
  facet normal -1.000000e+00 -0.000000e+00  0.000000e+00
    outer loop
      vertex   8.890001e-01 -2.749108e-02  1.274415e+00
      vertex   8.890001e-01 -2.980337e-02  1.272530e+00
      vertex   8.890001e-01 -2.882344e-02  1.275411e+00
    endloop
  endfacet
  facet normal -1.000000e+00  0.000000e+00  0.000000e+00
    outer loop
      vertex   8.890001e-01 -2.749108e-02  1.274415e+00
      vertex   8.890001e-01 -2.882344e-02  1.275411e+00
      vertex   8.890001e-01 -2.751863e-02  1.274715e+00
    endloop
  endfacet
  facet normal -1.000000e+00  0.000000e+00  0.000000e+00
    outer loop
      vertex   8.890001e-01 -2.751863e-02  1.274715e+00
      vertex   8.890001e-01 -2.882344e-02  1.275411e+00
      vertex   8.890001e-01 -2.749108e-02  1.275015e+00
    endloop
  endfacet
  facet normal -1.000000e+00  0.000000e+00  0.000000e+00
    outer loop
      vertex   8.890001e-01 -2.749108e-02  1.275015e+00
      vertex   8.890001e-01 -2.882344e-02  1.275411e+00
      vertex   8.890001e-01 -2.740278e-02  1.275323e+00
    endloop
  endfacet
  facet normal -1.000000e+00  0.000000e+00  0.000000e+00
    outer loop
      vertex   8.890001e-01 -2.740278e-02  1.275323e+00
      vertex   8.890001e-01 -2.882344e-02  1.275411e+00
      vertex   8.890001e-01 -2.724967e-02  1.275618e+00
    endloop
  endfacet
  facet normal -1.000000e+00 -0.000000e+00  0.000000e+00
    outer loop
      vertex   8.890001e-01 -2.724967e-02  1.275618e+00
      vertex   8.890001e-01 -2.882344e-02  1.275411e+00
      vertex   8.890001e-01 -2.703536e-02  1.275882e+00
    endloop
  endfacet
  facet normal -1.000000e+00 -0.000000e+00  0.000000e+00
    outer loop
      vertex   8.890001e-01 -2.703536e-02  1.275882e+00
      vertex   8.890001e-01 -2.882344e-02  1.275411e+00
      vertex   8.890001e-01 -2.753681e-02  1.278238e+00
    endloop
  endfacet
  facet normal -1.000000e+00  0.000000e+00  0.000000e+00
    outer loop
      vertex   8.890001e-01 -2.703536e-02  1.275882e+00
      vertex   8.890001e-01 -2.753681e-02  1.278238e+00
      vertex   8.890001e-01 -2.677152e-02  1.276096e+00
    endloop
  endfacet
  facet normal -1.000000e+00  0.000000e+00  0.000000e+00
    outer loop
      vertex   8.890001e-01 -2.677152e-02  1.276096e+00
      vertex   8.890001e-01 -2.753681e-02  1.278238e+00
      vertex   8.890001e-01 -2.647598e-02  1.276249e+00
    endloop
  endfacet
  facet normal -1.000000e+00  0.000000e+00  0.000000e+00
    outer loop
      vertex   8.890001e-01 -2.647598e-02  1.276249e+00
      vertex   8.890001e-01 -2.753681e-02  1.278238e+00
      vertex   8.890001e-01 -2.616887e-02  1.276338e+00
    endloop
  endfacet
  facet normal -1.000000e+00  0.000000e+00  0.000000e+00
    outer loop
      vertex   8.890001e-01 -2.616887e-02  1.276338e+00
      vertex   8.890001e-01 -2.753681e-02  1.278238e+00
      vertex   8.890001e-01 -2.586863e-02  1.276365e+00
    endloop
  endfacet
  facet normal -1.000000e+00  0.000000e+00  0.000000e+00
    outer loop
      vertex   8.890001e-01 -2.586863e-02  1.276365e+00
      vertex   8.890001e-01 -2.753681e-02  1.278238e+00
      vertex   8.890001e-01 -2.556839e-02  1.276338e+00
    endloop
  endfacet
  facet normal -1.000000e+00  0.000000e+00  0.000000e+00
    outer loop
      vertex   8.890001e-01 -2.556839e-02  1.276338e+00
      vertex   8.890001e-01 -2.753681e-02  1.278238e+00
      vertex   8.890001e-01 -2.594686e-02  1.280964e+00
    endloop
  endfacet
  facet normal -1.000000e+00  0.000000e+00  0.000000e+00
    outer loop
      vertex   8.890001e-01 -2.556839e-02  1.276338e+00
      vertex   8.890001e-01 -2.594686e-02  1.280964e+00
      vertex   8.890001e-01 -2.526127e-02  1.276249e+00
    endloop
  endfacet
  facet normal -1.000000e+00  0.000000e+00  0.000000e+00
    outer loop
      vertex   8.890001e-01 -2.526127e-02  1.276249e+00
      vertex   8.890001e-01 -2.594686e-02  1.280964e+00
      vertex   8.890001e-01 -2.092489e-02  1.277680e+00
    endloop
  endfacet
  facet normal -1.000000e+00  0.000000e+00  0.000000e+00
    outer loop
      vertex   8.890001e-01 -2.526127e-02  1.276249e+00
      vertex   8.890001e-01 -2.092489e-02  1.277680e+00
      vertex   8.890001e-01 -2.496573e-02  1.276096e+00
    endloop
  endfacet
  facet normal -1.000000e+00  0.000000e+00  0.000000e+00
    outer loop
      vertex   8.890001e-01 -2.496573e-02  1.276096e+00
      vertex   8.890001e-01 -2.092489e-02  1.277680e+00
      vertex   8.890001e-01 -2.470190e-02  1.275882e+00
    endloop
  endfacet
  facet normal -1.000000e+00  0.000000e+00  0.000000e+00
    outer loop
      vertex   8.890001e-01 -2.470190e-02  1.275882e+00
      vertex   8.890001e-01 -2.092489e-02  1.277680e+00
      vertex   8.890001e-01 -2.220710e-02  1.275482e+00
    endloop
  endfacet
  facet normal -1.000000e+00  0.000000e+00  0.000000e+00
    outer loop
      vertex   8.890001e-01 -2.470190e-02  1.275882e+00
      vertex   8.890001e-01 -2.220710e-02  1.275482e+00
      vertex   8.890001e-01 -2.448758e-02  1.275618e+00
    endloop
  endfacet
  facet normal -1.000000e+00  0.000000e+00  0.000000e+00
    outer loop
      vertex   8.890001e-01 -2.448758e-02  1.275618e+00
      vertex   8.890001e-01 -2.220710e-02  1.275482e+00
      vertex   8.890001e-01 -2.433448e-02  1.275323e+00
    endloop
  endfacet
  facet normal -1.000000e+00  0.000000e+00  0.000000e+00
    outer loop
      vertex   8.890001e-01 -2.433448e-02  1.275323e+00
      vertex   8.890001e-01 -2.220710e-02  1.275482e+00
      vertex   8.890001e-01 -2.424617e-02  1.275015e+00
    endloop
  endfacet
  facet normal -1.000000e+00  0.000000e+00  0.000000e+00
    outer loop
      vertex   8.890001e-01 -2.424617e-02  1.275015e+00
      vertex   8.890001e-01 -2.220710e-02  1.275482e+00
      vertex   8.890001e-01 -2.421863e-02  1.274715e+00
    endloop
  endfacet
  facet normal -1.000000e+00  0.000000e+00 -0.000000e+00
    outer loop
      vertex   8.890001e-01 -2.421863e-02  1.274715e+00
      vertex   8.890001e-01 -2.220710e-02  1.275482e+00
      vertex   8.890001e-01 -2.424617e-02  1.274415e+00
    endloop
  endfacet
  facet normal -1.000000e+00  0.000000e+00  0.000000e+00
    outer loop
      vertex   8.890001e-01 -2.424617e-02  1.274415e+00
      vertex   8.890001e-01 -2.220710e-02  1.275482e+00
      vertex   8.890001e-01 -2.324471e-02  1.273202e+00
    endloop
  endfacet
  facet normal -1.000000e+00  0.000000e+00 -0.000000e+00
    outer loop
      vertex   8.890001e-01 -2.424617e-02  1.274415e+00
      vertex   8.890001e-01 -2.324471e-02  1.273202e+00
      vertex   8.890001e-01 -2.433448e-02  1.274108e+00
    endloop
  endfacet
  facet normal -1.000000e+00  0.000000e+00 -0.000000e+00
    outer loop
      vertex   8.890001e-01 -2.433448e-02  1.274108e+00
      vertex   8.890001e-01 -2.324471e-02  1.273202e+00
      vertex   8.890001e-01 -2.448758e-02  1.273812e+00
    endloop
  endfacet
  facet normal -1.000000e+00  0.000000e+00 -0.000000e+00
    outer loop
      vertex   8.890001e-01 -2.448758e-02  1.273812e+00
      vertex   8.890001e-01 -2.324471e-02  1.273202e+00
      vertex   8.890001e-01 -2.470190e-02  1.273548e+00
    endloop
  endfacet
  facet normal -1.000000e+00  0.000000e+00 -0.000000e+00
    outer loop
      vertex   8.890001e-01 -2.470190e-02  1.273548e+00
      vertex   8.890001e-01 -2.324471e-02  1.273202e+00
      vertex   8.890001e-01 -2.496573e-02  1.273334e+00
    endloop
  endfacet
  facet normal -1.000000e+00  0.000000e+00  0.000000e+00
    outer loop
      vertex   8.890001e-01 -2.496573e-02  1.273334e+00
      vertex   8.890001e-01 -2.324471e-02  1.273202e+00
      vertex   8.890001e-01 -2.403498e-02  1.270879e+00
    endloop
  endfacet
  facet normal -1.000000e+00  0.000000e+00 -0.000000e+00
    outer loop
      vertex   8.890001e-01 -2.496573e-02  1.273334e+00
      vertex   8.890001e-01 -2.403498e-02  1.270879e+00
      vertex   8.890001e-01 -2.526127e-02  1.273181e+00
    endloop
  endfacet
  facet normal -1.000000e+00  0.000000e+00 -0.000000e+00
    outer loop
      vertex   8.890001e-01 -2.526127e-02  1.273181e+00
      vertex   8.890001e-01 -2.403498e-02  1.270879e+00
      vertex   8.890001e-01 -2.556839e-02  1.273093e+00
    endloop
  endfacet
  facet normal -1.000000e+00  0.000000e+00 -0.000000e+00
    outer loop
      vertex   8.890001e-01 -2.556839e-02  1.273093e+00
      vertex   8.890001e-01 -2.403498e-02  1.270879e+00
      vertex   8.890001e-01 -2.586863e-02  1.273065e+00
    endloop
  endfacet
  facet normal -1.000000e+00 -0.000000e+00 -0.000000e+00
    outer loop
      vertex   8.890001e-01 -2.586863e-02  1.273065e+00
      vertex   8.890001e-01 -2.403498e-02  1.270879e+00
      vertex   8.890001e-01 -2.616887e-02  1.273093e+00
    endloop
  endfacet
  facet normal -1.000000e+00  0.000000e+00  0.000000e+00
    outer loop
      vertex   8.890001e-01 -2.616887e-02  1.273093e+00
      vertex   8.890001e-01 -2.403498e-02  1.270879e+00
      vertex   8.890001e-01 -2.458264e-02  1.268549e+00
    endloop
  endfacet
  facet normal -1.000000e+00 -0.000000e+00 -0.000000e+00
    outer loop
      vertex   8.890001e-01 -2.616887e-02  1.273093e+00
      vertex   8.890001e-01 -2.458264e-02  1.268549e+00
      vertex   8.890001e-01 -2.647598e-02  1.273181e+00
    endloop
  endfacet
  facet normal -1.000000e+00  0.000000e+00  0.000000e+00
    outer loop
      vertex   8.890001e-01 -2.594686e-02  1.280964e+00
      vertex   8.890001e-01 -2.406695e-02  1.283539e+00
      vertex   8.890001e-01 -2.092489e-02  1.277680e+00
    endloop
  endfacet
  facet normal -1.000000e+00  0.000000e+00  0.000000e+00
    outer loop
      vertex   8.890001e-01 -2.092489e-02  1.277680e+00
      vertex   8.890001e-01 -2.406695e-02  1.283539e+00
      vertex   8.890001e-01 -1.940883e-02  1.279757e+00
    endloop
  endfacet
  facet normal -1.000000e+00  0.000000e+00  0.000000e+00
    outer loop
      vertex   8.890001e-01 -1.940883e-02  1.279757e+00
      vertex   8.890001e-01 -2.406695e-02  1.283539e+00
      vertex   8.890001e-01 -2.192031e-02  1.285920e+00
    endloop
  endfacet
  facet normal -1.000000e+00  0.000000e+00  0.000000e+00
    outer loop
      vertex   8.890001e-01 -1.940883e-02  1.279757e+00
      vertex   8.890001e-01 -2.192031e-02  1.285920e+00
      vertex   8.890001e-01 -1.767767e-02  1.281678e+00
    endloop
  endfacet
  facet normal -1.000000e+00  0.000000e+00  0.000000e+00
    outer loop
      vertex   8.890001e-01 -1.767767e-02  1.281678e+00
      vertex   8.890001e-01 -2.192031e-02  1.285920e+00
      vertex   8.890001e-01 -1.953924e-02  1.288067e+00
    endloop
  endfacet
  facet normal -1.000000e+00  0.000000e+00  0.000000e+00
    outer loop
      vertex   8.890001e-01 -1.767767e-02  1.281678e+00
      vertex   8.890001e-01 -1.953924e-02  1.288067e+00
      vertex   8.890001e-01 -1.575745e-02  1.283409e+00
    endloop
  endfacet
  facet normal -1.000000e+00  0.000000e+00  0.000000e+00
    outer loop
      vertex   8.890001e-01 -1.575745e-02  1.283409e+00
      vertex   8.890001e-01 -1.953924e-02  1.288067e+00
      vertex   8.890001e-01 -1.696350e-02  1.289947e+00
    endloop
  endfacet
  facet normal -1.000000e+00  0.000000e+00  0.000000e+00
    outer loop
      vertex   8.890001e-01 -1.575745e-02  1.283409e+00
      vertex   8.890001e-01 -1.696350e-02  1.289947e+00
      vertex   8.890001e-01 -1.368024e-02  1.284925e+00
    endloop
  endfacet
  facet normal -1.000000e+00  0.000000e+00  0.000000e+00
    outer loop
      vertex   8.890001e-01 -1.368024e-02  1.284925e+00
      vertex   8.890001e-01 -1.696350e-02  1.289947e+00
      vertex   8.890001e-01 -1.224929e-02  1.289261e+00
    endloop
  endfacet
  facet normal -1.000000e+00  0.000000e+00  0.000000e+00
    outer loop
      vertex   8.890001e-01 -1.368024e-02  1.284925e+00
      vertex   8.890001e-01 -1.224929e-02  1.289261e+00
      vertex   8.890001e-01 -1.209618e-02  1.288966e+00
    endloop
  endfacet
  facet normal -1.000000e+00  0.000000e+00  0.000000e+00
    outer loop
      vertex   8.890001e-01 -1.224929e-02  1.289261e+00
      vertex   8.890001e-01 -1.696350e-02  1.289947e+00
      vertex   8.890001e-01 -1.233759e-02  1.289568e+00
    endloop
  endfacet
  facet normal -1.000000e+00  0.000000e+00  0.000000e+00
    outer loop
      vertex   8.890001e-01 -1.233759e-02  1.289568e+00
      vertex   8.890001e-01 -1.696350e-02  1.289947e+00
      vertex   8.890001e-01 -1.423813e-02  1.291537e+00
    endloop
  endfacet
  facet normal -1.000000e+00  0.000000e+00  0.000000e+00
    outer loop
      vertex   8.890001e-01 -1.233759e-02  1.289568e+00
      vertex   8.890001e-01 -1.423813e-02  1.291537e+00
      vertex   8.890001e-01 -1.236514e-02  1.289869e+00
    endloop
  endfacet
  facet normal -1.000000e+00  0.000000e+00  0.000000e+00
    outer loop
      vertex   8.890001e-01 -1.236514e-02  1.289869e+00
      vertex   8.890001e-01 -1.423813e-02  1.291537e+00
      vertex   8.890001e-01 -1.233759e-02  1.290169e+00
    endloop
  endfacet
  facet normal -1.000000e+00  0.000000e+00  0.000000e+00
    outer loop
      vertex   8.890001e-01 -1.233759e-02  1.290169e+00
      vertex   8.890001e-01 -1.423813e-02  1.291537e+00
      vertex   8.890001e-01 -1.224929e-02  1.290476e+00
    endloop
  endfacet
  facet normal -1.000000e+00  0.000000e+00  0.000000e+00
    outer loop
      vertex   8.890001e-01 -1.224929e-02  1.290476e+00
      vertex   8.890001e-01 -1.423813e-02  1.291537e+00
      vertex   8.890001e-01 -1.209618e-02  1.290772e+00
    endloop
  endfacet
  facet normal -1.000000e+00  0.000000e+00  0.000000e+00
    outer loop
      vertex   8.890001e-01 -1.209618e-02  1.290772e+00
      vertex   8.890001e-01 -1.423813e-02  1.291537e+00
      vertex   8.890001e-01 -1.188186e-02  1.291035e+00
    endloop
  endfacet
  facet normal -1.000000e+00  0.000000e+00  0.000000e+00
    outer loop
      vertex   8.890001e-01 -1.188186e-02  1.291035e+00
      vertex   8.890001e-01 -1.423813e-02  1.291537e+00
      vertex   8.890001e-01 -1.141094e-02  1.292824e+00
    endloop
  endfacet
  facet normal -1.000000e+00  0.000000e+00  0.000000e+00
    outer loop
      vertex   8.890001e-01 -1.188186e-02  1.291035e+00
      vertex   8.890001e-01 -1.141094e-02  1.292824e+00
      vertex   8.890001e-01 -1.161803e-02  1.291250e+00
    endloop
  endfacet
  facet normal -1.000000e+00  0.000000e+00  0.000000e+00
    outer loop
      vertex   8.890001e-01 -1.161803e-02  1.291250e+00
      vertex   8.890001e-01 -1.141094e-02  1.292824e+00
      vertex   8.890001e-01 -1.132249e-02  1.291403e+00
    endloop
  endfacet
  facet normal -1.000000e+00  0.000000e+00  0.000000e+00
    outer loop
      vertex   8.890001e-01 -1.132249e-02  1.291403e+00
      vertex   8.890001e-01 -1.141094e-02  1.292824e+00
      vertex   8.890001e-01 -1.101538e-02  1.291491e+00
    endloop
  endfacet
  facet normal -1.000000e+00  0.000000e+00  0.000000e+00
    outer loop
      vertex   8.890001e-01 -1.101538e-02  1.291491e+00
      vertex   8.890001e-01 -1.141094e-02  1.292824e+00
      vertex   8.890001e-01 -1.071514e-02  1.291519e+00
    endloop
  endfacet
  facet normal -1.000000e+00  0.000000e+00  0.000000e+00
    outer loop
      vertex   8.890001e-01 -1.071514e-02  1.291519e+00
      vertex   8.890001e-01 -1.141094e-02  1.292824e+00
      vertex   8.890001e-01 -1.041490e-02  1.291491e+00
    endloop
  endfacet
  facet normal -1.000000e+00  0.000000e+00  0.000000e+00
    outer loop
      vertex   8.890001e-01 -1.041490e-02  1.291491e+00
      vertex   8.890001e-01 -1.141094e-02  1.292824e+00
      vertex   8.890001e-01 -8.529905e-03  1.293803e+00
    endloop
  endfacet
  facet normal -1.000000e+00  0.000000e+00  0.000000e+00
    outer loop
      vertex   8.890001e-01 -1.041490e-02  1.291491e+00
      vertex   8.890001e-01 -8.529905e-03  1.293803e+00
      vertex   8.890001e-01 -1.010778e-02  1.291403e+00
    endloop
  endfacet
  facet normal -1.000000e+00  0.000000e+00  0.000000e+00
    outer loop
      vertex   8.890001e-01 -1.010778e-02  1.291403e+00
      vertex   8.890001e-01 -8.529905e-03  1.293803e+00
      vertex   8.890001e-01 -9.812240e-03  1.291250e+00
    endloop
  endfacet
  facet normal -1.000000e+00  0.000000e+00  0.000000e+00
    outer loop
      vertex   8.890001e-01 -9.812240e-03  1.291250e+00
      vertex   8.890001e-01 -8.529905e-03  1.293803e+00
      vertex   8.890001e-01 -9.548411e-03  1.291035e+00
    endloop
  endfacet
  facet normal -1.000000e+00  0.000000e+00  0.000000e+00
    outer loop
      vertex   8.890001e-01 -9.548411e-03  1.291035e+00
      vertex   8.890001e-01 -8.529905e-03  1.293803e+00
      vertex   8.890001e-01 -9.334094e-03  1.290772e+00
    endloop
  endfacet
  facet normal -1.000000e+00  0.000000e+00  0.000000e+00
    outer loop
      vertex   8.890001e-01 -9.334094e-03  1.290772e+00
      vertex   8.890001e-01 -8.529905e-03  1.293803e+00
      vertex   8.890001e-01 -9.180986e-03  1.290476e+00
    endloop
  endfacet
  facet normal -1.000000e+00  0.000000e+00  0.000000e+00
    outer loop
      vertex   8.890001e-01 -9.180986e-03  1.290476e+00
      vertex   8.890001e-01 -8.529905e-03  1.293803e+00
      vertex   8.890001e-01 -5.640855e-03  1.294482e+00
    endloop
  endfacet
  facet normal -1.000000e+00  0.000000e+00  0.000000e+00
    outer loop
      vertex   8.890001e-01 -9.180986e-03  1.290476e+00
      vertex   8.890001e-01 -5.640855e-03  1.294482e+00
      vertex   8.890001e-01 -9.092683e-03  1.290169e+00
    endloop
  endfacet
  facet normal -1.000000e+00  0.000000e+00  0.000000e+00
    outer loop
      vertex   8.890001e-01 -9.092683e-03  1.290169e+00
      vertex   8.890001e-01 -5.640855e-03  1.294482e+00
      vertex   8.890001e-01 -6.878956e-03  1.288035e+00
    endloop
  endfacet
  facet normal -1.000000e+00  0.000000e+00  0.000000e+00
    outer loop
      vertex   8.890001e-01 -9.092683e-03  1.290169e+00
      vertex   8.890001e-01 -6.878956e-03  1.288035e+00
      vertex   8.890001e-01 -9.065137e-03  1.289869e+00
    endloop
  endfacet
  facet normal -1.000000e+00  0.000000e+00 -0.000000e+00
    outer loop
      vertex   8.890001e-01 -9.065137e-03  1.289869e+00
      vertex   8.890001e-01 -6.878956e-03  1.288035e+00
      vertex   8.890001e-01 -9.092683e-03  1.289568e+00
    endloop
  endfacet
  facet normal -1.000000e+00  0.000000e+00 -0.000000e+00
    outer loop
      vertex   8.890001e-01 -9.092683e-03  1.289568e+00
      vertex   8.890001e-01 -6.878956e-03  1.288035e+00
      vertex   8.890001e-01 -9.180986e-03  1.289261e+00
    endloop
  endfacet
  facet normal -1.000000e+00  0.000000e+00 -0.000000e+00
    outer loop
      vertex   8.890001e-01 -9.180986e-03  1.289261e+00
      vertex   8.890001e-01 -6.878956e-03  1.288035e+00
      vertex   8.890001e-01 -9.334094e-03  1.288966e+00
    endloop
  endfacet
  facet normal -1.000000e+00  0.000000e+00  0.000000e+00
    outer loop
      vertex   8.890001e-01 -9.334094e-03  1.288966e+00
      vertex   8.890001e-01 -6.878956e-03  1.288035e+00
      vertex   8.890001e-01 -9.202369e-03  1.287245e+00
    endloop
  endfacet
  facet normal -1.000000e+00  0.000000e+00 -0.000000e+00
    outer loop
      vertex   8.890001e-01 -9.334094e-03  1.288966e+00
      vertex   8.890001e-01 -9.202369e-03  1.287245e+00
      vertex   8.890001e-01 -9.548411e-03  1.288702e+00
    endloop
  endfacet
  facet normal -1.000000e+00  0.000000e+00 -0.000000e+00
    outer loop
      vertex   8.890001e-01 -9.548411e-03  1.288702e+00
      vertex   8.890001e-01 -9.202369e-03  1.287245e+00
      vertex   8.890001e-01 -9.812240e-03  1.288488e+00
    endloop
  endfacet
  facet normal -1.000000e+00  0.000000e+00 -0.000000e+00
    outer loop
      vertex   8.890001e-01 -9.812240e-03  1.288488e+00
      vertex   8.890001e-01 -9.202369e-03  1.287245e+00
      vertex   8.890001e-01 -1.010778e-02  1.288335e+00
    endloop
  endfacet
  facet normal -1.000000e+00  0.000000e+00 -0.000000e+00
    outer loop
      vertex   8.890001e-01 -1.010778e-02  1.288335e+00
      vertex   8.890001e-01 -9.202369e-03  1.287245e+00
      vertex   8.890001e-01 -1.041490e-02  1.288246e+00
    endloop
  endfacet
  facet normal -1.000000e+00  0.000000e+00 -0.000000e+00
    outer loop
      vertex   8.890001e-01 -1.041490e-02  1.288246e+00
      vertex   8.890001e-01 -9.202369e-03  1.287245e+00
      vertex   8.890001e-01 -1.148237e-02  1.286207e+00
    endloop
  endfacet
  facet normal -1.000000e+00  0.000000e+00  0.000000e+00
    outer loop
      vertex   8.890001e-01 -1.041490e-02  1.288246e+00
      vertex   8.890001e-01 -1.148237e-02  1.286207e+00
      vertex   8.890001e-01 -1.071514e-02  1.288219e+00
    endloop
  endfacet
  facet normal -1.000000e+00 -0.000000e+00  0.000000e+00
    outer loop
      vertex   8.890001e-01 -1.071514e-02  1.288219e+00
      vertex   8.890001e-01 -1.148237e-02  1.286207e+00
      vertex   8.890001e-01 -1.101538e-02  1.288246e+00
    endloop
  endfacet
  facet normal -1.000000e+00 -0.000000e+00  0.000000e+00
    outer loop
      vertex   8.890001e-01 -1.101538e-02  1.288246e+00
      vertex   8.890001e-01 -1.148237e-02  1.286207e+00
      vertex   8.890001e-01 -1.132249e-02  1.288335e+00
    endloop
  endfacet
  facet normal -1.000000e+00 -0.000000e+00  0.000000e+00
    outer loop
      vertex   8.890001e-01 -1.132249e-02  1.288335e+00
      vertex   8.890001e-01 -1.148237e-02  1.286207e+00
      vertex   8.890001e-01 -1.161803e-02  1.288488e+00
    endloop
  endfacet
  facet normal -1.000000e+00 -0.000000e+00 -0.000000e+00
    outer loop
      vertex   8.890001e-01 -1.161803e-02  1.288488e+00
      vertex   8.890001e-01 -1.148237e-02  1.286207e+00
      vertex   8.890001e-01 -1.188186e-02  1.288702e+00
    endloop
  endfacet
  facet normal -1.000000e+00  0.000000e+00 -0.000000e+00
    outer loop
      vertex   8.890001e-01 -1.188186e-02  1.288702e+00
      vertex   8.890001e-01 -1.148237e-02  1.286207e+00
      vertex   8.890001e-01 -1.368024e-02  1.284925e+00
    endloop
  endfacet
  facet normal -1.000000e+00 -0.000000e+00  0.000000e+00
    outer loop
      vertex   8.890001e-01 -1.188186e-02  1.288702e+00
      vertex   8.890001e-01 -1.368024e-02  1.284925e+00
      vertex   8.890001e-01 -1.209618e-02  1.288966e+00
    endloop
  endfacet
  facet normal -1.000000e+00  0.000000e+00 -0.000000e+00
    outer loop
      vertex   8.890001e-01 -2.785488e-03  1.294875e+00
      vertex   8.890001e-01 -1.966611e-03  1.292364e+00
      vertex   8.890001e-01 -5.640855e-03  1.294482e+00
    endloop
  endfacet
  facet normal -1.000000e+00  0.000000e+00  0.000000e+00
    outer loop
      vertex   8.890001e-01 -5.640855e-03  1.294482e+00
      vertex   8.890001e-01 -1.966611e-03  1.292364e+00
      vertex   8.890001e-01 -2.000000e-03  1.292000e+00
    endloop
  endfacet
  facet normal -1.000000e+00  0.000000e+00  0.000000e+00
    outer loop
      vertex   8.890001e-01 -5.640855e-03  1.294482e+00
      vertex   8.890001e-01 -2.000000e-03  1.292000e+00
      vertex   8.890001e-01 -4.549077e-03  1.288583e+00
    endloop
  endfacet
  facet normal -1.000000e+00  0.000000e+00  0.000000e+00
    outer loop
      vertex   8.890001e-01 -4.549077e-03  1.288583e+00
      vertex   8.890001e-01 -2.000000e-03  1.292000e+00
      vertex   8.890001e-01 -1.966611e-03  1.291636e+00
    endloop
  endfacet
  facet normal -1.000000e+00  0.000000e+00  0.000000e+00
    outer loop
      vertex   8.890001e-01 -4.549077e-03  1.288583e+00
      vertex   8.890001e-01 -1.966611e-03  1.291636e+00
      vertex   8.890001e-01 -1.859577e-03  1.291264e+00
    endloop
  endfacet
  facet normal -1.000000e+00  0.000000e+00  0.000000e+00
    outer loop
      vertex   8.890001e-01  2.805473e-16  1.295000e+00
      vertex   8.890001e-01 -7.361895e-04  1.293860e+00
      vertex   8.890001e-01 -2.785488e-03  1.294875e+00
    endloop
  endfacet
  facet normal -1.000000e+00  0.000000e+00  0.000000e+00
    outer loop
      vertex   8.890001e-01 -2.785488e-03  1.294875e+00
      vertex   8.890001e-01 -7.361895e-04  1.293860e+00
      vertex   8.890001e-01 -1.094420e-03  1.293674e+00
    endloop
  endfacet
  facet normal -1.000000e+00  0.000000e+00  0.000000e+00
    outer loop
      vertex   8.890001e-01 -2.785488e-03  1.294875e+00
      vertex   8.890001e-01 -1.094420e-03  1.293674e+00
      vertex   8.890001e-01 -1.414214e-03  1.293414e+00
    endloop
  endfacet
  facet normal -1.000000e+00 -0.000000e+00  0.000000e+00
    outer loop
      vertex   8.890001e-01  2.785488e-03  1.294875e+00
      vertex   8.890001e-01  7.361895e-04  1.293860e+00
      vertex   8.890001e-01  2.805473e-16  1.295000e+00
    endloop
  endfacet
  facet normal -1.000000e+00  0.000000e+00  0.000000e+00
    outer loop
      vertex   8.890001e-01  2.805473e-16  1.295000e+00
      vertex   8.890001e-01  7.361895e-04  1.293860e+00
      vertex   8.890001e-01  3.639261e-04  1.293967e+00
    endloop
  endfacet
  facet normal -1.000000e+00  0.000000e+00 -0.000000e+00
    outer loop
      vertex   8.890001e-01  2.805473e-16  1.295000e+00
      vertex   8.890001e-01  3.639261e-04  1.293967e+00
      vertex   8.890001e-01  9.031227e-17  1.294000e+00
    endloop
  endfacet
  facet normal -1.000000e+00 -0.000000e+00  0.000000e+00
    outer loop
      vertex   8.890001e-01  5.640855e-03  1.294482e+00
      vertex   8.890001e-01  1.966611e-03  1.292364e+00
      vertex   8.890001e-01  2.785488e-03  1.294875e+00
    endloop
  endfacet
  facet normal -1.000000e+00  0.000000e+00  0.000000e+00
    outer loop
      vertex   8.890001e-01  2.785488e-03  1.294875e+00
      vertex   8.890001e-01  1.966611e-03  1.292364e+00
      vertex   8.890001e-01  1.859577e-03  1.292736e+00
    endloop
  endfacet
  facet normal -1.000000e+00  0.000000e+00  0.000000e+00
    outer loop
      vertex   8.890001e-01  2.785488e-03  1.294875e+00
      vertex   8.890001e-01  1.859577e-03  1.292736e+00
      vertex   8.890001e-01  1.673991e-03  1.293095e+00
    endloop
  endfacet
  facet normal -1.000000e+00 -0.000000e+00 -0.000000e+00
    outer loop
      vertex   8.890001e-01  8.529905e-03  1.293803e+00
      vertex   8.890001e-01  9.180986e-03  1.290476e+00
      vertex   8.890001e-01  5.640855e-03  1.294482e+00
    endloop
  endfacet
  facet normal -1.000000e+00  0.000000e+00  0.000000e+00
    outer loop
      vertex   8.890001e-01  5.640855e-03  1.294482e+00
      vertex   8.890001e-01  9.180986e-03  1.290476e+00
      vertex   8.890001e-01  9.092683e-03  1.290169e+00
    endloop
  endfacet
  facet normal -1.000000e+00  0.000000e+00  0.000000e+00
    outer loop
      vertex   8.890001e-01  5.640855e-03  1.294482e+00
      vertex   8.890001e-01  9.092683e-03  1.290169e+00
      vertex   8.890001e-01  6.878956e-03  1.288035e+00
    endloop
  endfacet
  facet normal -1.000000e+00  0.000000e+00  0.000000e+00
    outer loop
      vertex   8.890001e-01  6.878956e-03  1.288035e+00
      vertex   8.890001e-01  9.092683e-03  1.290169e+00
      vertex   8.890001e-01  9.065137e-03  1.289869e+00
    endloop
  endfacet
  facet normal -1.000000e+00  0.000000e+00  0.000000e+00
    outer loop
      vertex   8.890001e-01  6.878956e-03  1.288035e+00
      vertex   8.890001e-01  9.065137e-03  1.289869e+00
      vertex   8.890001e-01  9.092683e-03  1.289568e+00
    endloop
  endfacet
  facet normal -1.000000e+00 -0.000000e+00  0.000000e+00
    outer loop
      vertex   8.890001e-01  1.141094e-02  1.292824e+00
      vertex   8.890001e-01  1.041490e-02  1.291491e+00
      vertex   8.890001e-01  8.529905e-03  1.293803e+00
    endloop
  endfacet
  facet normal -1.000000e+00  0.000000e+00  0.000000e+00
    outer loop
      vertex   8.890001e-01  8.529905e-03  1.293803e+00
      vertex   8.890001e-01  1.041490e-02  1.291491e+00
      vertex   8.890001e-01  1.010778e-02  1.291403e+00
    endloop
  endfacet
  facet normal -1.000000e+00  0.000000e+00  0.000000e+00
    outer loop
      vertex   8.890001e-01  8.529905e-03  1.293803e+00
      vertex   8.890001e-01  1.010778e-02  1.291403e+00
      vertex   8.890001e-01  9.812240e-03  1.291250e+00
    endloop
  endfacet
  facet normal -1.000000e+00 -0.000000e+00  0.000000e+00
    outer loop
      vertex   8.890001e-01  1.423813e-02  1.291537e+00
      vertex   8.890001e-01  1.188186e-02  1.291035e+00
      vertex   8.890001e-01  1.141094e-02  1.292824e+00
    endloop
  endfacet
  facet normal -1.000000e+00  0.000000e+00  0.000000e+00
    outer loop
      vertex   8.890001e-01  1.141094e-02  1.292824e+00
      vertex   8.890001e-01  1.188186e-02  1.291035e+00
      vertex   8.890001e-01  1.161803e-02  1.291250e+00
    endloop
  endfacet
  facet normal -1.000000e+00  0.000000e+00 -0.000000e+00
    outer loop
      vertex   8.890001e-01  1.141094e-02  1.292824e+00
      vertex   8.890001e-01  1.161803e-02  1.291250e+00
      vertex   8.890001e-01  1.132249e-02  1.291403e+00
    endloop
  endfacet
  facet normal -1.000000e+00 -0.000000e+00  0.000000e+00
    outer loop
      vertex   8.890001e-01  1.696350e-02  1.289947e+00
      vertex   8.890001e-01  1.233759e-02  1.289568e+00
      vertex   8.890001e-01  1.423813e-02  1.291537e+00
    endloop
  endfacet
  facet normal -1.000000e+00  0.000000e+00  0.000000e+00
    outer loop
      vertex   8.890001e-01  1.423813e-02  1.291537e+00
      vertex   8.890001e-01  1.233759e-02  1.289568e+00
      vertex   8.890001e-01  1.236514e-02  1.289869e+00
    endloop
  endfacet
  facet normal -1.000000e+00  0.000000e+00  0.000000e+00
    outer loop
      vertex   8.890001e-01  1.423813e-02  1.291537e+00
      vertex   8.890001e-01  1.236514e-02  1.289869e+00
      vertex   8.890001e-01  1.233759e-02  1.290169e+00
    endloop
  endfacet
  facet normal -1.000000e+00 -0.000000e+00  0.000000e+00
    outer loop
      vertex   8.890001e-01  1.953924e-02  1.288067e+00
      vertex   8.890001e-01  1.575745e-02  1.283409e+00
      vertex   8.890001e-01  1.696350e-02  1.289947e+00
    endloop
  endfacet
  facet normal -1.000000e+00  0.000000e+00  0.000000e+00
    outer loop
      vertex   8.890001e-01  1.696350e-02  1.289947e+00
      vertex   8.890001e-01  1.575745e-02  1.283409e+00
      vertex   8.890001e-01  1.368024e-02  1.284925e+00
    endloop
  endfacet
  facet normal -1.000000e+00  0.000000e+00  0.000000e+00
    outer loop
      vertex   8.890001e-01  1.696350e-02  1.289947e+00
      vertex   8.890001e-01  1.368024e-02  1.284925e+00
      vertex   8.890001e-01  1.224929e-02  1.289261e+00
    endloop
  endfacet
  facet normal -1.000000e+00  0.000000e+00 -0.000000e+00
    outer loop
      vertex   8.890001e-01  1.224929e-02  1.289261e+00
      vertex   8.890001e-01  1.368024e-02  1.284925e+00
      vertex   8.890001e-01  1.209618e-02  1.288966e+00
    endloop
  endfacet
  facet normal -1.000000e+00  0.000000e+00 -0.000000e+00
    outer loop
      vertex   8.890001e-01  1.209618e-02  1.288966e+00
      vertex   8.890001e-01  1.368024e-02  1.284925e+00
      vertex   8.890001e-01  1.188186e-02  1.288702e+00
    endloop
  endfacet
  facet normal -1.000000e+00  0.000000e+00 -0.000000e+00
    outer loop
      vertex   8.890001e-01  1.188186e-02  1.288702e+00
      vertex   8.890001e-01  1.368024e-02  1.284925e+00
      vertex   8.890001e-01  1.148237e-02  1.286207e+00
    endloop
  endfacet
  facet normal -1.000000e+00  0.000000e+00  0.000000e+00
    outer loop
      vertex   8.890001e-01  1.188186e-02  1.288702e+00
      vertex   8.890001e-01  1.148237e-02  1.286207e+00
      vertex   8.890001e-01  1.161803e-02  1.288488e+00
    endloop
  endfacet
  facet normal -1.000000e+00  0.000000e+00  0.000000e+00
    outer loop
      vertex   8.890001e-01  1.161803e-02  1.288488e+00
      vertex   8.890001e-01  1.148237e-02  1.286207e+00
      vertex   8.890001e-01  1.132249e-02  1.288335e+00
    endloop
  endfacet
  facet normal -1.000000e+00  0.000000e+00 -0.000000e+00
    outer loop
      vertex   8.890001e-01  1.132249e-02  1.288335e+00
      vertex   8.890001e-01  1.148237e-02  1.286207e+00
      vertex   8.890001e-01  1.101538e-02  1.288246e+00
    endloop
  endfacet
  facet normal -1.000000e+00  0.000000e+00 -0.000000e+00
    outer loop
      vertex   8.890001e-01  1.101538e-02  1.288246e+00
      vertex   8.890001e-01  1.148237e-02  1.286207e+00
      vertex   8.890001e-01  1.071514e-02  1.288219e+00
    endloop
  endfacet
  facet normal -1.000000e+00 -0.000000e+00 -0.000000e+00
    outer loop
      vertex   8.890001e-01  1.071514e-02  1.288219e+00
      vertex   8.890001e-01  1.148237e-02  1.286207e+00
      vertex   8.890001e-01  1.041490e-02  1.288246e+00
    endloop
  endfacet
  facet normal -1.000000e+00  0.000000e+00 -0.000000e+00
    outer loop
      vertex   8.890001e-01  1.041490e-02  1.288246e+00
      vertex   8.890001e-01  1.148237e-02  1.286207e+00
      vertex   8.890001e-01  9.202369e-03  1.287245e+00
    endloop
  endfacet
  facet normal -1.000000e+00 -0.000000e+00  0.000000e+00
    outer loop
      vertex   8.890001e-01  1.041490e-02  1.288246e+00
      vertex   8.890001e-01  9.202369e-03  1.287245e+00
      vertex   8.890001e-01  1.010778e-02  1.288335e+00
    endloop
  endfacet
  facet normal -1.000000e+00 -0.000000e+00  0.000000e+00
    outer loop
      vertex   8.890001e-01  1.010778e-02  1.288335e+00
      vertex   8.890001e-01  9.202369e-03  1.287245e+00
      vertex   8.890001e-01  9.812240e-03  1.288488e+00
    endloop
  endfacet
  facet normal -1.000000e+00 -0.000000e+00  0.000000e+00
    outer loop
      vertex   8.890001e-01  9.812240e-03  1.288488e+00
      vertex   8.890001e-01  9.202369e-03  1.287245e+00
      vertex   8.890001e-01  9.548411e-03  1.288702e+00
    endloop
  endfacet
  facet normal -1.000000e+00 -0.000000e+00  0.000000e+00
    outer loop
      vertex   8.890001e-01  9.548411e-03  1.288702e+00
      vertex   8.890001e-01  9.202369e-03  1.287245e+00
      vertex   8.890001e-01  9.334094e-03  1.288966e+00
    endloop
  endfacet
  facet normal -1.000000e+00  0.000000e+00  0.000000e+00
    outer loop
      vertex   8.890001e-01  9.334094e-03  1.288966e+00
      vertex   8.890001e-01  9.202369e-03  1.287245e+00
      vertex   8.890001e-01  6.878956e-03  1.288035e+00
    endloop
  endfacet
  facet normal -1.000000e+00 -0.000000e+00  0.000000e+00
    outer loop
      vertex   8.890001e-01  9.334094e-03  1.288966e+00
      vertex   8.890001e-01  6.878956e-03  1.288035e+00
      vertex   8.890001e-01  9.180986e-03  1.289261e+00
    endloop
  endfacet
  facet normal -1.000000e+00 -0.000000e+00  0.000000e+00
    outer loop
      vertex   8.890001e-01  9.180986e-03  1.289261e+00
      vertex   8.890001e-01  6.878956e-03  1.288035e+00
      vertex   8.890001e-01  9.092683e-03  1.289568e+00
    endloop
  endfacet
  facet normal -1.000000e+00  0.000000e+00  0.000000e+00
    outer loop
      vertex   8.890001e-01  1.575745e-02  1.283409e+00
      vertex   8.890001e-01  1.953924e-02  1.288067e+00
      vertex   8.890001e-01  1.767767e-02  1.281678e+00
    endloop
  endfacet
  facet normal -1.000000e+00  0.000000e+00  0.000000e+00
    outer loop
      vertex   8.890001e-01  1.767767e-02  1.281678e+00
      vertex   8.890001e-01  1.953924e-02  1.288067e+00
      vertex   8.890001e-01  2.192031e-02  1.285920e+00
    endloop
  endfacet
  facet normal -1.000000e+00  0.000000e+00  0.000000e+00
    outer loop
      vertex   8.890001e-01  1.767767e-02  1.281678e+00
      vertex   8.890001e-01  2.192031e-02  1.285920e+00
      vertex   8.890001e-01  1.940883e-02  1.279757e+00
    endloop
  endfacet
  facet normal -1.000000e+00  0.000000e+00  0.000000e+00
    outer loop
      vertex   8.890001e-01  1.940883e-02  1.279757e+00
      vertex   8.890001e-01  2.192031e-02  1.285920e+00
      vertex   8.890001e-01  2.406695e-02  1.283539e+00
    endloop
  endfacet
  facet normal -1.000000e+00  0.000000e+00  0.000000e+00
    outer loop
      vertex   8.890001e-01  1.940883e-02  1.279757e+00
      vertex   8.890001e-01  2.406695e-02  1.283539e+00
      vertex   8.890001e-01  2.092489e-02  1.277680e+00
    endloop
  endfacet
  facet normal -1.000000e+00  0.000000e+00  0.000000e+00
    outer loop
      vertex   8.890001e-01  2.092489e-02  1.277680e+00
      vertex   8.890001e-01  2.406695e-02  1.283539e+00
      vertex   8.890001e-01  2.594686e-02  1.280964e+00
    endloop
  endfacet
  facet normal -1.000000e+00  0.000000e+00  0.000000e+00
    outer loop
      vertex   8.890001e-01  2.092489e-02  1.277680e+00
      vertex   8.890001e-01  2.594686e-02  1.280964e+00
      vertex   8.890001e-01  2.526127e-02  1.276249e+00
    endloop
  endfacet
  facet normal -1.000000e+00  0.000000e+00  0.000000e+00
    outer loop
      vertex   8.890001e-01  2.526127e-02  1.276249e+00
      vertex   8.890001e-01  2.594686e-02  1.280964e+00
      vertex   8.890001e-01  2.556839e-02  1.276338e+00
    endloop
  endfacet
  facet normal -1.000000e+00  0.000000e+00  0.000000e+00
    outer loop
      vertex   8.890001e-01  2.556839e-02  1.276338e+00
      vertex   8.890001e-01  2.594686e-02  1.280964e+00
      vertex   8.890001e-01  2.753681e-02  1.278238e+00
    endloop
  endfacet
  facet normal -1.000000e+00  0.000000e+00  0.000000e+00
    outer loop
      vertex   8.890001e-01  2.556839e-02  1.276338e+00
      vertex   8.890001e-01  2.753681e-02  1.278238e+00
      vertex   8.890001e-01  2.586863e-02  1.276365e+00
    endloop
  endfacet
  facet normal -1.000000e+00  0.000000e+00  0.000000e+00
    outer loop
      vertex   8.890001e-01  2.586863e-02  1.276365e+00
      vertex   8.890001e-01  2.753681e-02  1.278238e+00
      vertex   8.890001e-01  2.616887e-02  1.276338e+00
    endloop
  endfacet
  facet normal -1.000000e+00  0.000000e+00  0.000000e+00
    outer loop
      vertex   8.890001e-01  2.616887e-02  1.276338e+00
      vertex   8.890001e-01  2.753681e-02  1.278238e+00
      vertex   8.890001e-01  2.647598e-02  1.276249e+00
    endloop
  endfacet
  facet normal -1.000000e+00  0.000000e+00  0.000000e+00
    outer loop
      vertex   8.890001e-01  2.647598e-02  1.276249e+00
      vertex   8.890001e-01  2.753681e-02  1.278238e+00
      vertex   8.890001e-01  2.677152e-02  1.276096e+00
    endloop
  endfacet
  facet normal -1.000000e+00  0.000000e+00  0.000000e+00
    outer loop
      vertex   8.890001e-01  2.677152e-02  1.276096e+00
      vertex   8.890001e-01  2.753681e-02  1.278238e+00
      vertex   8.890001e-01  2.703536e-02  1.275882e+00
    endloop
  endfacet
  facet normal -1.000000e+00  0.000000e+00  0.000000e+00
    outer loop
      vertex   8.890001e-01  2.703536e-02  1.275882e+00
      vertex   8.890001e-01  2.753681e-02  1.278238e+00
      vertex   8.890001e-01  2.882344e-02  1.275411e+00
    endloop
  endfacet
  facet normal -1.000000e+00  0.000000e+00  0.000000e+00
    outer loop
      vertex   8.890001e-01  2.703536e-02  1.275882e+00
      vertex   8.890001e-01  2.882344e-02  1.275411e+00
      vertex   8.890001e-01  2.724967e-02  1.275618e+00
    endloop
  endfacet
  facet normal -1.000000e+00  0.000000e+00  0.000000e+00
    outer loop
      vertex   8.890001e-01  2.724967e-02  1.275618e+00
      vertex   8.890001e-01  2.882344e-02  1.275411e+00
      vertex   8.890001e-01  2.740278e-02  1.275323e+00
    endloop
  endfacet
  facet normal -1.000000e+00  0.000000e+00  0.000000e+00
    outer loop
      vertex   8.890001e-01  2.740278e-02  1.275323e+00
      vertex   8.890001e-01  2.882344e-02  1.275411e+00
      vertex   8.890001e-01  2.749108e-02  1.275015e+00
    endloop
  endfacet
  facet normal -1.000000e+00  0.000000e+00  0.000000e+00
    outer loop
      vertex   8.890001e-01  2.749108e-02  1.275015e+00
      vertex   8.890001e-01  2.882344e-02  1.275411e+00
      vertex   8.890001e-01  2.751863e-02  1.274715e+00
    endloop
  endfacet
  facet normal -1.000000e+00  0.000000e+00 -0.000000e+00
    outer loop
      vertex   8.890001e-01  2.751863e-02  1.274715e+00
      vertex   8.890001e-01  2.882344e-02  1.275411e+00
      vertex   8.890001e-01  2.749108e-02  1.274415e+00
    endloop
  endfacet
  facet normal -1.000000e+00  0.000000e+00  0.000000e+00
    outer loop
      vertex   8.890001e-01  2.749108e-02  1.274415e+00
      vertex   8.890001e-01  2.882344e-02  1.275411e+00
      vertex   8.890001e-01  2.980337e-02  1.272530e+00
    endloop
  endfacet
  facet normal -1.000000e+00  0.000000e+00 -0.000000e+00
    outer loop
      vertex   8.890001e-01  2.749108e-02  1.274415e+00
      vertex   8.890001e-01  2.980337e-02  1.272530e+00
      vertex   8.890001e-01  2.740278e-02  1.274108e+00
    endloop
  endfacet
  facet normal -1.000000e+00  0.000000e+00 -0.000000e+00
    outer loop
      vertex   8.890001e-01  2.740278e-02  1.274108e+00
      vertex   8.890001e-01  2.980337e-02  1.272530e+00
      vertex   8.890001e-01  2.724967e-02  1.273812e+00
    endloop
  endfacet
  facet normal -1.000000e+00  0.000000e+00 -0.000000e+00
    outer loop
      vertex   8.890001e-01  2.724967e-02  1.273812e+00
      vertex   8.890001e-01  2.980337e-02  1.272530e+00
      vertex   8.890001e-01  2.703536e-02  1.273548e+00
    endloop
  endfacet
  facet normal -1.000000e+00  0.000000e+00 -0.000000e+00
    outer loop
      vertex   8.890001e-01  2.703536e-02  1.273548e+00
      vertex   8.890001e-01  2.980337e-02  1.272530e+00
      vertex   8.890001e-01  2.677152e-02  1.273334e+00
    endloop
  endfacet
  facet normal -1.000000e+00  0.000000e+00 -0.000000e+00
    outer loop
      vertex   8.890001e-01  2.677152e-02  1.273334e+00
      vertex   8.890001e-01  2.980337e-02  1.272530e+00
      vertex   8.890001e-01  2.647598e-02  1.273181e+00
    endloop
  endfacet
  facet normal -1.000000e+00  0.000000e+00 -0.000000e+00
    outer loop
      vertex   8.890001e-01  2.647598e-02  1.273181e+00
      vertex   8.890001e-01  2.980337e-02  1.272530e+00
      vertex   8.890001e-01  2.458264e-02  1.268549e+00
    endloop
  endfacet
  facet normal -1.000000e+00  0.000000e+00  0.000000e+00
    outer loop
      vertex   8.890001e-01  2.647598e-02  1.273181e+00
      vertex   8.890001e-01  2.458264e-02  1.268549e+00
      vertex   8.890001e-01  2.616887e-02  1.273093e+00
    endloop
  endfacet
  facet normal -1.000000e+00  0.000000e+00  0.000000e+00
    outer loop
      vertex   8.890001e-01  2.616887e-02  1.273093e+00
      vertex   8.890001e-01  2.458264e-02  1.268549e+00
      vertex   8.890001e-01  2.403498e-02  1.270879e+00
    endloop
  endfacet
  facet normal -1.000000e+00  0.000000e+00  0.000000e+00
    outer loop
      vertex   8.890001e-01  2.616887e-02  1.273093e+00
      vertex   8.890001e-01  2.403498e-02  1.270879e+00
      vertex   8.890001e-01  2.586863e-02  1.273065e+00
    endloop
  endfacet
  facet normal -1.000000e+00 -0.000000e+00  0.000000e+00
    outer loop
      vertex   8.890001e-01  2.586863e-02  1.273065e+00
      vertex   8.890001e-01  2.403498e-02  1.270879e+00
      vertex   8.890001e-01  2.556839e-02  1.273093e+00
    endloop
  endfacet
  facet normal -1.000000e+00 -0.000000e+00  0.000000e+00
    outer loop
      vertex   8.890001e-01  2.556839e-02  1.273093e+00
      vertex   8.890001e-01  2.403498e-02  1.270879e+00
      vertex   8.890001e-01  2.526127e-02  1.273181e+00
    endloop
  endfacet
  facet normal -1.000000e+00 -0.000000e+00  0.000000e+00
    outer loop
      vertex   8.890001e-01  2.526127e-02  1.273181e+00
      vertex   8.890001e-01  2.403498e-02  1.270879e+00
      vertex   8.890001e-01  2.496573e-02  1.273334e+00
    endloop
  endfacet
  facet normal -1.000000e+00  0.000000e+00  0.000000e+00
    outer loop
      vertex   8.890001e-01  2.496573e-02  1.273334e+00
      vertex   8.890001e-01  2.403498e-02  1.270879e+00
      vertex   8.890001e-01  2.324471e-02  1.273202e+00
    endloop
  endfacet
  facet normal -1.000000e+00 -0.000000e+00  0.000000e+00
    outer loop
      vertex   8.890001e-01  2.496573e-02  1.273334e+00
      vertex   8.890001e-01  2.324471e-02  1.273202e+00
      vertex   8.890001e-01  2.470190e-02  1.273548e+00
    endloop
  endfacet
  facet normal -1.000000e+00 -0.000000e+00  0.000000e+00
    outer loop
      vertex   8.890001e-01  2.470190e-02  1.273548e+00
      vertex   8.890001e-01  2.324471e-02  1.273202e+00
      vertex   8.890001e-01  2.448758e-02  1.273812e+00
    endloop
  endfacet
  facet normal -1.000000e+00 -0.000000e+00  0.000000e+00
    outer loop
      vertex   8.890001e-01  2.448758e-02  1.273812e+00
      vertex   8.890001e-01  2.324471e-02  1.273202e+00
      vertex   8.890001e-01  2.433448e-02  1.274108e+00
    endloop
  endfacet
  facet normal -1.000000e+00 -0.000000e+00  0.000000e+00
    outer loop
      vertex   8.890001e-01  2.433448e-02  1.274108e+00
      vertex   8.890001e-01  2.324471e-02  1.273202e+00
      vertex   8.890001e-01  2.424617e-02  1.274415e+00
    endloop
  endfacet
  facet normal -1.000000e+00 -0.000000e+00  0.000000e+00
    outer loop
      vertex   8.890001e-01  2.424617e-02  1.274415e+00
      vertex   8.890001e-01  2.324471e-02  1.273202e+00
      vertex   8.890001e-01  2.220710e-02  1.275482e+00
    endloop
  endfacet
  facet normal -1.000000e+00  0.000000e+00  0.000000e+00
    outer loop
      vertex   8.890001e-01  2.424617e-02  1.274415e+00
      vertex   8.890001e-01  2.220710e-02  1.275482e+00
      vertex   8.890001e-01  2.421863e-02  1.274715e+00
    endloop
  endfacet
  facet normal -1.000000e+00  0.000000e+00  0.000000e+00
    outer loop
      vertex   8.890001e-01  2.421863e-02  1.274715e+00
      vertex   8.890001e-01  2.220710e-02  1.275482e+00
      vertex   8.890001e-01  2.424617e-02  1.275015e+00
    endloop
  endfacet
  facet normal -1.000000e+00  0.000000e+00  0.000000e+00
    outer loop
      vertex   8.890001e-01  2.424617e-02  1.275015e+00
      vertex   8.890001e-01  2.220710e-02  1.275482e+00
      vertex   8.890001e-01  2.433448e-02  1.275323e+00
    endloop
  endfacet
  facet normal -1.000000e+00  0.000000e+00  0.000000e+00
    outer loop
      vertex   8.890001e-01  2.433448e-02  1.275323e+00
      vertex   8.890001e-01  2.220710e-02  1.275482e+00
      vertex   8.890001e-01  2.448758e-02  1.275618e+00
    endloop
  endfacet
  facet normal -1.000000e+00 -0.000000e+00  0.000000e+00
    outer loop
      vertex   8.890001e-01  2.448758e-02  1.275618e+00
      vertex   8.890001e-01  2.220710e-02  1.275482e+00
      vertex   8.890001e-01  2.470190e-02  1.275882e+00
    endloop
  endfacet
  facet normal -1.000000e+00 -0.000000e+00  0.000000e+00
    outer loop
      vertex   8.890001e-01  2.470190e-02  1.275882e+00
      vertex   8.890001e-01  2.220710e-02  1.275482e+00
      vertex   8.890001e-01  2.092489e-02  1.277680e+00
    endloop
  endfacet
  facet normal -1.000000e+00  0.000000e+00  0.000000e+00
    outer loop
      vertex   8.890001e-01  2.470190e-02  1.275882e+00
      vertex   8.890001e-01  2.092489e-02  1.277680e+00
      vertex   8.890001e-01  2.496573e-02  1.276096e+00
    endloop
  endfacet
  facet normal -1.000000e+00  0.000000e+00  0.000000e+00
    outer loop
      vertex   8.890001e-01  2.496573e-02  1.276096e+00
      vertex   8.890001e-01  2.092489e-02  1.277680e+00
      vertex   8.890001e-01  2.526127e-02  1.276249e+00
    endloop
  endfacet
  facet normal -1.000000e+00  0.000000e+00 -0.000000e+00
    outer loop
      vertex   8.890001e-01  2.980337e-02  1.272530e+00
      vertex   8.890001e-01  3.048247e-02  1.269641e+00
      vertex   8.890001e-01  2.458264e-02  1.268549e+00
    endloop
  endfacet
  facet normal -1.000000e+00  0.000000e+00  0.000000e+00
    outer loop
      vertex   8.890001e-01  2.458264e-02  1.268549e+00
      vertex   8.890001e-01  3.048247e-02  1.269641e+00
      vertex   8.890001e-01  2.489887e-02  1.266246e+00
    endloop
  endfacet
  facet normal -1.000000e+00  0.000000e+00  0.000000e+00
    outer loop
      vertex   8.890001e-01  2.489887e-02  1.266246e+00
      vertex   8.890001e-01  3.048247e-02  1.269641e+00
      vertex   8.890001e-01  3.087460e-02  1.266786e+00
    endloop
  endfacet
  facet normal -1.000000e+00  0.000000e+00  0.000000e+00
    outer loop
      vertex   8.890001e-01  2.489887e-02  1.266246e+00
      vertex   8.890001e-01  3.087460e-02  1.266786e+00
      vertex   8.890001e-01  2.500000e-02  1.264000e+00
    endloop
  endfacet
  facet normal -1.000000e+00  0.000000e+00  0.000000e+00
    outer loop
      vertex   8.890001e-01  2.500000e-02  1.264000e+00
      vertex   8.890001e-01  3.087460e-02  1.266786e+00
      vertex   8.890001e-01  3.100000e-02  1.264000e+00
    endloop
  endfacet
  facet normal -1.000000e+00  0.000000e+00  0.000000e+00
    outer loop
      vertex   8.890001e-01  2.500000e-02  1.264000e+00
      vertex   8.890001e-01  3.100000e-02  1.264000e+00
      vertex   8.890001e-01  3.087460e-02  1.261215e+00
    endloop
  endfacet
  facet normal -1.000000e+00  0.000000e+00 -0.000000e+00
    outer loop
      vertex   8.890001e-01  2.500000e-02  1.264000e+00
      vertex   8.890001e-01  3.087460e-02  1.261215e+00
      vertex   8.890001e-01  2.489887e-02  1.261754e+00
    endloop
  endfacet
  facet normal -1.000000e+00  0.000000e+00  0.000000e+00
    outer loop
      vertex   8.890001e-01  2.489887e-02  1.261754e+00
      vertex   8.890001e-01  3.087460e-02  1.261215e+00
      vertex   8.890001e-01  3.048247e-02  1.258359e+00
    endloop
  endfacet
  facet normal -1.000000e+00  0.000000e+00 -0.000000e+00
    outer loop
      vertex   8.890001e-01  2.489887e-02  1.261754e+00
      vertex   8.890001e-01  3.048247e-02  1.258359e+00
      vertex   8.890001e-01  2.458264e-02  1.259451e+00
    endloop
  endfacet
  facet normal -1.000000e+00  0.000000e+00  0.000000e+00
    outer loop
      vertex   8.890001e-01  2.458264e-02  1.259451e+00
      vertex   8.890001e-01  3.048247e-02  1.258359e+00
      vertex   8.890001e-01  2.980337e-02  1.255470e+00
    endloop
  endfacet
  facet normal -1.000000e+00  0.000000e+00  0.000000e+00
    outer loop
      vertex   8.890001e-01  2.458264e-02  1.259451e+00
      vertex   8.890001e-01  2.980337e-02  1.255470e+00
      vertex   8.890001e-01  2.647598e-02  1.254819e+00
    endloop
  endfacet
  facet normal -1.000000e+00  0.000000e+00  0.000000e+00
    outer loop
      vertex   8.890001e-01  2.647598e-02  1.254819e+00
      vertex   8.890001e-01  2.980337e-02  1.255470e+00
      vertex   8.890001e-01  2.677152e-02  1.254666e+00
    endloop
  endfacet
  facet normal -1.000000e+00  0.000000e+00  0.000000e+00
    outer loop
      vertex   8.890001e-01  2.677152e-02  1.254666e+00
      vertex   8.890001e-01  2.980337e-02  1.255470e+00
      vertex   8.890001e-01  2.703536e-02  1.254452e+00
    endloop
  endfacet
  facet normal -1.000000e+00  0.000000e+00  0.000000e+00
    outer loop
      vertex   8.890001e-01  2.703536e-02  1.254452e+00
      vertex   8.890001e-01  2.980337e-02  1.255470e+00
      vertex   8.890001e-01  2.724967e-02  1.254188e+00
    endloop
  endfacet
  facet normal -1.000000e+00  0.000000e+00  0.000000e+00
    outer loop
      vertex   8.890001e-01  2.724967e-02  1.254188e+00
      vertex   8.890001e-01  2.980337e-02  1.255470e+00
      vertex   8.890001e-01  2.740278e-02  1.253892e+00
    endloop
  endfacet
  facet normal -1.000000e+00  0.000000e+00  0.000000e+00
    outer loop
      vertex   8.890001e-01  2.740278e-02  1.253892e+00
      vertex   8.890001e-01  2.980337e-02  1.255470e+00
      vertex   8.890001e-01  2.749108e-02  1.253585e+00
    endloop
  endfacet
  facet normal -1.000000e+00  0.000000e+00  0.000000e+00
    outer loop
      vertex   8.890001e-01  2.749108e-02  1.253585e+00
      vertex   8.890001e-01  2.980337e-02  1.255470e+00
      vertex   8.890001e-01  2.882344e-02  1.252589e+00
    endloop
  endfacet
  facet normal -1.000000e+00  0.000000e+00  0.000000e+00
    outer loop
      vertex   8.890001e-01  2.749108e-02  1.253585e+00
      vertex   8.890001e-01  2.882344e-02  1.252589e+00
      vertex   8.890001e-01  2.751863e-02  1.253285e+00
    endloop
  endfacet
  facet normal -1.000000e+00  0.000000e+00 -0.000000e+00
    outer loop
      vertex   8.890001e-01  2.751863e-02  1.253285e+00
      vertex   8.890001e-01  2.882344e-02  1.252589e+00
      vertex   8.890001e-01  2.749108e-02  1.252985e+00
    endloop
  endfacet
  facet normal -1.000000e+00  0.000000e+00 -0.000000e+00
    outer loop
      vertex   8.890001e-01  2.749108e-02  1.252985e+00
      vertex   8.890001e-01  2.882344e-02  1.252589e+00
      vertex   8.890001e-01  2.740278e-02  1.252678e+00
    endloop
  endfacet
  facet normal -1.000000e+00  0.000000e+00 -0.000000e+00
    outer loop
      vertex   8.890001e-01  2.740278e-02  1.252678e+00
      vertex   8.890001e-01  2.882344e-02  1.252589e+00
      vertex   8.890001e-01  2.724967e-02  1.252382e+00
    endloop
  endfacet
  facet normal -1.000000e+00  0.000000e+00 -0.000000e+00
    outer loop
      vertex   8.890001e-01  2.724967e-02  1.252382e+00
      vertex   8.890001e-01  2.882344e-02  1.252589e+00
      vertex   8.890001e-01  2.703536e-02  1.252118e+00
    endloop
  endfacet
  facet normal -1.000000e+00  0.000000e+00  0.000000e+00
    outer loop
      vertex   8.890001e-01  2.703536e-02  1.252118e+00
      vertex   8.890001e-01  2.882344e-02  1.252589e+00
      vertex   8.890001e-01  2.753681e-02  1.249762e+00
    endloop
  endfacet
  facet normal -1.000000e+00  0.000000e+00 -0.000000e+00
    outer loop
      vertex   8.890001e-01  2.703536e-02  1.252118e+00
      vertex   8.890001e-01  2.753681e-02  1.249762e+00
      vertex   8.890001e-01  2.677152e-02  1.251904e+00
    endloop
  endfacet
  facet normal -1.000000e+00  0.000000e+00 -0.000000e+00
    outer loop
      vertex   8.890001e-01  2.677152e-02  1.251904e+00
      vertex   8.890001e-01  2.753681e-02  1.249762e+00
      vertex   8.890001e-01  2.647598e-02  1.251751e+00
    endloop
  endfacet
  facet normal -1.000000e+00  0.000000e+00 -0.000000e+00
    outer loop
      vertex   8.890001e-01  2.647598e-02  1.251751e+00
      vertex   8.890001e-01  2.753681e-02  1.249762e+00
      vertex   8.890001e-01  2.616887e-02  1.251662e+00
    endloop
  endfacet
  facet normal -1.000000e+00  0.000000e+00 -0.000000e+00
    outer loop
      vertex   8.890001e-01  2.616887e-02  1.251662e+00
      vertex   8.890001e-01  2.753681e-02  1.249762e+00
      vertex   8.890001e-01  2.586863e-02  1.251635e+00
    endloop
  endfacet
  facet normal -1.000000e+00 -0.000000e+00 -0.000000e+00
    outer loop
      vertex   8.890001e-01  2.586863e-02  1.251635e+00
      vertex   8.890001e-01  2.753681e-02  1.249762e+00
      vertex   8.890001e-01  2.556839e-02  1.251662e+00
    endloop
  endfacet
  facet normal -1.000000e+00  0.000000e+00  0.000000e+00
    outer loop
      vertex   8.890001e-01  2.556839e-02  1.251662e+00
      vertex   8.890001e-01  2.753681e-02  1.249762e+00
      vertex   8.890001e-01  2.594686e-02  1.247037e+00
    endloop
  endfacet
  facet normal -1.000000e+00 -0.000000e+00 -0.000000e+00
    outer loop
      vertex   8.890001e-01  2.556839e-02  1.251662e+00
      vertex   8.890001e-01  2.594686e-02  1.247037e+00
      vertex   8.890001e-01  2.526127e-02  1.251751e+00
    endloop
  endfacet
  facet normal -1.000000e+00  0.000000e+00 -0.000000e+00
    outer loop
      vertex   8.890001e-01  2.526127e-02  1.251751e+00
      vertex   8.890001e-01  2.594686e-02  1.247037e+00
      vertex   8.890001e-01  2.092489e-02  1.250320e+00
    endloop
  endfacet
  facet normal -1.000000e+00 -0.000000e+00  0.000000e+00
    outer loop
      vertex   8.890001e-01  2.526127e-02  1.251751e+00
      vertex   8.890001e-01  2.092489e-02  1.250320e+00
      vertex   8.890001e-01  2.496573e-02  1.251904e+00
    endloop
  endfacet
  facet normal -1.000000e+00 -0.000000e+00  0.000000e+00
    outer loop
      vertex   8.890001e-01  2.496573e-02  1.251904e+00
      vertex   8.890001e-01  2.092489e-02  1.250320e+00
      vertex   8.890001e-01  2.470190e-02  1.252118e+00
    endloop
  endfacet
  facet normal -1.000000e+00 -0.000000e+00  0.000000e+00
    outer loop
      vertex   8.890001e-01  2.470190e-02  1.252118e+00
      vertex   8.890001e-01  2.092489e-02  1.250320e+00
      vertex   8.890001e-01  2.220710e-02  1.252518e+00
    endloop
  endfacet
  facet normal -1.000000e+00  0.000000e+00  0.000000e+00
    outer loop
      vertex   8.890001e-01  2.470190e-02  1.252118e+00
      vertex   8.890001e-01  2.220710e-02  1.252518e+00
      vertex   8.890001e-01  2.448758e-02  1.252382e+00
    endloop
  endfacet
  facet normal -1.000000e+00  0.000000e+00  0.000000e+00
    outer loop
      vertex   8.890001e-01  2.448758e-02  1.252382e+00
      vertex   8.890001e-01  2.220710e-02  1.252518e+00
      vertex   8.890001e-01  2.433448e-02  1.252678e+00
    endloop
  endfacet
  facet normal -1.000000e+00 -0.000000e+00  0.000000e+00
    outer loop
      vertex   8.890001e-01  2.433448e-02  1.252678e+00
      vertex   8.890001e-01  2.220710e-02  1.252518e+00
      vertex   8.890001e-01  2.424617e-02  1.252985e+00
    endloop
  endfacet
  facet normal -1.000000e+00 -0.000000e+00  0.000000e+00
    outer loop
      vertex   8.890001e-01  2.424617e-02  1.252985e+00
      vertex   8.890001e-01  2.220710e-02  1.252518e+00
      vertex   8.890001e-01  2.421863e-02  1.253285e+00
    endloop
  endfacet
  facet normal -1.000000e+00 -0.000000e+00  0.000000e+00
    outer loop
      vertex   8.890001e-01  2.421863e-02  1.253285e+00
      vertex   8.890001e-01  2.220710e-02  1.252518e+00
      vertex   8.890001e-01  2.424617e-02  1.253585e+00
    endloop
  endfacet
  facet normal -1.000000e+00 -0.000000e+00  0.000000e+00
    outer loop
      vertex   8.890001e-01  2.424617e-02  1.253585e+00
      vertex   8.890001e-01  2.220710e-02  1.252518e+00
      vertex   8.890001e-01  2.324471e-02  1.254798e+00
    endloop
  endfacet
  facet normal -1.000000e+00  0.000000e+00  0.000000e+00
    outer loop
      vertex   8.890001e-01  2.424617e-02  1.253585e+00
      vertex   8.890001e-01  2.324471e-02  1.254798e+00
      vertex   8.890001e-01  2.433448e-02  1.253892e+00
    endloop
  endfacet
  facet normal -1.000000e+00  0.000000e+00  0.000000e+00
    outer loop
      vertex   8.890001e-01  2.433448e-02  1.253892e+00
      vertex   8.890001e-01  2.324471e-02  1.254798e+00
      vertex   8.890001e-01  2.448758e-02  1.254188e+00
    endloop
  endfacet
  facet normal -1.000000e+00  0.000000e+00  0.000000e+00
    outer loop
      vertex   8.890001e-01  2.448758e-02  1.254188e+00
      vertex   8.890001e-01  2.324471e-02  1.254798e+00
      vertex   8.890001e-01  2.470190e-02  1.254452e+00
    endloop
  endfacet
  facet normal -1.000000e+00  0.000000e+00  0.000000e+00
    outer loop
      vertex   8.890001e-01  2.470190e-02  1.254452e+00
      vertex   8.890001e-01  2.324471e-02  1.254798e+00
      vertex   8.890001e-01  2.496573e-02  1.254666e+00
    endloop
  endfacet
  facet normal -1.000000e+00  0.000000e+00  0.000000e+00
    outer loop
      vertex   8.890001e-01  2.496573e-02  1.254666e+00
      vertex   8.890001e-01  2.324471e-02  1.254798e+00
      vertex   8.890001e-01  2.403498e-02  1.257121e+00
    endloop
  endfacet
  facet normal -1.000000e+00  0.000000e+00  0.000000e+00
    outer loop
      vertex   8.890001e-01  2.496573e-02  1.254666e+00
      vertex   8.890001e-01  2.403498e-02  1.257121e+00
      vertex   8.890001e-01  2.526127e-02  1.254819e+00
    endloop
  endfacet
  facet normal -1.000000e+00  0.000000e+00  0.000000e+00
    outer loop
      vertex   8.890001e-01  2.526127e-02  1.254819e+00
      vertex   8.890001e-01  2.403498e-02  1.257121e+00
      vertex   8.890001e-01  2.556839e-02  1.254907e+00
    endloop
  endfacet
  facet normal -1.000000e+00  0.000000e+00  0.000000e+00
    outer loop
      vertex   8.890001e-01  2.556839e-02  1.254907e+00
      vertex   8.890001e-01  2.403498e-02  1.257121e+00
      vertex   8.890001e-01  2.586863e-02  1.254935e+00
    endloop
  endfacet
  facet normal -1.000000e+00  0.000000e+00  0.000000e+00
    outer loop
      vertex   8.890001e-01  2.586863e-02  1.254935e+00
      vertex   8.890001e-01  2.403498e-02  1.257121e+00
      vertex   8.890001e-01  2.616887e-02  1.254907e+00
    endloop
  endfacet
  facet normal -1.000000e+00  0.000000e+00  0.000000e+00
    outer loop
      vertex   8.890001e-01  2.616887e-02  1.254907e+00
      vertex   8.890001e-01  2.403498e-02  1.257121e+00
      vertex   8.890001e-01  2.458264e-02  1.259451e+00
    endloop
  endfacet
  facet normal -1.000000e+00  0.000000e+00  0.000000e+00
    outer loop
      vertex   8.890001e-01  2.616887e-02  1.254907e+00
      vertex   8.890001e-01  2.458264e-02  1.259451e+00
      vertex   8.890001e-01  2.647598e-02  1.254819e+00
    endloop
  endfacet
  facet normal -1.000000e+00 -0.000000e+00  0.000000e+00
    outer loop
      vertex   8.890001e-01  2.594686e-02  1.247037e+00
      vertex   8.890001e-01  2.406695e-02  1.244461e+00
      vertex   8.890001e-01  2.092489e-02  1.250320e+00
    endloop
  endfacet
  facet normal -1.000000e+00  0.000000e+00 -0.000000e+00
    outer loop
      vertex   8.890001e-01  2.092489e-02  1.250320e+00
      vertex   8.890001e-01  2.406695e-02  1.244461e+00
      vertex   8.890001e-01  1.940883e-02  1.248243e+00
    endloop
  endfacet
  facet normal -1.000000e+00  0.000000e+00  0.000000e+00
    outer loop
      vertex   8.890001e-01  1.940883e-02  1.248243e+00
      vertex   8.890001e-01  2.406695e-02  1.244461e+00
      vertex   8.890001e-01  2.192031e-02  1.242080e+00
    endloop
  endfacet
  facet normal -1.000000e+00  0.000000e+00 -0.000000e+00
    outer loop
      vertex   8.890001e-01  1.940883e-02  1.248243e+00
      vertex   8.890001e-01  2.192031e-02  1.242080e+00
      vertex   8.890001e-01  1.767767e-02  1.246322e+00
    endloop
  endfacet
  facet normal -1.000000e+00  0.000000e+00  0.000000e+00
    outer loop
      vertex   8.890001e-01  1.767767e-02  1.246322e+00
      vertex   8.890001e-01  2.192031e-02  1.242080e+00
      vertex   8.890001e-01  1.953924e-02  1.239933e+00
    endloop
  endfacet
  facet normal -1.000000e+00  0.000000e+00 -0.000000e+00
    outer loop
      vertex   8.890001e-01  1.767767e-02  1.246322e+00
      vertex   8.890001e-01  1.953924e-02  1.239933e+00
      vertex   8.890001e-01  1.575745e-02  1.244591e+00
    endloop
  endfacet
  facet normal -1.000000e+00  0.000000e+00  0.000000e+00
    outer loop
      vertex   8.890001e-01  1.575745e-02  1.244591e+00
      vertex   8.890001e-01  1.953924e-02  1.239933e+00
      vertex   8.890001e-01  1.696350e-02  1.238053e+00
    endloop
  endfacet
  facet normal -1.000000e+00  0.000000e+00 -0.000000e+00
    outer loop
      vertex   8.890001e-01  1.575745e-02  1.244591e+00
      vertex   8.890001e-01  1.696350e-02  1.238053e+00
      vertex   8.890001e-01  1.368024e-02  1.243075e+00
    endloop
  endfacet
  facet normal -1.000000e+00  0.000000e+00 -0.000000e+00
    outer loop
      vertex   8.890001e-01  1.368024e-02  1.243075e+00
      vertex   8.890001e-01  1.696350e-02  1.238053e+00
      vertex   8.890001e-01  1.224929e-02  1.238739e+00
    endloop
  endfacet
  facet normal -1.000000e+00  0.000000e+00  0.000000e+00
    outer loop
      vertex   8.890001e-01  1.368024e-02  1.243075e+00
      vertex   8.890001e-01  1.224929e-02  1.238739e+00
      vertex   8.890001e-01  1.209618e-02  1.239034e+00
    endloop
  endfacet
  facet normal -1.000000e+00  0.000000e+00  0.000000e+00
    outer loop
      vertex   8.890001e-01  1.224929e-02  1.238739e+00
      vertex   8.890001e-01  1.696350e-02  1.238053e+00
      vertex   8.890001e-01  1.233759e-02  1.238432e+00
    endloop
  endfacet
  facet normal -1.000000e+00  0.000000e+00  0.000000e+00
    outer loop
      vertex   8.890001e-01  1.233759e-02  1.238432e+00
      vertex   8.890001e-01  1.696350e-02  1.238053e+00
      vertex   8.890001e-01  1.423813e-02  1.236463e+00
    endloop
  endfacet
  facet normal -1.000000e+00  0.000000e+00  0.000000e+00
    outer loop
      vertex   8.890001e-01  1.233759e-02  1.238432e+00
      vertex   8.890001e-01  1.423813e-02  1.236463e+00
      vertex   8.890001e-01  1.236514e-02  1.238132e+00
    endloop
  endfacet
  facet normal -1.000000e+00  0.000000e+00 -0.000000e+00
    outer loop
      vertex   8.890001e-01  1.236514e-02  1.238132e+00
      vertex   8.890001e-01  1.423813e-02  1.236463e+00
      vertex   8.890001e-01  1.233759e-02  1.237831e+00
    endloop
  endfacet
  facet normal -1.000000e+00  0.000000e+00 -0.000000e+00
    outer loop
      vertex   8.890001e-01  1.233759e-02  1.237831e+00
      vertex   8.890001e-01  1.423813e-02  1.236463e+00
      vertex   8.890001e-01  1.224929e-02  1.237524e+00
    endloop
  endfacet
  facet normal -1.000000e+00  0.000000e+00 -0.000000e+00
    outer loop
      vertex   8.890001e-01  1.224929e-02  1.237524e+00
      vertex   8.890001e-01  1.423813e-02  1.236463e+00
      vertex   8.890001e-01  1.209618e-02  1.237229e+00
    endloop
  endfacet
  facet normal -1.000000e+00  0.000000e+00 -0.000000e+00
    outer loop
      vertex   8.890001e-01  1.209618e-02  1.237229e+00
      vertex   8.890001e-01  1.423813e-02  1.236463e+00
      vertex   8.890001e-01  1.188186e-02  1.236965e+00
    endloop
  endfacet
  facet normal -1.000000e+00  0.000000e+00 -0.000000e+00
    outer loop
      vertex   8.890001e-01  1.188186e-02  1.236965e+00
      vertex   8.890001e-01  1.423813e-02  1.236463e+00
      vertex   8.890001e-01  1.141094e-02  1.235177e+00
    endloop
  endfacet
  facet normal -1.000000e+00  0.000000e+00  0.000000e+00
    outer loop
      vertex   8.890001e-01  1.188186e-02  1.236965e+00
      vertex   8.890001e-01  1.141094e-02  1.235177e+00
      vertex   8.890001e-01  1.161803e-02  1.236750e+00
    endloop
  endfacet
  facet normal -1.000000e+00  0.000000e+00  0.000000e+00
    outer loop
      vertex   8.890001e-01  1.161803e-02  1.236750e+00
      vertex   8.890001e-01  1.141094e-02  1.235177e+00
      vertex   8.890001e-01  1.132249e-02  1.236597e+00
    endloop
  endfacet
  facet normal -1.000000e+00  0.000000e+00 -0.000000e+00
    outer loop
      vertex   8.890001e-01  1.132249e-02  1.236597e+00
      vertex   8.890001e-01  1.141094e-02  1.235177e+00
      vertex   8.890001e-01  1.101538e-02  1.236509e+00
    endloop
  endfacet
  facet normal -1.000000e+00  0.000000e+00 -0.000000e+00
    outer loop
      vertex   8.890001e-01  1.101538e-02  1.236509e+00
      vertex   8.890001e-01  1.141094e-02  1.235177e+00
      vertex   8.890001e-01  1.071514e-02  1.236481e+00
    endloop
  endfacet
  facet normal -1.000000e+00 -0.000000e+00 -0.000000e+00
    outer loop
      vertex   8.890001e-01  1.071514e-02  1.236481e+00
      vertex   8.890001e-01  1.141094e-02  1.235177e+00
      vertex   8.890001e-01  1.041490e-02  1.236509e+00
    endloop
  endfacet
  facet normal -1.000000e+00  0.000000e+00 -0.000000e+00
    outer loop
      vertex   8.890001e-01  1.041490e-02  1.236509e+00
      vertex   8.890001e-01  1.141094e-02  1.235177e+00
      vertex   8.890001e-01  8.529905e-03  1.234197e+00
    endloop
  endfacet
  facet normal -1.000000e+00 -0.000000e+00  0.000000e+00
    outer loop
      vertex   8.890001e-01  1.041490e-02  1.236509e+00
      vertex   8.890001e-01  8.529905e-03  1.234197e+00
      vertex   8.890001e-01  1.010778e-02  1.236597e+00
    endloop
  endfacet
  facet normal -1.000000e+00 -0.000000e+00  0.000000e+00
    outer loop
      vertex   8.890001e-01  1.010778e-02  1.236597e+00
      vertex   8.890001e-01  8.529905e-03  1.234197e+00
      vertex   8.890001e-01  9.812240e-03  1.236750e+00
    endloop
  endfacet
  facet normal -1.000000e+00 -0.000000e+00  0.000000e+00
    outer loop
      vertex   8.890001e-01  9.812240e-03  1.236750e+00
      vertex   8.890001e-01  8.529905e-03  1.234197e+00
      vertex   8.890001e-01  9.548411e-03  1.236965e+00
    endloop
  endfacet
  facet normal -1.000000e+00 -0.000000e+00  0.000000e+00
    outer loop
      vertex   8.890001e-01  9.548411e-03  1.236965e+00
      vertex   8.890001e-01  8.529905e-03  1.234197e+00
      vertex   8.890001e-01  9.334094e-03  1.237229e+00
    endloop
  endfacet
  facet normal -1.000000e+00 -0.000000e+00  0.000000e+00
    outer loop
      vertex   8.890001e-01  9.334094e-03  1.237229e+00
      vertex   8.890001e-01  8.529905e-03  1.234197e+00
      vertex   8.890001e-01  9.180986e-03  1.237524e+00
    endloop
  endfacet
  facet normal -1.000000e+00  0.000000e+00  0.000000e+00
    outer loop
      vertex   8.890001e-01  9.180986e-03  1.237524e+00
      vertex   8.890001e-01  8.529905e-03  1.234197e+00
      vertex   8.890001e-01  5.640855e-03  1.233518e+00
    endloop
  endfacet
  facet normal -1.000000e+00 -0.000000e+00  0.000000e+00
    outer loop
      vertex   8.890001e-01  9.180986e-03  1.237524e+00
      vertex   8.890001e-01  5.640855e-03  1.233518e+00
      vertex   8.890001e-01  9.092683e-03  1.237831e+00
    endloop
  endfacet
  facet normal -1.000000e+00 -0.000000e+00  0.000000e+00
    outer loop
      vertex   8.890001e-01  9.092683e-03  1.237831e+00
      vertex   8.890001e-01  5.640855e-03  1.233518e+00
      vertex   8.890001e-01  6.878956e-03  1.239965e+00
    endloop
  endfacet
  facet normal -1.000000e+00  0.000000e+00  0.000000e+00
    outer loop
      vertex   8.890001e-01  9.092683e-03  1.237831e+00
      vertex   8.890001e-01  6.878956e-03  1.239965e+00
      vertex   8.890001e-01  9.065137e-03  1.238132e+00
    endloop
  endfacet
  facet normal -1.000000e+00  0.000000e+00  0.000000e+00
    outer loop
      vertex   8.890001e-01  9.065137e-03  1.238132e+00
      vertex   8.890001e-01  6.878956e-03  1.239965e+00
      vertex   8.890001e-01  9.092683e-03  1.238432e+00
    endloop
  endfacet
  facet normal -1.000000e+00  0.000000e+00  0.000000e+00
    outer loop
      vertex   8.890001e-01  9.092683e-03  1.238432e+00
      vertex   8.890001e-01  6.878956e-03  1.239965e+00
      vertex   8.890001e-01  9.180986e-03  1.238739e+00
    endloop
  endfacet
  facet normal -1.000000e+00  0.000000e+00  0.000000e+00
    outer loop
      vertex   8.890001e-01  9.180986e-03  1.238739e+00
      vertex   8.890001e-01  6.878956e-03  1.239965e+00
      vertex   8.890001e-01  9.334094e-03  1.239034e+00
    endloop
  endfacet
  facet normal -1.000000e+00  0.000000e+00  0.000000e+00
    outer loop
      vertex   8.890001e-01  9.334094e-03  1.239034e+00
      vertex   8.890001e-01  6.878956e-03  1.239965e+00
      vertex   8.890001e-01  9.202369e-03  1.240755e+00
    endloop
  endfacet
  facet normal -1.000000e+00  0.000000e+00  0.000000e+00
    outer loop
      vertex   8.890001e-01  9.334094e-03  1.239034e+00
      vertex   8.890001e-01  9.202369e-03  1.240755e+00
      vertex   8.890001e-01  9.548411e-03  1.239298e+00
    endloop
  endfacet
  facet normal -1.000000e+00  0.000000e+00  0.000000e+00
    outer loop
      vertex   8.890001e-01  9.548411e-03  1.239298e+00
      vertex   8.890001e-01  9.202369e-03  1.240755e+00
      vertex   8.890001e-01  9.812240e-03  1.239512e+00
    endloop
  endfacet
  facet normal -1.000000e+00  0.000000e+00  0.000000e+00
    outer loop
      vertex   8.890001e-01  9.812240e-03  1.239512e+00
      vertex   8.890001e-01  9.202369e-03  1.240755e+00
      vertex   8.890001e-01  1.010778e-02  1.239666e+00
    endloop
  endfacet
  facet normal -1.000000e+00  0.000000e+00  0.000000e+00
    outer loop
      vertex   8.890001e-01  1.010778e-02  1.239666e+00
      vertex   8.890001e-01  9.202369e-03  1.240755e+00
      vertex   8.890001e-01  1.041490e-02  1.239754e+00
    endloop
  endfacet
  facet normal -1.000000e+00  0.000000e+00  0.000000e+00
    outer loop
      vertex   8.890001e-01  1.041490e-02  1.239754e+00
      vertex   8.890001e-01  9.202369e-03  1.240755e+00
      vertex   8.890001e-01  1.148237e-02  1.241793e+00
    endloop
  endfacet
  facet normal -1.000000e+00  0.000000e+00  0.000000e+00
    outer loop
      vertex   8.890001e-01  1.041490e-02  1.239754e+00
      vertex   8.890001e-01  1.148237e-02  1.241793e+00
      vertex   8.890001e-01  1.071514e-02  1.239781e+00
    endloop
  endfacet
  facet normal -1.000000e+00  0.000000e+00  0.000000e+00
    outer loop
      vertex   8.890001e-01  1.071514e-02  1.239781e+00
      vertex   8.890001e-01  1.148237e-02  1.241793e+00
      vertex   8.890001e-01  1.101538e-02  1.239754e+00
    endloop
  endfacet
  facet normal -1.000000e+00  0.000000e+00  0.000000e+00
    outer loop
      vertex   8.890001e-01  1.101538e-02  1.239754e+00
      vertex   8.890001e-01  1.148237e-02  1.241793e+00
      vertex   8.890001e-01  1.132249e-02  1.239666e+00
    endloop
  endfacet
  facet normal -1.000000e+00  0.000000e+00  0.000000e+00
    outer loop
      vertex   8.890001e-01  1.132249e-02  1.239666e+00
      vertex   8.890001e-01  1.148237e-02  1.241793e+00
      vertex   8.890001e-01  1.161803e-02  1.239512e+00
    endloop
  endfacet
  facet normal -1.000000e+00  0.000000e+00  0.000000e+00
    outer loop
      vertex   8.890001e-01  1.161803e-02  1.239512e+00
      vertex   8.890001e-01  1.148237e-02  1.241793e+00
      vertex   8.890001e-01  1.188186e-02  1.239298e+00
    endloop
  endfacet
  facet normal -1.000000e+00  0.000000e+00  0.000000e+00
    outer loop
      vertex   8.890001e-01  1.188186e-02  1.239298e+00
      vertex   8.890001e-01  1.148237e-02  1.241793e+00
      vertex   8.890001e-01  1.368024e-02  1.243075e+00
    endloop
  endfacet
  facet normal -1.000000e+00  0.000000e+00  0.000000e+00
    outer loop
      vertex   8.890001e-01  1.188186e-02  1.239298e+00
      vertex   8.890001e-01  1.368024e-02  1.243075e+00
      vertex   8.890001e-01  1.209618e-02  1.239034e+00
    endloop
  endfacet
  facet normal -1.000000e+00  0.000000e+00  0.000000e+00
    outer loop
      vertex   8.890001e-01  6.878956e-03  1.239965e+00
      vertex   8.890001e-01  5.640855e-03  1.233518e+00
      vertex   8.890001e-01  4.549077e-03  1.239417e+00
    endloop
  endfacet
  facet normal -1.000000e+00  0.000000e+00 -0.000000e+00
    outer loop
      vertex   8.890001e-01  4.549077e-03  1.239417e+00
      vertex   8.890001e-01  5.640855e-03  1.233518e+00
      vertex   8.890001e-01  2.785488e-03  1.233125e+00
    endloop
  endfacet
  facet normal -1.000000e+00  0.000000e+00  0.000000e+00
    outer loop
      vertex   8.890001e-01  4.549077e-03  1.239417e+00
      vertex   8.890001e-01  2.785488e-03  1.233125e+00
      vertex   8.890001e-01  2.246361e-03  1.239101e+00
    endloop
  endfacet
  facet normal -1.000000e+00  0.000000e+00 -0.000000e+00
    outer loop
      vertex   8.890001e-01  2.246361e-03  1.239101e+00
      vertex   8.890001e-01  2.785488e-03  1.233125e+00
      vertex   8.890001e-01  1.941503e-16  1.233000e+00
    endloop
  endfacet
  facet normal -1.000000e+00 -0.000000e+00  0.000000e+00
    outer loop
      vertex   8.890001e-01  9.031227e-17  1.294000e+00
      vertex   8.890001e-01 -3.639261e-04  1.293967e+00
      vertex   8.890001e-01  2.805473e-16  1.295000e+00
    endloop
  endfacet
  facet normal -1.000000e+00  0.000000e+00  0.000000e+00
    outer loop
      vertex   8.890001e-01  2.805473e-16  1.295000e+00
      vertex   8.890001e-01 -3.639261e-04  1.293967e+00
      vertex   8.890001e-01 -7.361895e-04  1.293860e+00
    endloop
  endfacet
  facet normal -1.000000e+00 -0.000000e+00  0.000000e+00
    outer loop
      vertex   8.890001e-01 -1.414214e-03  1.293414e+00
      vertex   8.890001e-01 -1.673991e-03  1.293095e+00
      vertex   8.890001e-01 -2.785488e-03  1.294875e+00
    endloop
  endfacet
  facet normal -1.000000e+00  0.000000e+00  0.000000e+00
    outer loop
      vertex   8.890001e-01 -2.785488e-03  1.294875e+00
      vertex   8.890001e-01 -1.673991e-03  1.293095e+00
      vertex   8.890001e-01 -1.859577e-03  1.292736e+00
    endloop
  endfacet
  facet normal -1.000000e+00  0.000000e+00  0.000000e+00
    outer loop
      vertex   8.890001e-01 -2.785488e-03  1.294875e+00
      vertex   8.890001e-01 -1.859577e-03  1.292736e+00
      vertex   8.890001e-01 -1.966611e-03  1.292364e+00
    endloop
  endfacet
  facet normal -1.000000e+00  0.000000e+00  0.000000e+00
    outer loop
      vertex   8.890001e-01 -4.549077e-03  1.288583e+00
      vertex   8.890001e-01 -1.859577e-03  1.291264e+00
      vertex   8.890001e-01 -2.246361e-03  1.288899e+00
    endloop
  endfacet
  facet normal -1.000000e+00  0.000000e+00  0.000000e+00
    outer loop
      vertex   8.890001e-01 -2.246361e-03  1.288899e+00
      vertex   8.890001e-01 -1.859577e-03  1.291264e+00
      vertex   8.890001e-01 -1.673991e-03  1.290906e+00
    endloop
  endfacet
  facet normal -1.000000e+00  0.000000e+00  0.000000e+00
    outer loop
      vertex   8.890001e-01 -2.246361e-03  1.288899e+00
      vertex   8.890001e-01 -1.673991e-03  1.290906e+00
      vertex   8.890001e-01 -1.414214e-03  1.290586e+00
    endloop
  endfacet
  facet normal -1.000000e+00  0.000000e+00 -0.000000e+00
    outer loop
      vertex   8.890001e-01 -1.414214e-03  1.290586e+00
      vertex   8.890001e-01 -1.094420e-03  1.290326e+00
      vertex   8.890001e-01 -2.246361e-03  1.288899e+00
    endloop
  endfacet
  facet normal -1.000000e+00  0.000000e+00  0.000000e+00
    outer loop
      vertex   8.890001e-01 -2.246361e-03  1.288899e+00
      vertex   8.890001e-01 -1.094420e-03  1.290326e+00
      vertex   8.890001e-01 -7.361895e-04  1.290141e+00
    endloop
  endfacet
  facet normal -1.000000e+00  0.000000e+00  0.000000e+00
    outer loop
      vertex   8.890001e-01 -2.246361e-03  1.288899e+00
      vertex   8.890001e-01 -7.361895e-04  1.290141e+00
      vertex   8.890001e-01  1.976879e-16  1.289000e+00
    endloop
  endfacet
  facet normal -1.000000e+00  0.000000e+00  0.000000e+00
    outer loop
      vertex   8.890001e-01  1.976879e-16  1.289000e+00
      vertex   8.890001e-01 -7.361895e-04  1.290141e+00
      vertex   8.890001e-01 -3.639261e-04  1.290033e+00
    endloop
  endfacet
  facet normal -1.000000e+00  0.000000e+00  0.000000e+00
    outer loop
      vertex   8.890001e-01  1.976879e-16  1.289000e+00
      vertex   8.890001e-01 -3.639261e-04  1.290033e+00
      vertex   8.890001e-01  9.006734e-17  1.290000e+00
    endloop
  endfacet
  facet normal -1.000000e+00  0.000000e+00  0.000000e+00
    outer loop
      vertex   8.890001e-01  9.006734e-17  1.290000e+00
      vertex   8.890001e-01  3.639261e-04  1.290033e+00
      vertex   8.890001e-01  1.976879e-16  1.289000e+00
    endloop
  endfacet
  facet normal -1.000000e+00  0.000000e+00  0.000000e+00
    outer loop
      vertex   8.890001e-01  1.976879e-16  1.289000e+00
      vertex   8.890001e-01  3.639261e-04  1.290033e+00
      vertex   8.890001e-01  7.361895e-04  1.290141e+00
    endloop
  endfacet
  facet normal -1.000000e+00  0.000000e+00  0.000000e+00
    outer loop
      vertex   8.890001e-01  1.976879e-16  1.289000e+00
      vertex   8.890001e-01  7.361895e-04  1.290141e+00
      vertex   8.890001e-01  2.246361e-03  1.288899e+00
    endloop
  endfacet
  facet normal -1.000000e+00  0.000000e+00  0.000000e+00
    outer loop
      vertex   8.890001e-01  2.246361e-03  1.288899e+00
      vertex   8.890001e-01  7.361895e-04  1.290141e+00
      vertex   8.890001e-01  1.094420e-03  1.290326e+00
    endloop
  endfacet
  facet normal -1.000000e+00  0.000000e+00  0.000000e+00
    outer loop
      vertex   8.890001e-01  2.246361e-03  1.288899e+00
      vertex   8.890001e-01  1.094420e-03  1.290326e+00
      vertex   8.890001e-01  1.414214e-03  1.290586e+00
    endloop
  endfacet
  facet normal -1.000000e+00  0.000000e+00  0.000000e+00
    outer loop
      vertex   8.890001e-01  1.414214e-03  1.290586e+00
      vertex   8.890001e-01  1.673991e-03  1.290906e+00
      vertex   8.890001e-01  2.246361e-03  1.288899e+00
    endloop
  endfacet
  facet normal -1.000000e+00  0.000000e+00  0.000000e+00
    outer loop
      vertex   8.890001e-01  2.246361e-03  1.288899e+00
      vertex   8.890001e-01  1.673991e-03  1.290906e+00
      vertex   8.890001e-01  1.859577e-03  1.291264e+00
    endloop
  endfacet
  facet normal -1.000000e+00  0.000000e+00  0.000000e+00
    outer loop
      vertex   8.890001e-01  2.246361e-03  1.288899e+00
      vertex   8.890001e-01  1.859577e-03  1.291264e+00
      vertex   8.890001e-01  4.549077e-03  1.288583e+00
    endloop
  endfacet
  facet normal -1.000000e+00  0.000000e+00  0.000000e+00
    outer loop
      vertex   8.890001e-01  4.549077e-03  1.288583e+00
      vertex   8.890001e-01  1.859577e-03  1.291264e+00
      vertex   8.890001e-01  1.966611e-03  1.291636e+00
    endloop
  endfacet
  facet normal -1.000000e+00  0.000000e+00  0.000000e+00
    outer loop
      vertex   8.890001e-01  4.549077e-03  1.288583e+00
      vertex   8.890001e-01  1.966611e-03  1.291636e+00
      vertex   8.890001e-01  2.000000e-03  1.292000e+00
    endloop
  endfacet
  facet normal -1.000000e+00  0.000000e+00  0.000000e+00
    outer loop
      vertex   8.890001e-01  4.549077e-03  1.288583e+00
      vertex   8.890001e-01  2.000000e-03  1.292000e+00
      vertex   8.890001e-01  5.640855e-03  1.294482e+00
    endloop
  endfacet
  facet normal -1.000000e+00  0.000000e+00  0.000000e+00
    outer loop
      vertex   8.890001e-01  5.640855e-03  1.294482e+00
      vertex   8.890001e-01  2.000000e-03  1.292000e+00
      vertex   8.890001e-01  1.966611e-03  1.292364e+00
    endloop
  endfacet
  facet normal -1.000000e+00  0.000000e+00  0.000000e+00
    outer loop
      vertex   8.890001e-01  1.673991e-03  1.293095e+00
      vertex   8.890001e-01  1.414214e-03  1.293414e+00
      vertex   8.890001e-01  2.785488e-03  1.294875e+00
    endloop
  endfacet
  facet normal -1.000000e+00  0.000000e+00  0.000000e+00
    outer loop
      vertex   8.890001e-01  2.785488e-03  1.294875e+00
      vertex   8.890001e-01  1.414214e-03  1.293414e+00
      vertex   8.890001e-01  1.094420e-03  1.293674e+00
    endloop
  endfacet
  facet normal -1.000000e+00  0.000000e+00  0.000000e+00
    outer loop
      vertex   8.890001e-01  2.785488e-03  1.294875e+00
      vertex   8.890001e-01  1.094420e-03  1.293674e+00
      vertex   8.890001e-01  7.361895e-04  1.293860e+00
    endloop
  endfacet
  facet normal -1.000000e+00  0.000000e+00  0.000000e+00
    outer loop
      vertex   8.890001e-01  1.101538e-02  1.291491e+00
      vertex   8.890001e-01  1.071514e-02  1.291519e+00
      vertex   8.890001e-01  1.141094e-02  1.292824e+00
    endloop
  endfacet
  facet normal -1.000000e+00  0.000000e+00  0.000000e+00
    outer loop
      vertex   8.890001e-01  1.141094e-02  1.292824e+00
      vertex   8.890001e-01  1.071514e-02  1.291519e+00
      vertex   8.890001e-01  1.041490e-02  1.291491e+00
    endloop
  endfacet
  facet normal -1.000000e+00 -0.000000e+00  0.000000e+00
    outer loop
      vertex   8.890001e-01  9.812240e-03  1.291250e+00
      vertex   8.890001e-01  9.548411e-03  1.291035e+00
      vertex   8.890001e-01  8.529905e-03  1.293803e+00
    endloop
  endfacet
  facet normal -1.000000e+00  0.000000e+00  0.000000e+00
    outer loop
      vertex   8.890001e-01  8.529905e-03  1.293803e+00
      vertex   8.890001e-01  9.548411e-03  1.291035e+00
      vertex   8.890001e-01  9.334094e-03  1.290772e+00
    endloop
  endfacet
  facet normal -1.000000e+00  0.000000e+00  0.000000e+00
    outer loop
      vertex   8.890001e-01  8.529905e-03  1.293803e+00
      vertex   8.890001e-01  9.334094e-03  1.290772e+00
      vertex   8.890001e-01  9.180986e-03  1.290476e+00
    endloop
  endfacet
  facet normal -1.000000e+00  0.000000e+00  0.000000e+00
    outer loop
      vertex   8.890001e-01  1.224929e-02  1.289261e+00
      vertex   8.890001e-01  1.233759e-02  1.289568e+00
      vertex   8.890001e-01  1.696350e-02  1.289947e+00
    endloop
  endfacet
  facet normal -1.000000e+00  0.000000e+00  0.000000e+00
    outer loop
      vertex   8.890001e-01  1.233759e-02  1.290169e+00
      vertex   8.890001e-01  1.224929e-02  1.290476e+00
      vertex   8.890001e-01  1.423813e-02  1.291537e+00
    endloop
  endfacet
  facet normal -1.000000e+00  0.000000e+00  0.000000e+00
    outer loop
      vertex   8.890001e-01  1.423813e-02  1.291537e+00
      vertex   8.890001e-01  1.224929e-02  1.290476e+00
      vertex   8.890001e-01  1.209618e-02  1.290772e+00
    endloop
  endfacet
  facet normal -1.000000e+00  0.000000e+00  0.000000e+00
    outer loop
      vertex   8.890001e-01  1.423813e-02  1.291537e+00
      vertex   8.890001e-01  1.209618e-02  1.290772e+00
      vertex   8.890001e-01  1.188186e-02  1.291035e+00
    endloop
  endfacet
  facet normal -1.000000e+00  0.000000e+00  0.000000e+00
    outer loop
      vertex   8.890001e-01  1.132249e-02  1.291403e+00
      vertex   8.890001e-01  1.101538e-02  1.291491e+00
      vertex   8.890001e-01  1.141094e-02  1.292824e+00
    endloop
  endfacet
  facet normal -1.000000e+00 -0.000000e+00  0.000000e+00
    outer loop
      vertex   8.890001e-01 -4.549077e-03  1.288583e+00
      vertex   8.890001e-01 -6.878956e-03  1.288035e+00
      vertex   8.890001e-01 -5.640855e-03  1.294482e+00
    endloop
  endfacet
  facet normal -1.000000e+00  0.000000e+00  0.000000e+00
    outer loop
      vertex   8.890001e-01  6.878956e-03  1.288035e+00
      vertex   8.890001e-01  4.549077e-03  1.288583e+00
      vertex   8.890001e-01  5.640855e-03  1.294482e+00
    endloop
  endfacet
  facet normal  1.497348e-17 -4.495594e-02  9.989890e-01
    outer loop
      vertex   8.890001e-01  1.976879e-16  1.239000e+00
      vertex   8.950000e-01  1.996863e-16  1.239000e+00
      vertex   8.890001e-01  2.246361e-03  1.239101e+00
    endloop
  endfacet
  facet normal  0.000000e+00 -4.495594e-02  9.989890e-01
    outer loop
      vertex   8.890001e-01  2.246361e-03  1.239101e+00
      vertex   8.950000e-01  1.996863e-16  1.239000e+00
      vertex   8.950000e-01  2.246361e-03  1.239101e+00
    endloop
  endfacet
  facet normal  0.000000e+00 -1.228025e-01  9.924312e-01
    outer loop
      vertex   8.890001e-01  2.246361e-03  1.239101e+00
      vertex   8.950000e-01  2.246361e-03  1.239101e+00
      vertex   8.920000e-01  3.887019e-03  1.239304e+00
    endloop
  endfacet
  facet normal -7.370458e-03 -1.360621e-01  9.906729e-01
    outer loop
      vertex   8.920000e-01  3.887019e-03  1.239304e+00
      vertex   8.950000e-01  2.246361e-03  1.239101e+00
      vertex   8.950000e-01  4.549077e-03  1.239417e+00
    endloop
  endfacet
  facet normal  1.375825e-02 -2.288434e-01  9.733660e-01
    outer loop
      vertex   8.920000e-01  3.887019e-03  1.239304e+00
      vertex   8.950000e-01  4.549077e-03  1.239417e+00
      vertex   8.950000e-01  6.878956e-03  1.239965e+00
    endloop
  endfacet
  facet normal  2.133762e-02 -2.360334e-01  9.715106e-01
    outer loop
      vertex   8.920000e-01  3.887019e-03  1.239304e+00
      vertex   8.950000e-01  6.878956e-03  1.239965e+00
      vertex   8.920000e-01  7.877590e-03  1.240274e+00
    endloop
  endfacet
  facet normal -9.827085e-03 -3.219887e-01  9.466925e-01
    outer loop
      vertex   8.920000e-01  7.877590e-03  1.240274e+00
      vertex   8.950000e-01  6.878956e-03  1.239965e+00
      vertex   8.950000e-01  9.202369e-03  1.240755e+00
    endloop
  endfacet
  facet normal  6.660967e-03 -3.550156e-01  9.348367e-01
    outer loop
      vertex   8.920000e-01  7.877590e-03  1.240274e+00
      vertex   8.950000e-01  9.202369e-03  1.240755e+00
      vertex   8.920000e-01  9.859901e-03  1.241027e+00
    endloop
  endfacet
  facet normal -8.540940e-03 -4.141964e-01  9.101475e-01
    outer loop
      vertex   8.920000e-01  9.859901e-03  1.241027e+00
      vertex   8.950000e-01  9.202369e-03  1.240755e+00
      vertex   8.950000e-01  1.148237e-02  1.241793e+00
    endloop
  endfacet
  facet normal  4.310342e-03 -4.336672e-01  9.010629e-01
    outer loop
      vertex   8.920000e-01  9.859901e-03  1.241027e+00
      vertex   8.950000e-01  1.148237e-02  1.241793e+00
      vertex   8.920000e-01  1.180229e-02  1.241961e+00
    endloop
  endfacet
  facet normal -5.268015e-03 -5.038641e-01  8.637669e-01
    outer loop
      vertex   8.920000e-01  1.180229e-02  1.241961e+00
      vertex   8.950000e-01  1.148237e-02  1.241793e+00
      vertex   8.950000e-01  1.368024e-02  1.243075e+00
    endloop
  endfacet
  facet normal  0.000000e+00 -5.101103e-01  8.601090e-01
    outer loop
      vertex   8.920000e-01  1.180229e-02  1.241961e+00
      vertex   8.950000e-01  1.368024e-02  1.243075e+00
      vertex   8.920000e-01  1.368024e-02  1.243075e+00
    endloop
  endfacet
  facet normal  0.000000e+00 -5.835629e-01  8.120680e-01
    outer loop
      vertex   8.920000e-01  1.368024e-02  1.243075e+00
      vertex   8.950000e-01  1.368024e-02  1.243075e+00
      vertex   8.920000e-01  1.546951e-02  1.244361e+00
    endloop
  endfacet
  facet normal  0.000000e+00 -5.835629e-01  8.120679e-01
    outer loop
      vertex   8.920000e-01  1.368024e-02  1.243075e+00
      vertex   8.920000e-01  1.546951e-02  1.244361e+00
      vertex   8.890001e-01  1.368024e-02  1.243075e+00
    endloop
  endfacet
  facet normal  5.425317e-03 -5.895370e-01  8.077232e-01
    outer loop
      vertex   8.890001e-01  1.368024e-02  1.243075e+00
      vertex   8.920000e-01  1.546951e-02  1.244361e+00
      vertex   8.890001e-01  1.575745e-02  1.244591e+00
    endloop
  endfacet
  facet normal -4.532540e-03 -6.529931e-01  7.573502e-01
    outer loop
      vertex   8.890001e-01  1.575745e-02  1.244591e+00
      vertex   8.920000e-01  1.546951e-02  1.244361e+00
      vertex   8.920000e-01  1.714703e-02  1.245807e+00
    endloop
  endfacet
  facet normal  9.087087e-03 -6.695700e-01  7.426933e-01
    outer loop
      vertex   8.890001e-01  1.575745e-02  1.244591e+00
      vertex   8.920000e-01  1.714703e-02  1.245807e+00
      vertex   8.890001e-01  1.767767e-02  1.246322e+00
    endloop
  endfacet
  facet normal -7.305050e-03 -7.174606e-01  6.965609e-01
    outer loop
      vertex   8.890001e-01  1.767767e-02  1.246322e+00
      vertex   8.920000e-01  1.714703e-02  1.245807e+00
      vertex   8.920000e-01  1.869188e-02  1.247398e+00
    endloop
  endfacet
  facet normal  1.090748e-02 -7.426804e-01  6.695572e-01
    outer loop
      vertex   8.890001e-01  1.767767e-02  1.246322e+00
      vertex   8.920000e-01  1.869188e-02  1.247398e+00
      vertex   8.890001e-01  1.940883e-02  1.248243e+00
    endloop
  endfacet
  facet normal -8.167032e-03 -7.762946e-01  6.303174e-01
    outer loop
      vertex   8.890001e-01  1.940883e-02  1.248243e+00
      vertex   8.920000e-01  1.869188e-02  1.247398e+00
      vertex   8.920000e-01  2.008618e-02  1.249116e+00
    endloop
  endfacet
  facet normal  1.080351e-02 -8.076982e-01  5.894973e-01
    outer loop
      vertex   8.890001e-01  1.940883e-02  1.248243e+00
      vertex   8.920000e-01  2.008618e-02  1.249116e+00
      vertex   8.890001e-01  2.092489e-02  1.250320e+00
    endloop
  endfacet
  facet normal -7.142765e-03 -8.288070e-01  5.594890e-01
    outer loop
      vertex   8.890001e-01  2.092489e-02  1.250320e+00
      vertex   8.920000e-01  2.008618e-02  1.249116e+00
      vertex   8.920000e-01  2.131572e-02  1.250937e+00
    endloop
  endfacet
  facet normal  8.846319e-03 -8.637233e-01  5.038886e-01
    outer loop
      vertex   8.890001e-01  2.092489e-02  1.250320e+00
      vertex   8.920000e-01  2.131572e-02  1.250937e+00
      vertex   8.890001e-01  2.220710e-02  1.252518e+00
    endloop
  endfacet
  facet normal -4.366468e-03 -8.745496e-01  4.849163e-01
    outer loop
      vertex   8.890001e-01  2.220710e-02  1.252518e+00
      vertex   8.920000e-01  2.131572e-02  1.250937e+00
      vertex   8.920000e-01  2.237046e-02  1.252839e+00
    endloop
  endfacet
  facet normal  5.155897e-03 -9.101753e-01  4.141913e-01
    outer loop
      vertex   8.890001e-01  2.220710e-02  1.252518e+00
      vertex   8.920000e-01  2.237046e-02  1.252839e+00
      vertex   8.890001e-01  2.324471e-02  1.254798e+00
    endloop
  endfacet
  facet normal  0.000000e+00 -9.131508e-01  4.076219e-01
    outer loop
      vertex   8.890001e-01  2.324471e-02  1.254798e+00
      vertex   8.920000e-01  2.237046e-02  1.252839e+00
      vertex   8.920000e-01  2.324471e-02  1.254798e+00
    endloop
  endfacet
  facet normal  0.000000e+00 -9.444721e-01  3.285914e-01
    outer loop
      vertex   8.890001e-01  2.324471e-02  1.254798e+00
      vertex   8.920000e-01  2.324471e-02  1.254798e+00
      vertex   8.920000e-01  2.393712e-02  1.256788e+00
    endloop
  endfacet
  facet normal  0.000000e+00 -9.444722e-01  3.285914e-01
    outer loop
      vertex   8.920000e-01  2.393712e-02  1.256788e+00
      vertex   8.920000e-01  2.324471e-02  1.254798e+00
      vertex   8.950000e-01  2.324471e-02  1.254798e+00
    endloop
  endfacet
  facet normal -4.871573e-03 -9.467172e-01  3.220291e-01
    outer loop
      vertex   8.920000e-01  2.393712e-02  1.256788e+00
      vertex   8.950000e-01  2.324471e-02  1.254798e+00
      vertex   8.950000e-01  2.403498e-02  1.257121e+00
    endloop
  endfacet
  facet normal -5.425208e-03 -5.895370e-01  8.077231e-01
    outer loop
      vertex   8.950000e-01  1.368024e-02  1.243075e+00
      vertex   8.950000e-01  1.575745e-02  1.244591e+00
      vertex   8.920000e-01  1.546951e-02  1.244361e+00
    endloop
  endfacet
  facet normal  4.532450e-03 -6.529932e-01  7.573503e-01
    outer loop
      vertex   8.920000e-01  1.546951e-02  1.244361e+00
      vertex   8.950000e-01  1.575745e-02  1.244591e+00
      vertex   8.920000e-01  1.714703e-02  1.245807e+00
    endloop
  endfacet
  facet normal -9.086907e-03 -6.695701e-01  7.426934e-01
    outer loop
      vertex   8.950000e-01  1.575745e-02  1.244591e+00
      vertex   8.950000e-01  1.767767e-02  1.246322e+00
      vertex   8.920000e-01  1.714703e-02  1.245807e+00
    endloop
  endfacet
  facet normal  7.304905e-03 -7.174605e-01  6.965609e-01
    outer loop
      vertex   8.920000e-01  1.714703e-02  1.245807e+00
      vertex   8.950000e-01  1.767767e-02  1.246322e+00
      vertex   8.920000e-01  1.869188e-02  1.247398e+00
    endloop
  endfacet
  facet normal -1.090727e-02 -7.426804e-01  6.695572e-01
    outer loop
      vertex   8.950000e-01  1.767767e-02  1.246322e+00
      vertex   8.950000e-01  1.940883e-02  1.248243e+00
      vertex   8.920000e-01  1.869188e-02  1.247398e+00
    endloop
  endfacet
  facet normal  8.166878e-03 -7.762946e-01  6.303174e-01
    outer loop
      vertex   8.920000e-01  1.869188e-02  1.247398e+00
      vertex   8.950000e-01  1.940883e-02  1.248243e+00
      vertex   8.920000e-01  2.008618e-02  1.249116e+00
    endloop
  endfacet
  facet normal -1.080329e-02 -8.076981e-01  5.894973e-01
    outer loop
      vertex   8.950000e-01  1.940883e-02  1.248243e+00
      vertex   8.950000e-01  2.092489e-02  1.250320e+00
      vertex   8.920000e-01  2.008618e-02  1.249116e+00
    endloop
  endfacet
  facet normal  7.142628e-03 -8.288071e-01  5.594890e-01
    outer loop
      vertex   8.920000e-01  2.008618e-02  1.249116e+00
      vertex   8.950000e-01  2.092489e-02  1.250320e+00
      vertex   8.920000e-01  2.131572e-02  1.250937e+00
    endloop
  endfacet
  facet normal -8.846144e-03 -8.637234e-01  5.038887e-01
    outer loop
      vertex   8.950000e-01  2.092489e-02  1.250320e+00
      vertex   8.950000e-01  2.220710e-02  1.252518e+00
      vertex   8.920000e-01  2.131572e-02  1.250937e+00
    endloop
  endfacet
  facet normal  4.366377e-03 -8.745496e-01  4.849164e-01
    outer loop
      vertex   8.920000e-01  2.131572e-02  1.250937e+00
      vertex   8.950000e-01  2.220710e-02  1.252518e+00
      vertex   8.920000e-01  2.237046e-02  1.252839e+00
    endloop
  endfacet
  facet normal -5.155794e-03 -9.101752e-01  4.141913e-01
    outer loop
      vertex   8.950000e-01  2.220710e-02  1.252518e+00
      vertex   8.950000e-01  2.324471e-02  1.254798e+00
      vertex   8.920000e-01  2.237046e-02  1.252839e+00
    endloop
  endfacet
  facet normal  0.000000e+00 -9.131508e-01  4.076219e-01
    outer loop
      vertex   8.920000e-01  2.237046e-02  1.252839e+00
      vertex   8.950000e-01  2.324471e-02  1.254798e+00
      vertex   8.920000e-01  2.324471e-02  1.254798e+00
    endloop
  endfacet
  facet normal  3.979390e-03 -9.685657e-01  2.487262e-01
    outer loop
      vertex   8.920000e-01  2.393712e-02  1.256788e+00
      vertex   8.950000e-01  2.403498e-02  1.257121e+00
      vertex   8.920000e-01  2.445037e-02  1.258787e+00
    endloop
  endfacet
  facet normal -7.753385e-03 -9.734404e-01  2.288092e-01
    outer loop
      vertex   8.920000e-01  2.445037e-02  1.258787e+00
      vertex   8.950000e-01  2.403498e-02  1.257121e+00
      vertex   8.950000e-01  2.458264e-02  1.259451e+00
    endloop
  endfacet
  facet normal  9.015450e-03 -9.877268e-01  1.559304e-01
    outer loop
      vertex   8.920000e-01  2.445037e-02  1.258787e+00
      vertex   8.950000e-01  2.458264e-02  1.259451e+00
      vertex   8.920000e-01  2.486730e-02  1.261428e+00
    endloop
  endfacet
  facet normal -4.358845e-03 -9.906912e-01  1.360583e-01
    outer loop
      vertex   8.920000e-01  2.486730e-02  1.261428e+00
      vertex   8.950000e-01  2.458264e-02  1.259451e+00
      vertex   8.950000e-01  2.489887e-02  1.261754e+00
    endloop
  endfacet
  facet normal  4.912636e-03 -9.986600e-01  5.151893e-02
    outer loop
      vertex   8.920000e-01  2.486730e-02  1.261428e+00
      vertex   8.950000e-01  2.489887e-02  1.261754e+00
      vertex   8.920000e-01  2.500000e-02  1.264000e+00
    endloop
  endfacet
  facet normal  0.000000e+00 -9.989882e-01  4.497293e-02
    outer loop
      vertex   8.920000e-01  2.500000e-02  1.264000e+00
      vertex   8.950000e-01  2.489887e-02  1.261754e+00
      vertex   8.950000e-01  2.500000e-02  1.264000e+00
    endloop
  endfacet
  facet normal  0.000000e+00 -9.989882e-01 -4.497293e-02
    outer loop
      vertex   8.920000e-01  2.500000e-02  1.264000e+00
      vertex   8.950000e-01  2.500000e-02  1.264000e+00
      vertex   8.950000e-01  2.489887e-02  1.266246e+00
    endloop
  endfacet
  facet normal  4.910850e-03 -9.986600e-01 -5.151654e-02
    outer loop
      vertex   8.920000e-01  2.500000e-02  1.264000e+00
      vertex   8.950000e-01  2.489887e-02  1.266246e+00
      vertex   8.920000e-01  2.486730e-02  1.266573e+00
    endloop
  endfacet
  facet normal -4.364252e-03 -9.906912e-01 -1.360583e-01
    outer loop
      vertex   8.920000e-01  2.486730e-02  1.266573e+00
      vertex   8.950000e-01  2.489887e-02  1.266246e+00
      vertex   8.950000e-01  2.458264e-02  1.268549e+00
    endloop
  endfacet
  facet normal  9.009254e-03 -9.877269e-01 -1.559304e-01
    outer loop
      vertex   8.920000e-01  2.486730e-02  1.266573e+00
      vertex   8.950000e-01  2.458264e-02  1.268549e+00
      vertex   8.920000e-01  2.445037e-02  1.269214e+00
    endloop
  endfacet
  facet normal -7.762481e-03 -9.734403e-01 -2.288092e-01
    outer loop
      vertex   8.920000e-01  2.445037e-02  1.269214e+00
      vertex   8.950000e-01  2.458264e-02  1.268549e+00
      vertex   8.950000e-01  2.403498e-02  1.270879e+00
    endloop
  endfacet
  facet normal  1.195855e-02 -9.649363e-01 -2.622117e-01
    outer loop
      vertex   8.920000e-01  2.445037e-02  1.269214e+00
      vertex   8.950000e-01  2.403498e-02  1.270879e+00
      vertex   8.920000e-01  2.372643e-02  1.271878e+00
    endloop
  endfacet
  facet normal -9.820823e-03 -9.466879e-01 -3.220026e-01
    outer loop
      vertex   8.920000e-01  2.372643e-02  1.271878e+00
      vertex   8.950000e-01  2.403498e-02  1.270879e+00
      vertex   8.950000e-01  2.324471e-02  1.273202e+00
    endloop
  endfacet
  facet normal  1.339775e-02 -9.295854e-01 -3.683634e-01
    outer loop
      vertex   8.920000e-01  2.372643e-02  1.271878e+00
      vertex   8.950000e-01  2.324471e-02  1.273202e+00
      vertex   8.920000e-01  2.268208e-02  1.274513e+00
    endloop
  endfacet
  facet normal -1.027356e-02 -9.101312e-01 -4.141929e-01
    outer loop
      vertex   8.920000e-01  2.268208e-02  1.274513e+00
      vertex   8.950000e-01  2.324471e-02  1.273202e+00
      vertex   8.950000e-01  2.220710e-02  1.275482e+00
    endloop
  endfacet
  facet normal  1.304854e-02 -8.813546e-01 -4.722750e-01
    outer loop
      vertex   8.920000e-01  2.268208e-02  1.274513e+00
      vertex   8.950000e-01  2.220710e-02  1.275482e+00
      vertex   8.920000e-01  2.131572e-02  1.277063e+00
    endloop
  endfacet
  facet normal -8.846143e-03 -8.637233e-01 -5.038887e-01
    outer loop
      vertex   8.920000e-01  2.131572e-02  1.277063e+00
      vertex   8.950000e-01  2.220710e-02  1.275482e+00
      vertex   8.950000e-01  2.092489e-02  1.277680e+00
    endloop
  endfacet
  facet normal  1.072109e-02 -8.204637e-01 -5.715982e-01
    outer loop
      vertex   8.920000e-01  2.131572e-02  1.277063e+00
      vertex   8.950000e-01  2.092489e-02  1.277680e+00
      vertex   8.920000e-01  1.963910e-02  1.279470e+00
    endloop
  endfacet
  facet normal -5.426079e-03 -8.077334e-01 -5.895230e-01
    outer loop
      vertex   8.920000e-01  1.963910e-02  1.279470e+00
      vertex   8.950000e-01  2.092489e-02  1.277680e+00
      vertex   8.950000e-01  1.940883e-02  1.279757e+00
    endloop
  endfacet
  facet normal  6.341147e-03 -7.476368e-01 -6.640775e-01
    outer loop
      vertex   8.920000e-01  1.963910e-02  1.279470e+00
      vertex   8.950000e-01  1.940883e-02  1.279757e+00
      vertex   8.920000e-01  1.767767e-02  1.281678e+00
    endloop
  endfacet
  facet normal  0.000000e+00 -7.427452e-01 -6.695741e-01
    outer loop
      vertex   8.920000e-01  1.767767e-02  1.281678e+00
      vertex   8.950000e-01  1.940883e-02  1.279757e+00
      vertex   8.950000e-01  1.767767e-02  1.281678e+00
    endloop
  endfacet
  facet normal  0.000000e+00 -6.695723e-01 -7.427469e-01
    outer loop
      vertex   8.920000e-01  1.767767e-02  1.281678e+00
      vertex   8.950000e-01  1.767767e-02  1.281678e+00
      vertex   8.950000e-01  1.575745e-02  1.283409e+00
    endloop
  endfacet
  facet normal  6.341586e-03 -6.640748e-01 -7.476392e-01
    outer loop
      vertex   8.920000e-01  1.767767e-02  1.281678e+00
      vertex   8.950000e-01  1.575745e-02  1.283409e+00
      vertex   8.920000e-01  1.546951e-02  1.283639e+00
    endloop
  endfacet
  facet normal -5.425227e-03 -5.895370e-01 -8.077231e-01
    outer loop
      vertex   8.920000e-01  1.546951e-02  1.283639e+00
      vertex   8.950000e-01  1.575745e-02  1.283409e+00
      vertex   8.950000e-01  1.368024e-02  1.284925e+00
    endloop
  endfacet
  facet normal  1.074484e-02 -5.715863e-01 -8.204716e-01
    outer loop
      vertex   8.920000e-01  1.546951e-02  1.283639e+00
      vertex   8.950000e-01  1.368024e-02  1.284925e+00
      vertex   8.920000e-01  1.306293e-02  1.285316e+00
    endloop
  endfacet
  facet normal -8.819739e-03 -5.038865e-01 -8.637249e-01
    outer loop
      vertex   8.920000e-01  1.306293e-02  1.285316e+00
      vertex   8.950000e-01  1.368024e-02  1.284925e+00
      vertex   8.950000e-01  1.148237e-02  1.286207e+00
    endloop
  endfacet
  facet normal  1.305219e-02 -4.723059e-01 -8.813381e-01
    outer loop
      vertex   8.920000e-01  1.306293e-02  1.285316e+00
      vertex   8.950000e-01  1.148237e-02  1.286207e+00
      vertex   8.920000e-01  1.051300e-02  1.286682e+00
    endloop
  endfacet
  facet normal -1.028583e-02 -4.141896e-01 -9.101325e-01
    outer loop
      vertex   8.920000e-01  1.051300e-02  1.286682e+00
      vertex   8.950000e-01  1.148237e-02  1.286207e+00
      vertex   8.950000e-01  9.202369e-03  1.287245e+00
    endloop
  endfacet
  facet normal  1.339037e-02 -3.683475e-01 -9.295918e-01
    outer loop
      vertex   8.920000e-01  1.051300e-02  1.286682e+00
      vertex   8.950000e-01  9.202369e-03  1.287245e+00
      vertex   8.920000e-01  7.877590e-03  1.287727e+00
    endloop
  endfacet
  facet normal -9.827085e-03 -3.219887e-01 -9.466925e-01
    outer loop
      vertex   8.920000e-01  7.877590e-03  1.287727e+00
      vertex   8.950000e-01  9.202369e-03  1.287245e+00
      vertex   8.950000e-01  6.878956e-03  1.288035e+00
    endloop
  endfacet
  facet normal  1.196362e-02 -2.621667e-01 -9.649485e-01
    outer loop
      vertex   8.920000e-01  7.877590e-03  1.287727e+00
      vertex   8.950000e-01  6.878956e-03  1.288035e+00
      vertex   8.920000e-01  5.213380e-03  1.288450e+00
    endloop
  endfacet
  facet normal -7.730623e-03 -2.288111e-01 -9.734402e-01
    outer loop
      vertex   8.920000e-01  5.213380e-03  1.288450e+00
      vertex   8.950000e-01  6.878956e-03  1.288035e+00
      vertex   8.950000e-01  4.549077e-03  1.288583e+00
    endloop
  endfacet
  facet normal  9.020795e-03 -1.560044e-01 -9.877151e-01
    outer loop
      vertex   8.920000e-01  5.213380e-03  1.288450e+00
      vertex   8.950000e-01  4.549077e-03  1.288583e+00
      vertex   8.920000e-01  2.572498e-03  1.288867e+00
    endloop
  endfacet
  facet normal -4.365278e-03 -1.361149e-01 -9.906835e-01
    outer loop
      vertex   8.920000e-01  2.572498e-03  1.288867e+00
      vertex   8.950000e-01  4.549077e-03  1.288583e+00
      vertex   8.950000e-01  2.246361e-03  1.288899e+00
    endloop
  endfacet
  facet normal  4.366662e-03 -5.653930e-02 -9.983909e-01
    outer loop
      vertex   8.920000e-01  2.572498e-03  1.288867e+00
      vertex   8.950000e-01  2.246361e-03  1.288899e+00
      vertex   8.890001e-01  1.976879e-16  1.289000e+00
    endloop
  endfacet
  facet normal  1.495586e-17 -4.490304e-02 -9.989914e-01
    outer loop
      vertex   8.890001e-01  1.976879e-16  1.289000e+00
      vertex   8.950000e-01  2.246361e-03  1.288899e+00
      vertex   8.950000e-01  1.996863e-16  1.289000e+00
    endloop
  endfacet
  facet normal -5.638003e-03 -4.490232e-02 -9.989755e-01
    outer loop
      vertex   8.890001e-01  1.976879e-16  1.289000e+00
      vertex   8.890001e-01  2.246361e-03  1.288899e+00
      vertex   8.920000e-01  2.572498e-03  1.288867e+00
    endloop
  endfacet
  facet normal  4.365365e-03 -1.361149e-01 -9.906834e-01
    outer loop
      vertex   8.920000e-01  2.572498e-03  1.288867e+00
      vertex   8.890001e-01  2.246361e-03  1.288899e+00
      vertex   8.890001e-01  4.549077e-03  1.288583e+00
    endloop
  endfacet
  facet normal -9.020975e-03 -1.560044e-01 -9.877151e-01
    outer loop
      vertex   8.920000e-01  2.572498e-03  1.288867e+00
      vertex   8.890001e-01  4.549077e-03  1.288583e+00
      vertex   8.920000e-01  5.213380e-03  1.288450e+00
    endloop
  endfacet
  facet normal  7.730776e-03 -2.288110e-01 -9.734402e-01
    outer loop
      vertex   8.920000e-01  5.213380e-03  1.288450e+00
      vertex   8.890001e-01  4.549077e-03  1.288583e+00
      vertex   8.890001e-01  6.878956e-03  1.288035e+00
    endloop
  endfacet
  facet normal -1.196386e-02 -2.621667e-01 -9.649484e-01
    outer loop
      vertex   8.920000e-01  5.213380e-03  1.288450e+00
      vertex   8.890001e-01  6.878956e-03  1.288035e+00
      vertex   8.920000e-01  7.877590e-03  1.287727e+00
    endloop
  endfacet
  facet normal  9.827280e-03 -3.219887e-01 -9.466925e-01
    outer loop
      vertex   8.920000e-01  7.877590e-03  1.287727e+00
      vertex   8.890001e-01  6.878956e-03  1.288035e+00
      vertex   8.890001e-01  9.202369e-03  1.287245e+00
    endloop
  endfacet
  facet normal -1.339064e-02 -3.683475e-01 -9.295918e-01
    outer loop
      vertex   8.920000e-01  7.877590e-03  1.287727e+00
      vertex   8.890001e-01  9.202369e-03  1.287245e+00
      vertex   8.920000e-01  1.051300e-02  1.286682e+00
    endloop
  endfacet
  facet normal  1.028604e-02 -4.141896e-01 -9.101325e-01
    outer loop
      vertex   8.920000e-01  1.051300e-02  1.286682e+00
      vertex   8.890001e-01  9.202369e-03  1.287245e+00
      vertex   8.890001e-01  1.148237e-02  1.286207e+00
    endloop
  endfacet
  facet normal -1.305245e-02 -4.723059e-01 -8.813381e-01
    outer loop
      vertex   8.920000e-01  1.051300e-02  1.286682e+00
      vertex   8.890001e-01  1.148237e-02  1.286207e+00
      vertex   8.920000e-01  1.306293e-02  1.285316e+00
    endloop
  endfacet
  facet normal  8.819914e-03 -5.038864e-01 -8.637248e-01
    outer loop
      vertex   8.920000e-01  1.306293e-02  1.285316e+00
      vertex   8.890001e-01  1.148237e-02  1.286207e+00
      vertex   8.890001e-01  1.368024e-02  1.284925e+00
    endloop
  endfacet
  facet normal -1.074505e-02 -5.715863e-01 -8.204716e-01
    outer loop
      vertex   8.920000e-01  1.306293e-02  1.285316e+00
      vertex   8.890001e-01  1.368024e-02  1.284925e+00
      vertex   8.920000e-01  1.546951e-02  1.283639e+00
    endloop
  endfacet
  facet normal  5.425335e-03 -5.895370e-01 -8.077232e-01
    outer loop
      vertex   8.920000e-01  1.546951e-02  1.283639e+00
      vertex   8.890001e-01  1.368024e-02  1.284925e+00
      vertex   8.890001e-01  1.575745e-02  1.283409e+00
    endloop
  endfacet
  facet normal -6.341713e-03 -6.640748e-01 -7.476392e-01
    outer loop
      vertex   8.920000e-01  1.546951e-02  1.283639e+00
      vertex   8.890001e-01  1.575745e-02  1.283409e+00
      vertex   8.920000e-01  1.767767e-02  1.281678e+00
    endloop
  endfacet
  facet normal -0.000000e+00 -6.695723e-01 -7.427469e-01
    outer loop
      vertex   8.920000e-01  1.767767e-02  1.281678e+00
      vertex   8.890001e-01  1.575745e-02  1.283409e+00
      vertex   8.890001e-01  1.767767e-02  1.281678e+00
    endloop
  endfacet
  facet normal -0.000000e+00 -7.427452e-01 -6.695741e-01
    outer loop
      vertex   8.920000e-01  1.767767e-02  1.281678e+00
      vertex   8.890001e-01  1.767767e-02  1.281678e+00
      vertex   8.890001e-01  1.940883e-02  1.279757e+00
    endloop
  endfacet
  facet normal -6.341273e-03 -7.476369e-01 -6.640775e-01
    outer loop
      vertex   8.920000e-01  1.767767e-02  1.281678e+00
      vertex   8.890001e-01  1.940883e-02  1.279757e+00
      vertex   8.920000e-01  1.963910e-02  1.279470e+00
    endloop
  endfacet
  facet normal  5.426187e-03 -8.077334e-01 -5.895230e-01
    outer loop
      vertex   8.920000e-01  1.963910e-02  1.279470e+00
      vertex   8.890001e-01  1.940883e-02  1.279757e+00
      vertex   8.890001e-01  2.092489e-02  1.277680e+00
    endloop
  endfacet
  facet normal -1.072129e-02 -8.204637e-01 -5.715982e-01
    outer loop
      vertex   8.920000e-01  1.963910e-02  1.279470e+00
      vertex   8.890001e-01  2.092489e-02  1.277680e+00
      vertex   8.920000e-01  2.131572e-02  1.277063e+00
    endloop
  endfacet
  facet normal  8.846319e-03 -8.637233e-01 -5.038887e-01
    outer loop
      vertex   8.920000e-01  2.131572e-02  1.277063e+00
      vertex   8.890001e-01  2.092489e-02  1.277680e+00
      vertex   8.890001e-01  2.220710e-02  1.275482e+00
    endloop
  endfacet
  facet normal -1.304878e-02 -8.813546e-01 -4.722750e-01
    outer loop
      vertex   8.920000e-01  2.131572e-02  1.277063e+00
      vertex   8.890001e-01  2.220710e-02  1.275482e+00
      vertex   8.920000e-01  2.268208e-02  1.274513e+00
    endloop
  endfacet
  facet normal  1.027376e-02 -9.101312e-01 -4.141928e-01
    outer loop
      vertex   8.920000e-01  2.268208e-02  1.274513e+00
      vertex   8.890001e-01  2.220710e-02  1.275482e+00
      vertex   8.890001e-01  2.324471e-02  1.273202e+00
    endloop
  endfacet
  facet normal -1.339802e-02 -9.295854e-01 -3.683634e-01
    outer loop
      vertex   8.920000e-01  2.268208e-02  1.274513e+00
      vertex   8.890001e-01  2.324471e-02  1.273202e+00
      vertex   8.920000e-01  2.372643e-02  1.271878e+00
    endloop
  endfacet
  facet normal  9.821017e-03 -9.466879e-01 -3.220026e-01
    outer loop
      vertex   8.920000e-01  2.372643e-02  1.271878e+00
      vertex   8.890001e-01  2.324471e-02  1.273202e+00
      vertex   8.890001e-01  2.403498e-02  1.270879e+00
    endloop
  endfacet
  facet normal -1.195879e-02 -9.649363e-01 -2.622117e-01
    outer loop
      vertex   8.920000e-01  2.372643e-02  1.271878e+00
      vertex   8.890001e-01  2.403498e-02  1.270879e+00
      vertex   8.920000e-01  2.445037e-02  1.269214e+00
    endloop
  endfacet
  facet normal  7.762635e-03 -9.734404e-01 -2.288092e-01
    outer loop
      vertex   8.920000e-01  2.445037e-02  1.269214e+00
      vertex   8.890001e-01  2.403498e-02  1.270879e+00
      vertex   8.890001e-01  2.458264e-02  1.268549e+00
    endloop
  endfacet
  facet normal -9.009437e-03 -9.877269e-01 -1.559304e-01
    outer loop
      vertex   8.920000e-01  2.445037e-02  1.269214e+00
      vertex   8.890001e-01  2.458264e-02  1.268549e+00
      vertex   8.920000e-01  2.486730e-02  1.266573e+00
    endloop
  endfacet
  facet normal  4.364338e-03 -9.906912e-01 -1.360583e-01
    outer loop
      vertex   8.920000e-01  2.486730e-02  1.266573e+00
      vertex   8.890001e-01  2.458264e-02  1.268549e+00
      vertex   8.890001e-01  2.489887e-02  1.266246e+00
    endloop
  endfacet
  facet normal -4.910946e-03 -9.986601e-01 -5.151655e-02
    outer loop
      vertex   8.920000e-01  2.486730e-02  1.266573e+00
      vertex   8.890001e-01  2.489887e-02  1.266246e+00
      vertex   8.920000e-01  2.500000e-02  1.264000e+00
    endloop
  endfacet
  facet normal -0.000000e+00 -9.989882e-01 -4.497292e-02
    outer loop
      vertex   8.920000e-01  2.500000e-02  1.264000e+00
      vertex   8.890001e-01  2.489887e-02  1.266246e+00
      vertex   8.890001e-01  2.500000e-02  1.264000e+00
    endloop
  endfacet
  facet normal  0.000000e+00 -9.989882e-01  4.497292e-02
    outer loop
      vertex   8.920000e-01  2.500000e-02  1.264000e+00
      vertex   8.890001e-01  2.500000e-02  1.264000e+00
      vertex   8.890001e-01  2.489887e-02  1.261754e+00
    endloop
  endfacet
  facet normal -4.912734e-03 -9.986599e-01  5.151892e-02
    outer loop
      vertex   8.920000e-01  2.500000e-02  1.264000e+00
      vertex   8.890001e-01  2.489887e-02  1.261754e+00
      vertex   8.920000e-01  2.486730e-02  1.261428e+00
    endloop
  endfacet
  facet normal  4.358931e-03 -9.906912e-01  1.360583e-01
    outer loop
      vertex   8.920000e-01  2.486730e-02  1.261428e+00
      vertex   8.890001e-01  2.489887e-02  1.261754e+00
      vertex   8.890001e-01  2.458264e-02  1.259451e+00
    endloop
  endfacet
  facet normal -9.015626e-03 -9.877269e-01  1.559304e-01
    outer loop
      vertex   8.920000e-01  2.486730e-02  1.261428e+00
      vertex   8.890001e-01  2.458264e-02  1.259451e+00
      vertex   8.920000e-01  2.445037e-02  1.258787e+00
    endloop
  endfacet
  facet normal  7.753539e-03 -9.734405e-01  2.288093e-01
    outer loop
      vertex   8.920000e-01  2.445037e-02  1.258787e+00
      vertex   8.890001e-01  2.458264e-02  1.259451e+00
      vertex   8.890001e-01  2.403498e-02  1.257121e+00
    endloop
  endfacet
  facet normal -3.979467e-03 -9.685656e-01  2.487262e-01
    outer loop
      vertex   8.920000e-01  2.445037e-02  1.258787e+00
      vertex   8.890001e-01  2.403498e-02  1.257121e+00
      vertex   8.920000e-01  2.393712e-02  1.256788e+00
    endloop
  endfacet
  facet normal  4.871670e-03 -9.467173e-01  3.220291e-01
    outer loop
      vertex   8.920000e-01  2.393712e-02  1.256788e+00
      vertex   8.890001e-01  2.403498e-02  1.257121e+00
      vertex   8.890001e-01  2.324471e-02  1.254798e+00
    endloop
  endfacet
  facet normal  0.000000e+00 -5.101103e-01  8.601090e-01
    outer loop
      vertex   8.920000e-01  1.368024e-02  1.243075e+00
      vertex   8.890001e-01  1.368024e-02  1.243075e+00
      vertex   8.920000e-01  1.180229e-02  1.241961e+00
    endloop
  endfacet
  facet normal  5.268120e-03 -5.038640e-01  8.637668e-01
    outer loop
      vertex   8.920000e-01  1.180229e-02  1.241961e+00
      vertex   8.890001e-01  1.368024e-02  1.243075e+00
      vertex   8.890001e-01  1.148237e-02  1.241793e+00
    endloop
  endfacet
  facet normal -4.310410e-03 -4.336671e-01  9.010628e-01
    outer loop
      vertex   8.920000e-01  1.180229e-02  1.241961e+00
      vertex   8.890001e-01  1.148237e-02  1.241793e+00
      vertex   8.920000e-01  9.859901e-03  1.241027e+00
    endloop
  endfacet
  facet normal  8.541109e-03 -4.141964e-01  9.101475e-01
    outer loop
      vertex   8.920000e-01  9.859901e-03  1.241027e+00
      vertex   8.890001e-01  1.148237e-02  1.241793e+00
      vertex   8.890001e-01  9.202369e-03  1.240755e+00
    endloop
  endfacet
  facet normal -6.661108e-03 -3.550156e-01  9.348367e-01
    outer loop
      vertex   8.920000e-01  9.859901e-03  1.241027e+00
      vertex   8.890001e-01  9.202369e-03  1.240755e+00
      vertex   8.920000e-01  7.877590e-03  1.240274e+00
    endloop
  endfacet
  facet normal  9.827280e-03 -3.219887e-01  9.466925e-01
    outer loop
      vertex   8.920000e-01  7.877590e-03  1.240274e+00
      vertex   8.890001e-01  9.202369e-03  1.240755e+00
      vertex   8.890001e-01  6.878956e-03  1.239965e+00
    endloop
  endfacet
  facet normal -2.133802e-02 -2.360334e-01  9.715106e-01
    outer loop
      vertex   8.920000e-01  7.877590e-03  1.240274e+00
      vertex   8.890001e-01  6.878956e-03  1.239965e+00
      vertex   8.920000e-01  3.887019e-03  1.239304e+00
    endloop
  endfacet
  facet normal -1.375852e-02 -2.288434e-01  9.733660e-01
    outer loop
      vertex   8.920000e-01  3.887019e-03  1.239304e+00
      vertex   8.890001e-01  6.878956e-03  1.239965e+00
      vertex   8.890001e-01  4.549077e-03  1.239417e+00
    endloop
  endfacet
  facet normal  7.370605e-03 -1.360621e-01  9.906729e-01
    outer loop
      vertex   8.920000e-01  3.887019e-03  1.239304e+00
      vertex   8.890001e-01  4.549077e-03  1.239417e+00
      vertex   8.890001e-01  2.246361e-03  1.239101e+00
    endloop
  endfacet
  facet normal  5.671013e-03  4.493303e-02 -9.989739e-01
    outer loop
      vertex   8.945000e-01  2.785488e-03  1.233125e+00
      vertex   8.945000e-01  1.959822e-16  1.233000e+00
      vertex   8.917501e-01  2.382515e-03  1.233092e+00
    endloop
  endfacet
  facet normal  0.000000e+00  3.839859e-02 -9.992625e-01
    outer loop
      vertex   8.917501e-01  2.382515e-03  1.233092e+00
      vertex   8.945000e-01  1.959822e-16  1.233000e+00
      vertex   8.890001e-01  1.941503e-16  1.233000e+00
    endloop
  endfacet
  facet normal -5.670767e-03  4.493303e-02 -9.989739e-01
    outer loop
      vertex   8.917501e-01  2.382515e-03  1.233092e+00
      vertex   8.890001e-01  1.941503e-16  1.233000e+00
      vertex   8.890001e-01  2.785488e-03  1.233125e+00
    endloop
  endfacet
  facet normal  4.856409e-03  1.162914e-01 -9.932033e-01
    outer loop
      vertex   8.917501e-01  2.382515e-03  1.233092e+00
      vertex   8.890001e-01  2.785488e-03  1.233125e+00
      vertex   8.917501e-01  4.819904e-03  1.233377e+00
    endloop
  endfacet
  facet normal -1.000940e-02  1.360704e-01 -9.906486e-01
    outer loop
      vertex   8.917501e-01  4.819904e-03  1.233377e+00
      vertex   8.890001e-01  2.785488e-03  1.233125e+00
      vertex   8.890001e-01  5.640855e-03  1.233518e+00
    endloop
  endfacet
  facet normal  8.227149e-03  1.954526e-01 -9.806786e-01
    outer loop
      vertex   8.917501e-01  4.819904e-03  1.233377e+00
      vertex   8.890001e-01  5.640855e-03  1.233518e+00
      vertex   8.917501e-01  7.290178e-03  1.233869e+00
    endloop
  endfacet
  facet normal -1.269127e-02  2.287781e-01 -9.733958e-01
    outer loop
      vertex   8.917501e-01  7.290178e-03  1.233869e+00
      vertex   8.890001e-01  5.640855e-03  1.233518e+00
      vertex   8.890001e-01  8.529905e-03  1.234197e+00
    endloop
  endfacet
  facet normal  9.759407e-03  2.753829e-01 -9.612851e-01
    outer loop
      vertex   8.917501e-01  7.290178e-03  1.233869e+00
      vertex   8.890001e-01  8.529905e-03  1.234197e+00
      vertex   8.917501e-01  9.768211e-03  1.234579e+00
    endloop
  endfacet
  facet normal -1.327475e-02  3.220124e-01 -9.466423e-01
    outer loop
      vertex   8.917501e-01  9.768211e-03  1.234579e+00
      vertex   8.890001e-01  8.529905e-03  1.234197e+00
      vertex   8.890001e-01  1.141094e-02  1.235177e+00
    endloop
  endfacet
  facet normal  9.041469e-03  3.550644e-01 -9.347981e-01
    outer loop
      vertex   8.917501e-01  9.768211e-03  1.234579e+00
      vertex   8.890001e-01  1.141094e-02  1.235177e+00
      vertex   8.917501e-01  1.222628e-02  1.235513e+00
    endloop
  endfacet
  facet normal -1.150473e-02  4.141854e-01 -9.101198e-01
    outer loop
      vertex   8.917501e-01  1.222628e-02  1.235513e+00
      vertex   8.890001e-01  1.141094e-02  1.235177e+00
      vertex   8.890001e-01  1.423813e-02  1.236463e+00
    endloop
  endfacet
  facet normal  5.842208e-03  4.336247e-01 -9.010746e-01
    outer loop
      vertex   8.917501e-01  1.222628e-02  1.235513e+00
      vertex   8.890001e-01  1.423813e-02  1.236463e+00
      vertex   8.917501e-01  1.463484e-02  1.236672e+00
    endloop
  endfacet
  facet normal -7.125953e-03  5.038806e-01 -8.637440e-01
    outer loop
      vertex   8.917501e-01  1.463484e-02  1.236672e+00
      vertex   8.890001e-01  1.423813e-02  1.236463e+00
      vertex   8.890001e-01  1.696350e-02  1.238053e+00
    endloop
  endfacet
  facet normal  0.000000e+00  5.101323e-01 -8.600959e-01
    outer loop
      vertex   8.917501e-01  1.463484e-02  1.236672e+00
      vertex   8.890001e-01  1.696350e-02  1.238053e+00
      vertex   8.917501e-01  1.696350e-02  1.238053e+00
    endloop
  endfacet
  facet normal  0.000000e+00  5.835736e-01 -8.120603e-01
    outer loop
      vertex   8.917501e-01  1.696350e-02  1.238053e+00
      vertex   8.890001e-01  1.696350e-02  1.238053e+00
      vertex   8.917501e-01  1.918219e-02  1.239648e+00
    endloop
  endfacet
  facet normal  0.000000e+00  5.835735e-01 -8.120603e-01
    outer loop
      vertex   8.917501e-01  1.696350e-02  1.238053e+00
      vertex   8.917501e-01  1.918219e-02  1.239648e+00
      vertex   8.945000e-01  1.696350e-02  1.238053e+00
    endloop
  endfacet
  facet normal  7.316837e-03  5.895224e-01 -8.077189e-01
    outer loop
      vertex   8.945000e-01  1.696350e-02  1.238053e+00
      vertex   8.917501e-01  1.918219e-02  1.239648e+00
      vertex   8.945000e-01  1.953924e-02  1.239933e+00
    endloop
  endfacet
  facet normal -6.148662e-03  6.529650e-01 -7.573631e-01
    outer loop
      vertex   8.945000e-01  1.953924e-02  1.239933e+00
      vertex   8.917501e-01  1.918219e-02  1.239648e+00
      vertex   8.917501e-01  2.126231e-02  1.241441e+00
    endloop
  endfacet
  facet normal  1.229291e-02  6.695414e-01 -7.426731e-01
    outer loop
      vertex   8.945000e-01  1.953924e-02  1.239933e+00
      vertex   8.917501e-01  2.126231e-02  1.241441e+00
      vertex   8.945000e-01  2.192031e-02  1.242080e+00
    endloop
  endfacet
  facet normal -9.877856e-03  7.174330e-01 -6.965575e-01
    outer loop
      vertex   8.945000e-01  2.192031e-02  1.242080e+00
      vertex   8.917501e-01  2.126231e-02  1.241441e+00
      vertex   8.917501e-01  2.317793e-02  1.243414e+00
    endloop
  endfacet
  facet normal  1.476998e-02  7.426447e-01 -6.695228e-01
    outer loop
      vertex   8.945000e-01  2.192031e-02  1.242080e+00
      vertex   8.917501e-01  2.317793e-02  1.243414e+00
      vertex   8.945000e-01  2.406695e-02  1.244461e+00
    endloop
  endfacet
  facet normal -1.104311e-02  7.762870e-01 -6.302829e-01
    outer loop
      vertex   8.945000e-01  2.406695e-02  1.244461e+00
      vertex   8.917501e-01  2.317793e-02  1.243414e+00
      vertex   8.917501e-01  2.490686e-02  1.245543e+00
    endloop
  endfacet
  facet normal  1.460760e-02  8.076590e-01 -5.894690e-01
    outer loop
      vertex   8.945000e-01  2.406695e-02  1.244461e+00
      vertex   8.917501e-01  2.490686e-02  1.245543e+00
      vertex   8.945000e-01  2.594686e-02  1.247037e+00
    endloop
  endfacet
  facet normal -9.669248e-03  8.287904e-01 -5.594757e-01
    outer loop
      vertex   8.945000e-01  2.594686e-02  1.247037e+00
      vertex   8.917501e-01  2.490686e-02  1.245543e+00
      vertex   8.917501e-01  2.643149e-02  1.247802e+00
    endloop
  endfacet
  facet normal  1.196038e-02  8.636967e-01 -5.038700e-01
    outer loop
      vertex   8.945000e-01  2.594686e-02  1.247037e+00
      vertex   8.917501e-01  2.643149e-02  1.247802e+00
      vertex   8.945000e-01  2.753681e-02  1.249762e+00
    endloop
  endfacet
  facet normal -5.915838e-03  8.745459e-01 -4.849066e-01
    outer loop
      vertex   8.945000e-01  2.753681e-02  1.249762e+00
      vertex   8.917501e-01  2.643149e-02  1.247802e+00
      vertex   8.917501e-01  2.773937e-02  1.250161e+00
    endloop
  endfacet
  facet normal  6.961931e-03  9.101554e-01 -4.142083e-01
    outer loop
      vertex   8.945000e-01  2.753681e-02  1.249762e+00
      vertex   8.917501e-01  2.773937e-02  1.250161e+00
      vertex   8.945000e-01  2.882344e-02  1.252589e+00
    endloop
  endfacet
  facet normal  0.000000e+00  9.131361e-01 -4.076549e-01
    outer loop
      vertex   8.945000e-01  2.882344e-02  1.252589e+00
      vertex   8.917501e-01  2.773937e-02  1.250161e+00
      vertex   8.917501e-01  2.882344e-02  1.252589e+00
    endloop
  endfacet
  facet normal  0.000000e+00  9.444782e-01 -3.285742e-01
    outer loop
      vertex   8.945000e-01  2.882344e-02  1.252589e+00
      vertex   8.917501e-01  2.882344e-02  1.252589e+00
      vertex   8.917501e-01  2.968203e-02  1.255057e+00
    endloop
  endfacet
  facet normal  0.000000e+00  9.444782e-01 -3.285742e-01
    outer loop
      vertex   8.917501e-01  2.968203e-02  1.255057e+00
      vertex   8.917501e-01  2.882344e-02  1.252589e+00
      vertex   8.890001e-01  2.882344e-02  1.252589e+00
    endloop
  endfacet
  facet normal -6.593153e-03  9.467148e-01 -3.220056e-01
    outer loop
      vertex   8.917501e-01  2.968203e-02  1.255057e+00
      vertex   8.890001e-01  2.882344e-02  1.252589e+00
      vertex   8.890001e-01  2.980337e-02  1.255470e+00
    endloop
  endfacet
  facet normal -7.316519e-03  5.895224e-01 -8.077189e-01
    outer loop
      vertex   8.890001e-01  1.696350e-02  1.238053e+00
      vertex   8.890001e-01  1.953924e-02  1.239933e+00
      vertex   8.917501e-01  1.918219e-02  1.239648e+00
    endloop
  endfacet
  facet normal  6.148403e-03  6.529651e-01 -7.573631e-01
    outer loop
      vertex   8.917501e-01  1.918219e-02  1.239648e+00
      vertex   8.890001e-01  1.953924e-02  1.239933e+00
      vertex   8.917501e-01  2.126231e-02  1.241441e+00
    endloop
  endfacet
  facet normal -1.229238e-02  6.695413e-01 -7.426730e-01
    outer loop
      vertex   8.890001e-01  1.953924e-02  1.239933e+00
      vertex   8.890001e-01  2.192031e-02  1.242080e+00
      vertex   8.917501e-01  2.126231e-02  1.241441e+00
    endloop
  endfacet
  facet normal  9.877428e-03  7.174330e-01 -6.965575e-01
    outer loop
      vertex   8.917501e-01  2.126231e-02  1.241441e+00
      vertex   8.890001e-01  2.192031e-02  1.242080e+00
      vertex   8.917501e-01  2.317793e-02  1.243414e+00
    endloop
  endfacet
  facet normal -1.476934e-02  7.426447e-01 -6.695227e-01
    outer loop
      vertex   8.890001e-01  2.192031e-02  1.242080e+00
      vertex   8.890001e-01  2.406695e-02  1.244461e+00
      vertex   8.917501e-01  2.317793e-02  1.243414e+00
    endloop
  endfacet
  facet normal  1.104261e-02  7.762870e-01 -6.302830e-01
    outer loop
      vertex   8.917501e-01  2.317793e-02  1.243414e+00
      vertex   8.890001e-01  2.406695e-02  1.244461e+00
      vertex   8.917501e-01  2.490686e-02  1.245543e+00
    endloop
  endfacet
  facet normal -1.460697e-02  8.076590e-01 -5.894690e-01
    outer loop
      vertex   8.890001e-01  2.406695e-02  1.244461e+00
      vertex   8.890001e-01  2.594686e-02  1.247037e+00
      vertex   8.917501e-01  2.490686e-02  1.245543e+00
    endloop
  endfacet
  facet normal  9.668813e-03  8.287904e-01 -5.594757e-01
    outer loop
      vertex   8.917501e-01  2.490686e-02  1.245543e+00
      vertex   8.890001e-01  2.594686e-02  1.247037e+00
      vertex   8.917501e-01  2.643149e-02  1.247802e+00
    endloop
  endfacet
  facet normal -1.195986e-02  8.636968e-01 -5.038700e-01
    outer loop
      vertex   8.890001e-01  2.594686e-02  1.247037e+00
      vertex   8.890001e-01  2.753681e-02  1.249762e+00
      vertex   8.917501e-01  2.643149e-02  1.247802e+00
    endloop
  endfacet
  facet normal  5.915578e-03  8.745459e-01 -4.849066e-01
    outer loop
      vertex   8.917501e-01  2.643149e-02  1.247802e+00
      vertex   8.890001e-01  2.753681e-02  1.249762e+00
      vertex   8.917501e-01  2.773937e-02  1.250161e+00
    endloop
  endfacet
  facet normal -6.961630e-03  9.101555e-01 -4.142084e-01
    outer loop
      vertex   8.890001e-01  2.753681e-02  1.249762e+00
      vertex   8.890001e-01  2.882344e-02  1.252589e+00
      vertex   8.917501e-01  2.773937e-02  1.250161e+00
    endloop
  endfacet
  facet normal  0.000000e+00  9.131361e-01 -4.076549e-01
    outer loop
      vertex   8.917501e-01  2.773937e-02  1.250161e+00
      vertex   8.890001e-01  2.882344e-02  1.252589e+00
      vertex   8.917501e-01  2.882344e-02  1.252589e+00
    endloop
  endfacet
  facet normal  5.377838e-03  9.685596e-01 -2.487233e-01
    outer loop
      vertex   8.917501e-01  2.968203e-02  1.255057e+00
      vertex   8.890001e-01  2.980337e-02  1.255470e+00
      vertex   8.917501e-01  3.031846e-02  1.257535e+00
    endloop
  endfacet
  facet normal -1.048523e-02  9.734142e-01 -2.288117e-01
    outer loop
      vertex   8.917501e-01  3.031846e-02  1.257535e+00
      vertex   8.890001e-01  2.980337e-02  1.255470e+00
      vertex   8.890001e-01  3.048247e-02  1.258359e+00
    endloop
  endfacet
  facet normal  1.219724e-02  9.876930e-01 -1.559293e-01
    outer loop
      vertex   8.917501e-01  3.031846e-02  1.257535e+00
      vertex   8.890001e-01  3.048247e-02  1.258359e+00
      vertex   8.917501e-01  3.083544e-02  1.260810e+00
    endloop
  endfacet
  facet normal -5.903186e-03  9.906842e-01 -1.360508e-01
    outer loop
      vertex   8.917501e-01  3.083544e-02  1.260810e+00
      vertex   8.890001e-01  3.048247e-02  1.258359e+00
      vertex   8.890001e-01  3.087460e-02  1.261215e+00
    endloop
  endfacet
  facet normal  6.643524e-03  9.986500e-01 -5.151697e-02
    outer loop
      vertex   8.917501e-01  3.083544e-02  1.260810e+00
      vertex   8.890001e-01  3.087460e-02  1.261215e+00
      vertex   8.917501e-01  3.100000e-02  1.264000e+00
    endloop
  endfacet
  facet normal  0.000000e+00  9.989883e-01 -4.497312e-02
    outer loop
      vertex   8.917501e-01  3.100000e-02  1.264000e+00
      vertex   8.890001e-01  3.087460e-02  1.261215e+00
      vertex   8.890001e-01  3.100000e-02  1.264000e+00
    endloop
  endfacet
  facet normal  0.000000e+00  9.989883e-01  4.497120e-02
    outer loop
      vertex   8.917501e-01  3.100000e-02  1.264000e+00
      vertex   8.890001e-01  3.100000e-02  1.264000e+00
      vertex   8.890001e-01  3.087460e-02  1.266786e+00
    endloop
  endfacet
  facet normal  6.645754e-03  9.986500e-01  5.151697e-02
    outer loop
      vertex   8.917501e-01  3.100000e-02  1.264000e+00
      vertex   8.890001e-01  3.087460e-02  1.266786e+00
      vertex   8.917501e-01  3.083544e-02  1.267190e+00
    endloop
  endfacet
  facet normal -5.898120e-03  9.906836e-01  1.360564e-01
    outer loop
      vertex   8.917501e-01  3.083544e-02  1.267190e+00
      vertex   8.890001e-01  3.087460e-02  1.266786e+00
      vertex   8.890001e-01  3.048247e-02  1.269641e+00
    endloop
  endfacet
  facet normal  1.219725e-02  9.876930e-01  1.559293e-01
    outer loop
      vertex   8.917501e-01  3.083544e-02  1.267190e+00
      vertex   8.890001e-01  3.048247e-02  1.269641e+00
      vertex   8.917501e-01  3.031846e-02  1.270465e+00
    endloop
  endfacet
  facet normal -1.048523e-02  9.734142e-01  2.288117e-01
    outer loop
      vertex   8.917501e-01  3.031846e-02  1.270465e+00
      vertex   8.890001e-01  3.048247e-02  1.269641e+00
      vertex   8.890001e-01  2.980337e-02  1.272530e+00
    endloop
  endfacet
  facet normal  1.617502e-02  9.648826e-01  2.621832e-01
    outer loop
      vertex   8.917501e-01  3.031846e-02  1.270465e+00
      vertex   8.890001e-01  2.980337e-02  1.272530e+00
      vertex   8.917501e-01  2.942078e-02  1.273768e+00
    endloop
  endfacet
  facet normal -1.328977e-02  9.466518e-01  3.219842e-01
    outer loop
      vertex   8.917501e-01  2.942078e-02  1.273768e+00
      vertex   8.890001e-01  2.980337e-02  1.272530e+00
      vertex   8.890001e-01  2.882344e-02  1.275411e+00
    endloop
  endfacet
  facet normal  1.812736e-02  9.295117e-01  3.683468e-01
    outer loop
      vertex   8.917501e-01  2.942078e-02  1.273768e+00
      vertex   8.890001e-01  2.882344e-02  1.275411e+00
      vertex   8.917501e-01  2.812578e-02  1.277036e+00
    endloop
  endfacet
  facet normal -1.388478e-02  9.100898e-01  4.141784e-01
    outer loop
      vertex   8.917501e-01  2.812578e-02  1.277036e+00
      vertex   8.890001e-01  2.882344e-02  1.275411e+00
      vertex   8.890001e-01  2.753681e-02  1.278238e+00
    endloop
  endfacet
  facet normal  1.765818e-02  8.812950e-01  4.722364e-01
    outer loop
      vertex   8.917501e-01  2.812578e-02  1.277036e+00
      vertex   8.890001e-01  2.753681e-02  1.278238e+00
      vertex   8.917501e-01  2.643149e-02  1.280198e+00
    endloop
  endfacet
  facet normal -1.195988e-02  8.636968e-01  5.038700e-01
    outer loop
      vertex   8.917501e-01  2.643149e-02  1.280198e+00
      vertex   8.890001e-01  2.753681e-02  1.278238e+00
      vertex   8.890001e-01  2.594686e-02  1.280964e+00
    endloop
  endfacet
  facet normal  1.451026e-02  8.204234e-01  5.715724e-01
    outer loop
      vertex   8.917501e-01  2.643149e-02  1.280198e+00
      vertex   8.890001e-01  2.594686e-02  1.280964e+00
      vertex   8.917501e-01  2.435249e-02  1.283182e+00
    endloop
  endfacet
  facet normal -7.307712e-03  8.077366e-01  5.894983e-01
    outer loop
      vertex   8.917501e-01  2.435249e-02  1.283182e+00
      vertex   8.890001e-01  2.594686e-02  1.280964e+00
      vertex   8.890001e-01  2.406695e-02  1.283539e+00
    endloop
  endfacet
  facet normal  8.620703e-03  7.476131e-01  6.640787e-01
    outer loop
      vertex   8.917501e-01  2.435249e-02  1.283182e+00
      vertex   8.890001e-01  2.406695e-02  1.283539e+00
      vertex   8.917501e-01  2.192031e-02  1.285920e+00
    endloop
  endfacet
  facet normal  0.000000e+00  7.427090e-01  6.696142e-01
    outer loop
      vertex   8.917501e-01  2.192031e-02  1.285920e+00
      vertex   8.890001e-01  2.406695e-02  1.283539e+00
      vertex   8.890001e-01  2.192031e-02  1.285920e+00
    endloop
  endfacet
  facet normal  0.000000e+00  6.696125e-01  7.427108e-01
    outer loop
      vertex   8.917501e-01  2.192031e-02  1.285920e+00
      vertex   8.890001e-01  2.192031e-02  1.285920e+00
      vertex   8.890001e-01  1.953924e-02  1.288067e+00
    endloop
  endfacet
  facet normal  8.605388e-03  6.640869e-01  7.476059e-01
    outer loop
      vertex   8.917501e-01  2.192031e-02  1.285920e+00
      vertex   8.890001e-01  1.953924e-02  1.288067e+00
      vertex   8.917501e-01  1.918219e-02  1.288353e+00
    endloop
  endfacet
  facet normal -7.316506e-03  5.895224e-01  8.077189e-01
    outer loop
      vertex   8.917501e-01  1.918219e-02  1.288353e+00
      vertex   8.890001e-01  1.953924e-02  1.288067e+00
      vertex   8.890001e-01  1.696350e-02  1.289947e+00
    endloop
  endfacet
  facet normal  1.452982e-02  5.715733e-01  8.204224e-01
    outer loop
      vertex   8.917501e-01  1.918219e-02  1.288353e+00
      vertex   8.890001e-01  1.696350e-02  1.289947e+00
      vertex   8.917501e-01  1.619803e-02  1.290432e+00
    endloop
  endfacet
  facet normal -1.194553e-02  5.038574e-01  8.637042e-01
    outer loop
      vertex   8.917501e-01  1.619803e-02  1.290432e+00
      vertex   8.890001e-01  1.696350e-02  1.289947e+00
      vertex   8.890001e-01  1.423813e-02  1.291537e+00
    endloop
  endfacet
  facet normal  1.765380e-02  4.722435e-01  8.812913e-01
    outer loop
      vertex   8.917501e-01  1.619803e-02  1.290432e+00
      vertex   8.890001e-01  1.423813e-02  1.291537e+00
      vertex   8.917501e-01  1.303612e-02  1.292126e+00
    endloop
  endfacet
  facet normal -1.389681e-02  4.141729e-01  9.100922e-01
    outer loop
      vertex   8.917501e-01  1.303612e-02  1.292126e+00
      vertex   8.890001e-01  1.423813e-02  1.291537e+00
      vertex   8.890001e-01  1.141094e-02  1.292824e+00
    endloop
  endfacet
  facet normal  1.813789e-02  3.683081e-01  9.295268e-01
    outer loop
      vertex   8.917501e-01  1.303612e-02  1.292126e+00
      vertex   8.890001e-01  1.141094e-02  1.292824e+00
      vertex   8.917501e-01  9.768211e-03  1.293421e+00
    endloop
  endfacet
  facet normal -1.325729e-02  3.219774e-01  9.466545e-01
    outer loop
      vertex   8.917501e-01  9.768211e-03  1.293421e+00
      vertex   8.890001e-01  1.141094e-02  1.292824e+00
      vertex   8.890001e-01  8.529905e-03  1.293803e+00
    endloop
  endfacet
  facet normal  1.620789e-02  2.621744e-01  9.648844e-01
    outer loop
      vertex   8.917501e-01  9.768211e-03  1.293421e+00
      vertex   8.890001e-01  8.529905e-03  1.293803e+00
      vertex   8.917501e-01  6.464591e-03  1.294318e+00
    endloop
  endfacet
  facet normal -1.046727e-02  2.287840e-01  9.734210e-01
    outer loop
      vertex   8.917501e-01  6.464591e-03  1.294318e+00
      vertex   8.890001e-01  8.529905e-03  1.293803e+00
      vertex   8.890001e-01  5.640855e-03  1.294482e+00
    endloop
  endfacet
  facet normal  1.219329e-02  1.559725e-01  9.876862e-01
    outer loop
      vertex   8.917501e-01  6.464591e-03  1.294318e+00
      vertex   8.890001e-01  5.640855e-03  1.294482e+00
      vertex   8.917501e-01  3.189897e-03  1.294836e+00
    endloop
  endfacet
  facet normal -5.924909e-03  1.360748e-01  9.906809e-01
    outer loop
      vertex   8.917501e-01  3.189897e-03  1.294836e+00
      vertex   8.890001e-01  5.640855e-03  1.294482e+00
      vertex   8.890001e-01  2.785488e-03  1.294875e+00
    endloop
  endfacet
  facet normal  5.878323e-03  5.655592e-02  9.983822e-01
    outer loop
      vertex   8.917501e-01  3.189897e-03  1.294836e+00
      vertex   8.890001e-01  2.785488e-03  1.294875e+00
      vertex   8.945000e-01  2.864431e-16  1.295000e+00
    endloop
  endfacet
  facet normal -4.821301e-17  4.497642e-02  9.989881e-01
    outer loop
      vertex   8.945000e-01  2.864431e-16  1.295000e+00
      vertex   8.890001e-01  2.785488e-03  1.294875e+00
      vertex   8.890001e-01  2.805473e-16  1.295000e+00
    endloop
  endfacet
  facet normal -7.589885e-03  4.497512e-02  9.989593e-01
    outer loop
      vertex   8.945000e-01  2.864431e-16  1.295000e+00
      vertex   8.945000e-01  2.785488e-03  1.294875e+00
      vertex   8.917501e-01  3.189897e-03  1.294836e+00
    endloop
  endfacet
  facet normal  5.925165e-03  1.360748e-01  9.906808e-01
    outer loop
      vertex   8.917501e-01  3.189897e-03  1.294836e+00
      vertex   8.945000e-01  2.785488e-03  1.294875e+00
      vertex   8.945000e-01  5.640855e-03  1.294482e+00
    endloop
  endfacet
  facet normal -1.219381e-02  1.559725e-01  9.876861e-01
    outer loop
      vertex   8.917501e-01  3.189897e-03  1.294836e+00
      vertex   8.945000e-01  5.640855e-03  1.294482e+00
      vertex   8.917501e-01  6.464591e-03  1.294318e+00
    endloop
  endfacet
  facet normal  1.046772e-02  2.287840e-01  9.734209e-01
    outer loop
      vertex   8.917501e-01  6.464591e-03  1.294318e+00
      vertex   8.945000e-01  5.640855e-03  1.294482e+00
      vertex   8.945000e-01  8.529905e-03  1.293803e+00
    endloop
  endfacet
  facet normal -1.620859e-02  2.621744e-01  9.648843e-01
    outer loop
      vertex   8.917501e-01  6.464591e-03  1.294318e+00
      vertex   8.945000e-01  8.529905e-03  1.293803e+00
      vertex   8.917501e-01  9.768211e-03  1.293421e+00
    endloop
  endfacet
  facet normal  1.325786e-02  3.219774e-01  9.466544e-01
    outer loop
      vertex   8.917501e-01  9.768211e-03  1.293421e+00
      vertex   8.945000e-01  8.529905e-03  1.293803e+00
      vertex   8.945000e-01  1.141094e-02  1.292824e+00
    endloop
  endfacet
  facet normal -1.813868e-02  3.683081e-01  9.295268e-01
    outer loop
      vertex   8.917501e-01  9.768211e-03  1.293421e+00
      vertex   8.945000e-01  1.141094e-02  1.292824e+00
      vertex   8.917501e-01  1.303612e-02  1.292126e+00
    endloop
  endfacet
  facet normal  1.389742e-02  4.141729e-01  9.100922e-01
    outer loop
      vertex   8.917501e-01  1.303612e-02  1.292126e+00
      vertex   8.945000e-01  1.141094e-02  1.292824e+00
      vertex   8.945000e-01  1.423813e-02  1.291537e+00
    endloop
  endfacet
  facet normal -1.765458e-02  4.722435e-01  8.812913e-01
    outer loop
      vertex   8.917501e-01  1.303612e-02  1.292126e+00
      vertex   8.945000e-01  1.423813e-02  1.291537e+00
      vertex   8.917501e-01  1.619803e-02  1.290432e+00
    endloop
  endfacet
  facet normal  1.194604e-02  5.038574e-01  8.637042e-01
    outer loop
      vertex   8.917501e-01  1.619803e-02  1.290432e+00
      vertex   8.945000e-01  1.423813e-02  1.291537e+00
      vertex   8.945000e-01  1.696350e-02  1.289947e+00
    endloop
  endfacet
  facet normal -1.453047e-02  5.715733e-01  8.204224e-01
    outer loop
      vertex   8.917501e-01  1.619803e-02  1.290432e+00
      vertex   8.945000e-01  1.696350e-02  1.289947e+00
      vertex   8.917501e-01  1.918219e-02  1.288353e+00
    endloop
  endfacet
  facet normal  7.316824e-03  5.895224e-01  8.077189e-01
    outer loop
      vertex   8.917501e-01  1.918219e-02  1.288353e+00
      vertex   8.945000e-01  1.696350e-02  1.289947e+00
      vertex   8.945000e-01  1.953924e-02  1.288067e+00
    endloop
  endfacet
  facet normal -8.605766e-03  6.640869e-01  7.476059e-01
    outer loop
      vertex   8.917501e-01  1.918219e-02  1.288353e+00
      vertex   8.945000e-01  1.953924e-02  1.288067e+00
      vertex   8.917501e-01  2.192031e-02  1.285920e+00
    endloop
  endfacet
  facet normal -0.000000e+00  6.696124e-01  7.427106e-01
    outer loop
      vertex   8.917501e-01  2.192031e-02  1.285920e+00
      vertex   8.945000e-01  1.953924e-02  1.288067e+00
      vertex   8.945000e-01  2.192031e-02  1.285920e+00
    endloop
  endfacet
  facet normal -0.000000e+00  7.427090e-01  6.696143e-01
    outer loop
      vertex   8.917501e-01  2.192031e-02  1.285920e+00
      vertex   8.945000e-01  2.192031e-02  1.285920e+00
      vertex   8.945000e-01  2.406695e-02  1.283539e+00
    endloop
  endfacet
  facet normal -8.621054e-03  7.476131e-01  6.640786e-01
    outer loop
      vertex   8.917501e-01  2.192031e-02  1.285920e+00
      vertex   8.945000e-01  2.406695e-02  1.283539e+00
      vertex   8.917501e-01  2.435249e-02  1.283182e+00
    endloop
  endfacet
  facet normal  7.308027e-03  8.077366e-01  5.894983e-01
    outer loop
      vertex   8.917501e-01  2.435249e-02  1.283182e+00
      vertex   8.945000e-01  2.406695e-02  1.283539e+00
      vertex   8.945000e-01  2.594686e-02  1.280964e+00
    endloop
  endfacet
  facet normal -1.451089e-02  8.204233e-01  5.715724e-01
    outer loop
      vertex   8.917501e-01  2.435249e-02  1.283182e+00
      vertex   8.945000e-01  2.594686e-02  1.280964e+00
      vertex   8.917501e-01  2.643149e-02  1.280198e+00
    endloop
  endfacet
  facet normal  1.196040e-02  8.636967e-01  5.038700e-01
    outer loop
      vertex   8.917501e-01  2.643149e-02  1.280198e+00
      vertex   8.945000e-01  2.594686e-02  1.280964e+00
      vertex   8.945000e-01  2.753681e-02  1.278238e+00
    endloop
  endfacet
  facet normal -1.765894e-02  8.812950e-01  4.722364e-01
    outer loop
      vertex   8.917501e-01  2.643149e-02  1.280198e+00
      vertex   8.945000e-01  2.753681e-02  1.278238e+00
      vertex   8.917501e-01  2.812578e-02  1.277036e+00
    endloop
  endfacet
  facet normal  1.388538e-02  9.100898e-01  4.141785e-01
    outer loop
      vertex   8.917501e-01  2.812578e-02  1.277036e+00
      vertex   8.945000e-01  2.753681e-02  1.278238e+00
      vertex   8.945000e-01  2.882344e-02  1.275411e+00
    endloop
  endfacet
  facet normal -1.812815e-02  9.295117e-01  3.683468e-01
    outer loop
      vertex   8.917501e-01  2.812578e-02  1.277036e+00
      vertex   8.945000e-01  2.882344e-02  1.275411e+00
      vertex   8.917501e-01  2.942078e-02  1.273768e+00
    endloop
  endfacet
  facet normal  1.329034e-02  9.466518e-01  3.219842e-01
    outer loop
      vertex   8.917501e-01  2.942078e-02  1.273768e+00
      vertex   8.945000e-01  2.882344e-02  1.275411e+00
      vertex   8.945000e-01  2.980337e-02  1.272530e+00
    endloop
  endfacet
  facet normal -1.617571e-02  9.648825e-01  2.621832e-01
    outer loop
      vertex   8.917501e-01  2.942078e-02  1.273768e+00
      vertex   8.945000e-01  2.980337e-02  1.272530e+00
      vertex   8.917501e-01  3.031846e-02  1.270465e+00
    endloop
  endfacet
  facet normal  1.048569e-02  9.734142e-01  2.288117e-01
    outer loop
      vertex   8.917501e-01  3.031846e-02  1.270465e+00
      vertex   8.945000e-01  2.980337e-02  1.272530e+00
      vertex   8.945000e-01  3.048247e-02  1.269641e+00
    endloop
  endfacet
  facet normal -1.219777e-02  9.876929e-01  1.559293e-01
    outer loop
      vertex   8.917501e-01  3.031846e-02  1.270465e+00
      vertex   8.945000e-01  3.048247e-02  1.269641e+00
      vertex   8.917501e-01  3.083544e-02  1.267190e+00
    endloop
  endfacet
  facet normal  5.898375e-03  9.906834e-01  1.360564e-01
    outer loop
      vertex   8.917501e-01  3.083544e-02  1.267190e+00
      vertex   8.945000e-01  3.048247e-02  1.269641e+00
      vertex   8.945000e-01  3.087460e-02  1.266786e+00
    endloop
  endfacet
  facet normal -6.646045e-03  9.986500e-01  5.151698e-02
    outer loop
      vertex   8.917501e-01  3.083544e-02  1.267190e+00
      vertex   8.945000e-01  3.087460e-02  1.266786e+00
      vertex   8.917501e-01  3.100000e-02  1.264000e+00
    endloop
  endfacet
  facet normal -0.000000e+00  9.989883e-01  4.497120e-02
    outer loop
      vertex   8.917501e-01  3.100000e-02  1.264000e+00
      vertex   8.945000e-01  3.087460e-02  1.266786e+00
      vertex   8.945000e-01  3.100000e-02  1.264000e+00
    endloop
  endfacet
  facet normal  0.000000e+00  9.989882e-01 -4.497312e-02
    outer loop
      vertex   8.917501e-01  3.100000e-02  1.264000e+00
      vertex   8.945000e-01  3.100000e-02  1.264000e+00
      vertex   8.945000e-01  3.087460e-02  1.261215e+00
    endloop
  endfacet
  facet normal -6.643809e-03  9.986500e-01 -5.151698e-02
    outer loop
      vertex   8.917501e-01  3.100000e-02  1.264000e+00
      vertex   8.945000e-01  3.087460e-02  1.261215e+00
      vertex   8.917501e-01  3.083544e-02  1.260810e+00
    endloop
  endfacet
  facet normal  5.903441e-03  9.906842e-01 -1.360508e-01
    outer loop
      vertex   8.917501e-01  3.083544e-02  1.260810e+00
      vertex   8.945000e-01  3.087460e-02  1.261215e+00
      vertex   8.945000e-01  3.048247e-02  1.258359e+00
    endloop
  endfacet
  facet normal -1.219778e-02  9.876929e-01 -1.559293e-01
    outer loop
      vertex   8.917501e-01  3.083544e-02  1.260810e+00
      vertex   8.945000e-01  3.048247e-02  1.258359e+00
      vertex   8.917501e-01  3.031846e-02  1.257535e+00
    endloop
  endfacet
  facet normal  1.048569e-02  9.734142e-01 -2.288117e-01
    outer loop
      vertex   8.917501e-01  3.031846e-02  1.257535e+00
      vertex   8.945000e-01  3.048247e-02  1.258359e+00
      vertex   8.945000e-01  2.980337e-02  1.255470e+00
    endloop
  endfacet
  facet normal -5.378072e-03  9.685596e-01 -2.487233e-01
    outer loop
      vertex   8.917501e-01  3.031846e-02  1.257535e+00
      vertex   8.945000e-01  2.980337e-02  1.255470e+00
      vertex   8.917501e-01  2.968203e-02  1.255057e+00
    endloop
  endfacet
  facet normal  6.593438e-03  9.467148e-01 -3.220056e-01
    outer loop
      vertex   8.917501e-01  2.968203e-02  1.255057e+00
      vertex   8.945000e-01  2.980337e-02  1.255470e+00
      vertex   8.945000e-01  2.882344e-02  1.252589e+00
    endloop
  endfacet
  facet normal  0.000000e+00  5.101323e-01 -8.600959e-01
    outer loop
      vertex   8.917501e-01  1.696350e-02  1.238053e+00
      vertex   8.945000e-01  1.696350e-02  1.238053e+00
      vertex   8.917501e-01  1.463484e-02  1.236672e+00
    endloop
  endfacet
  facet normal  7.126261e-03  5.038806e-01 -8.637439e-01
    outer loop
      vertex   8.917501e-01  1.463484e-02  1.236672e+00
      vertex   8.945000e-01  1.696350e-02  1.238053e+00
      vertex   8.945000e-01  1.423813e-02  1.236463e+00
    endloop
  endfacet
  facet normal -5.842451e-03  4.336247e-01 -9.010746e-01
    outer loop
      vertex   8.917501e-01  1.463484e-02  1.236672e+00
      vertex   8.945000e-01  1.423813e-02  1.236463e+00
      vertex   8.917501e-01  1.222628e-02  1.235513e+00
    endloop
  endfacet
  facet normal  1.150523e-02  4.141855e-01 -9.101198e-01
    outer loop
      vertex   8.917501e-01  1.222628e-02  1.235513e+00
      vertex   8.945000e-01  1.423813e-02  1.236463e+00
      vertex   8.945000e-01  1.141094e-02  1.235177e+00
    endloop
  endfacet
  facet normal -9.041862e-03  3.550644e-01 -9.347981e-01
    outer loop
      vertex   8.917501e-01  1.222628e-02  1.235513e+00
      vertex   8.945000e-01  1.141094e-02  1.235177e+00
      vertex   8.917501e-01  9.768211e-03  1.234579e+00
    endloop
  endfacet
  facet normal  1.327533e-02  3.220124e-01 -9.466423e-01
    outer loop
      vertex   8.917501e-01  9.768211e-03  1.234579e+00
      vertex   8.945000e-01  1.141094e-02  1.235177e+00
      vertex   8.945000e-01  8.529905e-03  1.234197e+00
    endloop
  endfacet
  facet normal -9.759830e-03  2.753829e-01 -9.612851e-01
    outer loop
      vertex   8.917501e-01  9.768211e-03  1.234579e+00
      vertex   8.945000e-01  8.529905e-03  1.234197e+00
      vertex   8.917501e-01  7.290178e-03  1.233869e+00
    endloop
  endfacet
  facet normal  1.269182e-02  2.287781e-01 -9.733959e-01
    outer loop
      vertex   8.917501e-01  7.290178e-03  1.233869e+00
      vertex   8.945000e-01  8.529905e-03  1.234197e+00
      vertex   8.945000e-01  5.640855e-03  1.233518e+00
    endloop
  endfacet
  facet normal -8.227501e-03  1.954526e-01 -9.806786e-01
    outer loop
      vertex   8.917501e-01  7.290178e-03  1.233869e+00
      vertex   8.945000e-01  5.640855e-03  1.233518e+00
      vertex   8.917501e-01  4.819904e-03  1.233377e+00
    endloop
  endfacet
  facet normal  1.000984e-02  1.360704e-01 -9.906486e-01
    outer loop
      vertex   8.917501e-01  4.819904e-03  1.233377e+00
      vertex   8.945000e-01  5.640855e-03  1.233518e+00
      vertex   8.945000e-01  2.785488e-03  1.233125e+00
    endloop
  endfacet
  facet normal -4.856617e-03  1.162914e-01 -9.932033e-01
    outer loop
      vertex   8.917501e-01  4.819904e-03  1.233377e+00
      vertex   8.945000e-01  2.785488e-03  1.233125e+00
      vertex   8.917501e-01  2.382515e-03  1.233092e+00
    endloop
  endfacet
  facet normal  1.000000e+00  0.000000e+00  0.000000e+00
    outer loop
      vertex   8.950000e-01  2.740561e-03  1.233623e+00
      vertex   8.950000e-01  2.246361e-03  1.239101e+00
      vertex   8.950000e-01  2.973721e-16  1.233500e+00
    endloop
  endfacet
  facet normal  1.000000e+00  0.000000e+00 -0.000000e+00
    outer loop
      vertex   8.950000e-01  2.973721e-16  1.233500e+00
      vertex   8.950000e-01  2.246361e-03  1.239101e+00
      vertex   8.950000e-01  1.996863e-16  1.239000e+00
    endloop
  endfacet
  facet normal  1.000000e+00  0.000000e+00  0.000000e+00
    outer loop
      vertex   8.950000e-01  2.973721e-16  1.233500e+00
      vertex   8.950000e-01  1.996863e-16  1.239000e+00
      vertex   8.950000e-01 -2.740561e-03  1.233623e+00
    endloop
  endfacet
  facet normal  1.000000e+00  0.000000e+00  0.000000e+00
    outer loop
      vertex   8.950000e-01 -2.740561e-03  1.233623e+00
      vertex   8.950000e-01  1.996863e-16  1.239000e+00
      vertex   8.950000e-01 -2.246361e-03  1.239101e+00
    endloop
  endfacet
  facet normal  1.000000e+00  0.000000e+00 -0.000000e+00
    outer loop
      vertex   8.950000e-01 -2.740561e-03  1.233623e+00
      vertex   8.950000e-01 -2.246361e-03  1.239101e+00
      vertex   8.950000e-01 -4.549077e-03  1.239417e+00
    endloop
  endfacet
  facet normal  1.000000e+00 -0.000000e+00  0.000000e+00
    outer loop
      vertex   8.950000e-01  2.246361e-03  1.239101e+00
      vertex   8.950000e-01  2.740561e-03  1.233623e+00
      vertex   8.950000e-01  4.549077e-03  1.239417e+00
    endloop
  endfacet
  facet normal  1.000000e+00  0.000000e+00  0.000000e+00
    outer loop
      vertex   8.950000e-01  4.549077e-03  1.239417e+00
      vertex   8.950000e-01  2.740561e-03  1.233623e+00
      vertex   8.950000e-01  5.549874e-03  1.234009e+00
    endloop
  endfacet
  facet normal  1.000000e+00 -0.000000e+00  0.000000e+00
    outer loop
      vertex   8.950000e-01  4.549077e-03  1.239417e+00
      vertex   8.950000e-01  5.549874e-03  1.234009e+00
      vertex   8.950000e-01  6.878956e-03  1.239965e+00
    endloop
  endfacet
  facet normal  1.000000e+00  0.000000e+00  0.000000e+00
    outer loop
      vertex   8.950000e-01  6.878956e-03  1.239965e+00
      vertex   8.950000e-01  5.549874e-03  1.234009e+00
      vertex   8.950000e-01  9.092683e-03  1.237831e+00
    endloop
  endfacet
  facet normal  1.000000e+00  0.000000e+00  0.000000e+00
    outer loop
      vertex   8.950000e-01  6.878956e-03  1.239965e+00
      vertex   8.950000e-01  9.092683e-03  1.237831e+00
      vertex   8.950000e-01  9.065137e-03  1.238132e+00
    endloop
  endfacet
  facet normal  1.000000e+00  0.000000e+00  0.000000e+00
    outer loop
      vertex   8.950000e-01  9.092683e-03  1.237831e+00
      vertex   8.950000e-01  5.549874e-03  1.234009e+00
      vertex   8.950000e-01  9.180986e-03  1.237524e+00
    endloop
  endfacet
  facet normal  1.000000e+00  0.000000e+00  0.000000e+00
    outer loop
      vertex   8.950000e-01  9.180986e-03  1.237524e+00
      vertex   8.950000e-01  5.549874e-03  1.234009e+00
      vertex   8.950000e-01  8.392327e-03  1.234677e+00
    endloop
  endfacet
  facet normal  1.000000e+00  0.000000e+00  0.000000e+00
    outer loop
      vertex   8.950000e-01  9.180986e-03  1.237524e+00
      vertex   8.950000e-01  8.392327e-03  1.234677e+00
      vertex   8.950000e-01  9.334094e-03  1.237229e+00
    endloop
  endfacet
  facet normal  1.000000e+00  0.000000e+00  0.000000e+00
    outer loop
      vertex   8.950000e-01  9.334094e-03  1.237229e+00
      vertex   8.950000e-01  8.392327e-03  1.234677e+00
      vertex   8.950000e-01  9.548411e-03  1.236965e+00
    endloop
  endfacet
  facet normal  1.000000e+00  0.000000e+00  0.000000e+00
    outer loop
      vertex   8.950000e-01  9.548411e-03  1.236965e+00
      vertex   8.950000e-01  8.392327e-03  1.234677e+00
      vertex   8.950000e-01  9.812240e-03  1.236750e+00
    endloop
  endfacet
  facet normal  1.000000e+00  0.000000e+00  0.000000e+00
    outer loop
      vertex   8.950000e-01  9.812240e-03  1.236750e+00
      vertex   8.950000e-01  8.392327e-03  1.234677e+00
      vertex   8.950000e-01  1.010778e-02  1.236597e+00
    endloop
  endfacet
  facet normal  1.000000e+00  0.000000e+00  0.000000e+00
    outer loop
      vertex   8.950000e-01  1.010778e-02  1.236597e+00
      vertex   8.950000e-01  8.392327e-03  1.234677e+00
      vertex   8.950000e-01  1.122689e-02  1.235642e+00
    endloop
  endfacet
  facet normal  1.000000e+00  0.000000e+00  0.000000e+00
    outer loop
      vertex   8.950000e-01  1.010778e-02  1.236597e+00
      vertex   8.950000e-01  1.122689e-02  1.235642e+00
      vertex   8.950000e-01  1.041490e-02  1.236509e+00
    endloop
  endfacet
  facet normal  1.000000e+00  0.000000e+00  0.000000e+00
    outer loop
      vertex   8.950000e-01  1.041490e-02  1.236509e+00
      vertex   8.950000e-01  1.122689e-02  1.235642e+00
      vertex   8.950000e-01  1.071514e-02  1.236481e+00
    endloop
  endfacet
  facet normal  1.000000e+00 -0.000000e+00  0.000000e+00
    outer loop
      vertex   8.950000e-01  1.071514e-02  1.236481e+00
      vertex   8.950000e-01  1.122689e-02  1.235642e+00
      vertex   8.950000e-01  1.101538e-02  1.236509e+00
    endloop
  endfacet
  facet normal  1.000000e+00 -0.000000e+00  0.000000e+00
    outer loop
      vertex   8.950000e-01  1.101538e-02  1.236509e+00
      vertex   8.950000e-01  1.122689e-02  1.235642e+00
      vertex   8.950000e-01  1.132249e-02  1.236597e+00
    endloop
  endfacet
  facet normal  1.000000e+00 -0.000000e+00  0.000000e+00
    outer loop
      vertex   8.950000e-01  1.132249e-02  1.236597e+00
      vertex   8.950000e-01  1.122689e-02  1.235642e+00
      vertex   8.950000e-01  1.161803e-02  1.236750e+00
    endloop
  endfacet
  facet normal  1.000000e+00 -0.000000e+00  0.000000e+00
    outer loop
      vertex   8.950000e-01  1.161803e-02  1.236750e+00
      vertex   8.950000e-01  1.122689e-02  1.235642e+00
      vertex   8.950000e-01  1.188186e-02  1.236965e+00
    endloop
  endfacet
  facet normal  1.000000e+00  0.000000e+00  0.000000e+00
    outer loop
      vertex   8.950000e-01  1.188186e-02  1.236965e+00
      vertex   8.950000e-01  1.122689e-02  1.235642e+00
      vertex   8.950000e-01  1.400849e-02  1.236907e+00
    endloop
  endfacet
  facet normal  1.000000e+00 -0.000000e+00  0.000000e+00
    outer loop
      vertex   8.950000e-01  1.188186e-02  1.236965e+00
      vertex   8.950000e-01  1.400849e-02  1.236907e+00
      vertex   8.950000e-01  1.209618e-02  1.237229e+00
    endloop
  endfacet
  facet normal  1.000000e+00 -0.000000e+00  0.000000e+00
    outer loop
      vertex   8.950000e-01  1.209618e-02  1.237229e+00
      vertex   8.950000e-01  1.400849e-02  1.236907e+00
      vertex   8.950000e-01  1.224929e-02  1.237524e+00
    endloop
  endfacet
  facet normal  1.000000e+00 -0.000000e+00  0.000000e+00
    outer loop
      vertex   8.950000e-01  1.224929e-02  1.237524e+00
      vertex   8.950000e-01  1.400849e-02  1.236907e+00
      vertex   8.950000e-01  1.233759e-02  1.237831e+00
    endloop
  endfacet
  facet normal  1.000000e+00 -0.000000e+00  0.000000e+00
    outer loop
      vertex   8.950000e-01  1.233759e-02  1.237831e+00
      vertex   8.950000e-01  1.400849e-02  1.236907e+00
      vertex   8.950000e-01  1.236514e-02  1.238132e+00
    endloop
  endfacet
  facet normal  1.000000e+00 -0.000000e+00 -0.000000e+00
    outer loop
      vertex   8.950000e-01  1.236514e-02  1.238132e+00
      vertex   8.950000e-01  1.400849e-02  1.236907e+00
      vertex   8.950000e-01  1.233759e-02  1.238432e+00
    endloop
  endfacet
  facet normal  1.000000e+00 -0.000000e+00  0.000000e+00
    outer loop
      vertex   8.950000e-01  1.233759e-02  1.238432e+00
      vertex   8.950000e-01  1.400849e-02  1.236907e+00
      vertex   8.950000e-01  1.668990e-02  1.238472e+00
    endloop
  endfacet
  facet normal  1.000000e+00  0.000000e+00 -0.000000e+00
    outer loop
      vertex   8.950000e-01  1.233759e-02  1.238432e+00
      vertex   8.950000e-01  1.668990e-02  1.238472e+00
      vertex   8.950000e-01  1.224929e-02  1.238739e+00
    endloop
  endfacet
  facet normal  1.000000e+00 -0.000000e+00 -0.000000e+00
    outer loop
      vertex   8.950000e-01  1.224929e-02  1.238739e+00
      vertex   8.950000e-01  1.668990e-02  1.238472e+00
      vertex   8.950000e-01  1.209618e-02  1.239034e+00
    endloop
  endfacet
  facet normal  1.000000e+00 -0.000000e+00  0.000000e+00
    outer loop
      vertex   8.950000e-01  1.209618e-02  1.239034e+00
      vertex   8.950000e-01  1.668990e-02  1.238472e+00
      vertex   8.950000e-01  1.368024e-02  1.243075e+00
    endloop
  endfacet
  facet normal  1.000000e+00  0.000000e+00 -0.000000e+00
    outer loop
      vertex   8.950000e-01  1.209618e-02  1.239034e+00
      vertex   8.950000e-01  1.368024e-02  1.243075e+00
      vertex   8.950000e-01  1.188186e-02  1.239298e+00
    endloop
  endfacet
  facet normal  1.000000e+00  0.000000e+00 -0.000000e+00
    outer loop
      vertex   8.950000e-01  1.188186e-02  1.239298e+00
      vertex   8.950000e-01  1.368024e-02  1.243075e+00
      vertex   8.950000e-01  1.148237e-02  1.241793e+00
    endloop
  endfacet
  facet normal  1.000000e+00  0.000000e+00  0.000000e+00
    outer loop
      vertex   8.950000e-01  1.188186e-02  1.239298e+00
      vertex   8.950000e-01  1.148237e-02  1.241793e+00
      vertex   8.950000e-01  1.161803e-02  1.239512e+00
    endloop
  endfacet
  facet normal  1.000000e+00  0.000000e+00  0.000000e+00
    outer loop
      vertex   8.950000e-01  1.161803e-02  1.239512e+00
      vertex   8.950000e-01  1.148237e-02  1.241793e+00
      vertex   8.950000e-01  1.132249e-02  1.239666e+00
    endloop
  endfacet
  facet normal  1.000000e+00  0.000000e+00 -0.000000e+00
    outer loop
      vertex   8.950000e-01  1.132249e-02  1.239666e+00
      vertex   8.950000e-01  1.148237e-02  1.241793e+00
      vertex   8.950000e-01  1.101538e-02  1.239754e+00
    endloop
  endfacet
  facet normal  1.000000e+00  0.000000e+00 -0.000000e+00
    outer loop
      vertex   8.950000e-01  1.101538e-02  1.239754e+00
      vertex   8.950000e-01  1.148237e-02  1.241793e+00
      vertex   8.950000e-01  1.071514e-02  1.239781e+00
    endloop
  endfacet
  facet normal  1.000000e+00  0.000000e+00 -0.000000e+00
    outer loop
      vertex   8.950000e-01  1.071514e-02  1.239781e+00
      vertex   8.950000e-01  1.148237e-02  1.241793e+00
      vertex   8.950000e-01  1.041490e-02  1.239754e+00
    endloop
  endfacet
  facet normal  1.000000e+00  0.000000e+00 -0.000000e+00
    outer loop
      vertex   8.950000e-01  1.041490e-02  1.239754e+00
      vertex   8.950000e-01  1.148237e-02  1.241793e+00
      vertex   8.950000e-01  9.202369e-03  1.240755e+00
    endloop
  endfacet
  facet normal  1.000000e+00  0.000000e+00  0.000000e+00
    outer loop
      vertex   8.950000e-01  1.041490e-02  1.239754e+00
      vertex   8.950000e-01  9.202369e-03  1.240755e+00
      vertex   8.950000e-01  1.010778e-02  1.239666e+00
    endloop
  endfacet
  facet normal  1.000000e+00  0.000000e+00  0.000000e+00
    outer loop
      vertex   8.950000e-01  1.010778e-02  1.239666e+00
      vertex   8.950000e-01  9.202369e-03  1.240755e+00
      vertex   8.950000e-01  9.812240e-03  1.239512e+00
    endloop
  endfacet
  facet normal  1.000000e+00  0.000000e+00  0.000000e+00
    outer loop
      vertex   8.950000e-01  9.812240e-03  1.239512e+00
      vertex   8.950000e-01  9.202369e-03  1.240755e+00
      vertex   8.950000e-01  9.548411e-03  1.239298e+00
    endloop
  endfacet
  facet normal  1.000000e+00  0.000000e+00  0.000000e+00
    outer loop
      vertex   8.950000e-01  9.548411e-03  1.239298e+00
      vertex   8.950000e-01  9.202369e-03  1.240755e+00
      vertex   8.950000e-01  9.334094e-03  1.239034e+00
    endloop
  endfacet
  facet normal  1.000000e+00  0.000000e+00  0.000000e+00
    outer loop
      vertex   8.950000e-01  9.334094e-03  1.239034e+00
      vertex   8.950000e-01  9.202369e-03  1.240755e+00
      vertex   8.950000e-01  6.878956e-03  1.239965e+00
    endloop
  endfacet
  facet normal  1.000000e+00  0.000000e+00  0.000000e+00
    outer loop
      vertex   8.950000e-01  9.334094e-03  1.239034e+00
      vertex   8.950000e-01  6.878956e-03  1.239965e+00
      vertex   8.950000e-01  9.180986e-03  1.238739e+00
    endloop
  endfacet
  facet normal  1.000000e+00  0.000000e+00  0.000000e+00
    outer loop
      vertex   8.950000e-01  9.180986e-03  1.238739e+00
      vertex   8.950000e-01  6.878956e-03  1.239965e+00
      vertex   8.950000e-01  9.092683e-03  1.238432e+00
    endloop
  endfacet
  facet normal  1.000000e+00  0.000000e+00  0.000000e+00
    outer loop
      vertex   8.950000e-01  9.092683e-03  1.238432e+00
      vertex   8.950000e-01  6.878956e-03  1.239965e+00
      vertex   8.950000e-01  9.065137e-03  1.238132e+00
    endloop
  endfacet
  facet normal  1.000000e+00 -0.000000e+00  0.000000e+00
    outer loop
      vertex   8.950000e-01  1.368024e-02  1.243075e+00
      vertex   8.950000e-01  1.668990e-02  1.238472e+00
      vertex   8.950000e-01  1.575745e-02  1.244591e+00
    endloop
  endfacet
  facet normal  1.000000e+00  0.000000e+00  0.000000e+00
    outer loop
      vertex   8.950000e-01  1.575745e-02  1.244591e+00
      vertex   8.950000e-01  1.668990e-02  1.238472e+00
      vertex   8.950000e-01  1.922409e-02  1.240321e+00
    endloop
  endfacet
  facet normal  1.000000e+00 -0.000000e+00  0.000000e+00
    outer loop
      vertex   8.950000e-01  1.575745e-02  1.244591e+00
      vertex   8.950000e-01  1.922409e-02  1.240321e+00
      vertex   8.950000e-01  1.767767e-02  1.246322e+00
    endloop
  endfacet
  facet normal  1.000000e+00  0.000000e+00  0.000000e+00
    outer loop
      vertex   8.950000e-01  1.767767e-02  1.246322e+00
      vertex   8.950000e-01  1.922409e-02  1.240321e+00
      vertex   8.950000e-01  2.156676e-02  1.242433e+00
    endloop
  endfacet
  facet normal  1.000000e+00 -0.000000e+00  0.000000e+00
    outer loop
      vertex   8.950000e-01  1.767767e-02  1.246322e+00
      vertex   8.950000e-01  2.156676e-02  1.242433e+00
      vertex   8.950000e-01  1.940883e-02  1.248243e+00
    endloop
  endfacet
  facet normal  1.000000e+00  0.000000e+00  0.000000e+00
    outer loop
      vertex   8.950000e-01  1.940883e-02  1.248243e+00
      vertex   8.950000e-01  2.156676e-02  1.242433e+00
      vertex   8.950000e-01  2.367877e-02  1.244776e+00
    endloop
  endfacet
  facet normal  1.000000e+00 -0.000000e+00  0.000000e+00
    outer loop
      vertex   8.950000e-01  1.940883e-02  1.248243e+00
      vertex   8.950000e-01  2.367877e-02  1.244776e+00
      vertex   8.950000e-01  2.092489e-02  1.250320e+00
    endloop
  endfacet
  facet normal  1.000000e+00  0.000000e+00  0.000000e+00
    outer loop
      vertex   8.950000e-01  2.092489e-02  1.250320e+00
      vertex   8.950000e-01  2.367877e-02  1.244776e+00
      vertex   8.950000e-01  2.552837e-02  1.247310e+00
    endloop
  endfacet
  facet normal  1.000000e+00 -0.000000e+00  0.000000e+00
    outer loop
      vertex   8.950000e-01  2.092489e-02  1.250320e+00
      vertex   8.950000e-01  2.552837e-02  1.247310e+00
      vertex   8.950000e-01  2.496573e-02  1.251904e+00
    endloop
  endfacet
  facet normal  1.000000e+00  0.000000e+00  0.000000e+00
    outer loop
      vertex   8.950000e-01  2.496573e-02  1.251904e+00
      vertex   8.950000e-01  2.552837e-02  1.247310e+00
      vertex   8.950000e-01  2.526127e-02  1.251751e+00
    endloop
  endfacet
  facet normal  1.000000e+00  0.000000e+00  0.000000e+00
    outer loop
      vertex   8.950000e-01  2.526127e-02  1.251751e+00
      vertex   8.950000e-01  2.552837e-02  1.247310e+00
      vertex   8.950000e-01  2.556839e-02  1.251662e+00
    endloop
  endfacet
  facet normal  1.000000e+00  0.000000e+00  0.000000e+00
    outer loop
      vertex   8.950000e-01  2.556839e-02  1.251662e+00
      vertex   8.950000e-01  2.552837e-02  1.247310e+00
      vertex   8.950000e-01  2.709266e-02  1.249992e+00
    endloop
  endfacet
  facet normal  1.000000e+00  0.000000e+00  0.000000e+00
    outer loop
      vertex   8.950000e-01  2.556839e-02  1.251662e+00
      vertex   8.950000e-01  2.709266e-02  1.249992e+00
      vertex   8.950000e-01  2.586863e-02  1.251635e+00
    endloop
  endfacet
  facet normal  1.000000e+00 -0.000000e+00  0.000000e+00
    outer loop
      vertex   8.950000e-01  2.586863e-02  1.251635e+00
      vertex   8.950000e-01  2.709266e-02  1.249992e+00
      vertex   8.950000e-01  2.616887e-02  1.251662e+00
    endloop
  endfacet
  facet normal  1.000000e+00 -0.000000e+00  0.000000e+00
    outer loop
      vertex   8.950000e-01  2.616887e-02  1.251662e+00
      vertex   8.950000e-01  2.709266e-02  1.249992e+00
      vertex   8.950000e-01  2.647598e-02  1.251751e+00
    endloop
  endfacet
  facet normal  1.000000e+00 -0.000000e+00  0.000000e+00
    outer loop
      vertex   8.950000e-01  2.647598e-02  1.251751e+00
      vertex   8.950000e-01  2.709266e-02  1.249992e+00
      vertex   8.950000e-01  2.677152e-02  1.251904e+00
    endloop
  endfacet
  facet normal  1.000000e+00 -0.000000e+00  0.000000e+00
    outer loop
      vertex   8.950000e-01  2.677152e-02  1.251904e+00
      vertex   8.950000e-01  2.709266e-02  1.249992e+00
      vertex   8.950000e-01  2.703536e-02  1.252118e+00
    endloop
  endfacet
  facet normal  1.000000e+00 -0.000000e+00  0.000000e+00
    outer loop
      vertex   8.950000e-01  2.703536e-02  1.252118e+00
      vertex   8.950000e-01  2.709266e-02  1.249992e+00
      vertex   8.950000e-01  2.835855e-02  1.252773e+00
    endloop
  endfacet
  facet normal  1.000000e+00  0.000000e+00  0.000000e+00
    outer loop
      vertex   8.950000e-01  2.703536e-02  1.252118e+00
      vertex   8.950000e-01  2.835855e-02  1.252773e+00
      vertex   8.950000e-01  2.724967e-02  1.252382e+00
    endloop
  endfacet
  facet normal  1.000000e+00  0.000000e+00  0.000000e+00
    outer loop
      vertex   8.950000e-01  2.724967e-02  1.252382e+00
      vertex   8.950000e-01  2.835855e-02  1.252773e+00
      vertex   8.950000e-01  2.740278e-02  1.252678e+00
    endloop
  endfacet
  facet normal  1.000000e+00  0.000000e+00  0.000000e+00
    outer loop
      vertex   8.950000e-01  2.740278e-02  1.252678e+00
      vertex   8.950000e-01  2.835855e-02  1.252773e+00
      vertex   8.950000e-01  2.749108e-02  1.252985e+00
    endloop
  endfacet
  facet normal  1.000000e+00 -0.000000e+00  0.000000e+00
    outer loop
      vertex   8.950000e-01  2.749108e-02  1.252985e+00
      vertex   8.950000e-01  2.835855e-02  1.252773e+00
      vertex   8.950000e-01  2.751863e-02  1.253285e+00
    endloop
  endfacet
  facet normal  1.000000e+00 -0.000000e+00 -0.000000e+00
    outer loop
      vertex   8.950000e-01  2.751863e-02  1.253285e+00
      vertex   8.950000e-01  2.835855e-02  1.252773e+00
      vertex   8.950000e-01  2.749108e-02  1.253585e+00
    endloop
  endfacet
  facet normal  1.000000e+00 -0.000000e+00 -0.000000e+00
    outer loop
      vertex   8.950000e-01  2.749108e-02  1.253585e+00
      vertex   8.950000e-01  2.835855e-02  1.252773e+00
      vertex   8.950000e-01  2.740278e-02  1.253892e+00
    endloop
  endfacet
  facet normal  1.000000e+00 -0.000000e+00  0.000000e+00
    outer loop
      vertex   8.950000e-01  2.740278e-02  1.253892e+00
      vertex   8.950000e-01  2.835855e-02  1.252773e+00
      vertex   8.950000e-01  2.932267e-02  1.255608e+00
    endloop
  endfacet
  facet normal  1.000000e+00  0.000000e+00 -0.000000e+00
    outer loop
      vertex   8.950000e-01  2.740278e-02  1.253892e+00
      vertex   8.950000e-01  2.932267e-02  1.255608e+00
      vertex   8.950000e-01  2.724967e-02  1.254188e+00
    endloop
  endfacet
  facet normal  1.000000e+00  0.000000e+00 -0.000000e+00
    outer loop
      vertex   8.950000e-01  2.724967e-02  1.254188e+00
      vertex   8.950000e-01  2.932267e-02  1.255608e+00
      vertex   8.950000e-01  2.703536e-02  1.254452e+00
    endloop
  endfacet
  facet normal  1.000000e+00  0.000000e+00 -0.000000e+00
    outer loop
      vertex   8.950000e-01  2.703536e-02  1.254452e+00
      vertex   8.950000e-01  2.932267e-02  1.255608e+00
      vertex   8.950000e-01  2.677152e-02  1.254666e+00
    endloop
  endfacet
  facet normal  1.000000e+00  0.000000e+00 -0.000000e+00
    outer loop
      vertex   8.950000e-01  2.677152e-02  1.254666e+00
      vertex   8.950000e-01  2.932267e-02  1.255608e+00
      vertex   8.950000e-01  2.647598e-02  1.254819e+00
    endloop
  endfacet
  facet normal  1.000000e+00  0.000000e+00  0.000000e+00
    outer loop
      vertex   8.950000e-01  2.647598e-02  1.254819e+00
      vertex   8.950000e-01  2.932267e-02  1.255608e+00
      vertex   8.950000e-01  2.999082e-02  1.258450e+00
    endloop
  endfacet
  facet normal  1.000000e+00  0.000000e+00 -0.000000e+00
    outer loop
      vertex   8.950000e-01  2.647598e-02  1.254819e+00
      vertex   8.950000e-01  2.999082e-02  1.258450e+00
      vertex   8.950000e-01  2.616887e-02  1.254907e+00
    endloop
  endfacet
  facet normal  1.000000e+00  0.000000e+00 -0.000000e+00
    outer loop
      vertex   8.950000e-01  2.616887e-02  1.254907e+00
      vertex   8.950000e-01  2.999082e-02  1.258450e+00
      vertex   8.950000e-01  2.403498e-02  1.257121e+00
    endloop
  endfacet
  facet normal  1.000000e+00  0.000000e+00  0.000000e+00
    outer loop
      vertex   8.950000e-01  2.616887e-02  1.254907e+00
      vertex   8.950000e-01  2.403498e-02  1.257121e+00
      vertex   8.950000e-01  2.586863e-02  1.254935e+00
    endloop
  endfacet
  facet normal  1.000000e+00  0.000000e+00  0.000000e+00
    outer loop
      vertex   8.950000e-01  2.586863e-02  1.254935e+00
      vertex   8.950000e-01  2.403498e-02  1.257121e+00
      vertex   8.950000e-01  2.556839e-02  1.254907e+00
    endloop
  endfacet
  facet normal  1.000000e+00  0.000000e+00  0.000000e+00
    outer loop
      vertex   8.950000e-01  2.556839e-02  1.254907e+00
      vertex   8.950000e-01  2.403498e-02  1.257121e+00
      vertex   8.950000e-01  2.526127e-02  1.254819e+00
    endloop
  endfacet
  facet normal  1.000000e+00  0.000000e+00  0.000000e+00
    outer loop
      vertex   8.950000e-01  2.526127e-02  1.254819e+00
      vertex   8.950000e-01  2.403498e-02  1.257121e+00
      vertex   8.950000e-01  2.496573e-02  1.254666e+00
    endloop
  endfacet
  facet normal  1.000000e+00  0.000000e+00  0.000000e+00
    outer loop
      vertex   8.950000e-01  2.496573e-02  1.254666e+00
      vertex   8.950000e-01  2.403498e-02  1.257121e+00
      vertex   8.950000e-01  2.324471e-02  1.254798e+00
    endloop
  endfacet
  facet normal  1.000000e+00  0.000000e+00  0.000000e+00
    outer loop
      vertex   8.950000e-01  2.496573e-02  1.254666e+00
      vertex   8.950000e-01  2.324471e-02  1.254798e+00
      vertex   8.950000e-01  2.470190e-02  1.254452e+00
    endloop
  endfacet
  facet normal  1.000000e+00  0.000000e+00  0.000000e+00
    outer loop
      vertex   8.950000e-01  2.470190e-02  1.254452e+00
      vertex   8.950000e-01  2.324471e-02  1.254798e+00
      vertex   8.950000e-01  2.448758e-02  1.254188e+00
    endloop
  endfacet
  facet normal  1.000000e+00  0.000000e+00  0.000000e+00
    outer loop
      vertex   8.950000e-01  2.448758e-02  1.254188e+00
      vertex   8.950000e-01  2.324471e-02  1.254798e+00
      vertex   8.950000e-01  2.433448e-02  1.253892e+00
    endloop
  endfacet
  facet normal  1.000000e+00  0.000000e+00  0.000000e+00
    outer loop
      vertex   8.950000e-01  2.433448e-02  1.253892e+00
      vertex   8.950000e-01  2.324471e-02  1.254798e+00
      vertex   8.950000e-01  2.424617e-02  1.253585e+00
    endloop
  endfacet
  facet normal  1.000000e+00  0.000000e+00  0.000000e+00
    outer loop
      vertex   8.950000e-01  2.424617e-02  1.253585e+00
      vertex   8.950000e-01  2.324471e-02  1.254798e+00
      vertex   8.950000e-01  2.220710e-02  1.252518e+00
    endloop
  endfacet
  facet normal  1.000000e+00  0.000000e+00  0.000000e+00
    outer loop
      vertex   8.950000e-01  2.424617e-02  1.253585e+00
      vertex   8.950000e-01  2.220710e-02  1.252518e+00
      vertex   8.950000e-01  2.421863e-02  1.253285e+00
    endloop
  endfacet
  facet normal  1.000000e+00  0.000000e+00  0.000000e+00
    outer loop
      vertex   8.950000e-01  2.421863e-02  1.253285e+00
      vertex   8.950000e-01  2.220710e-02  1.252518e+00
      vertex   8.950000e-01  2.424617e-02  1.252985e+00
    endloop
  endfacet
  facet normal  1.000000e+00  0.000000e+00  0.000000e+00
    outer loop
      vertex   8.950000e-01  2.424617e-02  1.252985e+00
      vertex   8.950000e-01  2.220710e-02  1.252518e+00
      vertex   8.950000e-01  2.433448e-02  1.252678e+00
    endloop
  endfacet
  facet normal  1.000000e+00  0.000000e+00  0.000000e+00
    outer loop
      vertex   8.950000e-01  2.433448e-02  1.252678e+00
      vertex   8.950000e-01  2.220710e-02  1.252518e+00
      vertex   8.950000e-01  2.448758e-02  1.252382e+00
    endloop
  endfacet
  facet normal  1.000000e+00  0.000000e+00  0.000000e+00
    outer loop
      vertex   8.950000e-01  2.448758e-02  1.252382e+00
      vertex   8.950000e-01  2.220710e-02  1.252518e+00
      vertex   8.950000e-01  2.470190e-02  1.252118e+00
    endloop
  endfacet
  facet normal  1.000000e+00  0.000000e+00  0.000000e+00
    outer loop
      vertex   8.950000e-01  2.470190e-02  1.252118e+00
      vertex   8.950000e-01  2.220710e-02  1.252518e+00
      vertex   8.950000e-01  2.092489e-02  1.250320e+00
    endloop
  endfacet
  facet normal  1.000000e+00  0.000000e+00  0.000000e+00
    outer loop
      vertex   8.950000e-01  2.470190e-02  1.252118e+00
      vertex   8.950000e-01  2.092489e-02  1.250320e+00
      vertex   8.950000e-01  2.496573e-02  1.251904e+00
    endloop
  endfacet
  facet normal  1.000000e+00  0.000000e+00  0.000000e+00
    outer loop
      vertex   8.950000e-01  3.037663e-02  1.261260e+00
      vertex   8.950000e-01  2.489887e-02  1.261754e+00
      vertex   8.950000e-01  2.999082e-02  1.258450e+00
    endloop
  endfacet
  facet normal  1.000000e+00  0.000000e+00  0.000000e+00
    outer loop
      vertex   8.950000e-01  2.999082e-02  1.258450e+00
      vertex   8.950000e-01  2.489887e-02  1.261754e+00
      vertex   8.950000e-01  2.458264e-02  1.259451e+00
    endloop
  endfacet
  facet normal  1.000000e+00  0.000000e+00  0.000000e+00
    outer loop
      vertex   8.950000e-01  2.999082e-02  1.258450e+00
      vertex   8.950000e-01  2.458264e-02  1.259451e+00
      vertex   8.950000e-01  2.403498e-02  1.257121e+00
    endloop
  endfacet
  facet normal  1.000000e+00 -0.000000e+00  0.000000e+00
    outer loop
      vertex   8.950000e-01  2.489887e-02  1.261754e+00
      vertex   8.950000e-01  3.037663e-02  1.261260e+00
      vertex   8.950000e-01  2.500000e-02  1.264000e+00
    endloop
  endfacet
  facet normal  1.000000e+00 -0.000000e+00  0.000000e+00
    outer loop
      vertex   8.950000e-01  2.500000e-02  1.264000e+00
      vertex   8.950000e-01  3.037663e-02  1.261260e+00
      vertex   8.950000e-01  3.050000e-02  1.264000e+00
    endloop
  endfacet
  facet normal  1.000000e+00  0.000000e+00  0.000000e+00
    outer loop
      vertex   8.950000e-01  2.500000e-02  1.264000e+00
      vertex   8.950000e-01  3.050000e-02  1.264000e+00
      vertex   8.950000e-01  3.037663e-02  1.266741e+00
    endloop
  endfacet
  facet normal  1.000000e+00  0.000000e+00 -0.000000e+00
    outer loop
      vertex   8.950000e-01  2.500000e-02  1.264000e+00
      vertex   8.950000e-01  3.037663e-02  1.266741e+00
      vertex   8.950000e-01  2.489887e-02  1.266246e+00
    endloop
  endfacet
  facet normal  1.000000e+00  0.000000e+00  0.000000e+00
    outer loop
      vertex   8.950000e-01  2.489887e-02  1.266246e+00
      vertex   8.950000e-01  3.037663e-02  1.266741e+00
      vertex   8.950000e-01  2.999082e-02  1.269550e+00
    endloop
  endfacet
  facet normal  1.000000e+00  0.000000e+00 -0.000000e+00
    outer loop
      vertex   8.950000e-01  2.489887e-02  1.266246e+00
      vertex   8.950000e-01  2.999082e-02  1.269550e+00
      vertex   8.950000e-01  2.458264e-02  1.268549e+00
    endloop
  endfacet
  facet normal  1.000000e+00  0.000000e+00 -0.000000e+00
    outer loop
      vertex   8.950000e-01  2.458264e-02  1.268549e+00
      vertex   8.950000e-01  2.999082e-02  1.269550e+00
      vertex   8.950000e-01  2.403498e-02  1.270879e+00
    endloop
  endfacet
  facet normal  1.000000e+00 -0.000000e+00  0.000000e+00
    outer loop
      vertex   8.950000e-01  2.403498e-02  1.270879e+00
      vertex   8.950000e-01  2.999082e-02  1.269550e+00
      vertex   8.950000e-01  2.616887e-02  1.273093e+00
    endloop
  endfacet
  facet normal  1.000000e+00  0.000000e+00  0.000000e+00
    outer loop
      vertex   8.950000e-01  2.403498e-02  1.270879e+00
      vertex   8.950000e-01  2.616887e-02  1.273093e+00
      vertex   8.950000e-01  2.586863e-02  1.273065e+00
    endloop
  endfacet
  facet normal  1.000000e+00 -0.000000e+00  0.000000e+00
    outer loop
      vertex   8.950000e-01  2.616887e-02  1.273093e+00
      vertex   8.950000e-01  2.999082e-02  1.269550e+00
      vertex   8.950000e-01  2.647598e-02  1.273181e+00
    endloop
  endfacet
  facet normal  1.000000e+00  0.000000e+00  0.000000e+00
    outer loop
      vertex   8.950000e-01  2.647598e-02  1.273181e+00
      vertex   8.950000e-01  2.999082e-02  1.269550e+00
      vertex   8.950000e-01  2.932267e-02  1.272392e+00
    endloop
  endfacet
  facet normal  1.000000e+00 -0.000000e+00  0.000000e+00
    outer loop
      vertex   8.950000e-01  2.647598e-02  1.273181e+00
      vertex   8.950000e-01  2.932267e-02  1.272392e+00
      vertex   8.950000e-01  2.677152e-02  1.273334e+00
    endloop
  endfacet
  facet normal  1.000000e+00 -0.000000e+00  0.000000e+00
    outer loop
      vertex   8.950000e-01  2.677152e-02  1.273334e+00
      vertex   8.950000e-01  2.932267e-02  1.272392e+00
      vertex   8.950000e-01  2.703536e-02  1.273548e+00
    endloop
  endfacet
  facet normal  1.000000e+00 -0.000000e+00  0.000000e+00
    outer loop
      vertex   8.950000e-01  2.703536e-02  1.273548e+00
      vertex   8.950000e-01  2.932267e-02  1.272392e+00
      vertex   8.950000e-01  2.724967e-02  1.273812e+00
    endloop
  endfacet
  facet normal  1.000000e+00 -0.000000e+00  0.000000e+00
    outer loop
      vertex   8.950000e-01  2.724967e-02  1.273812e+00
      vertex   8.950000e-01  2.932267e-02  1.272392e+00
      vertex   8.950000e-01  2.740278e-02  1.274108e+00
    endloop
  endfacet
  facet normal  1.000000e+00 -0.000000e+00  0.000000e+00
    outer loop
      vertex   8.950000e-01  2.740278e-02  1.274108e+00
      vertex   8.950000e-01  2.932267e-02  1.272392e+00
      vertex   8.950000e-01  2.835855e-02  1.275227e+00
    endloop
  endfacet
  facet normal  1.000000e+00  0.000000e+00  0.000000e+00
    outer loop
      vertex   8.950000e-01  2.740278e-02  1.274108e+00
      vertex   8.950000e-01  2.835855e-02  1.275227e+00
      vertex   8.950000e-01  2.749108e-02  1.274415e+00
    endloop
  endfacet
  facet normal  1.000000e+00  0.000000e+00  0.000000e+00
    outer loop
      vertex   8.950000e-01  2.749108e-02  1.274415e+00
      vertex   8.950000e-01  2.835855e-02  1.275227e+00
      vertex   8.950000e-01  2.751863e-02  1.274715e+00
    endloop
  endfacet
  facet normal  1.000000e+00  0.000000e+00 -0.000000e+00
    outer loop
      vertex   8.950000e-01  2.751863e-02  1.274715e+00
      vertex   8.950000e-01  2.835855e-02  1.275227e+00
      vertex   8.950000e-01  2.749108e-02  1.275015e+00
    endloop
  endfacet
  facet normal  1.000000e+00  0.000000e+00 -0.000000e+00
    outer loop
      vertex   8.950000e-01  2.749108e-02  1.275015e+00
      vertex   8.950000e-01  2.835855e-02  1.275227e+00
      vertex   8.950000e-01  2.740278e-02  1.275323e+00
    endloop
  endfacet
  facet normal  1.000000e+00 -0.000000e+00 -0.000000e+00
    outer loop
      vertex   8.950000e-01  2.740278e-02  1.275323e+00
      vertex   8.950000e-01  2.835855e-02  1.275227e+00
      vertex   8.950000e-01  2.724967e-02  1.275618e+00
    endloop
  endfacet
  facet normal  1.000000e+00 -0.000000e+00 -0.000000e+00
    outer loop
      vertex   8.950000e-01  2.724967e-02  1.275618e+00
      vertex   8.950000e-01  2.835855e-02  1.275227e+00
      vertex   8.950000e-01  2.703536e-02  1.275882e+00
    endloop
  endfacet
  facet normal  1.000000e+00 -0.000000e+00  0.000000e+00
    outer loop
      vertex   8.950000e-01  2.703536e-02  1.275882e+00
      vertex   8.950000e-01  2.835855e-02  1.275227e+00
      vertex   8.950000e-01  2.709266e-02  1.278009e+00
    endloop
  endfacet
  facet normal  1.000000e+00  0.000000e+00 -0.000000e+00
    outer loop
      vertex   8.950000e-01  2.703536e-02  1.275882e+00
      vertex   8.950000e-01  2.709266e-02  1.278009e+00
      vertex   8.950000e-01  2.677152e-02  1.276096e+00
    endloop
  endfacet
  facet normal  1.000000e+00  0.000000e+00 -0.000000e+00
    outer loop
      vertex   8.950000e-01  2.677152e-02  1.276096e+00
      vertex   8.950000e-01  2.709266e-02  1.278009e+00
      vertex   8.950000e-01  2.647598e-02  1.276249e+00
    endloop
  endfacet
  facet normal  1.000000e+00  0.000000e+00 -0.000000e+00
    outer loop
      vertex   8.950000e-01  2.647598e-02  1.276249e+00
      vertex   8.950000e-01  2.709266e-02  1.278009e+00
      vertex   8.950000e-01  2.616887e-02  1.276338e+00
    endloop
  endfacet
  facet normal  1.000000e+00  0.000000e+00 -0.000000e+00
    outer loop
      vertex   8.950000e-01  2.616887e-02  1.276338e+00
      vertex   8.950000e-01  2.709266e-02  1.278009e+00
      vertex   8.950000e-01  2.586863e-02  1.276365e+00
    endloop
  endfacet
  facet normal  1.000000e+00  0.000000e+00 -0.000000e+00
    outer loop
      vertex   8.950000e-01  2.586863e-02  1.276365e+00
      vertex   8.950000e-01  2.709266e-02  1.278009e+00
      vertex   8.950000e-01  2.556839e-02  1.276338e+00
    endloop
  endfacet
  facet normal  1.000000e+00  0.000000e+00 -0.000000e+00
    outer loop
      vertex   8.950000e-01  2.556839e-02  1.276338e+00
      vertex   8.950000e-01  2.709266e-02  1.278009e+00
      vertex   8.950000e-01  2.552837e-02  1.280690e+00
    endloop
  endfacet
  facet normal  1.000000e+00  0.000000e+00  0.000000e+00
    outer loop
      vertex   8.950000e-01  2.556839e-02  1.276338e+00
      vertex   8.950000e-01  2.552837e-02  1.280690e+00
      vertex   8.950000e-01  2.526127e-02  1.276249e+00
    endloop
  endfacet
  facet normal  1.000000e+00  0.000000e+00 -0.000000e+00
    outer loop
      vertex   8.950000e-01  2.526127e-02  1.276249e+00
      vertex   8.950000e-01  2.552837e-02  1.280690e+00
      vertex   8.950000e-01  2.496573e-02  1.276096e+00
    endloop
  endfacet
  facet normal  1.000000e+00  0.000000e+00 -0.000000e+00
    outer loop
      vertex   8.950000e-01  2.496573e-02  1.276096e+00
      vertex   8.950000e-01  2.552837e-02  1.280690e+00
      vertex   8.950000e-01  2.092489e-02  1.277680e+00
    endloop
  endfacet
  facet normal  1.000000e+00  0.000000e+00  0.000000e+00
    outer loop
      vertex   8.950000e-01  2.496573e-02  1.276096e+00
      vertex   8.950000e-01  2.092489e-02  1.277680e+00
      vertex   8.950000e-01  2.470190e-02  1.275882e+00
    endloop
  endfacet
  facet normal  1.000000e+00  0.000000e+00  0.000000e+00
    outer loop
      vertex   8.950000e-01  2.470190e-02  1.275882e+00
      vertex   8.950000e-01  2.092489e-02  1.277680e+00
      vertex   8.950000e-01  2.220710e-02  1.275482e+00
    endloop
  endfacet
  facet normal  1.000000e+00  0.000000e+00  0.000000e+00
    outer loop
      vertex   8.950000e-01  2.470190e-02  1.275882e+00
      vertex   8.950000e-01  2.220710e-02  1.275482e+00
      vertex   8.950000e-01  2.448758e-02  1.275618e+00
    endloop
  endfacet
  facet normal  1.000000e+00  0.000000e+00  0.000000e+00
    outer loop
      vertex   8.950000e-01  2.448758e-02  1.275618e+00
      vertex   8.950000e-01  2.220710e-02  1.275482e+00
      vertex   8.950000e-01  2.433448e-02  1.275323e+00
    endloop
  endfacet
  facet normal  1.000000e+00  0.000000e+00  0.000000e+00
    outer loop
      vertex   8.950000e-01  2.433448e-02  1.275323e+00
      vertex   8.950000e-01  2.220710e-02  1.275482e+00
      vertex   8.950000e-01  2.424617e-02  1.275015e+00
    endloop
  endfacet
  facet normal  1.000000e+00  0.000000e+00  0.000000e+00
    outer loop
      vertex   8.950000e-01  2.424617e-02  1.275015e+00
      vertex   8.950000e-01  2.220710e-02  1.275482e+00
      vertex   8.950000e-01  2.421863e-02  1.274715e+00
    endloop
  endfacet
  facet normal  1.000000e+00  0.000000e+00  0.000000e+00
    outer loop
      vertex   8.950000e-01  2.421863e-02  1.274715e+00
      vertex   8.950000e-01  2.220710e-02  1.275482e+00
      vertex   8.950000e-01  2.424617e-02  1.274415e+00
    endloop
  endfacet
  facet normal  1.000000e+00  0.000000e+00  0.000000e+00
    outer loop
      vertex   8.950000e-01  2.424617e-02  1.274415e+00
      vertex   8.950000e-01  2.220710e-02  1.275482e+00
      vertex   8.950000e-01  2.324471e-02  1.273202e+00
    endloop
  endfacet
  facet normal  1.000000e+00  0.000000e+00  0.000000e+00
    outer loop
      vertex   8.950000e-01  2.424617e-02  1.274415e+00
      vertex   8.950000e-01  2.324471e-02  1.273202e+00
      vertex   8.950000e-01  2.433448e-02  1.274108e+00
    endloop
  endfacet
  facet normal  1.000000e+00  0.000000e+00  0.000000e+00
    outer loop
      vertex   8.950000e-01  2.433448e-02  1.274108e+00
      vertex   8.950000e-01  2.324471e-02  1.273202e+00
      vertex   8.950000e-01  2.448758e-02  1.273812e+00
    endloop
  endfacet
  facet normal  1.000000e+00  0.000000e+00  0.000000e+00
    outer loop
      vertex   8.950000e-01  2.448758e-02  1.273812e+00
      vertex   8.950000e-01  2.324471e-02  1.273202e+00
      vertex   8.950000e-01  2.470190e-02  1.273548e+00
    endloop
  endfacet
  facet normal  1.000000e+00  0.000000e+00  0.000000e+00
    outer loop
      vertex   8.950000e-01  2.470190e-02  1.273548e+00
      vertex   8.950000e-01  2.324471e-02  1.273202e+00
      vertex   8.950000e-01  2.496573e-02  1.273334e+00
    endloop
  endfacet
  facet normal  1.000000e+00  0.000000e+00  0.000000e+00
    outer loop
      vertex   8.950000e-01  2.496573e-02  1.273334e+00
      vertex   8.950000e-01  2.324471e-02  1.273202e+00
      vertex   8.950000e-01  2.403498e-02  1.270879e+00
    endloop
  endfacet
  facet normal  1.000000e+00  0.000000e+00  0.000000e+00
    outer loop
      vertex   8.950000e-01  2.496573e-02  1.273334e+00
      vertex   8.950000e-01  2.403498e-02  1.270879e+00
      vertex   8.950000e-01  2.526127e-02  1.273181e+00
    endloop
  endfacet
  facet normal  1.000000e+00  0.000000e+00  0.000000e+00
    outer loop
      vertex   8.950000e-01  2.526127e-02  1.273181e+00
      vertex   8.950000e-01  2.403498e-02  1.270879e+00
      vertex   8.950000e-01  2.556839e-02  1.273093e+00
    endloop
  endfacet
  facet normal  1.000000e+00  0.000000e+00  0.000000e+00
    outer loop
      vertex   8.950000e-01  2.556839e-02  1.273093e+00
      vertex   8.950000e-01  2.403498e-02  1.270879e+00
      vertex   8.950000e-01  2.586863e-02  1.273065e+00
    endloop
  endfacet
  facet normal  1.000000e+00  0.000000e+00  0.000000e+00
    outer loop
      vertex   8.950000e-01  2.552837e-02  1.280690e+00
      vertex   8.950000e-01  2.367877e-02  1.283224e+00
      vertex   8.950000e-01  2.092489e-02  1.277680e+00
    endloop
  endfacet
  facet normal  1.000000e+00  0.000000e+00 -0.000000e+00
    outer loop
      vertex   8.950000e-01  2.092489e-02  1.277680e+00
      vertex   8.950000e-01  2.367877e-02  1.283224e+00
      vertex   8.950000e-01  1.940883e-02  1.279757e+00
    endloop
  endfacet
  facet normal  1.000000e+00  0.000000e+00  0.000000e+00
    outer loop
      vertex   8.950000e-01  1.940883e-02  1.279757e+00
      vertex   8.950000e-01  2.367877e-02  1.283224e+00
      vertex   8.950000e-01  2.156676e-02  1.285567e+00
    endloop
  endfacet
  facet normal  1.000000e+00  0.000000e+00 -0.000000e+00
    outer loop
      vertex   8.950000e-01  1.940883e-02  1.279757e+00
      vertex   8.950000e-01  2.156676e-02  1.285567e+00
      vertex   8.950000e-01  1.767767e-02  1.281678e+00
    endloop
  endfacet
  facet normal  1.000000e+00  0.000000e+00  0.000000e+00
    outer loop
      vertex   8.950000e-01  1.767767e-02  1.281678e+00
      vertex   8.950000e-01  2.156676e-02  1.285567e+00
      vertex   8.950000e-01  1.922409e-02  1.287679e+00
    endloop
  endfacet
  facet normal  1.000000e+00  0.000000e+00 -0.000000e+00
    outer loop
      vertex   8.950000e-01  1.767767e-02  1.281678e+00
      vertex   8.950000e-01  1.922409e-02  1.287679e+00
      vertex   8.950000e-01  1.575745e-02  1.283409e+00
    endloop
  endfacet
  facet normal  1.000000e+00  0.000000e+00  0.000000e+00
    outer loop
      vertex   8.950000e-01  1.575745e-02  1.283409e+00
      vertex   8.950000e-01  1.922409e-02  1.287679e+00
      vertex   8.950000e-01  1.668990e-02  1.289528e+00
    endloop
  endfacet
  facet normal  1.000000e+00  0.000000e+00 -0.000000e+00
    outer loop
      vertex   8.950000e-01  1.575745e-02  1.283409e+00
      vertex   8.950000e-01  1.668990e-02  1.289528e+00
      vertex   8.950000e-01  1.368024e-02  1.284925e+00
    endloop
  endfacet
  facet normal  1.000000e+00  0.000000e+00 -0.000000e+00
    outer loop
      vertex   8.950000e-01  1.368024e-02  1.284925e+00
      vertex   8.950000e-01  1.668990e-02  1.289528e+00
      vertex   8.950000e-01  1.209618e-02  1.288966e+00
    endloop
  endfacet
  facet normal  1.000000e+00  0.000000e+00  0.000000e+00
    outer loop
      vertex   8.950000e-01  1.368024e-02  1.284925e+00
      vertex   8.950000e-01  1.209618e-02  1.288966e+00
      vertex   8.950000e-01  1.188186e-02  1.288702e+00
    endloop
  endfacet
  facet normal  1.000000e+00  0.000000e+00  0.000000e+00
    outer loop
      vertex   8.950000e-01  1.400849e-02  1.291093e+00
      vertex   8.950000e-01  1.233759e-02  1.289568e+00
      vertex   8.950000e-01  1.668990e-02  1.289528e+00
    endloop
  endfacet
  facet normal  1.000000e+00  0.000000e+00  0.000000e+00
    outer loop
      vertex   8.950000e-01  1.668990e-02  1.289528e+00
      vertex   8.950000e-01  1.233759e-02  1.289568e+00
      vertex   8.950000e-01  1.224929e-02  1.289261e+00
    endloop
  endfacet
  facet normal  1.000000e+00  0.000000e+00  0.000000e+00
    outer loop
      vertex   8.950000e-01  1.668990e-02  1.289528e+00
      vertex   8.950000e-01  1.224929e-02  1.289261e+00
      vertex   8.950000e-01  1.209618e-02  1.288966e+00
    endloop
  endfacet
  facet normal  1.000000e+00  0.000000e+00  0.000000e+00
    outer loop
      vertex   8.950000e-01  1.122689e-02  1.292359e+00
      vertex   8.950000e-01  1.188186e-02  1.291035e+00
      vertex   8.950000e-01  1.400849e-02  1.291093e+00
    endloop
  endfacet
  facet normal  1.000000e+00  0.000000e+00  0.000000e+00
    outer loop
      vertex   8.950000e-01  1.400849e-02  1.291093e+00
      vertex   8.950000e-01  1.188186e-02  1.291035e+00
      vertex   8.950000e-01  1.209618e-02  1.290772e+00
    endloop
  endfacet
  facet normal  1.000000e+00  0.000000e+00  0.000000e+00
    outer loop
      vertex   8.950000e-01  1.400849e-02  1.291093e+00
      vertex   8.950000e-01  1.209618e-02  1.290772e+00
      vertex   8.950000e-01  1.224929e-02  1.290476e+00
    endloop
  endfacet
  facet normal  1.000000e+00  0.000000e+00  0.000000e+00
    outer loop
      vertex   8.950000e-01  8.392327e-03  1.293323e+00
      vertex   8.950000e-01  1.010778e-02  1.291403e+00
      vertex   8.950000e-01  1.122689e-02  1.292359e+00
    endloop
  endfacet
  facet normal  1.000000e+00  0.000000e+00  0.000000e+00
    outer loop
      vertex   8.950000e-01  1.122689e-02  1.292359e+00
      vertex   8.950000e-01  1.010778e-02  1.291403e+00
      vertex   8.950000e-01  1.041490e-02  1.291491e+00
    endloop
  endfacet
  facet normal  1.000000e+00  0.000000e+00  0.000000e+00
    outer loop
      vertex   8.950000e-01  1.122689e-02  1.292359e+00
      vertex   8.950000e-01  1.041490e-02  1.291491e+00
      vertex   8.950000e-01  1.071514e-02  1.291519e+00
    endloop
  endfacet
  facet normal  1.000000e+00  0.000000e+00  0.000000e+00
    outer loop
      vertex   8.950000e-01  5.549874e-03  1.293991e+00
      vertex   8.950000e-01  9.180986e-03  1.290476e+00
      vertex   8.950000e-01  8.392327e-03  1.293323e+00
    endloop
  endfacet
  facet normal  1.000000e+00  0.000000e+00  0.000000e+00
    outer loop
      vertex   8.950000e-01  8.392327e-03  1.293323e+00
      vertex   8.950000e-01  9.180986e-03  1.290476e+00
      vertex   8.950000e-01  9.334094e-03  1.290772e+00
    endloop
  endfacet
  facet normal  1.000000e+00  0.000000e+00  0.000000e+00
    outer loop
      vertex   8.950000e-01  8.392327e-03  1.293323e+00
      vertex   8.950000e-01  9.334094e-03  1.290772e+00
      vertex   8.950000e-01  9.548411e-03  1.291035e+00
    endloop
  endfacet
  facet normal  1.000000e+00  0.000000e+00  0.000000e+00
    outer loop
      vertex   8.950000e-01  2.740561e-03  1.294377e+00
      vertex   8.950000e-01  1.966611e-03  1.292364e+00
      vertex   8.950000e-01  5.549874e-03  1.293991e+00
    endloop
  endfacet
  facet normal  1.000000e+00  0.000000e+00  0.000000e+00
    outer loop
      vertex   8.950000e-01  5.549874e-03  1.293991e+00
      vertex   8.950000e-01  1.966611e-03  1.292364e+00
      vertex   8.950000e-01  2.000000e-03  1.292000e+00
    endloop
  endfacet
  facet normal  1.000000e+00  0.000000e+00  0.000000e+00
    outer loop
      vertex   8.950000e-01  5.549874e-03  1.293991e+00
      vertex   8.950000e-01  2.000000e-03  1.292000e+00
      vertex   8.950000e-01  1.966611e-03  1.291636e+00
    endloop
  endfacet
  facet normal  1.000000e+00  0.000000e+00  0.000000e+00
    outer loop
      vertex   8.950000e-01  1.974809e-16  1.294500e+00
      vertex   8.950000e-01  7.361895e-04  1.293860e+00
      vertex   8.950000e-01  2.740561e-03  1.294377e+00
    endloop
  endfacet
  facet normal  1.000000e+00  0.000000e+00  0.000000e+00
    outer loop
      vertex   8.950000e-01  2.740561e-03  1.294377e+00
      vertex   8.950000e-01  7.361895e-04  1.293860e+00
      vertex   8.950000e-01  1.094420e-03  1.293674e+00
    endloop
  endfacet
  facet normal  1.000000e+00  0.000000e+00  0.000000e+00
    outer loop
      vertex   8.950000e-01  2.740561e-03  1.294377e+00
      vertex   8.950000e-01  1.094420e-03  1.293674e+00
      vertex   8.950000e-01  1.414214e-03  1.293414e+00
    endloop
  endfacet
  facet normal  1.000000e+00 -0.000000e+00  0.000000e+00
    outer loop
      vertex   8.950000e-01 -2.740561e-03  1.294377e+00
      vertex   8.950000e-01 -7.361895e-04  1.293860e+00
      vertex   8.950000e-01  1.974809e-16  1.294500e+00
    endloop
  endfacet
  facet normal  1.000000e+00  0.000000e+00  0.000000e+00
    outer loop
      vertex   8.950000e-01  1.974809e-16  1.294500e+00
      vertex   8.950000e-01 -7.361895e-04  1.293860e+00
      vertex   8.950000e-01 -3.639261e-04  1.293967e+00
    endloop
  endfacet
  facet normal  1.000000e+00  0.000000e+00  0.000000e+00
    outer loop
      vertex   8.950000e-01  1.974809e-16  1.294500e+00
      vertex   8.950000e-01 -3.639261e-04  1.293967e+00
      vertex   8.950000e-01  9.231068e-17  1.294000e+00
    endloop
  endfacet
  facet normal  1.000000e+00 -0.000000e+00  0.000000e+00
    outer loop
      vertex   8.950000e-01 -5.549874e-03  1.293991e+00
      vertex   8.950000e-01 -1.966611e-03  1.292364e+00
      vertex   8.950000e-01 -2.740561e-03  1.294377e+00
    endloop
  endfacet
  facet normal  1.000000e+00  0.000000e+00  0.000000e+00
    outer loop
      vertex   8.950000e-01 -2.740561e-03  1.294377e+00
      vertex   8.950000e-01 -1.966611e-03  1.292364e+00
      vertex   8.950000e-01 -1.859577e-03  1.292736e+00
    endloop
  endfacet
  facet normal  1.000000e+00  0.000000e+00  0.000000e+00
    outer loop
      vertex   8.950000e-01 -2.740561e-03  1.294377e+00
      vertex   8.950000e-01 -1.859577e-03  1.292736e+00
      vertex   8.950000e-01 -1.673991e-03  1.293095e+00
    endloop
  endfacet
  facet normal  1.000000e+00 -0.000000e+00  0.000000e+00
    outer loop
      vertex   8.950000e-01 -8.392327e-03  1.293323e+00
      vertex   8.950000e-01 -9.180986e-03  1.290476e+00
      vertex   8.950000e-01 -5.549874e-03  1.293991e+00
    endloop
  endfacet
  facet normal  1.000000e+00  0.000000e+00  0.000000e+00
    outer loop
      vertex   8.950000e-01 -5.549874e-03  1.293991e+00
      vertex   8.950000e-01 -9.180986e-03  1.290476e+00
      vertex   8.950000e-01 -9.092683e-03  1.290169e+00
    endloop
  endfacet
  facet normal  1.000000e+00  0.000000e+00  0.000000e+00
    outer loop
      vertex   8.950000e-01 -5.549874e-03  1.293991e+00
      vertex   8.950000e-01 -9.092683e-03  1.290169e+00
      vertex   8.950000e-01 -6.878956e-03  1.288035e+00
    endloop
  endfacet
  facet normal  1.000000e+00  0.000000e+00  0.000000e+00
    outer loop
      vertex   8.950000e-01 -6.878956e-03  1.288035e+00
      vertex   8.950000e-01 -9.092683e-03  1.290169e+00
      vertex   8.950000e-01 -9.065137e-03  1.289869e+00
    endloop
  endfacet
  facet normal  1.000000e+00  0.000000e+00  0.000000e+00
    outer loop
      vertex   8.950000e-01 -6.878956e-03  1.288035e+00
      vertex   8.950000e-01 -9.065137e-03  1.289869e+00
      vertex   8.950000e-01 -9.092683e-03  1.289568e+00
    endloop
  endfacet
  facet normal  1.000000e+00 -0.000000e+00  0.000000e+00
    outer loop
      vertex   8.950000e-01 -1.122689e-02  1.292359e+00
      vertex   8.950000e-01 -1.010778e-02  1.291403e+00
      vertex   8.950000e-01 -8.392327e-03  1.293323e+00
    endloop
  endfacet
  facet normal  1.000000e+00  0.000000e+00  0.000000e+00
    outer loop
      vertex   8.950000e-01 -8.392327e-03  1.293323e+00
      vertex   8.950000e-01 -1.010778e-02  1.291403e+00
      vertex   8.950000e-01 -9.812240e-03  1.291250e+00
    endloop
  endfacet
  facet normal  1.000000e+00  0.000000e+00  0.000000e+00
    outer loop
      vertex   8.950000e-01 -8.392327e-03  1.293323e+00
      vertex   8.950000e-01 -9.812240e-03  1.291250e+00
      vertex   8.950000e-01 -9.548411e-03  1.291035e+00
    endloop
  endfacet
  facet normal  1.000000e+00 -0.000000e+00  0.000000e+00
    outer loop
      vertex   8.950000e-01 -1.400849e-02  1.291093e+00
      vertex   8.950000e-01 -1.188186e-02  1.291035e+00
      vertex   8.950000e-01 -1.122689e-02  1.292359e+00
    endloop
  endfacet
  facet normal  1.000000e+00  0.000000e+00  0.000000e+00
    outer loop
      vertex   8.950000e-01 -1.122689e-02  1.292359e+00
      vertex   8.950000e-01 -1.188186e-02  1.291035e+00
      vertex   8.950000e-01 -1.161803e-02  1.291250e+00
    endloop
  endfacet
  facet normal  1.000000e+00  0.000000e+00  0.000000e+00
    outer loop
      vertex   8.950000e-01 -1.122689e-02  1.292359e+00
      vertex   8.950000e-01 -1.161803e-02  1.291250e+00
      vertex   8.950000e-01 -1.132249e-02  1.291403e+00
    endloop
  endfacet
  facet normal  1.000000e+00  0.000000e+00  0.000000e+00
    outer loop
      vertex   8.950000e-01 -1.668990e-02  1.289528e+00
      vertex   8.950000e-01 -1.233759e-02  1.289568e+00
      vertex   8.950000e-01 -1.400849e-02  1.291093e+00
    endloop
  endfacet
  facet normal  1.000000e+00  0.000000e+00  0.000000e+00
    outer loop
      vertex   8.950000e-01 -1.400849e-02  1.291093e+00
      vertex   8.950000e-01 -1.233759e-02  1.289568e+00
      vertex   8.950000e-01 -1.236514e-02  1.289869e+00
    endloop
  endfacet
  facet normal  1.000000e+00  0.000000e+00  0.000000e+00
    outer loop
      vertex   8.950000e-01 -1.400849e-02  1.291093e+00
      vertex   8.950000e-01 -1.236514e-02  1.289869e+00
      vertex   8.950000e-01 -1.233759e-02  1.290169e+00
    endloop
  endfacet
  facet normal  1.000000e+00 -0.000000e+00  0.000000e+00
    outer loop
      vertex   8.950000e-01 -1.922409e-02  1.287679e+00
      vertex   8.950000e-01 -1.575745e-02  1.283409e+00
      vertex   8.950000e-01 -1.668990e-02  1.289528e+00
    endloop
  endfacet
  facet normal  1.000000e+00  0.000000e+00  0.000000e+00
    outer loop
      vertex   8.950000e-01 -1.668990e-02  1.289528e+00
      vertex   8.950000e-01 -1.575745e-02  1.283409e+00
      vertex   8.950000e-01 -1.368024e-02  1.284925e+00
    endloop
  endfacet
  facet normal  1.000000e+00  0.000000e+00  0.000000e+00
    outer loop
      vertex   8.950000e-01 -1.668990e-02  1.289528e+00
      vertex   8.950000e-01 -1.368024e-02  1.284925e+00
      vertex   8.950000e-01 -1.209618e-02  1.288966e+00
    endloop
  endfacet
  facet normal  1.000000e+00  0.000000e+00  0.000000e+00
    outer loop
      vertex   8.950000e-01 -1.209618e-02  1.288966e+00
      vertex   8.950000e-01 -1.368024e-02  1.284925e+00
      vertex   8.950000e-01 -1.188186e-02  1.288702e+00
    endloop
  endfacet
  facet normal  1.000000e+00  0.000000e+00  0.000000e+00
    outer loop
      vertex   8.950000e-01 -1.188186e-02  1.288702e+00
      vertex   8.950000e-01 -1.368024e-02  1.284925e+00
      vertex   8.950000e-01 -1.148237e-02  1.286207e+00
    endloop
  endfacet
  facet normal  1.000000e+00  0.000000e+00  0.000000e+00
    outer loop
      vertex   8.950000e-01 -1.188186e-02  1.288702e+00
      vertex   8.950000e-01 -1.148237e-02  1.286207e+00
      vertex   8.950000e-01 -1.161803e-02  1.288488e+00
    endloop
  endfacet
  facet normal  1.000000e+00  0.000000e+00  0.000000e+00
    outer loop
      vertex   8.950000e-01 -1.161803e-02  1.288488e+00
      vertex   8.950000e-01 -1.148237e-02  1.286207e+00
      vertex   8.950000e-01 -1.132249e-02  1.288335e+00
    endloop
  endfacet
  facet normal  1.000000e+00  0.000000e+00  0.000000e+00
    outer loop
      vertex   8.950000e-01 -1.132249e-02  1.288335e+00
      vertex   8.950000e-01 -1.148237e-02  1.286207e+00
      vertex   8.950000e-01 -1.101538e-02  1.288246e+00
    endloop
  endfacet
  facet normal  1.000000e+00  0.000000e+00  0.000000e+00
    outer loop
      vertex   8.950000e-01 -1.101538e-02  1.288246e+00
      vertex   8.950000e-01 -1.148237e-02  1.286207e+00
      vertex   8.950000e-01 -1.071514e-02  1.288219e+00
    endloop
  endfacet
  facet normal  1.000000e+00 -0.000000e+00  0.000000e+00
    outer loop
      vertex   8.950000e-01 -1.071514e-02  1.288219e+00
      vertex   8.950000e-01 -1.148237e-02  1.286207e+00
      vertex   8.950000e-01 -1.041490e-02  1.288246e+00
    endloop
  endfacet
  facet normal  1.000000e+00  0.000000e+00  0.000000e+00
    outer loop
      vertex   8.950000e-01 -1.041490e-02  1.288246e+00
      vertex   8.950000e-01 -1.148237e-02  1.286207e+00
      vertex   8.950000e-01 -9.202369e-03  1.287245e+00
    endloop
  endfacet
  facet normal  1.000000e+00 -0.000000e+00  0.000000e+00
    outer loop
      vertex   8.950000e-01 -1.041490e-02  1.288246e+00
      vertex   8.950000e-01 -9.202369e-03  1.287245e+00
      vertex   8.950000e-01 -1.010778e-02  1.288335e+00
    endloop
  endfacet
  facet normal  1.000000e+00 -0.000000e+00  0.000000e+00
    outer loop
      vertex   8.950000e-01 -1.010778e-02  1.288335e+00
      vertex   8.950000e-01 -9.202369e-03  1.287245e+00
      vertex   8.950000e-01 -9.812240e-03  1.288488e+00
    endloop
  endfacet
  facet normal  1.000000e+00 -0.000000e+00  0.000000e+00
    outer loop
      vertex   8.950000e-01 -9.812240e-03  1.288488e+00
      vertex   8.950000e-01 -9.202369e-03  1.287245e+00
      vertex   8.950000e-01 -9.548411e-03  1.288702e+00
    endloop
  endfacet
  facet normal  1.000000e+00 -0.000000e+00  0.000000e+00
    outer loop
      vertex   8.950000e-01 -9.548411e-03  1.288702e+00
      vertex   8.950000e-01 -9.202369e-03  1.287245e+00
      vertex   8.950000e-01 -9.334094e-03  1.288966e+00
    endloop
  endfacet
  facet normal  1.000000e+00  0.000000e+00  0.000000e+00
    outer loop
      vertex   8.950000e-01 -9.334094e-03  1.288966e+00
      vertex   8.950000e-01 -9.202369e-03  1.287245e+00
      vertex   8.950000e-01 -6.878956e-03  1.288035e+00
    endloop
  endfacet
  facet normal  1.000000e+00 -0.000000e+00  0.000000e+00
    outer loop
      vertex   8.950000e-01 -9.334094e-03  1.288966e+00
      vertex   8.950000e-01 -6.878956e-03  1.288035e+00
      vertex   8.950000e-01 -9.180986e-03  1.289261e+00
    endloop
  endfacet
  facet normal  1.000000e+00 -0.000000e+00  0.000000e+00
    outer loop
      vertex   8.950000e-01 -9.180986e-03  1.289261e+00
      vertex   8.950000e-01 -6.878956e-03  1.288035e+00
      vertex   8.950000e-01 -9.092683e-03  1.289568e+00
    endloop
  endfacet
  facet normal  1.000000e+00  0.000000e+00  0.000000e+00
    outer loop
      vertex   8.950000e-01 -1.575745e-02  1.283409e+00
      vertex   8.950000e-01 -1.922409e-02  1.287679e+00
      vertex   8.950000e-01 -1.767767e-02  1.281678e+00
    endloop
  endfacet
  facet normal  1.000000e+00  0.000000e+00  0.000000e+00
    outer loop
      vertex   8.950000e-01 -1.767767e-02  1.281678e+00
      vertex   8.950000e-01 -1.922409e-02  1.287679e+00
      vertex   8.950000e-01 -2.156676e-02  1.285567e+00
    endloop
  endfacet
  facet normal  1.000000e+00  0.000000e+00  0.000000e+00
    outer loop
      vertex   8.950000e-01 -1.767767e-02  1.281678e+00
      vertex   8.950000e-01 -2.156676e-02  1.285567e+00
      vertex   8.950000e-01 -1.940883e-02  1.279757e+00
    endloop
  endfacet
  facet normal  1.000000e+00  0.000000e+00  0.000000e+00
    outer loop
      vertex   8.950000e-01 -1.940883e-02  1.279757e+00
      vertex   8.950000e-01 -2.156676e-02  1.285567e+00
      vertex   8.950000e-01 -2.367877e-02  1.283224e+00
    endloop
  endfacet
  facet normal  1.000000e+00  0.000000e+00  0.000000e+00
    outer loop
      vertex   8.950000e-01 -1.940883e-02  1.279757e+00
      vertex   8.950000e-01 -2.367877e-02  1.283224e+00
      vertex   8.950000e-01 -2.092489e-02  1.277680e+00
    endloop
  endfacet
  facet normal  1.000000e+00  0.000000e+00  0.000000e+00
    outer loop
      vertex   8.950000e-01 -2.092489e-02  1.277680e+00
      vertex   8.950000e-01 -2.367877e-02  1.283224e+00
      vertex   8.950000e-01 -2.552837e-02  1.280690e+00
    endloop
  endfacet
  facet normal  1.000000e+00  0.000000e+00  0.000000e+00
    outer loop
      vertex   8.950000e-01 -2.092489e-02  1.277680e+00
      vertex   8.950000e-01 -2.552837e-02  1.280690e+00
      vertex   8.950000e-01 -2.496573e-02  1.276096e+00
    endloop
  endfacet
  facet normal  1.000000e+00  0.000000e+00  0.000000e+00
    outer loop
      vertex   8.950000e-01 -2.496573e-02  1.276096e+00
      vertex   8.950000e-01 -2.552837e-02  1.280690e+00
      vertex   8.950000e-01 -2.526127e-02  1.276249e+00
    endloop
  endfacet
  facet normal  1.000000e+00  0.000000e+00  0.000000e+00
    outer loop
      vertex   8.950000e-01 -2.526127e-02  1.276249e+00
      vertex   8.950000e-01 -2.552837e-02  1.280690e+00
      vertex   8.950000e-01 -2.556839e-02  1.276338e+00
    endloop
  endfacet
  facet normal  1.000000e+00  0.000000e+00 -0.000000e+00
    outer loop
      vertex   8.950000e-01 -2.556839e-02  1.276338e+00
      vertex   8.950000e-01 -2.552837e-02  1.280690e+00
      vertex   8.950000e-01 -2.709266e-02  1.278009e+00
    endloop
  endfacet
  facet normal  1.000000e+00  0.000000e+00  0.000000e+00
    outer loop
      vertex   8.950000e-01 -2.556839e-02  1.276338e+00
      vertex   8.950000e-01 -2.709266e-02  1.278009e+00
      vertex   8.950000e-01 -2.586863e-02  1.276365e+00
    endloop
  endfacet
  facet normal  1.000000e+00  0.000000e+00  0.000000e+00
    outer loop
      vertex   8.950000e-01 -2.586863e-02  1.276365e+00
      vertex   8.950000e-01 -2.709266e-02  1.278009e+00
      vertex   8.950000e-01 -2.616887e-02  1.276338e+00
    endloop
  endfacet
  facet normal  1.000000e+00  0.000000e+00  0.000000e+00
    outer loop
      vertex   8.950000e-01 -2.616887e-02  1.276338e+00
      vertex   8.950000e-01 -2.709266e-02  1.278009e+00
      vertex   8.950000e-01 -2.647598e-02  1.276249e+00
    endloop
  endfacet
  facet normal  1.000000e+00  0.000000e+00  0.000000e+00
    outer loop
      vertex   8.950000e-01 -2.647598e-02  1.276249e+00
      vertex   8.950000e-01 -2.709266e-02  1.278009e+00
      vertex   8.950000e-01 -2.677152e-02  1.276096e+00
    endloop
  endfacet
  facet normal  1.000000e+00  0.000000e+00  0.000000e+00
    outer loop
      vertex   8.950000e-01 -2.677152e-02  1.276096e+00
      vertex   8.950000e-01 -2.709266e-02  1.278009e+00
      vertex   8.950000e-01 -2.703536e-02  1.275882e+00
    endloop
  endfacet
  facet normal  1.000000e+00  0.000000e+00  0.000000e+00
    outer loop
      vertex   8.950000e-01 -2.703536e-02  1.275882e+00
      vertex   8.950000e-01 -2.709266e-02  1.278009e+00
      vertex   8.950000e-01 -2.835855e-02  1.275227e+00
    endloop
  endfacet
  facet normal  1.000000e+00  0.000000e+00  0.000000e+00
    outer loop
      vertex   8.950000e-01 -2.703536e-02  1.275882e+00
      vertex   8.950000e-01 -2.835855e-02  1.275227e+00
      vertex   8.950000e-01 -2.724967e-02  1.275618e+00
    endloop
  endfacet
  facet normal  1.000000e+00  0.000000e+00  0.000000e+00
    outer loop
      vertex   8.950000e-01 -2.724967e-02  1.275618e+00
      vertex   8.950000e-01 -2.835855e-02  1.275227e+00
      vertex   8.950000e-01 -2.740278e-02  1.275323e+00
    endloop
  endfacet
  facet normal  1.000000e+00  0.000000e+00  0.000000e+00
    outer loop
      vertex   8.950000e-01 -2.740278e-02  1.275323e+00
      vertex   8.950000e-01 -2.835855e-02  1.275227e+00
      vertex   8.950000e-01 -2.749108e-02  1.275015e+00
    endloop
  endfacet
  facet normal  1.000000e+00  0.000000e+00  0.000000e+00
    outer loop
      vertex   8.950000e-01 -2.749108e-02  1.275015e+00
      vertex   8.950000e-01 -2.835855e-02  1.275227e+00
      vertex   8.950000e-01 -2.751863e-02  1.274715e+00
    endloop
  endfacet
  facet normal  1.000000e+00  0.000000e+00  0.000000e+00
    outer loop
      vertex   8.950000e-01 -2.751863e-02  1.274715e+00
      vertex   8.950000e-01 -2.835855e-02  1.275227e+00
      vertex   8.950000e-01 -2.749108e-02  1.274415e+00
    endloop
  endfacet
  facet normal  1.000000e+00  0.000000e+00  0.000000e+00
    outer loop
      vertex   8.950000e-01 -2.749108e-02  1.274415e+00
      vertex   8.950000e-01 -2.835855e-02  1.275227e+00
      vertex   8.950000e-01 -2.740278e-02  1.274108e+00
    endloop
  endfacet
  facet normal  1.000000e+00  0.000000e+00  0.000000e+00
    outer loop
      vertex   8.950000e-01 -2.740278e-02  1.274108e+00
      vertex   8.950000e-01 -2.835855e-02  1.275227e+00
      vertex   8.950000e-01 -2.932267e-02  1.272392e+00
    endloop
  endfacet
  facet normal  1.000000e+00  0.000000e+00  0.000000e+00
    outer loop
      vertex   8.950000e-01 -2.740278e-02  1.274108e+00
      vertex   8.950000e-01 -2.932267e-02  1.272392e+00
      vertex   8.950000e-01 -2.724967e-02  1.273812e+00
    endloop
  endfacet
  facet normal  1.000000e+00  0.000000e+00  0.000000e+00
    outer loop
      vertex   8.950000e-01 -2.724967e-02  1.273812e+00
      vertex   8.950000e-01 -2.932267e-02  1.272392e+00
      vertex   8.950000e-01 -2.703536e-02  1.273548e+00
    endloop
  endfacet
  facet normal  1.000000e+00  0.000000e+00  0.000000e+00
    outer loop
      vertex   8.950000e-01 -2.703536e-02  1.273548e+00
      vertex   8.950000e-01 -2.932267e-02  1.272392e+00
      vertex   8.950000e-01 -2.677152e-02  1.273334e+00
    endloop
  endfacet
  facet normal  1.000000e+00  0.000000e+00  0.000000e+00
    outer loop
      vertex   8.950000e-01 -2.677152e-02  1.273334e+00
      vertex   8.950000e-01 -2.932267e-02  1.272392e+00
      vertex   8.950000e-01 -2.647598e-02  1.273181e+00
    endloop
  endfacet
  facet normal  1.000000e+00  0.000000e+00  0.000000e+00
    outer loop
      vertex   8.950000e-01 -2.647598e-02  1.273181e+00
      vertex   8.950000e-01 -2.932267e-02  1.272392e+00
      vertex   8.950000e-01 -2.999082e-02  1.269550e+00
    endloop
  endfacet
  facet normal  1.000000e+00  0.000000e+00  0.000000e+00
    outer loop
      vertex   8.950000e-01 -2.647598e-02  1.273181e+00
      vertex   8.950000e-01 -2.999082e-02  1.269550e+00
      vertex   8.950000e-01 -2.616887e-02  1.273093e+00
    endloop
  endfacet
  facet normal  1.000000e+00  0.000000e+00  0.000000e+00
    outer loop
      vertex   8.950000e-01 -2.616887e-02  1.273093e+00
      vertex   8.950000e-01 -2.999082e-02  1.269550e+00
      vertex   8.950000e-01 -2.403498e-02  1.270879e+00
    endloop
  endfacet
  facet normal  1.000000e+00  0.000000e+00  0.000000e+00
    outer loop
      vertex   8.950000e-01 -2.616887e-02  1.273093e+00
      vertex   8.950000e-01 -2.403498e-02  1.270879e+00
      vertex   8.950000e-01 -2.586863e-02  1.273065e+00
    endloop
  endfacet
  facet normal  1.000000e+00 -0.000000e+00  0.000000e+00
    outer loop
      vertex   8.950000e-01 -2.586863e-02  1.273065e+00
      vertex   8.950000e-01 -2.403498e-02  1.270879e+00
      vertex   8.950000e-01 -2.556839e-02  1.273093e+00
    endloop
  endfacet
  facet normal  1.000000e+00 -0.000000e+00  0.000000e+00
    outer loop
      vertex   8.950000e-01 -2.556839e-02  1.273093e+00
      vertex   8.950000e-01 -2.403498e-02  1.270879e+00
      vertex   8.950000e-01 -2.526127e-02  1.273181e+00
    endloop
  endfacet
  facet normal  1.000000e+00 -0.000000e+00  0.000000e+00
    outer loop
      vertex   8.950000e-01 -2.526127e-02  1.273181e+00
      vertex   8.950000e-01 -2.403498e-02  1.270879e+00
      vertex   8.950000e-01 -2.496573e-02  1.273334e+00
    endloop
  endfacet
  facet normal  1.000000e+00  0.000000e+00  0.000000e+00
    outer loop
      vertex   8.950000e-01 -2.496573e-02  1.273334e+00
      vertex   8.950000e-01 -2.403498e-02  1.270879e+00
      vertex   8.950000e-01 -2.324471e-02  1.273202e+00
    endloop
  endfacet
  facet normal  1.000000e+00 -0.000000e+00  0.000000e+00
    outer loop
      vertex   8.950000e-01 -2.496573e-02  1.273334e+00
      vertex   8.950000e-01 -2.324471e-02  1.273202e+00
      vertex   8.950000e-01 -2.470190e-02  1.273548e+00
    endloop
  endfacet
  facet normal  1.000000e+00 -0.000000e+00  0.000000e+00
    outer loop
      vertex   8.950000e-01 -2.470190e-02  1.273548e+00
      vertex   8.950000e-01 -2.324471e-02  1.273202e+00
      vertex   8.950000e-01 -2.448758e-02  1.273812e+00
    endloop
  endfacet
  facet normal  1.000000e+00 -0.000000e+00  0.000000e+00
    outer loop
      vertex   8.950000e-01 -2.448758e-02  1.273812e+00
      vertex   8.950000e-01 -2.324471e-02  1.273202e+00
      vertex   8.950000e-01 -2.433448e-02  1.274108e+00
    endloop
  endfacet
  facet normal  1.000000e+00 -0.000000e+00  0.000000e+00
    outer loop
      vertex   8.950000e-01 -2.433448e-02  1.274108e+00
      vertex   8.950000e-01 -2.324471e-02  1.273202e+00
      vertex   8.950000e-01 -2.424617e-02  1.274415e+00
    endloop
  endfacet
  facet normal  1.000000e+00 -0.000000e+00  0.000000e+00
    outer loop
      vertex   8.950000e-01 -2.424617e-02  1.274415e+00
      vertex   8.950000e-01 -2.324471e-02  1.273202e+00
      vertex   8.950000e-01 -2.220710e-02  1.275482e+00
    endloop
  endfacet
  facet normal  1.000000e+00  0.000000e+00  0.000000e+00
    outer loop
      vertex   8.950000e-01 -2.424617e-02  1.274415e+00
      vertex   8.950000e-01 -2.220710e-02  1.275482e+00
      vertex   8.950000e-01 -2.421863e-02  1.274715e+00
    endloop
  endfacet
  facet normal  1.000000e+00  0.000000e+00 -0.000000e+00
    outer loop
      vertex   8.950000e-01 -2.421863e-02  1.274715e+00
      vertex   8.950000e-01 -2.220710e-02  1.275482e+00
      vertex   8.950000e-01 -2.424617e-02  1.275015e+00
    endloop
  endfacet
  facet normal  1.000000e+00  0.000000e+00 -0.000000e+00
    outer loop
      vertex   8.950000e-01 -2.424617e-02  1.275015e+00
      vertex   8.950000e-01 -2.220710e-02  1.275482e+00
      vertex   8.950000e-01 -2.433448e-02  1.275323e+00
    endloop
  endfacet
  facet normal  1.000000e+00  0.000000e+00 -0.000000e+00
    outer loop
      vertex   8.950000e-01 -2.433448e-02  1.275323e+00
      vertex   8.950000e-01 -2.220710e-02  1.275482e+00
      vertex   8.950000e-01 -2.448758e-02  1.275618e+00
    endloop
  endfacet
  facet normal  1.000000e+00 -0.000000e+00 -0.000000e+00
    outer loop
      vertex   8.950000e-01 -2.448758e-02  1.275618e+00
      vertex   8.950000e-01 -2.220710e-02  1.275482e+00
      vertex   8.950000e-01 -2.470190e-02  1.275882e+00
    endloop
  endfacet
  facet normal  1.000000e+00 -0.000000e+00  0.000000e+00
    outer loop
      vertex   8.950000e-01 -2.470190e-02  1.275882e+00
      vertex   8.950000e-01 -2.220710e-02  1.275482e+00
      vertex   8.950000e-01 -2.092489e-02  1.277680e+00
    endloop
  endfacet
  facet normal  1.000000e+00  0.000000e+00 -0.000000e+00
    outer loop
      vertex   8.950000e-01 -2.470190e-02  1.275882e+00
      vertex   8.950000e-01 -2.092489e-02  1.277680e+00
      vertex   8.950000e-01 -2.496573e-02  1.276096e+00
    endloop
  endfacet
  facet normal  1.000000e+00  0.000000e+00  0.000000e+00
    outer loop
      vertex   8.950000e-01 -2.403498e-02  1.270879e+00
      vertex   8.950000e-01 -2.999082e-02  1.269550e+00
      vertex   8.950000e-01 -2.458264e-02  1.268549e+00
    endloop
  endfacet
  facet normal  1.000000e+00  0.000000e+00  0.000000e+00
    outer loop
      vertex   8.950000e-01 -2.458264e-02  1.268549e+00
      vertex   8.950000e-01 -2.999082e-02  1.269550e+00
      vertex   8.950000e-01 -3.037663e-02  1.266741e+00
    endloop
  endfacet
  facet normal  1.000000e+00  0.000000e+00  0.000000e+00
    outer loop
      vertex   8.950000e-01 -2.458264e-02  1.268549e+00
      vertex   8.950000e-01 -3.037663e-02  1.266741e+00
      vertex   8.950000e-01 -2.489887e-02  1.266246e+00
    endloop
  endfacet
  facet normal  1.000000e+00  0.000000e+00  0.000000e+00
    outer loop
      vertex   8.950000e-01 -2.489887e-02  1.266246e+00
      vertex   8.950000e-01 -3.037663e-02  1.266741e+00
      vertex   8.950000e-01 -2.751863e-02  1.264000e+00
    endloop
  endfacet
  facet normal  1.000000e+00  0.000000e+00  0.000000e+00
    outer loop
      vertex   8.950000e-01 -2.489887e-02  1.266246e+00
      vertex   8.950000e-01 -2.751863e-02  1.264000e+00
      vertex   8.950000e-01 -2.500000e-02  1.264000e+00
    endloop
  endfacet
  facet normal  1.000000e+00  0.000000e+00  0.000000e+00
    outer loop
      vertex   8.950000e-01 -2.500000e-02  1.264000e+00
      vertex   8.950000e-01 -2.751863e-02  1.264000e+00
      vertex   8.950000e-01 -2.489887e-02  1.261754e+00
    endloop
  endfacet
  facet normal  1.000000e+00  0.000000e+00  0.000000e+00
    outer loop
      vertex   8.950000e-01 -2.489887e-02  1.261754e+00
      vertex   8.950000e-01 -2.751863e-02  1.264000e+00
      vertex   8.950000e-01 -3.037663e-02  1.261260e+00
    endloop
  endfacet
  facet normal  1.000000e+00  0.000000e+00  0.000000e+00
    outer loop
      vertex   8.950000e-01 -2.489887e-02  1.261754e+00
      vertex   8.950000e-01 -3.037663e-02  1.261260e+00
      vertex   8.950000e-01 -2.999082e-02  1.258450e+00
    endloop
  endfacet
  facet normal  1.000000e+00  0.000000e+00  0.000000e+00
    outer loop
      vertex   8.950000e-01 -3.037663e-02  1.266741e+00
      vertex   8.950000e-01 -3.050000e-02  1.264000e+00
      vertex   8.950000e-01 -2.751863e-02  1.264000e+00
    endloop
  endfacet
  facet normal  1.000000e+00  0.000000e+00  0.000000e+00
    outer loop
      vertex   8.950000e-01 -2.751863e-02  1.264000e+00
      vertex   8.950000e-01 -3.050000e-02  1.264000e+00
      vertex   8.950000e-01 -3.037663e-02  1.261260e+00
    endloop
  endfacet
  facet normal  1.000000e+00  0.000000e+00  0.000000e+00
    outer loop
      vertex   8.950000e-01 -2.489887e-02  1.261754e+00
      vertex   8.950000e-01 -2.999082e-02  1.258450e+00
      vertex   8.950000e-01 -2.458264e-02  1.259451e+00
    endloop
  endfacet
  facet normal  1.000000e+00  0.000000e+00  0.000000e+00
    outer loop
      vertex   8.950000e-01 -2.458264e-02  1.259451e+00
      vertex   8.950000e-01 -2.999082e-02  1.258450e+00
      vertex   8.950000e-01 -2.932267e-02  1.255608e+00
    endloop
  endfacet
  facet normal  1.000000e+00  0.000000e+00  0.000000e+00
    outer loop
      vertex   8.950000e-01 -2.458264e-02  1.259451e+00
      vertex   8.950000e-01 -2.932267e-02  1.255608e+00
      vertex   8.950000e-01 -2.647598e-02  1.254819e+00
    endloop
  endfacet
  facet normal  1.000000e+00  0.000000e+00  0.000000e+00
    outer loop
      vertex   8.950000e-01 -2.647598e-02  1.254819e+00
      vertex   8.950000e-01 -2.932267e-02  1.255608e+00
      vertex   8.950000e-01 -2.677152e-02  1.254666e+00
    endloop
  endfacet
  facet normal  1.000000e+00  0.000000e+00  0.000000e+00
    outer loop
      vertex   8.950000e-01 -2.677152e-02  1.254666e+00
      vertex   8.950000e-01 -2.932267e-02  1.255608e+00
      vertex   8.950000e-01 -2.703536e-02  1.254452e+00
    endloop
  endfacet
  facet normal  1.000000e+00  0.000000e+00  0.000000e+00
    outer loop
      vertex   8.950000e-01 -2.703536e-02  1.254452e+00
      vertex   8.950000e-01 -2.932267e-02  1.255608e+00
      vertex   8.950000e-01 -2.724967e-02  1.254188e+00
    endloop
  endfacet
  facet normal  1.000000e+00  0.000000e+00  0.000000e+00
    outer loop
      vertex   8.950000e-01 -2.724967e-02  1.254188e+00
      vertex   8.950000e-01 -2.932267e-02  1.255608e+00
      vertex   8.950000e-01 -2.740278e-02  1.253892e+00
    endloop
  endfacet
  facet normal  1.000000e+00  0.000000e+00  0.000000e+00
    outer loop
      vertex   8.950000e-01 -2.740278e-02  1.253892e+00
      vertex   8.950000e-01 -2.932267e-02  1.255608e+00
      vertex   8.950000e-01 -2.835855e-02  1.252773e+00
    endloop
  endfacet
  facet normal  1.000000e+00  0.000000e+00  0.000000e+00
    outer loop
      vertex   8.950000e-01 -2.740278e-02  1.253892e+00
      vertex   8.950000e-01 -2.835855e-02  1.252773e+00
      vertex   8.950000e-01 -2.749108e-02  1.253585e+00
    endloop
  endfacet
  facet normal  1.000000e+00  0.000000e+00  0.000000e+00
    outer loop
      vertex   8.950000e-01 -2.749108e-02  1.253585e+00
      vertex   8.950000e-01 -2.835855e-02  1.252773e+00
      vertex   8.950000e-01 -2.751863e-02  1.253285e+00
    endloop
  endfacet
  facet normal  1.000000e+00  0.000000e+00  0.000000e+00
    outer loop
      vertex   8.950000e-01 -2.751863e-02  1.253285e+00
      vertex   8.950000e-01 -2.835855e-02  1.252773e+00
      vertex   8.950000e-01 -2.749108e-02  1.252985e+00
    endloop
  endfacet
  facet normal  1.000000e+00  0.000000e+00  0.000000e+00
    outer loop
      vertex   8.950000e-01 -2.749108e-02  1.252985e+00
      vertex   8.950000e-01 -2.835855e-02  1.252773e+00
      vertex   8.950000e-01 -2.740278e-02  1.252678e+00
    endloop
  endfacet
  facet normal  1.000000e+00  0.000000e+00  0.000000e+00
    outer loop
      vertex   8.950000e-01 -2.740278e-02  1.252678e+00
      vertex   8.950000e-01 -2.835855e-02  1.252773e+00
      vertex   8.950000e-01 -2.724967e-02  1.252382e+00
    endloop
  endfacet
  facet normal  1.000000e+00  0.000000e+00  0.000000e+00
    outer loop
      vertex   8.950000e-01 -2.724967e-02  1.252382e+00
      vertex   8.950000e-01 -2.835855e-02  1.252773e+00
      vertex   8.950000e-01 -2.703536e-02  1.252118e+00
    endloop
  endfacet
  facet normal  1.000000e+00  0.000000e+00  0.000000e+00
    outer loop
      vertex   8.950000e-01 -2.703536e-02  1.252118e+00
      vertex   8.950000e-01 -2.835855e-02  1.252773e+00
      vertex   8.950000e-01 -2.709266e-02  1.249992e+00
    endloop
  endfacet
  facet normal  1.000000e+00  0.000000e+00  0.000000e+00
    outer loop
      vertex   8.950000e-01 -2.703536e-02  1.252118e+00
      vertex   8.950000e-01 -2.709266e-02  1.249992e+00
      vertex   8.950000e-01 -2.677152e-02  1.251904e+00
    endloop
  endfacet
  facet normal  1.000000e+00  0.000000e+00  0.000000e+00
    outer loop
      vertex   8.950000e-01 -2.677152e-02  1.251904e+00
      vertex   8.950000e-01 -2.709266e-02  1.249992e+00
      vertex   8.950000e-01 -2.647598e-02  1.251751e+00
    endloop
  endfacet
  facet normal  1.000000e+00  0.000000e+00  0.000000e+00
    outer loop
      vertex   8.950000e-01 -2.647598e-02  1.251751e+00
      vertex   8.950000e-01 -2.709266e-02  1.249992e+00
      vertex   8.950000e-01 -2.616887e-02  1.251662e+00
    endloop
  endfacet
  facet normal  1.000000e+00  0.000000e+00  0.000000e+00
    outer loop
      vertex   8.950000e-01 -2.616887e-02  1.251662e+00
      vertex   8.950000e-01 -2.709266e-02  1.249992e+00
      vertex   8.950000e-01 -2.586863e-02  1.251635e+00
    endloop
  endfacet
  facet normal  1.000000e+00 -0.000000e+00  0.000000e+00
    outer loop
      vertex   8.950000e-01 -2.586863e-02  1.251635e+00
      vertex   8.950000e-01 -2.709266e-02  1.249992e+00
      vertex   8.950000e-01 -2.556839e-02  1.251662e+00
    endloop
  endfacet
  facet normal  1.000000e+00  0.000000e+00  0.000000e+00
    outer loop
      vertex   8.950000e-01 -2.556839e-02  1.251662e+00
      vertex   8.950000e-01 -2.709266e-02  1.249992e+00
      vertex   8.950000e-01 -2.552837e-02  1.247310e+00
    endloop
  endfacet
  facet normal  1.000000e+00 -0.000000e+00  0.000000e+00
    outer loop
      vertex   8.950000e-01 -2.556839e-02  1.251662e+00
      vertex   8.950000e-01 -2.552837e-02  1.247310e+00
      vertex   8.950000e-01 -2.526127e-02  1.251751e+00
    endloop
  endfacet
  facet normal  1.000000e+00 -0.000000e+00  0.000000e+00
    outer loop
      vertex   8.950000e-01 -2.526127e-02  1.251751e+00
      vertex   8.950000e-01 -2.552837e-02  1.247310e+00
      vertex   8.950000e-01 -2.496573e-02  1.251904e+00
    endloop
  endfacet
  facet normal  1.000000e+00  0.000000e+00  0.000000e+00
    outer loop
      vertex   8.950000e-01 -2.496573e-02  1.251904e+00
      vertex   8.950000e-01 -2.552837e-02  1.247310e+00
      vertex   8.950000e-01 -2.092489e-02  1.250320e+00
    endloop
  endfacet
  facet normal  1.000000e+00 -0.000000e+00  0.000000e+00
    outer loop
      vertex   8.950000e-01 -2.496573e-02  1.251904e+00
      vertex   8.950000e-01 -2.092489e-02  1.250320e+00
      vertex   8.950000e-01 -2.470190e-02  1.252118e+00
    endloop
  endfacet
  facet normal  1.000000e+00 -0.000000e+00  0.000000e+00
    outer loop
      vertex   8.950000e-01 -2.470190e-02  1.252118e+00
      vertex   8.950000e-01 -2.092489e-02  1.250320e+00
      vertex   8.950000e-01 -2.220710e-02  1.252518e+00
    endloop
  endfacet
  facet normal  1.000000e+00  0.000000e+00  0.000000e+00
    outer loop
      vertex   8.950000e-01 -2.470190e-02  1.252118e+00
      vertex   8.950000e-01 -2.220710e-02  1.252518e+00
      vertex   8.950000e-01 -2.448758e-02  1.252382e+00
    endloop
  endfacet
  facet normal  1.000000e+00  0.000000e+00  0.000000e+00
    outer loop
      vertex   8.950000e-01 -2.448758e-02  1.252382e+00
      vertex   8.950000e-01 -2.220710e-02  1.252518e+00
      vertex   8.950000e-01 -2.433448e-02  1.252678e+00
    endloop
  endfacet
  facet normal  1.000000e+00 -0.000000e+00  0.000000e+00
    outer loop
      vertex   8.950000e-01 -2.433448e-02  1.252678e+00
      vertex   8.950000e-01 -2.220710e-02  1.252518e+00
      vertex   8.950000e-01 -2.424617e-02  1.252985e+00
    endloop
  endfacet
  facet normal  1.000000e+00 -0.000000e+00  0.000000e+00
    outer loop
      vertex   8.950000e-01 -2.424617e-02  1.252985e+00
      vertex   8.950000e-01 -2.220710e-02  1.252518e+00
      vertex   8.950000e-01 -2.421863e-02  1.253285e+00
    endloop
  endfacet
  facet normal  1.000000e+00 -0.000000e+00 -0.000000e+00
    outer loop
      vertex   8.950000e-01 -2.421863e-02  1.253285e+00
      vertex   8.950000e-01 -2.220710e-02  1.252518e+00
      vertex   8.950000e-01 -2.424617e-02  1.253585e+00
    endloop
  endfacet
  facet normal  1.000000e+00 -0.000000e+00  0.000000e+00
    outer loop
      vertex   8.950000e-01 -2.424617e-02  1.253585e+00
      vertex   8.950000e-01 -2.220710e-02  1.252518e+00
      vertex   8.950000e-01 -2.324471e-02  1.254798e+00
    endloop
  endfacet
  facet normal  1.000000e+00  0.000000e+00 -0.000000e+00
    outer loop
      vertex   8.950000e-01 -2.424617e-02  1.253585e+00
      vertex   8.950000e-01 -2.324471e-02  1.254798e+00
      vertex   8.950000e-01 -2.433448e-02  1.253892e+00
    endloop
  endfacet
  facet normal  1.000000e+00  0.000000e+00 -0.000000e+00
    outer loop
      vertex   8.950000e-01 -2.433448e-02  1.253892e+00
      vertex   8.950000e-01 -2.324471e-02  1.254798e+00
      vertex   8.950000e-01 -2.448758e-02  1.254188e+00
    endloop
  endfacet
  facet normal  1.000000e+00  0.000000e+00 -0.000000e+00
    outer loop
      vertex   8.950000e-01 -2.448758e-02  1.254188e+00
      vertex   8.950000e-01 -2.324471e-02  1.254798e+00
      vertex   8.950000e-01 -2.470190e-02  1.254452e+00
    endloop
  endfacet
  facet normal  1.000000e+00  0.000000e+00 -0.000000e+00
    outer loop
      vertex   8.950000e-01 -2.470190e-02  1.254452e+00
      vertex   8.950000e-01 -2.324471e-02  1.254798e+00
      vertex   8.950000e-01 -2.496573e-02  1.254666e+00
    endloop
  endfacet
  facet normal  1.000000e+00  0.000000e+00  0.000000e+00
    outer loop
      vertex   8.950000e-01 -2.496573e-02  1.254666e+00
      vertex   8.950000e-01 -2.324471e-02  1.254798e+00
      vertex   8.950000e-01 -2.403498e-02  1.257121e+00
    endloop
  endfacet
  facet normal  1.000000e+00  0.000000e+00 -0.000000e+00
    outer loop
      vertex   8.950000e-01 -2.496573e-02  1.254666e+00
      vertex   8.950000e-01 -2.403498e-02  1.257121e+00
      vertex   8.950000e-01 -2.526127e-02  1.254819e+00
    endloop
  endfacet
  facet normal  1.000000e+00  0.000000e+00 -0.000000e+00
    outer loop
      vertex   8.950000e-01 -2.526127e-02  1.254819e+00
      vertex   8.950000e-01 -2.403498e-02  1.257121e+00
      vertex   8.950000e-01 -2.556839e-02  1.254907e+00
    endloop
  endfacet
  facet normal  1.000000e+00  0.000000e+00 -0.000000e+00
    outer loop
      vertex   8.950000e-01 -2.556839e-02  1.254907e+00
      vertex   8.950000e-01 -2.403498e-02  1.257121e+00
      vertex   8.950000e-01 -2.586863e-02  1.254935e+00
    endloop
  endfacet
  facet normal  1.000000e+00  0.000000e+00 -0.000000e+00
    outer loop
      vertex   8.950000e-01 -2.586863e-02  1.254935e+00
      vertex   8.950000e-01 -2.403498e-02  1.257121e+00
      vertex   8.950000e-01 -2.616887e-02  1.254907e+00
    endloop
  endfacet
  facet normal  1.000000e+00  0.000000e+00  0.000000e+00
    outer loop
      vertex   8.950000e-01 -2.616887e-02  1.254907e+00
      vertex   8.950000e-01 -2.403498e-02  1.257121e+00
      vertex   8.950000e-01 -2.458264e-02  1.259451e+00
    endloop
  endfacet
  facet normal  1.000000e+00  0.000000e+00 -0.000000e+00
    outer loop
      vertex   8.950000e-01 -2.616887e-02  1.254907e+00
      vertex   8.950000e-01 -2.458264e-02  1.259451e+00
      vertex   8.950000e-01 -2.647598e-02  1.254819e+00
    endloop
  endfacet
  facet normal  1.000000e+00 -0.000000e+00  0.000000e+00
    outer loop
      vertex   8.950000e-01 -2.552837e-02  1.247310e+00
      vertex   8.950000e-01 -2.367877e-02  1.244776e+00
      vertex   8.950000e-01 -2.092489e-02  1.250320e+00
    endloop
  endfacet
  facet normal  1.000000e+00  0.000000e+00  0.000000e+00
    outer loop
      vertex   8.950000e-01 -2.092489e-02  1.250320e+00
      vertex   8.950000e-01 -2.367877e-02  1.244776e+00
      vertex   8.950000e-01 -1.940883e-02  1.248243e+00
    endloop
  endfacet
  facet normal  1.000000e+00  0.000000e+00  0.000000e+00
    outer loop
      vertex   8.950000e-01 -1.940883e-02  1.248243e+00
      vertex   8.950000e-01 -2.367877e-02  1.244776e+00
      vertex   8.950000e-01 -2.156676e-02  1.242433e+00
    endloop
  endfacet
  facet normal  1.000000e+00  0.000000e+00  0.000000e+00
    outer loop
      vertex   8.950000e-01 -1.940883e-02  1.248243e+00
      vertex   8.950000e-01 -2.156676e-02  1.242433e+00
      vertex   8.950000e-01 -1.767767e-02  1.246322e+00
    endloop
  endfacet
  facet normal  1.000000e+00  0.000000e+00  0.000000e+00
    outer loop
      vertex   8.950000e-01 -1.767767e-02  1.246322e+00
      vertex   8.950000e-01 -2.156676e-02  1.242433e+00
      vertex   8.950000e-01 -1.922409e-02  1.240321e+00
    endloop
  endfacet
  facet normal  1.000000e+00  0.000000e+00  0.000000e+00
    outer loop
      vertex   8.950000e-01 -1.767767e-02  1.246322e+00
      vertex   8.950000e-01 -1.922409e-02  1.240321e+00
      vertex   8.950000e-01 -1.575745e-02  1.244591e+00
    endloop
  endfacet
  facet normal  1.000000e+00  0.000000e+00  0.000000e+00
    outer loop
      vertex   8.950000e-01 -1.575745e-02  1.244591e+00
      vertex   8.950000e-01 -1.922409e-02  1.240321e+00
      vertex   8.950000e-01 -1.668990e-02  1.238472e+00
    endloop
  endfacet
  facet normal  1.000000e+00  0.000000e+00  0.000000e+00
    outer loop
      vertex   8.950000e-01 -1.575745e-02  1.244591e+00
      vertex   8.950000e-01 -1.668990e-02  1.238472e+00
      vertex   8.950000e-01 -1.368024e-02  1.243075e+00
    endloop
  endfacet
  facet normal  1.000000e+00  0.000000e+00  0.000000e+00
    outer loop
      vertex   8.950000e-01 -1.368024e-02  1.243075e+00
      vertex   8.950000e-01 -1.668990e-02  1.238472e+00
      vertex   8.950000e-01 -1.209618e-02  1.239034e+00
    endloop
  endfacet
  facet normal  1.000000e+00  0.000000e+00  0.000000e+00
    outer loop
      vertex   8.950000e-01 -1.368024e-02  1.243075e+00
      vertex   8.950000e-01 -1.209618e-02  1.239034e+00
      vertex   8.950000e-01 -1.188186e-02  1.239298e+00
    endloop
  endfacet
  facet normal  1.000000e+00  0.000000e+00 -0.000000e+00
    outer loop
      vertex   8.950000e-01 -1.400849e-02  1.236907e+00
      vertex   8.950000e-01 -1.233759e-02  1.238432e+00
      vertex   8.950000e-01 -1.668990e-02  1.238472e+00
    endloop
  endfacet
  facet normal  1.000000e+00 -0.000000e+00  0.000000e+00
    outer loop
      vertex   8.950000e-01 -1.668990e-02  1.238472e+00
      vertex   8.950000e-01 -1.233759e-02  1.238432e+00
      vertex   8.950000e-01 -1.224929e-02  1.238739e+00
    endloop
  endfacet
  facet normal  1.000000e+00  0.000000e+00  0.000000e+00
    outer loop
      vertex   8.950000e-01 -1.668990e-02  1.238472e+00
      vertex   8.950000e-01 -1.224929e-02  1.238739e+00
      vertex   8.950000e-01 -1.209618e-02  1.239034e+00
    endloop
  endfacet
  facet normal  1.000000e+00  0.000000e+00  0.000000e+00
    outer loop
      vertex   8.950000e-01 -1.122689e-02  1.235642e+00
      vertex   8.950000e-01 -1.188186e-02  1.236965e+00
      vertex   8.950000e-01 -1.400849e-02  1.236907e+00
    endloop
  endfacet
  facet normal  1.000000e+00  0.000000e+00  0.000000e+00
    outer loop
      vertex   8.950000e-01 -1.400849e-02  1.236907e+00
      vertex   8.950000e-01 -1.188186e-02  1.236965e+00
      vertex   8.950000e-01 -1.209618e-02  1.237229e+00
    endloop
  endfacet
  facet normal  1.000000e+00  0.000000e+00  0.000000e+00
    outer loop
      vertex   8.950000e-01 -1.400849e-02  1.236907e+00
      vertex   8.950000e-01 -1.209618e-02  1.237229e+00
      vertex   8.950000e-01 -1.224929e-02  1.237524e+00
    endloop
  endfacet
  facet normal  1.000000e+00  0.000000e+00  0.000000e+00
    outer loop
      vertex   8.950000e-01 -8.392327e-03  1.234677e+00
      vertex   8.950000e-01 -1.010778e-02  1.236597e+00
      vertex   8.950000e-01 -1.122689e-02  1.235642e+00
    endloop
  endfacet
  facet normal  1.000000e+00  0.000000e+00  0.000000e+00
    outer loop
      vertex   8.950000e-01 -1.122689e-02  1.235642e+00
      vertex   8.950000e-01 -1.010778e-02  1.236597e+00
      vertex   8.950000e-01 -1.041490e-02  1.236509e+00
    endloop
  endfacet
  facet normal  1.000000e+00  0.000000e+00  0.000000e+00
    outer loop
      vertex   8.950000e-01 -1.122689e-02  1.235642e+00
      vertex   8.950000e-01 -1.041490e-02  1.236509e+00
      vertex   8.950000e-01 -1.071514e-02  1.236481e+00
    endloop
  endfacet
  facet normal  1.000000e+00  0.000000e+00  0.000000e+00
    outer loop
      vertex   8.950000e-01 -5.549874e-03  1.234009e+00
      vertex   8.950000e-01 -9.180986e-03  1.237524e+00
      vertex   8.950000e-01 -8.392327e-03  1.234677e+00
    endloop
  endfacet
  facet normal  1.000000e+00  0.000000e+00  0.000000e+00
    outer loop
      vertex   8.950000e-01 -8.392327e-03  1.234677e+00
      vertex   8.950000e-01 -9.180986e-03  1.237524e+00
      vertex   8.950000e-01 -9.334094e-03  1.237229e+00
    endloop
  endfacet
  facet normal  1.000000e+00  0.000000e+00  0.000000e+00
    outer loop
      vertex   8.950000e-01 -8.392327e-03  1.234677e+00
      vertex   8.950000e-01 -9.334094e-03  1.237229e+00
      vertex   8.950000e-01 -9.548411e-03  1.236965e+00
    endloop
  endfacet
  facet normal  1.000000e+00  0.000000e+00  0.000000e+00
    outer loop
      vertex   8.950000e-01 -2.740561e-03  1.233623e+00
      vertex   8.950000e-01 -4.549077e-03  1.239417e+00
      vertex   8.950000e-01 -5.549874e-03  1.234009e+00
    endloop
  endfacet
  facet normal  1.000000e+00  0.000000e+00 -0.000000e+00
    outer loop
      vertex   8.950000e-01 -5.549874e-03  1.234009e+00
      vertex   8.950000e-01 -4.549077e-03  1.239417e+00
      vertex   8.950000e-01 -6.878956e-03  1.239965e+00
    endloop
  endfacet
  facet normal  1.000000e+00  0.000000e+00  0.000000e+00
    outer loop
      vertex   8.950000e-01 -5.549874e-03  1.234009e+00
      vertex   8.950000e-01 -6.878956e-03  1.239965e+00
      vertex   8.950000e-01 -9.092683e-03  1.237831e+00
    endloop
  endfacet
  facet normal  1.000000e+00  0.000000e+00  0.000000e+00
    outer loop
      vertex   8.950000e-01 -9.092683e-03  1.237831e+00
      vertex   8.950000e-01 -6.878956e-03  1.239965e+00
      vertex   8.950000e-01 -9.065137e-03  1.238132e+00
    endloop
  endfacet
  facet normal  1.000000e+00  0.000000e+00 -0.000000e+00
    outer loop
      vertex   8.950000e-01 -9.065137e-03  1.238132e+00
      vertex   8.950000e-01 -6.878956e-03  1.239965e+00
      vertex   8.950000e-01 -9.092683e-03  1.238432e+00
    endloop
  endfacet
  facet normal  1.000000e+00  0.000000e+00 -0.000000e+00
    outer loop
      vertex   8.950000e-01 -9.092683e-03  1.238432e+00
      vertex   8.950000e-01 -6.878956e-03  1.239965e+00
      vertex   8.950000e-01 -9.180986e-03  1.238739e+00
    endloop
  endfacet
  facet normal  1.000000e+00  0.000000e+00 -0.000000e+00
    outer loop
      vertex   8.950000e-01 -9.180986e-03  1.238739e+00
      vertex   8.950000e-01 -6.878956e-03  1.239965e+00
      vertex   8.950000e-01 -9.334094e-03  1.239034e+00
    endloop
  endfacet
  facet normal  1.000000e+00  0.000000e+00  0.000000e+00
    outer loop
      vertex   8.950000e-01 -9.334094e-03  1.239034e+00
      vertex   8.950000e-01 -6.878956e-03  1.239965e+00
      vertex   8.950000e-01 -9.202369e-03  1.240755e+00
    endloop
  endfacet
  facet normal  1.000000e+00  0.000000e+00 -0.000000e+00
    outer loop
      vertex   8.950000e-01 -9.334094e-03  1.239034e+00
      vertex   8.950000e-01 -9.202369e-03  1.240755e+00
      vertex   8.950000e-01 -9.548411e-03  1.239298e+00
    endloop
  endfacet
  facet normal  1.000000e+00  0.000000e+00 -0.000000e+00
    outer loop
      vertex   8.950000e-01 -9.548411e-03  1.239298e+00
      vertex   8.950000e-01 -9.202369e-03  1.240755e+00
      vertex   8.950000e-01 -9.812240e-03  1.239512e+00
    endloop
  endfacet
  facet normal  1.000000e+00  0.000000e+00 -0.000000e+00
    outer loop
      vertex   8.950000e-01 -9.812240e-03  1.239512e+00
      vertex   8.950000e-01 -9.202369e-03  1.240755e+00
      vertex   8.950000e-01 -1.010778e-02  1.239666e+00
    endloop
  endfacet
  facet normal  1.000000e+00  0.000000e+00 -0.000000e+00
    outer loop
      vertex   8.950000e-01 -1.010778e-02  1.239666e+00
      vertex   8.950000e-01 -9.202369e-03  1.240755e+00
      vertex   8.950000e-01 -1.041490e-02  1.239754e+00
    endloop
  endfacet
  facet normal  1.000000e+00  0.000000e+00 -0.000000e+00
    outer loop
      vertex   8.950000e-01 -1.041490e-02  1.239754e+00
      vertex   8.950000e-01 -9.202369e-03  1.240755e+00
      vertex   8.950000e-01 -1.148237e-02  1.241793e+00
    endloop
  endfacet
  facet normal  1.000000e+00  0.000000e+00  0.000000e+00
    outer loop
      vertex   8.950000e-01 -1.041490e-02  1.239754e+00
      vertex   8.950000e-01 -1.148237e-02  1.241793e+00
      vertex   8.950000e-01 -1.071514e-02  1.239781e+00
    endloop
  endfacet
  facet normal  1.000000e+00  0.000000e+00  0.000000e+00
    outer loop
      vertex   8.950000e-01 -1.071514e-02  1.239781e+00
      vertex   8.950000e-01 -1.148237e-02  1.241793e+00
      vertex   8.950000e-01 -1.101538e-02  1.239754e+00
    endloop
  endfacet
  facet normal  1.000000e+00  0.000000e+00  0.000000e+00
    outer loop
      vertex   8.950000e-01 -1.101538e-02  1.239754e+00
      vertex   8.950000e-01 -1.148237e-02  1.241793e+00
      vertex   8.950000e-01 -1.132249e-02  1.239666e+00
    endloop
  endfacet
  facet normal  1.000000e+00  0.000000e+00  0.000000e+00
    outer loop
      vertex   8.950000e-01 -1.132249e-02  1.239666e+00
      vertex   8.950000e-01 -1.148237e-02  1.241793e+00
      vertex   8.950000e-01 -1.161803e-02  1.239512e+00
    endloop
  endfacet
  facet normal  1.000000e+00  0.000000e+00 -0.000000e+00
    outer loop
      vertex   8.950000e-01 -1.161803e-02  1.239512e+00
      vertex   8.950000e-01 -1.148237e-02  1.241793e+00
      vertex   8.950000e-01 -1.188186e-02  1.239298e+00
    endloop
  endfacet
  facet normal  1.000000e+00  0.000000e+00 -0.000000e+00
    outer loop
      vertex   8.950000e-01 -1.188186e-02  1.239298e+00
      vertex   8.950000e-01 -1.148237e-02  1.241793e+00
      vertex   8.950000e-01 -1.368024e-02  1.243075e+00
    endloop
  endfacet
  facet normal  1.000000e+00  0.000000e+00  0.000000e+00
    outer loop
      vertex   8.950000e-01 -1.966611e-03  1.291636e+00
      vertex   8.950000e-01 -2.000000e-03  1.292000e+00
      vertex   8.950000e-01 -5.549874e-03  1.293991e+00
    endloop
  endfacet
  facet normal  1.000000e+00  0.000000e+00  0.000000e+00
    outer loop
      vertex   8.950000e-01 -5.549874e-03  1.293991e+00
      vertex   8.950000e-01 -2.000000e-03  1.292000e+00
      vertex   8.950000e-01 -1.966611e-03  1.292364e+00
    endloop
  endfacet
  facet normal  1.000000e+00  0.000000e+00 -0.000000e+00
    outer loop
      vertex   8.950000e-01 -1.673991e-03  1.293095e+00
      vertex   8.950000e-01 -1.414214e-03  1.293414e+00
      vertex   8.950000e-01 -2.740561e-03  1.294377e+00
    endloop
  endfacet
  facet normal  1.000000e+00  0.000000e+00  0.000000e+00
    outer loop
      vertex   8.950000e-01 -2.740561e-03  1.294377e+00
      vertex   8.950000e-01 -1.414214e-03  1.293414e+00
      vertex   8.950000e-01 -1.094420e-03  1.293674e+00
    endloop
  endfacet
  facet normal  1.000000e+00  0.000000e+00  0.000000e+00
    outer loop
      vertex   8.950000e-01 -2.740561e-03  1.294377e+00
      vertex   8.950000e-01 -1.094420e-03  1.293674e+00
      vertex   8.950000e-01 -7.361895e-04  1.293860e+00
    endloop
  endfacet
  facet normal  1.000000e+00 -0.000000e+00  0.000000e+00
    outer loop
      vertex   8.950000e-01  9.231068e-17  1.294000e+00
      vertex   8.950000e-01  3.639261e-04  1.293967e+00
      vertex   8.950000e-01  1.974809e-16  1.294500e+00
    endloop
  endfacet
  facet normal  1.000000e+00  0.000000e+00  0.000000e+00
    outer loop
      vertex   8.950000e-01  1.974809e-16  1.294500e+00
      vertex   8.950000e-01  3.639261e-04  1.293967e+00
      vertex   8.950000e-01  7.361895e-04  1.293860e+00
    endloop
  endfacet
  facet normal  1.000000e+00 -0.000000e+00  0.000000e+00
    outer loop
      vertex   8.950000e-01  1.414214e-03  1.293414e+00
      vertex   8.950000e-01  1.673991e-03  1.293095e+00
      vertex   8.950000e-01  2.740561e-03  1.294377e+00
    endloop
  endfacet
  facet normal  1.000000e+00  0.000000e+00  0.000000e+00
    outer loop
      vertex   8.950000e-01  2.740561e-03  1.294377e+00
      vertex   8.950000e-01  1.673991e-03  1.293095e+00
      vertex   8.950000e-01  1.859577e-03  1.292736e+00
    endloop
  endfacet
  facet normal  1.000000e+00  0.000000e+00  0.000000e+00
    outer loop
      vertex   8.950000e-01  2.740561e-03  1.294377e+00
      vertex   8.950000e-01  1.859577e-03  1.292736e+00
      vertex   8.950000e-01  1.966611e-03  1.292364e+00
    endloop
  endfacet
  facet normal  1.000000e+00  0.000000e+00  0.000000e+00
    outer loop
      vertex   8.950000e-01  5.549874e-03  1.293991e+00
      vertex   8.950000e-01  1.966611e-03  1.291636e+00
      vertex   8.950000e-01  4.549077e-03  1.288583e+00
    endloop
  endfacet
  facet normal  1.000000e+00  0.000000e+00  0.000000e+00
    outer loop
      vertex   8.950000e-01  4.549077e-03  1.288583e+00
      vertex   8.950000e-01  1.966611e-03  1.291636e+00
      vertex   8.950000e-01  1.859577e-03  1.291264e+00
    endloop
  endfacet
  facet normal  1.000000e+00  0.000000e+00  0.000000e+00
    outer loop
      vertex   8.950000e-01  4.549077e-03  1.288583e+00
      vertex   8.950000e-01  1.859577e-03  1.291264e+00
      vertex   8.950000e-01  2.246361e-03  1.288899e+00
    endloop
  endfacet
  facet normal  1.000000e+00  0.000000e+00  0.000000e+00
    outer loop
      vertex   8.950000e-01  2.246361e-03  1.288899e+00
      vertex   8.950000e-01  1.859577e-03  1.291264e+00
      vertex   8.950000e-01  1.673991e-03  1.290906e+00
    endloop
  endfacet
  facet normal  1.000000e+00  0.000000e+00  0.000000e+00
    outer loop
      vertex   8.950000e-01  2.246361e-03  1.288899e+00
      vertex   8.950000e-01  1.673991e-03  1.290906e+00
      vertex   8.950000e-01  1.414214e-03  1.290586e+00
    endloop
  endfacet
  facet normal  1.000000e+00  0.000000e+00  0.000000e+00
    outer loop
      vertex   8.950000e-01  1.414214e-03  1.290586e+00
      vertex   8.950000e-01  1.094420e-03  1.290326e+00
      vertex   8.950000e-01  2.246361e-03  1.288899e+00
    endloop
  endfacet
  facet normal  1.000000e+00  0.000000e+00  0.000000e+00
    outer loop
      vertex   8.950000e-01  2.246361e-03  1.288899e+00
      vertex   8.950000e-01  1.094420e-03  1.290326e+00
      vertex   8.950000e-01  7.361895e-04  1.290141e+00
    endloop
  endfacet
  facet normal  1.000000e+00  0.000000e+00  0.000000e+00
    outer loop
      vertex   8.950000e-01  2.246361e-03  1.288899e+00
      vertex   8.950000e-01  7.361895e-04  1.290141e+00
      vertex   8.950000e-01  1.996863e-16  1.289000e+00
    endloop
  endfacet
  facet normal  1.000000e+00  0.000000e+00  0.000000e+00
    outer loop
      vertex   8.950000e-01  1.996863e-16  1.289000e+00
      vertex   8.950000e-01  7.361895e-04  1.290141e+00
      vertex   8.950000e-01  3.639261e-04  1.290033e+00
    endloop
  endfacet
  facet normal  1.000000e+00  0.000000e+00 -0.000000e+00
    outer loop
      vertex   8.950000e-01  1.996863e-16  1.289000e+00
      vertex   8.950000e-01  3.639261e-04  1.290033e+00
      vertex   8.950000e-01  9.206576e-17  1.290000e+00
    endloop
  endfacet
  facet normal  1.000000e+00  0.000000e+00  0.000000e+00
    outer loop
      vertex   8.950000e-01  9.206576e-17  1.290000e+00
      vertex   8.950000e-01 -3.639261e-04  1.290033e+00
      vertex   8.950000e-01  1.996863e-16  1.289000e+00
    endloop
  endfacet
  facet normal  1.000000e+00  0.000000e+00  0.000000e+00
    outer loop
      vertex   8.950000e-01  1.996863e-16  1.289000e+00
      vertex   8.950000e-01 -3.639261e-04  1.290033e+00
      vertex   8.950000e-01 -7.361895e-04  1.290141e+00
    endloop
  endfacet
  facet normal  1.000000e+00  0.000000e+00  0.000000e+00
    outer loop
      vertex   8.950000e-01  1.996863e-16  1.289000e+00
      vertex   8.950000e-01 -7.361895e-04  1.290141e+00
      vertex   8.950000e-01 -2.246361e-03  1.288899e+00
    endloop
  endfacet
  facet normal  1.000000e+00  0.000000e+00  0.000000e+00
    outer loop
      vertex   8.950000e-01 -2.246361e-03  1.288899e+00
      vertex   8.950000e-01 -7.361895e-04  1.290141e+00
      vertex   8.950000e-01 -1.094420e-03  1.290326e+00
    endloop
  endfacet
  facet normal  1.000000e+00  0.000000e+00  0.000000e+00
    outer loop
      vertex   8.950000e-01 -2.246361e-03  1.288899e+00
      vertex   8.950000e-01 -1.094420e-03  1.290326e+00
      vertex   8.950000e-01 -1.414214e-03  1.290586e+00
    endloop
  endfacet
  facet normal  1.000000e+00  0.000000e+00  0.000000e+00
    outer loop
      vertex   8.950000e-01 -1.414214e-03  1.290586e+00
      vertex   8.950000e-01 -1.673991e-03  1.290906e+00
      vertex   8.950000e-01 -2.246361e-03  1.288899e+00
    endloop
  endfacet
  facet normal  1.000000e+00  0.000000e+00  0.000000e+00
    outer loop
      vertex   8.950000e-01 -2.246361e-03  1.288899e+00
      vertex   8.950000e-01 -1.673991e-03  1.290906e+00
      vertex   8.950000e-01 -1.859577e-03  1.291264e+00
    endloop
  endfacet
  facet normal  1.000000e+00  0.000000e+00 -0.000000e+00
    outer loop
      vertex   8.950000e-01 -2.246361e-03  1.288899e+00
      vertex   8.950000e-01 -1.859577e-03  1.291264e+00
      vertex   8.950000e-01 -4.549077e-03  1.288583e+00
    endloop
  endfacet
  facet normal  1.000000e+00  0.000000e+00  0.000000e+00
    outer loop
      vertex   8.950000e-01 -4.549077e-03  1.288583e+00
      vertex   8.950000e-01 -1.859577e-03  1.291264e+00
      vertex   8.950000e-01 -1.966611e-03  1.291636e+00
    endloop
  endfacet
  facet normal  1.000000e+00  0.000000e+00 -0.000000e+00
    outer loop
      vertex   8.950000e-01 -4.549077e-03  1.288583e+00
      vertex   8.950000e-01 -1.966611e-03  1.291636e+00
      vertex   8.950000e-01 -5.549874e-03  1.293991e+00
    endloop
  endfacet
  facet normal  1.000000e+00  0.000000e+00 -0.000000e+00
    outer loop
      vertex   8.950000e-01 -1.233759e-02  1.290169e+00
      vertex   8.950000e-01 -1.224929e-02  1.290476e+00
      vertex   8.950000e-01 -1.400849e-02  1.291093e+00
    endloop
  endfacet
  facet normal  1.000000e+00  0.000000e+00  0.000000e+00
    outer loop
      vertex   8.950000e-01 -1.400849e-02  1.291093e+00
      vertex   8.950000e-01 -1.224929e-02  1.290476e+00
      vertex   8.950000e-01 -1.209618e-02  1.290772e+00
    endloop
  endfacet
  facet normal  1.000000e+00  0.000000e+00  0.000000e+00
    outer loop
      vertex   8.950000e-01 -1.400849e-02  1.291093e+00
      vertex   8.950000e-01 -1.209618e-02  1.290772e+00
      vertex   8.950000e-01 -1.188186e-02  1.291035e+00
    endloop
  endfacet
  facet normal  1.000000e+00  0.000000e+00  0.000000e+00
    outer loop
      vertex   8.950000e-01 -1.132249e-02  1.291403e+00
      vertex   8.950000e-01 -1.101538e-02  1.291491e+00
      vertex   8.950000e-01 -1.122689e-02  1.292359e+00
    endloop
  endfacet
  facet normal  1.000000e+00  0.000000e+00  0.000000e+00
    outer loop
      vertex   8.950000e-01 -1.122689e-02  1.292359e+00
      vertex   8.950000e-01 -1.101538e-02  1.291491e+00
      vertex   8.950000e-01 -1.071514e-02  1.291519e+00
    endloop
  endfacet
  facet normal  1.000000e+00  0.000000e+00  0.000000e+00
    outer loop
      vertex   8.950000e-01 -1.122689e-02  1.292359e+00
      vertex   8.950000e-01 -1.071514e-02  1.291519e+00
      vertex   8.950000e-01 -1.041490e-02  1.291491e+00
    endloop
  endfacet
  facet normal  1.000000e+00 -0.000000e+00 -0.000000e+00
    outer loop
      vertex   8.950000e-01 -1.041490e-02  1.291491e+00
      vertex   8.950000e-01 -1.010778e-02  1.291403e+00
      vertex   8.950000e-01 -1.122689e-02  1.292359e+00
    endloop
  endfacet
  facet normal  1.000000e+00 -0.000000e+00  0.000000e+00
    outer loop
      vertex   8.950000e-01 -9.548411e-03  1.291035e+00
      vertex   8.950000e-01 -9.334094e-03  1.290772e+00
      vertex   8.950000e-01 -8.392327e-03  1.293323e+00
    endloop
  endfacet
  facet normal  1.000000e+00  0.000000e+00  0.000000e+00
    outer loop
      vertex   8.950000e-01 -8.392327e-03  1.293323e+00
      vertex   8.950000e-01 -9.334094e-03  1.290772e+00
      vertex   8.950000e-01 -9.180986e-03  1.290476e+00
    endloop
  endfacet
  facet normal  1.000000e+00  0.000000e+00  0.000000e+00
    outer loop
      vertex   8.950000e-01 -1.209618e-02  1.288966e+00
      vertex   8.950000e-01 -1.224929e-02  1.289261e+00
      vertex   8.950000e-01 -1.668990e-02  1.289528e+00
    endloop
  endfacet
  facet normal  1.000000e+00 -0.000000e+00  0.000000e+00
    outer loop
      vertex   8.950000e-01 -1.668990e-02  1.289528e+00
      vertex   8.950000e-01 -1.224929e-02  1.289261e+00
      vertex   8.950000e-01 -1.233759e-02  1.289568e+00
    endloop
  endfacet
  facet normal  1.000000e+00  0.000000e+00  0.000000e+00
    outer loop
      vertex   8.950000e-01 -1.233759e-02  1.237831e+00
      vertex   8.950000e-01 -1.236514e-02  1.238132e+00
      vertex   8.950000e-01 -1.400849e-02  1.236907e+00
    endloop
  endfacet
  facet normal  1.000000e+00  0.000000e+00  0.000000e+00
    outer loop
      vertex   8.950000e-01 -1.400849e-02  1.236907e+00
      vertex   8.950000e-01 -1.236514e-02  1.238132e+00
      vertex   8.950000e-01 -1.233759e-02  1.238432e+00
    endloop
  endfacet
  facet normal  1.000000e+00  0.000000e+00  0.000000e+00
    outer loop
      vertex   8.950000e-01 -9.092683e-03  1.237831e+00
      vertex   8.950000e-01 -9.180986e-03  1.237524e+00
      vertex   8.950000e-01 -5.549874e-03  1.234009e+00
    endloop
  endfacet
  facet normal  1.000000e+00  0.000000e+00  0.000000e+00
    outer loop
      vertex   8.950000e-01 -9.548411e-03  1.236965e+00
      vertex   8.950000e-01 -9.812240e-03  1.236750e+00
      vertex   8.950000e-01 -8.392327e-03  1.234677e+00
    endloop
  endfacet
  facet normal  1.000000e+00  0.000000e+00  0.000000e+00
    outer loop
      vertex   8.950000e-01 -8.392327e-03  1.234677e+00
      vertex   8.950000e-01 -9.812240e-03  1.236750e+00
      vertex   8.950000e-01 -1.010778e-02  1.236597e+00
    endloop
  endfacet
  facet normal  1.000000e+00  0.000000e+00  0.000000e+00
    outer loop
      vertex   8.950000e-01 -1.071514e-02  1.236481e+00
      vertex   8.950000e-01 -1.101538e-02  1.236509e+00
      vertex   8.950000e-01 -1.122689e-02  1.235642e+00
    endloop
  endfacet
  facet normal  1.000000e+00  0.000000e+00 -0.000000e+00
    outer loop
      vertex   8.950000e-01 -1.122689e-02  1.235642e+00
      vertex   8.950000e-01 -1.101538e-02  1.236509e+00
      vertex   8.950000e-01 -1.132249e-02  1.236597e+00
    endloop
  endfacet
  facet normal  1.000000e+00  0.000000e+00  0.000000e+00
    outer loop
      vertex   8.950000e-01 -1.122689e-02  1.235642e+00
      vertex   8.950000e-01 -1.132249e-02  1.236597e+00
      vertex   8.950000e-01 -1.161803e-02  1.236750e+00
    endloop
  endfacet
  facet normal  1.000000e+00  0.000000e+00  0.000000e+00
    outer loop
      vertex   8.950000e-01 -1.161803e-02  1.236750e+00
      vertex   8.950000e-01 -1.188186e-02  1.236965e+00
      vertex   8.950000e-01 -1.122689e-02  1.235642e+00
    endloop
  endfacet
  facet normal  1.000000e+00  0.000000e+00  0.000000e+00
    outer loop
      vertex   8.950000e-01 -1.224929e-02  1.237524e+00
      vertex   8.950000e-01 -1.233759e-02  1.237831e+00
      vertex   8.950000e-01 -1.400849e-02  1.236907e+00
    endloop
  endfacet
  facet normal  1.000000e+00  0.000000e+00  0.000000e+00
    outer loop
      vertex   8.950000e-01  9.092683e-03  1.289568e+00
      vertex   8.950000e-01  9.065137e-03  1.289869e+00
      vertex   8.950000e-01  6.878956e-03  1.288035e+00
    endloop
  endfacet
  facet normal  1.000000e+00  0.000000e+00  0.000000e+00
    outer loop
      vertex   8.950000e-01  6.878956e-03  1.288035e+00
      vertex   8.950000e-01  9.065137e-03  1.289869e+00
      vertex   8.950000e-01  9.092683e-03  1.290169e+00
    endloop
  endfacet
  facet normal  1.000000e+00  0.000000e+00 -0.000000e+00
    outer loop
      vertex   8.950000e-01  6.878956e-03  1.288035e+00
      vertex   8.950000e-01  9.092683e-03  1.290169e+00
      vertex   8.950000e-01  5.549874e-03  1.293991e+00
    endloop
  endfacet
  facet normal  1.000000e+00  0.000000e+00  0.000000e+00
    outer loop
      vertex   8.950000e-01  5.549874e-03  1.293991e+00
      vertex   8.950000e-01  9.092683e-03  1.290169e+00
      vertex   8.950000e-01  9.180986e-03  1.290476e+00
    endloop
  endfacet
  facet normal  1.000000e+00  0.000000e+00 -0.000000e+00
    outer loop
      vertex   8.950000e-01  9.548411e-03  1.291035e+00
      vertex   8.950000e-01  9.812240e-03  1.291250e+00
      vertex   8.950000e-01  8.392327e-03  1.293323e+00
    endloop
  endfacet
  facet normal  1.000000e+00  0.000000e+00  0.000000e+00
    outer loop
      vertex   8.950000e-01  8.392327e-03  1.293323e+00
      vertex   8.950000e-01  9.812240e-03  1.291250e+00
      vertex   8.950000e-01  1.010778e-02  1.291403e+00
    endloop
  endfacet
  facet normal  1.000000e+00 -0.000000e+00  0.000000e+00
    outer loop
      vertex   8.950000e-01  1.071514e-02  1.291519e+00
      vertex   8.950000e-01  1.101538e-02  1.291491e+00
      vertex   8.950000e-01  1.122689e-02  1.292359e+00
    endloop
  endfacet
  facet normal  1.000000e+00  0.000000e+00  0.000000e+00
    outer loop
      vertex   8.950000e-01  1.122689e-02  1.292359e+00
      vertex   8.950000e-01  1.101538e-02  1.291491e+00
      vertex   8.950000e-01  1.132249e-02  1.291403e+00
    endloop
  endfacet
  facet normal  1.000000e+00  0.000000e+00  0.000000e+00
    outer loop
      vertex   8.950000e-01  1.122689e-02  1.292359e+00
      vertex   8.950000e-01  1.132249e-02  1.291403e+00
      vertex   8.950000e-01  1.161803e-02  1.291250e+00
    endloop
  endfacet
  facet normal  1.000000e+00 -0.000000e+00 -0.000000e+00
    outer loop
      vertex   8.950000e-01  1.161803e-02  1.291250e+00
      vertex   8.950000e-01  1.188186e-02  1.291035e+00
      vertex   8.950000e-01  1.122689e-02  1.292359e+00
    endloop
  endfacet
  facet normal  1.000000e+00 -0.000000e+00  0.000000e+00
    outer loop
      vertex   8.950000e-01  1.224929e-02  1.290476e+00
      vertex   8.950000e-01  1.233759e-02  1.290169e+00
      vertex   8.950000e-01  1.400849e-02  1.291093e+00
    endloop
  endfacet
  facet normal  1.000000e+00  0.000000e+00  0.000000e+00
    outer loop
      vertex   8.950000e-01  1.400849e-02  1.291093e+00
      vertex   8.950000e-01  1.233759e-02  1.290169e+00
      vertex   8.950000e-01  1.236514e-02  1.289869e+00
    endloop
  endfacet
  facet normal  1.000000e+00  0.000000e+00  0.000000e+00
    outer loop
      vertex   8.950000e-01  1.400849e-02  1.291093e+00
      vertex   8.950000e-01  1.236514e-02  1.289869e+00
      vertex   8.950000e-01  1.233759e-02  1.289568e+00
    endloop
  endfacet
  facet normal  1.000000e+00  0.000000e+00  0.000000e+00
    outer loop
      vertex   8.950000e-01  1.368024e-02  1.284925e+00
      vertex   8.950000e-01  1.188186e-02  1.288702e+00
      vertex   8.950000e-01  1.148237e-02  1.286207e+00
    endloop
  endfacet
  facet normal  1.000000e+00  0.000000e+00  0.000000e+00
    outer loop
      vertex   8.950000e-01  1.148237e-02  1.286207e+00
      vertex   8.950000e-01  1.188186e-02  1.288702e+00
      vertex   8.950000e-01  1.161803e-02  1.288488e+00
    endloop
  endfacet
  facet normal  1.000000e+00  0.000000e+00 -0.000000e+00
    outer loop
      vertex   8.950000e-01  1.148237e-02  1.286207e+00
      vertex   8.950000e-01  1.161803e-02  1.288488e+00
      vertex   8.950000e-01  1.132249e-02  1.288335e+00
    endloop
  endfacet
  facet normal  1.000000e+00  0.000000e+00  0.000000e+00
    outer loop
      vertex   8.950000e-01  1.132249e-02  1.288335e+00
      vertex   8.950000e-01  1.101538e-02  1.288246e+00
      vertex   8.950000e-01  1.148237e-02  1.286207e+00
    endloop
  endfacet
  facet normal  1.000000e+00  0.000000e+00  0.000000e+00
    outer loop
      vertex   8.950000e-01  1.148237e-02  1.286207e+00
      vertex   8.950000e-01  1.101538e-02  1.288246e+00
      vertex   8.950000e-01  1.071514e-02  1.288219e+00
    endloop
  endfacet
  facet normal  1.000000e+00  0.000000e+00  0.000000e+00
    outer loop
      vertex   8.950000e-01  1.148237e-02  1.286207e+00
      vertex   8.950000e-01  1.071514e-02  1.288219e+00
      vertex   8.950000e-01  1.041490e-02  1.288246e+00
    endloop
  endfacet
  facet normal  1.000000e+00  0.000000e+00  0.000000e+00
    outer loop
      vertex   8.950000e-01  1.148237e-02  1.286207e+00
      vertex   8.950000e-01  1.041490e-02  1.288246e+00
      vertex   8.950000e-01  9.202369e-03  1.287245e+00
    endloop
  endfacet
  facet normal  1.000000e+00  0.000000e+00  0.000000e+00
    outer loop
      vertex   8.950000e-01  9.202369e-03  1.287245e+00
      vertex   8.950000e-01  1.041490e-02  1.288246e+00
      vertex   8.950000e-01  1.010778e-02  1.288335e+00
    endloop
  endfacet
  facet normal  1.000000e+00  0.000000e+00  0.000000e+00
    outer loop
      vertex   8.950000e-01  9.202369e-03  1.287245e+00
      vertex   8.950000e-01  1.010778e-02  1.288335e+00
      vertex   8.950000e-01  9.812240e-03  1.288488e+00
    endloop
  endfacet
  facet normal  1.000000e+00  0.000000e+00  0.000000e+00
    outer loop
      vertex   8.950000e-01  9.812240e-03  1.288488e+00
      vertex   8.950000e-01  9.548411e-03  1.288702e+00
      vertex   8.950000e-01  9.202369e-03  1.287245e+00
    endloop
  endfacet
  facet normal  1.000000e+00  0.000000e+00  0.000000e+00
    outer loop
      vertex   8.950000e-01  9.202369e-03  1.287245e+00
      vertex   8.950000e-01  9.548411e-03  1.288702e+00
      vertex   8.950000e-01  9.334094e-03  1.288966e+00
    endloop
  endfacet
  facet normal  1.000000e+00  0.000000e+00 -0.000000e+00
    outer loop
      vertex   8.950000e-01  9.202369e-03  1.287245e+00
      vertex   8.950000e-01  9.334094e-03  1.288966e+00
      vertex   8.950000e-01  6.878956e-03  1.288035e+00
    endloop
  endfacet
  facet normal  1.000000e+00  0.000000e+00  0.000000e+00
    outer loop
      vertex   8.950000e-01  6.878956e-03  1.288035e+00
      vertex   8.950000e-01  9.334094e-03  1.288966e+00
      vertex   8.950000e-01  9.180986e-03  1.289261e+00
    endloop
  endfacet
  facet normal  1.000000e+00  0.000000e+00  0.000000e+00
    outer loop
      vertex   8.950000e-01  6.878956e-03  1.288035e+00
      vertex   8.950000e-01  9.180986e-03  1.289261e+00
      vertex   8.950000e-01  9.092683e-03  1.289568e+00
    endloop
  endfacet
  facet normal  1.000000e+00  0.000000e+00  0.000000e+00
    outer loop
      vertex   8.950000e-01 -6.878956e-03  1.288035e+00
      vertex   8.950000e-01 -4.549077e-03  1.288583e+00
      vertex   8.950000e-01 -5.549874e-03  1.293991e+00
    endloop
  endfacet
  facet normal  1.000000e+00 -0.000000e+00  0.000000e+00
    outer loop
      vertex   8.950000e-01  4.549077e-03  1.288583e+00
      vertex   8.950000e-01  6.878956e-03  1.288035e+00
      vertex   8.950000e-01  5.549874e-03  1.293991e+00
    endloop
  endfacet
  facet normal  6.835802e-01  3.282718e-02  7.291368e-01
    outer loop
      vertex   8.945000e-01  2.785488e-03  1.294875e+00
      vertex   8.945000e-01  2.864431e-16  1.295000e+00
      vertex   8.947501e-01  2.363301e-03  1.294659e+00
    endloop
  endfacet
  facet normal  7.068037e-01  2.716152e-02  7.068880e-01
    outer loop
      vertex   8.947501e-01  2.363301e-03  1.294659e+00
      vertex   8.945000e-01  2.864431e-16  1.295000e+00
      vertex   8.950000e-01  1.974809e-16  1.294500e+00
    endloop
  endfacet
  facet normal  7.277709e-01  3.084479e-02  6.851264e-01
    outer loop
      vertex   8.947501e-01  2.363301e-03  1.294659e+00
      vertex   8.950000e-01  1.974809e-16  1.294500e+00
      vertex   8.950000e-01  2.740561e-03  1.294377e+00
    endloop
  endfacet
  facet normal  6.876000e-01  8.444974e-02  7.211619e-01
    outer loop
      vertex   8.947501e-01  2.363301e-03  1.294659e+00
      vertex   8.950000e-01  2.740561e-03  1.294377e+00
      vertex   8.947501e-01  4.781033e-03  1.294376e+00
    endloop
  endfacet
  facet normal  7.424771e-01  9.115603e-02  6.636403e-01
    outer loop
      vertex   8.947501e-01  4.781033e-03  1.294376e+00
      vertex   8.950000e-01  2.740561e-03  1.294377e+00
      vertex   8.950000e-01  5.549874e-03  1.293991e+00
    endloop
  endfacet
  facet normal  6.731713e-01  1.445499e-01  7.252212e-01
    outer loop
      vertex   8.947501e-01  4.781033e-03  1.294376e+00
      vertex   8.950000e-01  5.549874e-03  1.293991e+00
      vertex   8.947501e-01  7.231387e-03  1.293888e+00
    endloop
  endfacet
  facet normal  7.510946e-01  1.510725e-01  6.426773e-01
    outer loop
      vertex   8.947501e-01  7.231387e-03  1.293888e+00
      vertex   8.950000e-01  5.549874e-03  1.293991e+00
      vertex   8.950000e-01  8.392327e-03  1.293323e+00
    endloop
  endfacet
  facet normal  6.664873e-01  2.053131e-01  7.166877e-01
    outer loop
      vertex   8.947501e-01  7.231387e-03  1.293888e+00
      vertex   8.950000e-01  8.392327e-03  1.293323e+00
      vertex   8.947501e-01  9.689435e-03  1.293184e+00
    endloop
  endfacet
  facet normal  7.528680e-01  2.119252e-01  6.231192e-01
    outer loop
      vertex   8.947501e-01  9.689435e-03  1.293184e+00
      vertex   8.950000e-01  8.392327e-03  1.293323e+00
      vertex   8.950000e-01  1.122689e-02  1.292359e+00
    endloop
  endfacet
  facet normal  6.693910e-01  2.637965e-01  6.944976e-01
    outer loop
      vertex   8.947501e-01  9.689435e-03  1.293184e+00
      vertex   8.950000e-01  1.122689e-02  1.292359e+00
      vertex   8.947501e-01  1.212768e-02  1.292257e+00
    endloop
  endfacet
  facet normal  7.471427e-01  2.753140e-01  6.049628e-01
    outer loop
      vertex   8.947501e-01  1.212768e-02  1.292257e+00
      vertex   8.950000e-01  1.122689e-02  1.292359e+00
      vertex   8.950000e-01  1.400849e-02  1.291093e+00
    endloop
  endfacet
  facet normal  6.833079e-01  3.165922e-01  6.579208e-01
    outer loop
      vertex   8.947501e-01  1.212768e-02  1.292257e+00
      vertex   8.950000e-01  1.400849e-02  1.291093e+00
      vertex   8.947501e-01  1.451681e-02  1.291108e+00
    endloop
  endfacet
  facet normal  7.326764e-01  3.429406e-01  5.878580e-01
    outer loop
      vertex   8.947501e-01  1.451681e-02  1.291108e+00
      vertex   8.950000e-01  1.400849e-02  1.291093e+00
      vertex   8.950000e-01  1.668990e-02  1.289528e+00
    endloop
  endfacet
  facet normal  7.066056e-01  3.610070e-01  6.085906e-01
    outer loop
      vertex   8.947501e-01  1.451681e-02  1.291108e+00
      vertex   8.950000e-01  1.668990e-02  1.289528e+00
      vertex   8.947501e-01  1.682670e-02  1.289738e+00
    endloop
  endfacet
  facet normal  7.066101e-01  4.128944e-01  5.746481e-01
    outer loop
      vertex   8.947501e-01  1.682670e-02  1.289738e+00
      vertex   8.950000e-01  1.668990e-02  1.289528e+00
      vertex   8.947501e-01  1.902750e-02  1.288156e+00
    endloop
  endfacet
  facet normal  7.069386e-01  4.127029e-01  5.743816e-01
    outer loop
      vertex   8.947501e-01  1.682670e-02  1.289738e+00
      vertex   8.947501e-01  1.902750e-02  1.288156e+00
      vertex   8.945000e-01  1.696350e-02  1.289947e+00
    endloop
  endfacet
  facet normal  6.764642e-01  4.341804e-01  5.948811e-01
    outer loop
      vertex   8.945000e-01  1.696350e-02  1.289947e+00
      vertex   8.947501e-01  1.902750e-02  1.288156e+00
      vertex   8.945000e-01  1.953924e-02  1.288067e+00
    endloop
  endfacet
  facet normal  7.294297e-01  4.466781e-01  5.180838e-01
    outer loop
      vertex   8.945000e-01  1.953924e-02  1.288067e+00
      vertex   8.947501e-01  1.902750e-02  1.288156e+00
      vertex   8.947501e-01  2.109084e-02  1.286377e+00
    endloop
  endfacet
  facet normal  6.538118e-01  5.066671e-01  5.619774e-01
    outer loop
      vertex   8.945000e-01  1.953924e-02  1.288067e+00
      vertex   8.947501e-01  2.109084e-02  1.286377e+00
      vertex   8.945000e-01  2.192031e-02  1.285920e+00
    endloop
  endfacet
  facet normal  7.421097e-01  4.809106e-01  4.669028e-01
    outer loop
      vertex   8.945000e-01  2.192031e-02  1.285920e+00
      vertex   8.947501e-01  2.109084e-02  1.286377e+00
      vertex   8.947501e-01  2.299101e-02  1.284420e+00
    endloop
  endfacet
  facet normal  6.419919e-01  5.694435e-01  5.134009e-01
    outer loop
      vertex   8.945000e-01  2.192031e-02  1.285920e+00
      vertex   8.947501e-01  2.299101e-02  1.284420e+00
      vertex   8.945000e-01  2.406695e-02  1.283539e+00
    endloop
  endfacet
  facet normal  7.460655e-01  5.169404e-01  4.197128e-01
    outer loop
      vertex   8.945000e-01  2.406695e-02  1.283539e+00
      vertex   8.947501e-01  2.299101e-02  1.284420e+00
      vertex   8.947501e-01  2.470600e-02  1.282308e+00
    endloop
  endfacet
  facet normal  6.428050e-01  6.187668e-01  4.515854e-01
    outer loop
      vertex   8.945000e-01  2.406695e-02  1.283539e+00
      vertex   8.947501e-01  2.470600e-02  1.282308e+00
      vertex   8.945000e-01  2.594686e-02  1.280964e+00
    endloop
  endfacet
  facet normal  7.414640e-01  5.561363e-01  3.754245e-01
    outer loop
      vertex   8.945000e-01  2.594686e-02  1.280964e+00
      vertex   8.947501e-01  2.470600e-02  1.282308e+00
      vertex   8.947501e-01  2.621833e-02  1.280068e+00
    endloop
  endfacet
  facet normal  6.554478e-01  6.523454e-01  3.805702e-01
    outer loop
      vertex   8.945000e-01  2.594686e-02  1.280964e+00
      vertex   8.947501e-01  2.621833e-02  1.280068e+00
      vertex   8.945000e-01  2.753681e-02  1.278238e+00
    endloop
  endfacet
  facet normal  7.285816e-01  5.990354e-01  3.321528e-01
    outer loop
      vertex   8.945000e-01  2.753681e-02  1.278238e+00
      vertex   8.947501e-01  2.621833e-02  1.280068e+00
      vertex   8.947501e-01  2.751566e-02  1.277728e+00
    endloop
  endfacet
  facet normal  6.780071e-01  6.690308e-01  3.044734e-01
    outer loop
      vertex   8.945000e-01  2.753681e-02  1.278238e+00
      vertex   8.947501e-01  2.751566e-02  1.277728e+00
      vertex   8.945000e-01  2.882344e-02  1.275411e+00
    endloop
  endfacet
  facet normal  7.067282e-01  6.460370e-01  2.883945e-01
    outer loop
      vertex   8.945000e-01  2.882344e-02  1.275411e+00
      vertex   8.947501e-01  2.751566e-02  1.277728e+00
      vertex   8.947501e-01  2.859099e-02  1.275319e+00
    endloop
  endfacet
  facet normal  7.067387e-01  6.681938e-01  2.324594e-01
    outer loop
      vertex   8.945000e-01  2.882344e-02  1.275411e+00
      vertex   8.947501e-01  2.859099e-02  1.275319e+00
      vertex   8.947501e-01  2.944266e-02  1.272871e+00
    endloop
  endfacet
  facet normal  7.068181e-01  6.681190e-01  2.324333e-01
    outer loop
      vertex   8.947501e-01  2.944266e-02  1.272871e+00
      vertex   8.947501e-01  2.859099e-02  1.275319e+00
      vertex   8.950000e-01  2.835855e-02  1.275227e+00
    endloop
  endfacet
  facet normal  7.308604e-01  6.461720e-01  2.197837e-01
    outer loop
      vertex   8.947501e-01  2.944266e-02  1.272871e+00
      vertex   8.950000e-01  2.835855e-02  1.275227e+00
      vertex   8.950000e-01  2.932267e-02  1.272392e+00
    endloop
  endfacet
  facet normal  7.333515e-01  4.007863e-01  5.491502e-01
    outer loop
      vertex   8.950000e-01  1.668990e-02  1.289528e+00
      vertex   8.950000e-01  1.922409e-02  1.287679e+00
      vertex   8.947501e-01  1.902750e-02  1.288156e+00
    endloop
  endfacet
  facet normal  6.820270e-01  4.775456e-01  5.538856e-01
    outer loop
      vertex   8.947501e-01  1.902750e-02  1.288156e+00
      vertex   8.950000e-01  1.922409e-02  1.287679e+00
      vertex   8.947501e-01  2.109084e-02  1.286377e+00
    endloop
  endfacet
  facet normal  7.497998e-01  4.430652e-01  4.914199e-01
    outer loop
      vertex   8.950000e-01  1.922409e-02  1.287679e+00
      vertex   8.950000e-01  2.156676e-02  1.285567e+00
      vertex   8.947501e-01  2.109084e-02  1.286377e+00
    endloop
  endfacet
  facet normal  6.658895e-01  5.352753e-01  5.196840e-01
    outer loop
      vertex   8.947501e-01  2.109084e-02  1.286377e+00
      vertex   8.950000e-01  2.156676e-02  1.285567e+00
      vertex   8.947501e-01  2.299101e-02  1.284420e+00
    endloop
  endfacet
  facet normal  7.574674e-01  4.849075e-01  4.371589e-01
    outer loop
      vertex   8.950000e-01  2.156676e-02  1.285567e+00
      vertex   8.950000e-01  2.367877e-02  1.283224e+00
      vertex   8.947501e-01  2.299101e-02  1.284420e+00
    endloop
  endfacet
  facet normal  6.605638e-01  5.828493e-01  4.732253e-01
    outer loop
      vertex   8.947501e-01  2.299101e-02  1.284420e+00
      vertex   8.950000e-01  2.367877e-02  1.283224e+00
      vertex   8.947501e-01  2.470600e-02  1.282308e+00
    endloop
  endfacet
  facet normal  7.569513e-01  5.278339e-01  3.852482e-01
    outer loop
      vertex   8.950000e-01  2.367877e-02  1.283224e+00
      vertex   8.950000e-01  2.552837e-02  1.280690e+00
      vertex   8.947501e-01  2.470600e-02  1.282308e+00
    endloop
  endfacet
  facet normal  6.667352e-01  6.177198e-01  4.169970e-01
    outer loop
      vertex   8.947501e-01  2.470600e-02  1.282308e+00
      vertex   8.950000e-01  2.552837e-02  1.280690e+00
      vertex   8.947501e-01  2.621833e-02  1.280068e+00
    endloop
  endfacet
  facet normal  7.487017e-01  5.725900e-01  3.340456e-01
    outer loop
      vertex   8.950000e-01  2.552837e-02  1.280690e+00
      vertex   8.950000e-01  2.709266e-02  1.278009e+00
      vertex   8.947501e-01  2.621833e-02  1.280068e+00
    endloop
  endfacet
  facet normal  6.830710e-01  6.387341e-01  3.541649e-01
    outer loop
      vertex   8.947501e-01  2.621833e-02  1.280068e+00
      vertex   8.950000e-01  2.709266e-02  1.278009e+00
      vertex   8.947501e-01  2.751566e-02  1.277728e+00
    endloop
  endfacet
  facet normal  7.321728e-01  6.199415e-01  2.821269e-01
    outer loop
      vertex   8.950000e-01  2.709266e-02  1.278009e+00
      vertex   8.950000e-01  2.835855e-02  1.275227e+00
      vertex   8.947501e-01  2.751566e-02  1.277728e+00
    endloop
  endfacet
  facet normal  7.068077e-01  6.459646e-01  2.883621e-01
    outer loop
      vertex   8.947501e-01  2.751566e-02  1.277728e+00
      vertex   8.950000e-01  2.835855e-02  1.275227e+00
      vertex   8.947501e-01  2.859099e-02  1.275319e+00
    endloop
  endfacet
  facet normal  6.853036e-01  7.053705e-01  1.811393e-01
    outer loop
      vertex   8.947501e-01  2.944266e-02  1.272871e+00
      vertex   8.950000e-01  2.932267e-02  1.272392e+00
      vertex   8.947501e-01  3.007396e-02  1.270413e+00
    endloop
  endfacet
  facet normal  7.439682e-01  6.504855e-01  1.529047e-01
    outer loop
      vertex   8.947501e-01  3.007396e-02  1.270413e+00
      vertex   8.950000e-01  2.932267e-02  1.272392e+00
      vertex   8.950000e-01  2.999082e-02  1.269550e+00
    endloop
  endfacet
  facet normal  6.549078e-01  7.464642e-01  1.178438e-01
    outer loop
      vertex   8.947501e-01  3.007396e-02  1.270413e+00
      vertex   8.950000e-01  2.999082e-02  1.269550e+00
      vertex   8.947501e-01  3.058677e-02  1.267164e+00
    endloop
  endfacet
  facet normal  7.284715e-01  6.787056e-01  9.320961e-02
    outer loop
      vertex   8.947501e-01  3.058677e-02  1.267164e+00
      vertex   8.950000e-01  2.999082e-02  1.269550e+00
      vertex   8.950000e-01  3.037663e-02  1.266741e+00
    endloop
  endfacet
  facet normal  6.797565e-01  7.324638e-01  3.778582e-02
    outer loop
      vertex   8.947501e-01  3.058677e-02  1.267164e+00
      vertex   8.950000e-01  3.037663e-02  1.266741e+00
      vertex   8.947501e-01  3.075000e-02  1.264000e+00
    endloop
  endfacet
  facet normal  7.067752e-01  7.067225e-01  3.181443e-02
    outer loop
      vertex   8.947501e-01  3.075000e-02  1.264000e+00
      vertex   8.950000e-01  3.037663e-02  1.266741e+00
      vertex   8.950000e-01  3.050000e-02  1.264000e+00
    endloop
  endfacet
  facet normal  7.067751e-01  7.067225e-01 -3.181581e-02
    outer loop
      vertex   8.947501e-01  3.075000e-02  1.264000e+00
      vertex   8.950000e-01  3.050000e-02  1.264000e+00
      vertex   8.950000e-01  3.037663e-02  1.261260e+00
    endloop
  endfacet
  facet normal  6.797662e-01  7.324548e-01 -3.778536e-02
    outer loop
      vertex   8.947501e-01  3.075000e-02  1.264000e+00
      vertex   8.950000e-01  3.037663e-02  1.261260e+00
      vertex   8.947501e-01  3.058677e-02  1.260836e+00
    endloop
  endfacet
  facet normal  7.284923e-01  6.786837e-01 -9.320659e-02
    outer loop
      vertex   8.947501e-01  3.058677e-02  1.260836e+00
      vertex   8.950000e-01  3.037663e-02  1.261260e+00
      vertex   8.950000e-01  2.999082e-02  1.258450e+00
    endloop
  endfacet
  facet normal  6.549398e-01  7.464367e-01 -1.178394e-01
    outer loop
      vertex   8.947501e-01  3.058677e-02  1.260836e+00
      vertex   8.950000e-01  2.999082e-02  1.258450e+00
      vertex   8.947501e-01  3.007396e-02  1.257588e+00
    endloop
  endfacet
  facet normal  7.439917e-01  6.504615e-01 -1.528926e-01
    outer loop
      vertex   8.947501e-01  3.007396e-02  1.257588e+00
      vertex   8.950000e-01  2.999082e-02  1.258450e+00
      vertex   8.950000e-01  2.932267e-02  1.255608e+00
    endloop
  endfacet
  facet normal  6.356696e-01  7.449484e-01 -2.024250e-01
    outer loop
      vertex   8.947501e-01  3.007396e-02  1.257588e+00
      vertex   8.950000e-01  2.932267e-02  1.255608e+00
      vertex   8.947501e-01  2.918351e-02  1.254311e+00
    endloop
  endfacet
  facet normal  7.528672e-01  6.231147e-01 -2.119412e-01
    outer loop
      vertex   8.947501e-01  2.918351e-02  1.254311e+00
      vertex   8.950000e-01  2.932267e-02  1.255608e+00
      vertex   8.950000e-01  2.835855e-02  1.252773e+00
    endloop
  endfacet
  facet normal  6.257522e-01  7.251590e-01 -2.873650e-01
    outer loop
      vertex   8.947501e-01  2.918351e-02  1.254311e+00
      vertex   8.950000e-01  2.835855e-02  1.252773e+00
      vertex   8.947501e-01  2.789896e-02  1.251069e+00
    endloop
  endfacet
  facet normal  7.547188e-01  5.971183e-01 -2.717520e-01
    outer loop
      vertex   8.947501e-01  2.789896e-02  1.251069e+00
      vertex   8.950000e-01  2.835855e-02  1.252773e+00
      vertex   8.950000e-01  2.709266e-02  1.249992e+00
    endloop
  endfacet
  facet normal  6.281725e-01  6.858190e-01 -3.674938e-01
    outer loop
      vertex   8.947501e-01  2.789896e-02  1.251069e+00
      vertex   8.950000e-01  2.709266e-02  1.249992e+00
      vertex   8.947501e-01  2.621833e-02  1.247933e+00
    endloop
  endfacet
  facet normal  7.486516e-01  5.726453e-01 -3.340630e-01
    outer loop
      vertex   8.947501e-01  2.621833e-02  1.247933e+00
      vertex   8.950000e-01  2.709266e-02  1.249992e+00
      vertex   8.950000e-01  2.552837e-02  1.247310e+00
    endloop
  endfacet
  facet normal  6.437163e-01  6.279061e-01 -4.374509e-01
    outer loop
      vertex   8.947501e-01  2.621833e-02  1.247933e+00
      vertex   8.950000e-01  2.552837e-02  1.247310e+00
      vertex   8.947501e-01  2.415610e-02  1.244973e+00
    endloop
  endfacet
  facet normal  7.333598e-01  5.491335e-01 -4.007941e-01
    outer loop
      vertex   8.947501e-01  2.415610e-02  1.244973e+00
      vertex   8.950000e-01  2.552837e-02  1.247310e+00
      vertex   8.950000e-01  2.367877e-02  1.244776e+00
    endloop
  endfacet
  facet normal  6.711522e-01  5.542434e-01 -4.923098e-01
    outer loop
      vertex   8.947501e-01  2.415610e-02  1.244973e+00
      vertex   8.950000e-01  2.367877e-02  1.244776e+00
      vertex   8.947501e-01  2.174354e-02  1.242257e+00
    endloop
  endfacet
  facet normal  7.066704e-01  5.255124e-01 -4.737654e-01
    outer loop
      vertex   8.947501e-01  2.174354e-02  1.242257e+00
      vertex   8.950000e-01  2.367877e-02  1.244776e+00
      vertex   8.950000e-01  2.156676e-02  1.242433e+00
    endloop
  endfacet
  facet normal  7.066716e-01  4.737706e-01 -5.255061e-01
    outer loop
      vertex   8.947501e-01  2.174354e-02  1.242257e+00
      vertex   8.950000e-01  2.156676e-02  1.242433e+00
      vertex   8.950000e-01  1.922409e-02  1.240321e+00
    endloop
  endfacet
  facet normal  6.711196e-01  4.923321e-01 -5.542632e-01
    outer loop
      vertex   8.947501e-01  2.174354e-02  1.242257e+00
      vertex   8.950000e-01  1.922409e-02  1.240321e+00
      vertex   8.947501e-01  1.902750e-02  1.239844e+00
    endloop
  endfacet
  facet normal  7.333515e-01  4.007863e-01 -5.491502e-01
    outer loop
      vertex   8.947501e-01  1.902750e-02  1.239844e+00
      vertex   8.950000e-01  1.922409e-02  1.240321e+00
      vertex   8.950000e-01  1.668990e-02  1.238472e+00
    endloop
  endfacet
  facet normal  6.437716e-01  4.374180e-01 -6.278722e-01
    outer loop
      vertex   8.947501e-01  1.902750e-02  1.239844e+00
      vertex   8.950000e-01  1.668990e-02  1.238472e+00
      vertex   8.947501e-01  1.606740e-02  1.237782e+00
    endloop
  endfacet
  facet normal  7.486725e-01  3.340533e-01 -5.726236e-01
    outer loop
      vertex   8.947501e-01  1.606740e-02  1.237782e+00
      vertex   8.950000e-01  1.668990e-02  1.238472e+00
      vertex   8.950000e-01  1.400849e-02  1.236907e+00
    endloop
  endfacet
  facet normal  6.281724e-01  3.674900e-01 -6.858209e-01
    outer loop
      vertex   8.947501e-01  1.606740e-02  1.237782e+00
      vertex   8.950000e-01  1.400849e-02  1.236907e+00
      vertex   8.947501e-01  1.293099e-02  1.236101e+00
    endloop
  endfacet
  facet normal  7.547331e-01  2.717386e-01 -5.971064e-01
    outer loop
      vertex   8.947501e-01  1.293099e-02  1.236101e+00
      vertex   8.950000e-01  1.400849e-02  1.236907e+00
      vertex   8.950000e-01  1.122689e-02  1.235642e+00
    endloop
  endfacet
  facet normal  6.258479e-01  2.873442e-01 -7.250847e-01
    outer loop
      vertex   8.947501e-01  1.293099e-02  1.236101e+00
      vertex   8.950000e-01  1.122689e-02  1.235642e+00
      vertex   8.947501e-01  9.689435e-03  1.234817e+00
    endloop
  endfacet
  facet normal  7.529227e-01  2.119285e-01 -6.230519e-01
    outer loop
      vertex   8.947501e-01  9.689435e-03  1.234817e+00
      vertex   8.950000e-01  1.122689e-02  1.235642e+00
      vertex   8.950000e-01  8.392327e-03  1.234677e+00
    endloop
  endfacet
  facet normal  6.357586e-01  2.024142e-01 -7.448756e-01
    outer loop
      vertex   8.947501e-01  9.689435e-03  1.234817e+00
      vertex   8.950000e-01  8.392327e-03  1.234677e+00
      vertex   8.947501e-01  6.412457e-03  1.233926e+00
    endloop
  endfacet
  facet normal  7.440445e-01  1.528883e-01 -6.504020e-01
    outer loop
      vertex   8.947501e-01  6.412457e-03  1.233926e+00
      vertex   8.950000e-01  8.392327e-03  1.234677e+00
      vertex   8.950000e-01  5.549874e-03  1.234009e+00
    endloop
  endfacet
  facet normal  6.549777e-01  1.178152e-01 -7.464073e-01
    outer loop
      vertex   8.947501e-01  6.412457e-03  1.233926e+00
      vertex   8.950000e-01  5.549874e-03  1.234009e+00
      vertex   8.947501e-01  3.164172e-03  1.233413e+00
    endloop
  endfacet
  facet normal  7.283702e-01  9.323973e-02 -6.788102e-01
    outer loop
      vertex   8.947501e-01  3.164172e-03  1.233413e+00
      vertex   8.950000e-01  5.549874e-03  1.234009e+00
      vertex   8.950000e-01  2.740561e-03  1.233623e+00
    endloop
  endfacet
  facet normal  6.828393e-01  4.128577e-02 -7.294011e-01
    outer loop
      vertex   8.947501e-01  3.164172e-03  1.233413e+00
      vertex   8.950000e-01  2.740561e-03  1.233623e+00
      vertex   8.945000e-01  1.959822e-16  1.233000e+00
    endloop
  endfacet
  facet normal  7.067072e-01  3.178942e-02 -7.067915e-01
    outer loop
      vertex   8.945000e-01  1.959822e-16  1.233000e+00
      vertex   8.950000e-01  2.740561e-03  1.233623e+00
      vertex   8.950000e-01  2.973721e-16  1.233500e+00
    endloop
  endfacet
  facet normal  7.344357e-01  3.049556e-02 -6.779927e-01
    outer loop
      vertex   8.945000e-01  1.959822e-16  1.233000e+00
      vertex   8.945000e-01  2.785488e-03  1.233125e+00
      vertex   8.947501e-01  3.164172e-03  1.233413e+00
    endloop
  endfacet
  facet normal  6.828024e-01  9.941843e-02 -7.238073e-01
    outer loop
      vertex   8.947501e-01  3.164172e-03  1.233413e+00
      vertex   8.945000e-01  2.785488e-03  1.233125e+00
      vertex   8.945000e-01  5.640855e-03  1.233518e+00
    endloop
  endfacet
  facet normal  7.495289e-01  1.032098e-01 -6.538761e-01
    outer loop
      vertex   8.947501e-01  3.164172e-03  1.233413e+00
      vertex   8.945000e-01  5.640855e-03  1.233518e+00
      vertex   8.947501e-01  6.412457e-03  1.233926e+00
    endloop
  endfacet
  facet normal  6.623170e-01  1.714198e-01 -7.293501e-01
    outer loop
      vertex   8.947501e-01  6.412457e-03  1.233926e+00
      vertex   8.945000e-01  5.640855e-03  1.233518e+00
      vertex   8.945000e-01  8.529905e-03  1.234197e+00
    endloop
  endfacet
  facet normal  7.618982e-01  1.698472e-01 -6.250304e-01
    outer loop
      vertex   8.947501e-01  6.412457e-03  1.233926e+00
      vertex   8.945000e-01  8.529905e-03  1.234197e+00
      vertex   8.947501e-01  9.689435e-03  1.234817e+00
    endloop
  endfacet
  facet normal  6.492591e-01  2.449337e-01 -7.200487e-01
    outer loop
      vertex   8.947501e-01  9.689435e-03  1.234817e+00
      vertex   8.945000e-01  8.529905e-03  1.234197e+00
      vertex   8.945000e-01  1.141094e-02  1.235177e+00
    endloop
  endfacet
  facet normal  7.675683e-01  2.361425e-01 -5.958822e-01
    outer loop
      vertex   8.947501e-01  9.689435e-03  1.234817e+00
      vertex   8.945000e-01  1.141094e-02  1.235177e+00
      vertex   8.947501e-01  1.293099e-02  1.236101e+00
    endloop
  endfacet
  facet normal  6.463538e-01  3.160600e-01 -6.945017e-01
    outer loop
      vertex   8.947501e-01  1.293099e-02  1.236101e+00
      vertex   8.945000e-01  1.141094e-02  1.235177e+00
      vertex   8.945000e-01  1.423813e-02  1.236463e+00
    endloop
  endfacet
  facet normal  7.662197e-01  3.034945e-01 -5.663907e-01
    outer loop
      vertex   8.947501e-01  1.293099e-02  1.236101e+00
      vertex   8.945000e-01  1.423813e-02  1.236463e+00
      vertex   8.947501e-01  1.606740e-02  1.237782e+00
    endloop
  endfacet
  facet normal  6.555788e-01  3.805034e-01 -6.522528e-01
    outer loop
      vertex   8.947501e-01  1.606740e-02  1.237782e+00
      vertex   8.945000e-01  1.423813e-02  1.236463e+00
      vertex   8.945000e-01  1.696350e-02  1.238053e+00
    endloop
  endfacet
  facet normal  7.568139e-01  3.736319e-01 -5.363132e-01
    outer loop
      vertex   8.947501e-01  1.606740e-02  1.237782e+00
      vertex   8.945000e-01  1.696350e-02  1.238053e+00
      vertex   8.947501e-01  1.902750e-02  1.239844e+00
    endloop
  endfacet
  facet normal  6.764643e-01  4.341804e-01 -5.948811e-01
    outer loop
      vertex   8.947501e-01  1.902750e-02  1.239844e+00
      vertex   8.945000e-01  1.696350e-02  1.238053e+00
      vertex   8.945000e-01  1.953924e-02  1.239933e+00
    endloop
  endfacet
  facet normal  7.376612e-01  4.483830e-01 -5.047857e-01
    outer loop
      vertex   8.947501e-01  1.902750e-02  1.239844e+00
      vertex   8.945000e-01  1.953924e-02  1.239933e+00
      vertex   8.947501e-01  2.174354e-02  1.242257e+00
    endloop
  endfacet
  facet normal  7.065835e-01  4.738231e-01 -5.255772e-01
    outer loop
      vertex   8.947501e-01  2.174354e-02  1.242257e+00
      vertex   8.945000e-01  1.953924e-02  1.239933e+00
      vertex   8.945000e-01  2.192031e-02  1.242080e+00
    endloop
  endfacet
  facet normal  7.065822e-01  5.255757e-01 -4.738266e-01
    outer loop
      vertex   8.947501e-01  2.174354e-02  1.242257e+00
      vertex   8.945000e-01  2.192031e-02  1.242080e+00
      vertex   8.945000e-01  2.406695e-02  1.244461e+00
    endloop
  endfacet
  facet normal  7.376992e-01  5.047568e-01 -4.483530e-01
    outer loop
      vertex   8.947501e-01  2.174354e-02  1.242257e+00
      vertex   8.945000e-01  2.406695e-02  1.244461e+00
      vertex   8.947501e-01  2.415610e-02  1.244973e+00
    endloop
  endfacet
  facet normal  6.765108e-01  5.948499e-01 -4.341505e-01
    outer loop
      vertex   8.947501e-01  2.415610e-02  1.244973e+00
      vertex   8.945000e-01  2.406695e-02  1.244461e+00
      vertex   8.945000e-01  2.594686e-02  1.247037e+00
    endloop
  endfacet
  facet normal  7.567925e-01  5.363299e-01 -3.736514e-01
    outer loop
      vertex   8.947501e-01  2.415610e-02  1.244973e+00
      vertex   8.945000e-01  2.594686e-02  1.247037e+00
      vertex   8.947501e-01  2.621833e-02  1.247933e+00
    endloop
  endfacet
  facet normal  6.555513e-01  6.522679e-01 -3.805249e-01
    outer loop
      vertex   8.947501e-01  2.621833e-02  1.247933e+00
      vertex   8.945000e-01  2.594686e-02  1.247037e+00
      vertex   8.945000e-01  2.753681e-02  1.249762e+00
    endloop
  endfacet
  facet normal  7.662246e-01  5.663840e-01 -3.034949e-01
    outer loop
      vertex   8.947501e-01  2.621833e-02  1.247933e+00
      vertex   8.945000e-01  2.753681e-02  1.249762e+00
      vertex   8.947501e-01  2.789896e-02  1.251069e+00
    endloop
  endfacet
  facet normal  6.463643e-01  6.944917e-01 -3.160606e-01
    outer loop
      vertex   8.947501e-01  2.789896e-02  1.251069e+00
      vertex   8.945000e-01  2.753681e-02  1.249762e+00
      vertex   8.945000e-01  2.882344e-02  1.252589e+00
    endloop
  endfacet
  facet normal  7.676041e-01  5.958448e-01 -2.361206e-01
    outer loop
      vertex   8.947501e-01  2.789896e-02  1.251069e+00
      vertex   8.945000e-01  2.882344e-02  1.252589e+00
      vertex   8.947501e-01  2.918351e-02  1.254311e+00
    endloop
  endfacet
  facet normal  6.492606e-01  7.200547e-01 -2.449118e-01
    outer loop
      vertex   8.947501e-01  2.918351e-02  1.254311e+00
      vertex   8.945000e-01  2.882344e-02  1.252589e+00
      vertex   8.945000e-01  2.980337e-02  1.255470e+00
    endloop
  endfacet
  facet normal  7.618733e-01  6.250607e-01 -1.698479e-01
    outer loop
      vertex   8.947501e-01  2.918351e-02  1.254311e+00
      vertex   8.945000e-01  2.980337e-02  1.255470e+00
      vertex   8.947501e-01  3.007396e-02  1.257588e+00
    endloop
  endfacet
  facet normal  6.624228e-01  7.292540e-01 -1.714192e-01
    outer loop
      vertex   8.947501e-01  3.007396e-02  1.257588e+00
      vertex   8.945000e-01  2.980337e-02  1.255470e+00
      vertex   8.945000e-01  3.048247e-02  1.258359e+00
    endloop
  endfacet
  facet normal  7.496104e-01  6.537825e-01 -1.032122e-01
    outer loop
      vertex   8.947501e-01  3.007396e-02  1.257588e+00
      vertex   8.945000e-01  3.048247e-02  1.258359e+00
      vertex   8.947501e-01  3.058677e-02  1.260836e+00
    endloop
  endfacet
  facet normal  6.827197e-01  7.238863e-01 -9.941139e-02
    outer loop
      vertex   8.947501e-01  3.058677e-02  1.260836e+00
      vertex   8.945000e-01  3.048247e-02  1.258359e+00
      vertex   8.945000e-01  3.087460e-02  1.261215e+00
    endloop
  endfacet
  facet normal  7.311026e-01  6.813615e-01 -3.514959e-02
    outer loop
      vertex   8.947501e-01  3.058677e-02  1.260836e+00
      vertex   8.945000e-01  3.087460e-02  1.261215e+00
      vertex   8.947501e-01  3.075000e-02  1.264000e+00
    endloop
  endfacet
  facet normal  7.066881e-01  7.068092e-01 -3.181961e-02
    outer loop
      vertex   8.947501e-01  3.075000e-02  1.264000e+00
      vertex   8.945000e-01  3.087460e-02  1.261215e+00
      vertex   8.945000e-01  3.100000e-02  1.264000e+00
    endloop
  endfacet
  facet normal  7.066882e-01  7.068093e-01  3.181826e-02
    outer loop
      vertex   8.947501e-01  3.075000e-02  1.264000e+00
      vertex   8.945000e-01  3.100000e-02  1.264000e+00
      vertex   8.945000e-01  3.087460e-02  1.266786e+00
    endloop
  endfacet
  facet normal  7.311104e-01  6.813532e-01  3.514916e-02
    outer loop
      vertex   8.947501e-01  3.075000e-02  1.264000e+00
      vertex   8.945000e-01  3.087460e-02  1.266786e+00
      vertex   8.947501e-01  3.058677e-02  1.267164e+00
    endloop
  endfacet
  facet normal  6.827413e-01  7.238655e-01  9.941270e-02
    outer loop
      vertex   8.947501e-01  3.058677e-02  1.267164e+00
      vertex   8.945000e-01  3.087460e-02  1.266786e+00
      vertex   8.945000e-01  3.048247e-02  1.269641e+00
    endloop
  endfacet
  facet normal  7.496104e-01  6.537825e-01  1.032122e-01
    outer loop
      vertex   8.947501e-01  3.058677e-02  1.267164e+00
      vertex   8.945000e-01  3.048247e-02  1.269641e+00
      vertex   8.947501e-01  3.007396e-02  1.270413e+00
    endloop
  endfacet
  facet normal  6.624228e-01  7.292540e-01  1.714192e-01
    outer loop
      vertex   8.947501e-01  3.007396e-02  1.270413e+00
      vertex   8.945000e-01  3.048247e-02  1.269641e+00
      vertex   8.945000e-01  2.980337e-02  1.272530e+00
    endloop
  endfacet
  facet normal  7.267840e-01  6.652799e-01  1.708440e-01
    outer loop
      vertex   8.947501e-01  3.007396e-02  1.270413e+00
      vertex   8.945000e-01  2.980337e-02  1.272530e+00
      vertex   8.947501e-01  2.944266e-02  1.272871e+00
    endloop
  endfacet
  facet normal  6.797097e-01  6.944126e-01  2.361902e-01
    outer loop
      vertex   8.947501e-01  2.944266e-02  1.272871e+00
      vertex   8.945000e-01  2.980337e-02  1.272530e+00
      vertex   8.945000e-01  2.882344e-02  1.275411e+00
    endloop
  endfacet
  facet normal  7.069581e-01  3.608273e-01  6.082877e-01
    outer loop
      vertex   8.947501e-01  1.682670e-02  1.289738e+00
      vertex   8.945000e-01  1.696350e-02  1.289947e+00
      vertex   8.947501e-01  1.451681e-02  1.291108e+00
    endloop
  endfacet
  facet normal  6.774151e-01  3.706644e-01  6.353870e-01
    outer loop
      vertex   8.947501e-01  1.451681e-02  1.291108e+00
      vertex   8.945000e-01  1.696350e-02  1.289947e+00
      vertex   8.945000e-01  1.423813e-02  1.291537e+00
    endloop
  endfacet
  facet normal  7.284610e-01  2.970611e-01  6.173325e-01
    outer loop
      vertex   8.947501e-01  1.451681e-02  1.291108e+00
      vertex   8.945000e-01  1.423813e-02  1.291537e+00
      vertex   8.947501e-01  1.212768e-02  1.292257e+00
    endloop
  endfacet
  facet normal  6.578320e-01  3.119706e-01  6.855155e-01
    outer loop
      vertex   8.947501e-01  1.212768e-02  1.292257e+00
      vertex   8.945000e-01  1.423813e-02  1.291537e+00
      vertex   8.945000e-01  1.141094e-02  1.292824e+00
    endloop
  endfacet
  facet normal  7.395536e-01  2.390071e-01  6.292345e-01
    outer loop
      vertex   8.947501e-01  1.212768e-02  1.292257e+00
      vertex   8.945000e-01  1.141094e-02  1.292824e+00
      vertex   8.947501e-01  9.689435e-03  1.293184e+00
    endloop
  endfacet
  facet normal  6.493437e-01  2.448837e-01  7.199893e-01
    outer loop
      vertex   8.947501e-01  9.689435e-03  1.293184e+00
      vertex   8.945000e-01  1.141094e-02  1.292824e+00
      vertex   8.945000e-01  8.529905e-03  1.293803e+00
    endloop
  endfacet
  facet normal  7.418069e-01  1.846850e-01  6.446812e-01
    outer loop
      vertex   8.947501e-01  9.689435e-03  1.293184e+00
      vertex   8.945000e-01  8.529905e-03  1.293803e+00
      vertex   8.947501e-01  7.231387e-03  1.293888e+00
    endloop
  endfacet
  facet normal  6.520662e-01  1.734648e-01  7.380512e-01
    outer loop
      vertex   8.947501e-01  7.231387e-03  1.293888e+00
      vertex   8.945000e-01  8.529905e-03  1.293803e+00
      vertex   8.945000e-01  5.640855e-03  1.294482e+00
    endloop
  endfacet
  facet normal  7.366390e-01  1.321959e-01  6.632400e-01
    outer loop
      vertex   8.947501e-01  7.231387e-03  1.293888e+00
      vertex   8.945000e-01  5.640855e-03  1.294482e+00
      vertex   8.947501e-01  4.781033e-03  1.294376e+00
    endloop
  endfacet
  facet normal  6.645118e-01  1.016875e-01  7.403268e-01
    outer loop
      vertex   8.947501e-01  4.781033e-03  1.294376e+00
      vertex   8.945000e-01  5.640855e-03  1.294482e+00
      vertex   8.945000e-01  2.785488e-03  1.294875e+00
    endloop
  endfacet
  facet normal  7.248049e-01  8.013060e-02  6.842784e-01
    outer loop
      vertex   8.947501e-01  4.781033e-03  1.294376e+00
      vertex   8.945000e-01  2.785488e-03  1.294875e+00
      vertex   8.947501e-01  2.363301e-03  1.294659e+00
    endloop
  endfacet
endsolid vcg
