solid STL generated by MeshLab
  facet normal  8.562182e-01  4.718470e-02  5.144551e-01
    outer loop
      vertex   3.600000e-01  1.113698e-02  6.200370e-01
      vertex   3.593691e-01  1.113698e-02  6.210870e-01
      vertex   3.600000e-01  1.075486e-02  6.200720e-01
    endloop
  endfacet
  facet normal  8.621213e-01  1.090784e-01  4.948218e-01
    outer loop
      vertex   3.600000e-01  1.075486e-02  6.200720e-01
      vertex   3.593691e-01  1.113698e-02  6.210870e-01
      vertex   3.593691e-01  1.069543e-02  6.211843e-01
    endloop
  endfacet
  facet normal  8.577312e-01  1.420234e-01  4.940918e-01
    outer loop
      vertex   3.600000e-01  1.075486e-02  6.200720e-01
      vertex   3.593691e-01  1.069543e-02  6.211843e-01
      vertex   3.600000e-01  1.036398e-02  6.201844e-01
    endloop
  endfacet
  facet normal  8.550538e-01  2.385679e-01  4.604002e-01
    outer loop
      vertex   3.600000e-01  1.036398e-02  6.201844e-01
      vertex   3.593691e-01  1.069543e-02  6.211843e-01
      vertex   3.600000e-01  9.987838e-03  6.203793e-01
    endloop
  endfacet
  facet normal  8.614842e-01  3.148434e-01  3.983952e-01
    outer loop
      vertex   3.600000e-01  9.987838e-03  6.203793e-01
      vertex   3.593691e-01  1.069543e-02  6.211843e-01
      vertex   3.593691e-01  1.031214e-02  6.214872e-01
    endloop
  endfacet
  facet normal  8.602540e-01  3.214655e-01  3.957564e-01
    outer loop
      vertex   3.600000e-01  9.987838e-03  6.203793e-01
      vertex   3.593691e-01  1.031214e-02  6.214872e-01
      vertex   3.600000e-01  9.652054e-03  6.206520e-01
    endloop
  endfacet
  facet normal  8.547517e-01  4.028516e-01  3.272767e-01
    outer loop
      vertex   3.600000e-01  9.652054e-03  6.206520e-01
      vertex   3.593691e-01  1.031214e-02  6.214872e-01
      vertex   3.600000e-01  9.379288e-03  6.209878e-01
    endloop
  endfacet
  facet normal  8.588981e-01  4.547509e-01  2.355753e-01
    outer loop
      vertex   3.600000e-01  9.379288e-03  6.209878e-01
      vertex   3.593691e-01  1.031214e-02  6.214872e-01
      vertex   3.600000e-01  9.184423e-03  6.213639e-01
    endloop
  endfacet
  facet normal  8.620999e-01  4.587680e-01  2.152111e-01
    outer loop
      vertex   3.600000e-01  9.184423e-03  6.213639e-01
      vertex   3.593691e-01  1.031214e-02  6.214872e-01
      vertex   3.593691e-01  1.011006e-02  6.219180e-01
    endloop
  endfacet
  facet normal  8.555786e-01  4.975174e-01  1.430443e-01
    outer loop
      vertex   3.600000e-01  9.184423e-03  6.213639e-01
      vertex   3.593691e-01  1.011006e-02  6.219180e-01
      vertex   3.600000e-01  9.072036e-03  6.217548e-01
    endloop
  endfacet
  facet normal  8.568680e-01  5.133799e-01  4.709961e-02
    outer loop
      vertex   3.600000e-01  9.072036e-03  6.217548e-01
      vertex   3.593691e-01  1.011006e-02  6.219180e-01
      vertex   3.600000e-01  9.036979e-03  6.221370e-01
    endloop
  endfacet
  facet normal  8.620538e-01  5.068169e-01  0.000000e+00
    outer loop
      vertex   3.600000e-01  9.036979e-03  6.221370e-01
      vertex   3.593691e-01  1.011006e-02  6.219180e-01
      vertex   3.593691e-01  1.011006e-02  6.223559e-01
    endloop
  endfacet
  facet normal  8.568692e-01  5.133780e-01 -4.709943e-02
    outer loop
      vertex   3.600000e-01  9.036979e-03  6.221370e-01
      vertex   3.593691e-01  1.011006e-02  6.223559e-01
      vertex   3.600000e-01  9.072036e-03  6.225191e-01
    endloop
  endfacet
  facet normal  8.555810e-01  4.975078e-01 -1.430634e-01
    outer loop
      vertex   3.600000e-01  9.072036e-03  6.225191e-01
      vertex   3.593691e-01  1.011006e-02  6.223559e-01
      vertex   3.600000e-01  9.184423e-03  6.229099e-01
    endloop
  endfacet
  facet normal  8.603923e-01  4.732876e-01 -1.890080e-01
    outer loop
      vertex   3.600000e-01  9.184423e-03  6.229099e-01
      vertex   3.593691e-01  1.011006e-02  6.223559e-01
      vertex   3.593691e-01  1.024172e-02  6.226856e-01
    endloop
  endfacet
  facet normal  8.554274e-01  4.598799e-01 -2.382323e-01
    outer loop
      vertex   3.600000e-01  9.184423e-03  6.229099e-01
      vertex   3.593691e-01  1.024172e-02  6.226856e-01
      vertex   3.600000e-01  9.379288e-03  6.232861e-01
    endloop
  endfacet
  facet normal  8.567479e-01  4.003173e-01 -3.251601e-01
    outer loop
      vertex   3.600000e-01  9.379288e-03  6.232861e-01
      vertex   3.593691e-01  1.024172e-02  6.226856e-01
      vertex   3.600000e-01  9.652054e-03  6.236219e-01
    endloop
  endfacet
  facet normal  8.599083e-01  3.814987e-01 -3.391408e-01
    outer loop
      vertex   3.600000e-01  9.652054e-03  6.236219e-01
      vertex   3.593691e-01  1.024172e-02  6.226856e-01
      vertex   3.593691e-01  1.048726e-02  6.229618e-01
    endloop
  endfacet
  facet normal  8.547581e-01  3.272412e-01 -4.028668e-01
    outer loop
      vertex   3.600000e-01  9.652054e-03  6.236219e-01
      vertex   3.593691e-01  1.048726e-02  6.229618e-01
      vertex   3.600000e-01  9.987838e-03  6.238946e-01
    endloop
  endfacet
  facet normal  8.589221e-01  2.427535e-01 -4.509140e-01
    outer loop
      vertex   3.600000e-01  9.987838e-03  6.238946e-01
      vertex   3.593691e-01  1.048726e-02  6.229618e-01
      vertex   3.593691e-01  1.080612e-02  6.231334e-01
    endloop
  endfacet
  facet normal  8.576682e-01  2.365160e-01 -4.565800e-01
    outer loop
      vertex   3.600000e-01  9.987838e-03  6.238946e-01
      vertex   3.593691e-01  1.080612e-02  6.231334e-01
      vertex   3.600000e-01  1.036398e-02  6.240895e-01
    endloop
  endfacet
  facet normal  8.552107e-01  1.432489e-01 -4.980907e-01
    outer loop
      vertex   3.600000e-01  1.036398e-02  6.240895e-01
      vertex   3.593691e-01  1.080612e-02  6.231334e-01
      vertex   3.600000e-01  1.075486e-02  6.242019e-01
    endloop
  endfacet
  facet normal  8.599396e-01  8.150973e-02 -5.038451e-01
    outer loop
      vertex   3.600000e-01  1.075486e-02  6.242019e-01
      vertex   3.593691e-01  1.080612e-02  6.231334e-01
      vertex   3.593691e-01  1.113698e-02  6.231869e-01
    endloop
  endfacet
  facet normal  8.562182e-01  4.718470e-02 -5.144551e-01
    outer loop
      vertex   3.600000e-01  1.075486e-02  6.242019e-01
      vertex   3.593691e-01  1.113698e-02  6.231869e-01
      vertex   3.600000e-01  1.113698e-02  6.242369e-01
    endloop
  endfacet
  facet normal  8.516903e-01  1.128119e-01  5.117587e-01
    outer loop
      vertex   3.593691e-01  1.113698e-02  6.210870e-01
      vertex   3.590537e-01  1.113698e-02  6.216120e-01
      vertex   3.593691e-01  1.069543e-02  6.211843e-01
    endloop
  endfacet
  facet normal  8.517070e-01  1.128614e-01  5.117201e-01
    outer loop
      vertex   3.593691e-01  1.069543e-02  6.211843e-01
      vertex   3.590537e-01  1.113698e-02  6.216120e-01
      vertex   3.588960e-01  1.113698e-02  6.218745e-01
    endloop
  endfacet
  facet normal  8.516515e-01  1.125515e-01  5.118808e-01
    outer loop
      vertex   3.593691e-01  1.069543e-02  6.211843e-01
      vertex   3.588960e-01  1.113698e-02  6.218745e-01
      vertex   3.588171e-01  1.113698e-02  6.220057e-01
    endloop
  endfacet
  facet normal  8.517014e-01  1.129174e-01  5.117171e-01
    outer loop
      vertex   3.588171e-01  1.113698e-02  6.220057e-01
      vertex   3.587382e-01  1.113698e-02  6.221370e-01
      vertex   3.593691e-01  1.069543e-02  6.211843e-01
    endloop
  endfacet
  facet normal  8.542131e-01  8.318100e-02 -5.132261e-01
    outer loop
      vertex   3.587382e-01  1.113698e-02  6.221370e-01
      vertex   3.588171e-01  1.113698e-02  6.222682e-01
      vertex   3.593691e-01  1.080612e-02  6.231334e-01
    endloop
  endfacet
  facet normal  8.541639e-01  8.266857e-02 -5.133905e-01
    outer loop
      vertex   3.593691e-01  1.080612e-02  6.231334e-01
      vertex   3.588171e-01  1.113698e-02  6.222682e-01
      vertex   3.588960e-01  1.113698e-02  6.223994e-01
    endloop
  endfacet
  facet normal  8.542185e-01  8.310519e-02 -5.132291e-01
    outer loop
      vertex   3.593691e-01  1.080612e-02  6.231334e-01
      vertex   3.588960e-01  1.113698e-02  6.223994e-01
      vertex   3.590537e-01  1.113698e-02  6.226619e-01
    endloop
  endfacet
  facet normal  8.542022e-01  8.303411e-02 -5.132680e-01
    outer loop
      vertex   3.590537e-01  1.113698e-02  6.226619e-01
      vertex   3.593691e-01  1.113698e-02  6.231869e-01
      vertex   3.593691e-01  1.080612e-02  6.231334e-01
    endloop
  endfacet
  facet normal  8.507352e-01  3.258862e-01  4.123686e-01
    outer loop
      vertex   3.593691e-01  1.069543e-02  6.211843e-01
      vertex   3.587382e-01  1.113698e-02  6.221370e-01
      vertex   3.593691e-01  1.031214e-02  6.214872e-01
    endloop
  endfacet
  facet normal  8.510796e-01  4.753340e-01  2.229824e-01
    outer loop
      vertex   3.593691e-01  1.031214e-02  6.214872e-01
      vertex   3.587382e-01  1.113698e-02  6.221370e-01
      vertex   3.593691e-01  1.011006e-02  6.219180e-01
    endloop
  endfacet
  facet normal  8.520410e-01  5.234751e-01 -0.000000e+00
    outer loop
      vertex   3.593691e-01  1.011006e-02  6.219180e-01
      vertex   3.587382e-01  1.113698e-02  6.221370e-01
      vertex   3.593691e-01  1.011006e-02  6.223559e-01
    endloop
  endfacet
  facet normal  8.538353e-01  4.834203e-01 -1.930546e-01
    outer loop
      vertex   3.593691e-01  1.011006e-02  6.223559e-01
      vertex   3.587382e-01  1.113698e-02  6.221370e-01
      vertex   3.593691e-01  1.024172e-02  6.226856e-01
    endloop
  endfacet
  facet normal  8.535473e-01  3.893961e-01 -3.461613e-01
    outer loop
      vertex   3.593691e-01  1.024172e-02  6.226856e-01
      vertex   3.587382e-01  1.113698e-02  6.221370e-01
      vertex   3.593691e-01  1.048726e-02  6.229618e-01
    endloop
  endfacet
  facet normal  8.536928e-01  2.468637e-01 -4.585487e-01
    outer loop
      vertex   3.593691e-01  1.048726e-02  6.229618e-01
      vertex   3.587382e-01  1.113698e-02  6.221370e-01
      vertex   3.593691e-01  1.080612e-02  6.231334e-01
    endloop
  endfacet
  facet normal  8.562182e-01  4.718470e-02  5.144551e-01
    outer loop
      vertex   3.600000e-01  1.113698e-02  5.977631e-01
      vertex   3.593691e-01  1.113698e-02  5.988131e-01
      vertex   3.600000e-01  1.075485e-02  5.977981e-01
    endloop
  endfacet
  facet normal  8.621213e-01  1.090784e-01  4.948218e-01
    outer loop
      vertex   3.600000e-01  1.075485e-02  5.977981e-01
      vertex   3.593691e-01  1.113698e-02  5.988131e-01
      vertex   3.593691e-01  1.069543e-02  5.989104e-01
    endloop
  endfacet
  facet normal  8.577201e-01  1.420981e-01  4.940895e-01
    outer loop
      vertex   3.600000e-01  1.075485e-02  5.977981e-01
      vertex   3.593691e-01  1.069543e-02  5.989104e-01
      vertex   3.600000e-01  1.036398e-02  5.979105e-01
    endloop
  endfacet
  facet normal  8.550466e-01  2.385158e-01  4.604405e-01
    outer loop
      vertex   3.600000e-01  1.036398e-02  5.979105e-01
      vertex   3.593691e-01  1.069543e-02  5.989104e-01
      vertex   3.600000e-01  9.987836e-03  5.981054e-01
    endloop
  endfacet
  facet normal  8.614852e-01  3.148803e-01  3.983636e-01
    outer loop
      vertex   3.600000e-01  9.987836e-03  5.981054e-01
      vertex   3.593691e-01  1.069543e-02  5.989104e-01
      vertex   3.593691e-01  1.031213e-02  5.992134e-01
    endloop
  endfacet
  facet normal  8.602637e-01  3.214552e-01  3.957436e-01
    outer loop
      vertex   3.600000e-01  9.987836e-03  5.981054e-01
      vertex   3.593691e-01  1.031213e-02  5.992134e-01
      vertex   3.600000e-01  9.652052e-03  5.983781e-01
    endloop
  endfacet
  facet normal  8.547556e-01  4.028752e-01  3.272378e-01
    outer loop
      vertex   3.600000e-01  9.652052e-03  5.983781e-01
      vertex   3.593691e-01  1.031213e-02  5.992134e-01
      vertex   3.600000e-01  9.379286e-03  5.987139e-01
    endloop
  endfacet
  facet normal  8.588983e-01  4.547353e-01  2.356046e-01
    outer loop
      vertex   3.600000e-01  9.379286e-03  5.987139e-01
      vertex   3.593691e-01  1.031213e-02  5.992134e-01
      vertex   3.600000e-01  9.184421e-03  5.990900e-01
    endloop
  endfacet
  facet normal  8.621051e-01  4.587599e-01  2.152074e-01
    outer loop
      vertex   3.600000e-01  9.184421e-03  5.990900e-01
      vertex   3.593691e-01  1.031213e-02  5.992134e-01
      vertex   3.593691e-01  1.011006e-02  5.996441e-01
    endloop
  endfacet
  facet normal  8.555822e-01  4.975117e-01  1.430427e-01
    outer loop
      vertex   3.600000e-01  9.184421e-03  5.990900e-01
      vertex   3.593691e-01  1.011006e-02  5.996441e-01
      vertex   3.600000e-01  9.072035e-03  5.994809e-01
    endloop
  endfacet
  facet normal  8.568692e-01  5.133780e-01  4.709943e-02
    outer loop
      vertex   3.600000e-01  9.072035e-03  5.994809e-01
      vertex   3.593691e-01  1.011006e-02  5.996441e-01
      vertex   3.600000e-01  9.036977e-03  5.998631e-01
    endloop
  endfacet
  facet normal  8.620538e-01  5.068169e-01  0.000000e+00
    outer loop
      vertex   3.600000e-01  9.036977e-03  5.998631e-01
      vertex   3.593691e-01  1.011006e-02  5.996441e-01
      vertex   3.593691e-01  1.011006e-02  6.000820e-01
    endloop
  endfacet
  facet normal  8.568680e-01  5.133799e-01 -4.709961e-02
    outer loop
      vertex   3.600000e-01  9.036977e-03  5.998631e-01
      vertex   3.593691e-01  1.011006e-02  6.000820e-01
      vertex   3.600000e-01  9.072035e-03  6.002452e-01
    endloop
  endfacet
  facet normal  8.555785e-01  4.975174e-01 -1.430443e-01
    outer loop
      vertex   3.600000e-01  9.072035e-03  6.002452e-01
      vertex   3.593691e-01  1.011006e-02  6.000820e-01
      vertex   3.600000e-01  9.184421e-03  6.006361e-01
    endloop
  endfacet
  facet normal  8.603923e-01  4.732876e-01 -1.890080e-01
    outer loop
      vertex   3.600000e-01  9.184421e-03  6.006361e-01
      vertex   3.593691e-01  1.011006e-02  6.000820e-01
      vertex   3.593691e-01  1.024172e-02  6.004117e-01
    endloop
  endfacet
  facet normal  8.554274e-01  4.598799e-01 -2.382323e-01
    outer loop
      vertex   3.600000e-01  9.184421e-03  6.006361e-01
      vertex   3.593691e-01  1.024172e-02  6.004117e-01
      vertex   3.600000e-01  9.379286e-03  6.010122e-01
    endloop
  endfacet
  facet normal  8.567464e-01  4.002909e-01 -3.251964e-01
    outer loop
      vertex   3.600000e-01  9.379286e-03  6.010122e-01
      vertex   3.593691e-01  1.024172e-02  6.004117e-01
      vertex   3.600000e-01  9.652052e-03  6.013480e-01
    endloop
  endfacet
  facet normal  8.598999e-01  3.815093e-01 -3.391501e-01
    outer loop
      vertex   3.600000e-01  9.652052e-03  6.013480e-01
      vertex   3.593691e-01  1.024172e-02  6.004117e-01
      vertex   3.593691e-01  1.048726e-02  6.006879e-01
    endloop
  endfacet
  facet normal  8.547478e-01  3.272519e-01 -4.028800e-01
    outer loop
      vertex   3.600000e-01  9.652052e-03  6.013480e-01
      vertex   3.593691e-01  1.048726e-02  6.006879e-01
      vertex   3.600000e-01  9.987836e-03  6.016207e-01
    endloop
  endfacet
  facet normal  8.589110e-01  2.427624e-01 -4.509305e-01
    outer loop
      vertex   3.600000e-01  9.987836e-03  6.016207e-01
      vertex   3.593691e-01  1.048726e-02  6.006879e-01
      vertex   3.593691e-01  1.080612e-02  6.008596e-01
    endloop
  endfacet
  facet normal  8.576670e-01  2.365740e-01 -4.565524e-01
    outer loop
      vertex   3.600000e-01  9.987836e-03  6.016207e-01
      vertex   3.593691e-01  1.080612e-02  6.008596e-01
      vertex   3.600000e-01  1.036398e-02  6.018156e-01
    endloop
  endfacet
  facet normal  8.552058e-01  1.431810e-01 -4.981189e-01
    outer loop
      vertex   3.600000e-01  1.036398e-02  6.018156e-01
      vertex   3.593691e-01  1.080612e-02  6.008596e-01
      vertex   3.600000e-01  1.075485e-02  6.019280e-01
    endloop
  endfacet
  facet normal  8.599317e-01  8.142349e-02 -5.038727e-01
    outer loop
      vertex   3.600000e-01  1.075485e-02  6.019280e-01
      vertex   3.593691e-01  1.080612e-02  6.008596e-01
      vertex   3.593691e-01  1.113698e-02  6.009130e-01
    endloop
  endfacet
  facet normal  8.562182e-01  4.718470e-02 -5.144551e-01
    outer loop
      vertex   3.600000e-01  1.075485e-02  6.019280e-01
      vertex   3.593691e-01  1.113698e-02  6.009130e-01
      vertex   3.600000e-01  1.113698e-02  6.019630e-01
    endloop
  endfacet
  facet normal  8.516903e-01  1.128119e-01  5.117587e-01
    outer loop
      vertex   3.593691e-01  1.113698e-02  5.988131e-01
      vertex   3.590537e-01  1.113698e-02  5.993381e-01
      vertex   3.593691e-01  1.069543e-02  5.989104e-01
    endloop
  endfacet
  facet normal  8.517070e-01  1.128614e-01  5.117201e-01
    outer loop
      vertex   3.593691e-01  1.069543e-02  5.989104e-01
      vertex   3.590537e-01  1.113698e-02  5.993381e-01
      vertex   3.588960e-01  1.113698e-02  5.996006e-01
    endloop
  endfacet
  facet normal  8.516515e-01  1.125515e-01  5.118808e-01
    outer loop
      vertex   3.593691e-01  1.069543e-02  5.989104e-01
      vertex   3.588960e-01  1.113698e-02  5.996006e-01
      vertex   3.588171e-01  1.113698e-02  5.997318e-01
    endloop
  endfacet
  facet normal  8.517014e-01  1.129174e-01  5.117171e-01
    outer loop
      vertex   3.588171e-01  1.113698e-02  5.997318e-01
      vertex   3.587382e-01  1.113698e-02  5.998631e-01
      vertex   3.593691e-01  1.069543e-02  5.989104e-01
    endloop
  endfacet
  facet normal  8.542196e-01  8.308925e-02 -5.132300e-01
    outer loop
      vertex   3.587382e-01  1.113698e-02  5.998631e-01
      vertex   3.588171e-01  1.113698e-02  5.999943e-01
      vertex   3.593691e-01  1.080612e-02  6.008596e-01
    endloop
  endfacet
  facet normal  8.541705e-01  8.257751e-02 -5.133944e-01
    outer loop
      vertex   3.593691e-01  1.080612e-02  6.008596e-01
      vertex   3.588171e-01  1.113698e-02  5.999943e-01
      vertex   3.588960e-01  1.113698e-02  6.001256e-01
    endloop
  endfacet
  facet normal  8.542251e-01  8.301344e-02 -5.132331e-01
    outer loop
      vertex   3.593691e-01  1.080612e-02  6.008596e-01
      vertex   3.588960e-01  1.113698e-02  6.001256e-01
      vertex   3.590537e-01  1.113698e-02  6.003881e-01
    endloop
  endfacet
  facet normal  8.542087e-01  8.294229e-02 -5.132720e-01
    outer loop
      vertex   3.590537e-01  1.113698e-02  6.003881e-01
      vertex   3.593691e-01  1.113698e-02  6.009130e-01
      vertex   3.593691e-01  1.080612e-02  6.008596e-01
    endloop
  endfacet
  facet normal  8.507298e-01  3.259311e-01  4.123442e-01
    outer loop
      vertex   3.593691e-01  1.069543e-02  5.989104e-01
      vertex   3.587382e-01  1.113698e-02  5.998631e-01
      vertex   3.593691e-01  1.031213e-02  5.992134e-01
    endloop
  endfacet
  facet normal  8.510737e-01  4.753425e-01  2.229864e-01
    outer loop
      vertex   3.593691e-01  1.031213e-02  5.992134e-01
      vertex   3.587382e-01  1.113698e-02  5.998631e-01
      vertex   3.593691e-01  1.011006e-02  5.996441e-01
    endloop
  endfacet
  facet normal  8.520410e-01  5.234751e-01 -0.000000e+00
    outer loop
      vertex   3.593691e-01  1.011006e-02  5.996441e-01
      vertex   3.587382e-01  1.113698e-02  5.998631e-01
      vertex   3.593691e-01  1.011006e-02  6.000820e-01
    endloop
  endfacet
  facet normal  8.538403e-01  4.834128e-01 -1.930516e-01
    outer loop
      vertex   3.593691e-01  1.011006e-02  6.000820e-01
      vertex   3.587382e-01  1.113698e-02  5.998631e-01
      vertex   3.593691e-01  1.024172e-02  6.004117e-01
    endloop
  endfacet
  facet normal  8.535562e-01  3.893853e-01 -3.461516e-01
    outer loop
      vertex   3.593691e-01  1.024172e-02  6.004117e-01
      vertex   3.587382e-01  1.113698e-02  5.998631e-01
      vertex   3.593691e-01  1.048726e-02  6.006879e-01
    endloop
  endfacet
  facet normal  8.537046e-01  2.468545e-01 -4.585318e-01
    outer loop
      vertex   3.593691e-01  1.048726e-02  6.006879e-01
      vertex   3.587382e-01  1.113698e-02  5.998631e-01
      vertex   3.593691e-01  1.080612e-02  6.008596e-01
    endloop
  endfacet
  facet normal  8.562182e-01  4.718493e-02  5.144551e-01
    outer loop
      vertex   3.600000e-01 -1.113689e-02  5.977631e-01
      vertex   3.593691e-01 -1.113689e-02  5.988131e-01
      vertex   3.600000e-01 -1.151901e-02  5.977981e-01
    endloop
  endfacet
  facet normal  8.621255e-01  1.091408e-01  4.948010e-01
    outer loop
      vertex   3.600000e-01 -1.151901e-02  5.977981e-01
      vertex   3.593691e-01 -1.113689e-02  5.988131e-01
      vertex   3.593691e-01 -1.157844e-02  5.989105e-01
    endloop
  endfacet
  facet normal  8.577325e-01  1.420921e-01  4.940697e-01
    outer loop
      vertex   3.600000e-01 -1.151901e-02  5.977981e-01
      vertex   3.593691e-01 -1.157844e-02  5.989105e-01
      vertex   3.600000e-01 -1.190989e-02  5.979105e-01
    endloop
  endfacet
  facet normal  8.550583e-01  2.385074e-01  4.604232e-01
    outer loop
      vertex   3.600000e-01 -1.190989e-02  5.979105e-01
      vertex   3.593691e-01 -1.157844e-02  5.989105e-01
      vertex   3.600000e-01 -1.228603e-02  5.981054e-01
    endloop
  endfacet
  facet normal  8.614938e-01  3.148332e-01  3.983824e-01
    outer loop
      vertex   3.600000e-01 -1.228603e-02  5.981054e-01
      vertex   3.593691e-01 -1.157844e-02  5.989105e-01
      vertex   3.593691e-01 -1.196173e-02  5.992134e-01
    endloop
  endfacet
  facet normal  8.602635e-01  3.214553e-01  3.957438e-01
    outer loop
      vertex   3.600000e-01 -1.228603e-02  5.981054e-01
      vertex   3.593691e-01 -1.196173e-02  5.992134e-01
      vertex   3.600000e-01 -1.262181e-02  5.983781e-01
    endloop
  endfacet
  facet normal  8.547555e-01  4.028747e-01  3.272385e-01
    outer loop
      vertex   3.600000e-01 -1.262181e-02  5.983781e-01
      vertex   3.593691e-01 -1.196173e-02  5.992134e-01
      vertex   3.600000e-01 -1.289458e-02  5.987139e-01
    endloop
  endfacet
  facet normal  8.588981e-01  4.547509e-01  2.355753e-01
    outer loop
      vertex   3.600000e-01 -1.289458e-02  5.987139e-01
      vertex   3.593691e-01 -1.196173e-02  5.992134e-01
      vertex   3.600000e-01 -1.308944e-02  5.990901e-01
    endloop
  endfacet
  facet normal  8.620999e-01  4.587680e-01  2.152111e-01
    outer loop
      vertex   3.600000e-01 -1.308944e-02  5.990901e-01
      vertex   3.593691e-01 -1.196173e-02  5.992134e-01
      vertex   3.593691e-01 -1.216380e-02  5.996441e-01
    endloop
  endfacet
  facet normal  8.555810e-01  4.975078e-01  1.430634e-01
    outer loop
      vertex   3.600000e-01 -1.308944e-02  5.990901e-01
      vertex   3.593691e-01 -1.216380e-02  5.996441e-01
      vertex   3.600000e-01 -1.320183e-02  5.994809e-01
    endloop
  endfacet
  facet normal  8.568692e-01  5.133780e-01  4.709943e-02
    outer loop
      vertex   3.600000e-01 -1.320183e-02  5.994809e-01
      vertex   3.593691e-01 -1.216380e-02  5.996441e-01
      vertex   3.600000e-01 -1.323689e-02  5.998631e-01
    endloop
  endfacet
  facet normal  8.620538e-01  5.068169e-01  0.000000e+00
    outer loop
      vertex   3.600000e-01 -1.323689e-02  5.998631e-01
      vertex   3.593691e-01 -1.216380e-02  5.996441e-01
      vertex   3.593691e-01 -1.216380e-02  6.000820e-01
    endloop
  endfacet
  facet normal  8.568680e-01  5.133799e-01 -4.709961e-02
    outer loop
      vertex   3.600000e-01 -1.323689e-02  5.998631e-01
      vertex   3.593691e-01 -1.216380e-02  6.000820e-01
      vertex   3.600000e-01 -1.320183e-02  6.002452e-01
    endloop
  endfacet
  facet normal  8.555785e-01  4.975174e-01 -1.430443e-01
    outer loop
      vertex   3.600000e-01 -1.320183e-02  6.002452e-01
      vertex   3.593691e-01 -1.216380e-02  6.000820e-01
      vertex   3.600000e-01 -1.308944e-02  6.006361e-01
    endloop
  endfacet
  facet normal  8.603923e-01  4.732869e-01 -1.890091e-01
    outer loop
      vertex   3.600000e-01 -1.308944e-02  6.006361e-01
      vertex   3.593691e-01 -1.216380e-02  6.000820e-01
      vertex   3.593691e-01 -1.203215e-02  6.004117e-01
    endloop
  endfacet
  facet normal  8.554274e-01  4.598796e-01 -2.382321e-01
    outer loop
      vertex   3.600000e-01 -1.308944e-02  6.006361e-01
      vertex   3.593691e-01 -1.203215e-02  6.004117e-01
      vertex   3.600000e-01 -1.289458e-02  6.010122e-01
    endloop
  endfacet
  facet normal  8.567466e-01  4.002903e-01 -3.251970e-01
    outer loop
      vertex   3.600000e-01 -1.289458e-02  6.010122e-01
      vertex   3.593691e-01 -1.203215e-02  6.004117e-01
      vertex   3.600000e-01 -1.262181e-02  6.013480e-01
    endloop
  endfacet
  facet normal  8.598998e-01  3.815101e-01 -3.391495e-01
    outer loop
      vertex   3.600000e-01 -1.262181e-02  6.013480e-01
      vertex   3.593691e-01 -1.203215e-02  6.004117e-01
      vertex   3.593691e-01 -1.178661e-02  6.006879e-01
    endloop
  endfacet
  facet normal  8.547478e-01  3.272520e-01 -4.028801e-01
    outer loop
      vertex   3.600000e-01 -1.262181e-02  6.013480e-01
      vertex   3.593691e-01 -1.178661e-02  6.006879e-01
      vertex   3.600000e-01 -1.228603e-02  6.016207e-01
    endloop
  endfacet
  facet normal  8.589109e-01  2.427619e-01 -4.509310e-01
    outer loop
      vertex   3.600000e-01 -1.228603e-02  6.016207e-01
      vertex   3.593691e-01 -1.178661e-02  6.006879e-01
      vertex   3.593691e-01 -1.146775e-02  6.008596e-01
    endloop
  endfacet
  facet normal  8.576671e-01  2.365744e-01 -4.565520e-01
    outer loop
      vertex   3.600000e-01 -1.228603e-02  6.016207e-01
      vertex   3.593691e-01 -1.146775e-02  6.008596e-01
      vertex   3.600000e-01 -1.190989e-02  6.018156e-01
    endloop
  endfacet
  facet normal  8.552057e-01  1.431806e-01 -4.981188e-01
    outer loop
      vertex   3.600000e-01 -1.190989e-02  6.018156e-01
      vertex   3.593691e-01 -1.146775e-02  6.008596e-01
      vertex   3.600000e-01 -1.151901e-02  6.019280e-01
    endloop
  endfacet
  facet normal  8.599317e-01  8.142395e-02 -5.038726e-01
    outer loop
      vertex   3.600000e-01 -1.151901e-02  6.019280e-01
      vertex   3.593691e-01 -1.146775e-02  6.008596e-01
      vertex   3.593691e-01 -1.113689e-02  6.009130e-01
    endloop
  endfacet
  facet normal  8.562182e-01  4.718493e-02 -5.144551e-01
    outer loop
      vertex   3.600000e-01 -1.151901e-02  6.019280e-01
      vertex   3.593691e-01 -1.113689e-02  6.009130e-01
      vertex   3.600000e-01 -1.113689e-02  6.019630e-01
    endloop
  endfacet
  facet normal  8.516837e-01  1.128804e-01  5.117548e-01
    outer loop
      vertex   3.593691e-01 -1.113689e-02  5.988131e-01
      vertex   3.590537e-01 -1.113689e-02  5.993381e-01
      vertex   3.593691e-01 -1.157844e-02  5.989105e-01
    endloop
  endfacet
  facet normal  8.517004e-01  1.129298e-01  5.117161e-01
    outer loop
      vertex   3.593691e-01 -1.157844e-02  5.989105e-01
      vertex   3.590537e-01 -1.113689e-02  5.993381e-01
      vertex   3.588960e-01 -1.113689e-02  5.996006e-01
    endloop
  endfacet
  facet normal  8.516449e-01  1.126193e-01  5.118768e-01
    outer loop
      vertex   3.593691e-01 -1.157844e-02  5.989105e-01
      vertex   3.588960e-01 -1.113689e-02  5.996006e-01
      vertex   3.588171e-01 -1.113689e-02  5.997318e-01
    endloop
  endfacet
  facet normal  8.516948e-01  1.129859e-01  5.117131e-01
    outer loop
      vertex   3.588171e-01 -1.113689e-02  5.997318e-01
      vertex   3.587382e-01 -1.113689e-02  5.998631e-01
      vertex   3.593691e-01 -1.157844e-02  5.989105e-01
    endloop
  endfacet
  facet normal  8.542196e-01  8.308972e-02 -5.132300e-01
    outer loop
      vertex   3.587382e-01 -1.113689e-02  5.998631e-01
      vertex   3.588171e-01 -1.113689e-02  5.999943e-01
      vertex   3.593691e-01 -1.146775e-02  6.008596e-01
    endloop
  endfacet
  facet normal  8.541704e-01  8.257800e-02 -5.133944e-01
    outer loop
      vertex   3.593691e-01 -1.146775e-02  6.008596e-01
      vertex   3.588171e-01 -1.113689e-02  5.999943e-01
      vertex   3.588960e-01 -1.113689e-02  6.001256e-01
    endloop
  endfacet
  facet normal  8.542251e-01  8.301390e-02 -5.132331e-01
    outer loop
      vertex   3.593691e-01 -1.146775e-02  6.008596e-01
      vertex   3.588960e-01 -1.113689e-02  6.001256e-01
      vertex   3.590537e-01 -1.113689e-02  6.003881e-01
    endloop
  endfacet
  facet normal  8.542086e-01  8.294275e-02 -5.132719e-01
    outer loop
      vertex   3.590537e-01 -1.113689e-02  6.003881e-01
      vertex   3.593691e-01 -1.113689e-02  6.009130e-01
      vertex   3.593691e-01 -1.146775e-02  6.008596e-01
    endloop
  endfacet
  facet normal  8.507243e-01  3.258972e-01  4.123825e-01
    outer loop
      vertex   3.593691e-01 -1.157844e-02  5.989105e-01
      vertex   3.587382e-01 -1.113689e-02  5.998631e-01
      vertex   3.593691e-01 -1.196173e-02  5.992134e-01
    endloop
  endfacet
  facet normal  8.510736e-01  4.753428e-01  2.229865e-01
    outer loop
      vertex   3.593691e-01 -1.196173e-02  5.992134e-01
      vertex   3.587382e-01 -1.113689e-02  5.998631e-01
      vertex   3.593691e-01 -1.216380e-02  5.996441e-01
    endloop
  endfacet
  facet normal  8.520408e-01  5.234754e-01 -0.000000e+00
    outer loop
      vertex   3.593691e-01 -1.216380e-02  5.996441e-01
      vertex   3.587382e-01 -1.113689e-02  5.998631e-01
      vertex   3.593691e-01 -1.216380e-02  6.000820e-01
    endloop
  endfacet
  facet normal  8.538399e-01  4.834128e-01 -1.930529e-01
    outer loop
      vertex   3.593691e-01 -1.216380e-02  6.000820e-01
      vertex   3.587382e-01 -1.113689e-02  5.998631e-01
      vertex   3.593691e-01 -1.203215e-02  6.004117e-01
    endloop
  endfacet
  facet normal  8.535560e-01  3.893862e-01 -3.461511e-01
    outer loop
      vertex   3.593691e-01 -1.203215e-02  6.004117e-01
      vertex   3.587382e-01 -1.113689e-02  5.998631e-01
      vertex   3.593691e-01 -1.178661e-02  6.006879e-01
    endloop
  endfacet
  facet normal  8.537044e-01  2.468541e-01 -4.585323e-01
    outer loop
      vertex   3.593691e-01 -1.178661e-02  6.006879e-01
      vertex   3.587382e-01 -1.113689e-02  5.998631e-01
      vertex   3.593691e-01 -1.146775e-02  6.008596e-01
    endloop
  endfacet
  facet normal  8.562182e-01  4.718493e-02  5.144551e-01
    outer loop
      vertex   3.600000e-01 -1.113689e-02  6.200370e-01
      vertex   3.593691e-01 -1.113689e-02  6.210870e-01
      vertex   3.600000e-01 -1.151901e-02  6.200720e-01
    endloop
  endfacet
  facet normal  8.621213e-01  1.090787e-01  4.948219e-01
    outer loop
      vertex   3.600000e-01 -1.151901e-02  6.200720e-01
      vertex   3.593691e-01 -1.113689e-02  6.210870e-01
      vertex   3.593691e-01 -1.157843e-02  6.211843e-01
    endloop
  endfacet
  facet normal  8.577311e-01  1.420231e-01  4.940918e-01
    outer loop
      vertex   3.600000e-01 -1.151901e-02  6.200720e-01
      vertex   3.593691e-01 -1.157843e-02  6.211843e-01
      vertex   3.600000e-01 -1.190989e-02  6.201844e-01
    endloop
  endfacet
  facet normal  8.550537e-01  2.385684e-01  4.604001e-01
    outer loop
      vertex   3.600000e-01 -1.190989e-02  6.201844e-01
      vertex   3.593691e-01 -1.157843e-02  6.211843e-01
      vertex   3.600000e-01 -1.228603e-02  6.203793e-01
    endloop
  endfacet
  facet normal  8.614841e-01  3.148435e-01  3.983954e-01
    outer loop
      vertex   3.600000e-01 -1.228603e-02  6.203793e-01
      vertex   3.593691e-01 -1.157843e-02  6.211843e-01
      vertex   3.593691e-01 -1.196173e-02  6.214872e-01
    endloop
  endfacet
  facet normal  8.602538e-01  3.214656e-01  3.957565e-01
    outer loop
      vertex   3.600000e-01 -1.228603e-02  6.203793e-01
      vertex   3.593691e-01 -1.196173e-02  6.214872e-01
      vertex   3.600000e-01 -1.262181e-02  6.206520e-01
    endloop
  endfacet
  facet normal  8.547516e-01  4.028512e-01  3.272775e-01
    outer loop
      vertex   3.600000e-01 -1.262181e-02  6.206520e-01
      vertex   3.593691e-01 -1.196173e-02  6.214872e-01
      vertex   3.600000e-01 -1.289458e-02  6.209878e-01
    endloop
  endfacet
  facet normal  8.588981e-01  4.547509e-01  2.355753e-01
    outer loop
      vertex   3.600000e-01 -1.289458e-02  6.209878e-01
      vertex   3.593691e-01 -1.196173e-02  6.214872e-01
      vertex   3.600000e-01 -1.308944e-02  6.213639e-01
    endloop
  endfacet
  facet normal  8.620999e-01  4.587680e-01  2.152111e-01
    outer loop
      vertex   3.600000e-01 -1.308944e-02  6.213639e-01
      vertex   3.593691e-01 -1.196173e-02  6.214872e-01
      vertex   3.593691e-01 -1.216380e-02  6.219180e-01
    endloop
  endfacet
  facet normal  8.555786e-01  4.975174e-01  1.430443e-01
    outer loop
      vertex   3.600000e-01 -1.308944e-02  6.213639e-01
      vertex   3.593691e-01 -1.216380e-02  6.219180e-01
      vertex   3.600000e-01 -1.320183e-02  6.217548e-01
    endloop
  endfacet
  facet normal  8.568680e-01  5.133799e-01  4.709961e-02
    outer loop
      vertex   3.600000e-01 -1.320183e-02  6.217548e-01
      vertex   3.593691e-01 -1.216380e-02  6.219180e-01
      vertex   3.600000e-01 -1.323689e-02  6.221370e-01
    endloop
  endfacet
  facet normal  8.620538e-01  5.068169e-01  0.000000e+00
    outer loop
      vertex   3.600000e-01 -1.323689e-02  6.221370e-01
      vertex   3.593691e-01 -1.216380e-02  6.219180e-01
      vertex   3.593691e-01 -1.216380e-02  6.223559e-01
    endloop
  endfacet
  facet normal  8.568692e-01  5.133780e-01 -4.709943e-02
    outer loop
      vertex   3.600000e-01 -1.323689e-02  6.221370e-01
      vertex   3.593691e-01 -1.216380e-02  6.223559e-01
      vertex   3.600000e-01 -1.320183e-02  6.225191e-01
    endloop
  endfacet
  facet normal  8.555822e-01  4.975117e-01 -1.430427e-01
    outer loop
      vertex   3.600000e-01 -1.320183e-02  6.225191e-01
      vertex   3.593691e-01 -1.216380e-02  6.223559e-01
      vertex   3.600000e-01 -1.308944e-02  6.229100e-01
    endloop
  endfacet
  facet normal  8.603970e-01  4.732797e-01 -1.890063e-01
    outer loop
      vertex   3.600000e-01 -1.308944e-02  6.229100e-01
      vertex   3.593691e-01 -1.216380e-02  6.223559e-01
      vertex   3.593691e-01 -1.203215e-02  6.226856e-01
    endloop
  endfacet
  facet normal  8.554295e-01  4.598613e-01 -2.382604e-01
    outer loop
      vertex   3.600000e-01 -1.308944e-02  6.229100e-01
      vertex   3.593691e-01 -1.203215e-02  6.226856e-01
      vertex   3.600000e-01 -1.289458e-02  6.232861e-01
    endloop
  endfacet
  facet normal  8.567480e-01  4.003166e-01 -3.251606e-01
    outer loop
      vertex   3.600000e-01 -1.289458e-02  6.232861e-01
      vertex   3.593691e-01 -1.203215e-02  6.226856e-01
      vertex   3.600000e-01 -1.262181e-02  6.236219e-01
    endloop
  endfacet
  facet normal  8.599082e-01  3.814995e-01 -3.391401e-01
    outer loop
      vertex   3.600000e-01 -1.262181e-02  6.236219e-01
      vertex   3.593691e-01 -1.203215e-02  6.226856e-01
      vertex   3.593691e-01 -1.178661e-02  6.229618e-01
    endloop
  endfacet
  facet normal  8.547580e-01  3.272414e-01 -4.028670e-01
    outer loop
      vertex   3.600000e-01 -1.262181e-02  6.236219e-01
      vertex   3.593691e-01 -1.178661e-02  6.229618e-01
      vertex   3.600000e-01 -1.228603e-02  6.238946e-01
    endloop
  endfacet
  facet normal  8.589221e-01  2.427530e-01 -4.509145e-01
    outer loop
      vertex   3.600000e-01 -1.228603e-02  6.238946e-01
      vertex   3.593691e-01 -1.178661e-02  6.229618e-01
      vertex   3.593691e-01 -1.146775e-02  6.231334e-01
    endloop
  endfacet
  facet normal  8.576683e-01  2.365164e-01 -4.565797e-01
    outer loop
      vertex   3.600000e-01 -1.228603e-02  6.238946e-01
      vertex   3.593691e-01 -1.146775e-02  6.231334e-01
      vertex   3.600000e-01 -1.190989e-02  6.240895e-01
    endloop
  endfacet
  facet normal  8.552108e-01  1.432485e-01 -4.980908e-01
    outer loop
      vertex   3.600000e-01 -1.190989e-02  6.240895e-01
      vertex   3.593691e-01 -1.146775e-02  6.231334e-01
      vertex   3.600000e-01 -1.151901e-02  6.242019e-01
    endloop
  endfacet
  facet normal  8.599397e-01  8.151019e-02 -5.038452e-01
    outer loop
      vertex   3.600000e-01 -1.151901e-02  6.242019e-01
      vertex   3.593691e-01 -1.146775e-02  6.231334e-01
      vertex   3.593691e-01 -1.113689e-02  6.231869e-01
    endloop
  endfacet
  facet normal  8.562182e-01  4.718493e-02 -5.144551e-01
    outer loop
      vertex   3.600000e-01 -1.151901e-02  6.242019e-01
      vertex   3.593691e-01 -1.113689e-02  6.231869e-01
      vertex   3.600000e-01 -1.113689e-02  6.242369e-01
    endloop
  endfacet
  facet normal  8.516903e-01  1.128122e-01  5.117587e-01
    outer loop
      vertex   3.593691e-01 -1.113689e-02  6.210870e-01
      vertex   3.590537e-01 -1.113689e-02  6.216120e-01
      vertex   3.593691e-01 -1.157843e-02  6.211843e-01
    endloop
  endfacet
  facet normal  8.517070e-01  1.128616e-01  5.117201e-01
    outer loop
      vertex   3.593691e-01 -1.157843e-02  6.211843e-01
      vertex   3.590537e-01 -1.113689e-02  6.216120e-01
      vertex   3.588960e-01 -1.113689e-02  6.218745e-01
    endloop
  endfacet
  facet normal  8.516514e-01  1.125517e-01  5.118807e-01
    outer loop
      vertex   3.593691e-01 -1.157843e-02  6.211843e-01
      vertex   3.588960e-01 -1.113689e-02  6.218745e-01
      vertex   3.588171e-01 -1.113689e-02  6.220057e-01
    endloop
  endfacet
  facet normal  8.517014e-01  1.129177e-01  5.117171e-01
    outer loop
      vertex   3.588171e-01 -1.113689e-02  6.220057e-01
      vertex   3.587382e-01 -1.113689e-02  6.221370e-01
      vertex   3.593691e-01 -1.157843e-02  6.211843e-01
    endloop
  endfacet
  facet normal  8.542130e-01  8.318146e-02 -5.132261e-01
    outer loop
      vertex   3.587382e-01 -1.113689e-02  6.221370e-01
      vertex   3.588171e-01 -1.113689e-02  6.222682e-01
      vertex   3.593691e-01 -1.146775e-02  6.231334e-01
    endloop
  endfacet
  facet normal  8.541639e-01  8.266905e-02 -5.133904e-01
    outer loop
      vertex   3.593691e-01 -1.146775e-02  6.231334e-01
      vertex   3.588171e-01 -1.113689e-02  6.222682e-01
      vertex   3.588960e-01 -1.113689e-02  6.223994e-01
    endloop
  endfacet
  facet normal  8.542185e-01  8.310565e-02 -5.132291e-01
    outer loop
      vertex   3.593691e-01 -1.146775e-02  6.231334e-01
      vertex   3.588960e-01 -1.113689e-02  6.223994e-01
      vertex   3.590537e-01 -1.113689e-02  6.226619e-01
    endloop
  endfacet
  facet normal  8.542022e-01  8.303458e-02 -5.132680e-01
    outer loop
      vertex   3.590537e-01 -1.113689e-02  6.226619e-01
      vertex   3.593691e-01 -1.113689e-02  6.231869e-01
      vertex   3.593691e-01 -1.146775e-02  6.231334e-01
    endloop
  endfacet
  facet normal  8.507351e-01  3.258864e-01  4.123688e-01
    outer loop
      vertex   3.593691e-01 -1.157843e-02  6.211843e-01
      vertex   3.587382e-01 -1.113689e-02  6.221370e-01
      vertex   3.593691e-01 -1.196173e-02  6.214872e-01
    endloop
  endfacet
  facet normal  8.510794e-01  4.753343e-01  2.229825e-01
    outer loop
      vertex   3.593691e-01 -1.196173e-02  6.214872e-01
      vertex   3.587382e-01 -1.113689e-02  6.221370e-01
      vertex   3.593691e-01 -1.216380e-02  6.219180e-01
    endloop
  endfacet
  facet normal  8.520408e-01  5.234754e-01 -0.000000e+00
    outer loop
      vertex   3.593691e-01 -1.216380e-02  6.219180e-01
      vertex   3.587382e-01 -1.113689e-02  6.221370e-01
      vertex   3.593691e-01 -1.216380e-02  6.223559e-01
    endloop
  endfacet
  facet normal  8.538350e-01  4.834203e-01 -1.930559e-01
    outer loop
      vertex   3.593691e-01 -1.216380e-02  6.223559e-01
      vertex   3.587382e-01 -1.113689e-02  6.221370e-01
      vertex   3.593691e-01 -1.203215e-02  6.226856e-01
    endloop
  endfacet
  facet normal  8.535470e-01  3.893971e-01 -3.461608e-01
    outer loop
      vertex   3.593691e-01 -1.203215e-02  6.226856e-01
      vertex   3.587382e-01 -1.113689e-02  6.221370e-01
      vertex   3.593691e-01 -1.178661e-02  6.229618e-01
    endloop
  endfacet
  facet normal  8.536927e-01  2.468632e-01 -4.585492e-01
    outer loop
      vertex   3.593691e-01 -1.178661e-02  6.229618e-01
      vertex   3.587382e-01 -1.113689e-02  6.221370e-01
      vertex   3.593691e-01 -1.146775e-02  6.231334e-01
    endloop
  endfacet
  facet normal  8.562171e-01  4.718499e-02  5.144569e-01
    outer loop
      vertex   3.610000e-01  4.558185e-08  6.242500e-01
      vertex   3.602490e-01  4.573293e-08  6.255000e-01
      vertex   3.610000e-01 -4.548621e-04  6.242917e-01
    endloop
  endfacet
  facet normal  8.621199e-01  1.090765e-01  4.948249e-01
    outer loop
      vertex   3.610000e-01 -4.548621e-04  6.242917e-01
      vertex   3.602490e-01  4.573293e-08  6.255000e-01
      vertex   3.602490e-01 -5.256044e-04  6.256159e-01
    endloop
  endfacet
  facet normal  8.577204e-01  1.420839e-01  4.940929e-01
    outer loop
      vertex   3.610000e-01 -4.548621e-04  6.242917e-01
      vertex   3.602490e-01 -5.256044e-04  6.256159e-01
      vertex   3.610000e-01 -9.201913e-04  6.244255e-01
    endloop
  endfacet
  facet normal  8.550454e-01  2.385328e-01  4.604338e-01
    outer loop
      vertex   3.610000e-01 -9.201913e-04  6.244255e-01
      vertex   3.602490e-01 -5.256044e-04  6.256159e-01
      vertex   3.610000e-01 -1.367979e-03  6.246575e-01
    endloop
  endfacet
  facet normal  8.614805e-01  3.148472e-01  3.984001e-01
    outer loop
      vertex   3.610000e-01 -1.367979e-03  6.246575e-01
      vertex   3.602490e-01 -5.256044e-04  6.256159e-01
      vertex   3.602490e-01 -9.819092e-04  6.259765e-01
    endloop
  endfacet
  facet normal  8.602470e-01  3.214864e-01  3.957544e-01
    outer loop
      vertex   3.610000e-01 -1.367979e-03  6.246575e-01
      vertex   3.602490e-01 -9.819092e-04  6.259765e-01
      vertex   3.610000e-01 -1.767721e-03  6.249822e-01
    endloop
  endfacet
  facet normal  8.547407e-01  4.028904e-01  3.272577e-01
    outer loop
      vertex   3.610000e-01 -1.767721e-03  6.249822e-01
      vertex   3.602490e-01 -9.819092e-04  6.259765e-01
      vertex   3.610000e-01 -2.092443e-03  6.253820e-01
    endloop
  endfacet
  facet normal  8.588862e-01  4.547548e-01  2.356111e-01
    outer loop
      vertex   3.610000e-01 -2.092443e-03  6.253820e-01
      vertex   3.602490e-01 -9.819092e-04  6.259765e-01
      vertex   3.610000e-01 -2.324425e-03  6.258298e-01
    endloop
  endfacet
  facet normal  8.620946e-01  4.587802e-01  2.152060e-01
    outer loop
      vertex   3.610000e-01 -2.324425e-03  6.258298e-01
      vertex   3.602490e-01 -9.819092e-04  6.259765e-01
      vertex   3.602490e-01 -1.222473e-03  6.264893e-01
    endloop
  endfacet
  facet normal  8.555732e-01  4.975256e-01  1.430488e-01
    outer loop
      vertex   3.610000e-01 -2.324425e-03  6.258298e-01
      vertex   3.602490e-01 -1.222473e-03  6.264893e-01
      vertex   3.610000e-01 -2.458218e-03  6.262951e-01
    endloop
  endfacet
  facet normal  8.568614e-01  5.133907e-01  4.710270e-02
    outer loop
      vertex   3.610000e-01 -2.458218e-03  6.262951e-01
      vertex   3.602490e-01 -1.222473e-03  6.264893e-01
      vertex   3.610000e-01 -2.499955e-03  6.267500e-01
    endloop
  endfacet
  facet normal  8.620468e-01  5.068288e-01  0.000000e+00
    outer loop
      vertex   3.610000e-01 -2.499955e-03  6.267500e-01
      vertex   3.602490e-01 -1.222473e-03  6.264893e-01
      vertex   3.602490e-01 -1.222473e-03  6.270106e-01
    endloop
  endfacet
  facet normal  8.568613e-01  5.133907e-01 -4.710270e-02
    outer loop
      vertex   3.610000e-01 -2.499955e-03  6.267500e-01
      vertex   3.602490e-01 -1.222473e-03  6.270106e-01
      vertex   3.610000e-01 -2.458218e-03  6.272049e-01
    endloop
  endfacet
  facet normal  8.555732e-01  4.975256e-01 -1.430488e-01
    outer loop
      vertex   3.610000e-01 -2.458218e-03  6.272049e-01
      vertex   3.602490e-01 -1.222473e-03  6.270106e-01
      vertex   3.610000e-01 -2.324425e-03  6.276702e-01
    endloop
  endfacet
  facet normal  8.603863e-01  4.733017e-01 -1.890000e-01
    outer loop
      vertex   3.610000e-01 -2.324425e-03  6.276702e-01
      vertex   3.602490e-01 -1.222473e-03  6.270106e-01
      vertex   3.602490e-01 -1.065740e-03  6.274031e-01
    endloop
  endfacet
  facet normal  8.554199e-01  4.598895e-01 -2.382400e-01
    outer loop
      vertex   3.610000e-01 -2.324425e-03  6.276702e-01
      vertex   3.602490e-01 -1.065740e-03  6.274031e-01
      vertex   3.610000e-01 -2.092443e-03  6.281180e-01
    endloop
  endfacet
  facet normal  8.567389e-01  4.003015e-01 -3.252033e-01
    outer loop
      vertex   3.610000e-01 -2.092443e-03  6.281180e-01
      vertex   3.602490e-01 -1.065740e-03  6.274031e-01
      vertex   3.610000e-01 -1.767721e-03  6.285177e-01
    endloop
  endfacet
  facet normal  8.598908e-01  3.815307e-01 -3.391492e-01
    outer loop
      vertex   3.610000e-01 -1.767721e-03  6.285177e-01
      vertex   3.602490e-01 -1.065740e-03  6.274031e-01
      vertex   3.602490e-01 -7.734298e-04  6.277320e-01
    endloop
  endfacet
  facet normal  8.547394e-01  3.272744e-01 -4.028796e-01
    outer loop
      vertex   3.610000e-01 -1.767721e-03  6.285177e-01
      vertex   3.602490e-01 -7.734298e-04  6.277320e-01
      vertex   3.610000e-01 -1.367979e-03  6.288425e-01
    endloop
  endfacet
  facet normal  8.589042e-01  2.427363e-01 -4.509575e-01
    outer loop
      vertex   3.610000e-01 -1.367979e-03  6.288425e-01
      vertex   3.602490e-01 -7.734298e-04  6.277320e-01
      vertex   3.602490e-01 -3.938336e-04  6.279363e-01
    endloop
  endfacet
  facet normal  8.576584e-01  2.365396e-01 -4.565863e-01
    outer loop
      vertex   3.610000e-01 -1.367979e-03  6.288425e-01
      vertex   3.602490e-01 -3.938336e-04  6.279363e-01
      vertex   3.610000e-01 -9.201910e-04  6.290745e-01
    endloop
  endfacet
  facet normal  8.551999e-01  1.432396e-01 -4.981121e-01
    outer loop
      vertex   3.610000e-01 -9.201910e-04  6.290745e-01
      vertex   3.602490e-01 -3.938336e-04  6.279363e-01
      vertex   3.610000e-01 -4.548617e-04  6.292083e-01
    endloop
  endfacet
  facet normal  8.599277e-01  8.150974e-02 -5.038656e-01
    outer loop
      vertex   3.610000e-01 -4.548617e-04  6.292083e-01
      vertex   3.602490e-01 -3.938336e-04  6.279363e-01
      vertex   3.602490e-01  4.592167e-08  6.280000e-01
    endloop
  endfacet
  facet normal  8.562061e-01  4.718664e-02 -5.144749e-01
    outer loop
      vertex   3.610000e-01 -4.548617e-04  6.292083e-01
      vertex   3.602490e-01  4.592167e-08  6.280000e-01
      vertex   3.610000e-01  4.595934e-08  6.292500e-01
    endloop
  endfacet
  facet normal  8.516782e-01  1.128137e-01  5.117786e-01
    outer loop
      vertex   3.602490e-01  4.573293e-08  6.255000e-01
      vertex   3.598734e-01  4.580847e-08  6.261250e-01
      vertex   3.602490e-01 -5.256044e-04  6.256159e-01
    endloop
  endfacet
  facet normal  8.517088e-01  1.129044e-01  5.117076e-01
    outer loop
      vertex   3.602490e-01 -5.256044e-04  6.256159e-01
      vertex   3.598734e-01  4.580847e-08  6.261250e-01
      vertex   3.596857e-01  4.584624e-08  6.264375e-01
    endloop
  endfacet
  facet normal  8.516904e-01  1.128003e-01  5.117612e-01
    outer loop
      vertex   3.602490e-01 -5.256044e-04  6.256159e-01
      vertex   3.596857e-01  4.584624e-08  6.264375e-01
      vertex   3.595918e-01  4.586512e-08  6.265938e-01
    endloop
  endfacet
  facet normal  8.516819e-01  1.127384e-01  5.117890e-01
    outer loop
      vertex   3.595918e-01  4.586512e-08  6.265938e-01
      vertex   3.594979e-01  4.588401e-08  6.267500e-01
      vertex   3.602490e-01 -5.256044e-04  6.256159e-01
    endloop
  endfacet
  facet normal  8.542433e-01  8.344867e-02 -5.131324e-01
    outer loop
      vertex   3.594979e-01  4.588401e-08  6.267500e-01
      vertex   3.595918e-01  4.588872e-08  6.269063e-01
      vertex   3.602490e-01 -3.938336e-04  6.279363e-01
    endloop
  endfacet
  facet normal  8.541524e-01  8.250238e-02 -5.134364e-01
    outer loop
      vertex   3.602490e-01 -3.938336e-04  6.279363e-01
      vertex   3.595918e-01  4.588872e-08  6.269063e-01
      vertex   3.596857e-01  4.589342e-08  6.270625e-01
    endloop
  endfacet
  facet normal  8.542259e-01  8.308744e-02 -5.132198e-01
    outer loop
      vertex   3.602490e-01 -3.938336e-04  6.279363e-01
      vertex   3.596857e-01  4.589342e-08  6.270625e-01
      vertex   3.598734e-01  4.590284e-08  6.273750e-01
    endloop
  endfacet
  facet normal  8.542122e-01  8.302816e-02 -5.132523e-01
    outer loop
      vertex   3.598734e-01  4.590284e-08  6.273750e-01
      vertex   3.602490e-01  4.592167e-08  6.280000e-01
      vertex   3.602490e-01 -3.938336e-04  6.279363e-01
    endloop
  endfacet
  facet normal  8.507351e-01  3.258863e-01  4.123687e-01
    outer loop
      vertex   3.602490e-01 -5.256044e-04  6.256159e-01
      vertex   3.594979e-01  4.588401e-08  6.267500e-01
      vertex   3.602490e-01 -9.819092e-04  6.259765e-01
    endloop
  endfacet
  facet normal  8.510799e-01  4.753378e-01  2.229728e-01
    outer loop
      vertex   3.602490e-01 -9.819092e-04  6.259765e-01
      vertex   3.594979e-01  4.588401e-08  6.267500e-01
      vertex   3.602490e-01 -1.222473e-03  6.264893e-01
    endloop
  endfacet
  facet normal  8.520442e-01  5.234699e-01  1.168994e-07
    outer loop
      vertex   3.602490e-01 -1.222473e-03  6.264893e-01
      vertex   3.594979e-01  4.588401e-08  6.267500e-01
      vertex   3.602490e-01 -1.222473e-03  6.270106e-01
    endloop
  endfacet
  facet normal  8.538411e-01  4.834163e-01 -1.930390e-01
    outer loop
      vertex   3.602490e-01 -1.222473e-03  6.270106e-01
      vertex   3.594979e-01  4.588401e-08  6.267500e-01
      vertex   3.602490e-01 -1.065740e-03  6.274031e-01
    endloop
  endfacet
  facet normal  8.535582e-01  3.893930e-01 -3.461380e-01
    outer loop
      vertex   3.602490e-01 -1.065740e-03  6.274031e-01
      vertex   3.594979e-01  4.588401e-08  6.267500e-01
      vertex   3.602490e-01 -7.734298e-04  6.277320e-01
    endloop
  endfacet
  facet normal  8.537050e-01  2.468221e-01 -4.585483e-01
    outer loop
      vertex   3.602490e-01 -7.734298e-04  6.277320e-01
      vertex   3.594979e-01  4.588401e-08  6.267500e-01
      vertex   3.602490e-01 -3.938336e-04  6.279363e-01
    endloop
  endfacet
  facet normal  6.897984e-09  9.136704e-02 -9.958172e-01
    outer loop
      vertex   3.620000e-01  4.526099e-08  6.210000e-01
      vertex   3.678000e-01  4.482310e-08  6.210000e-01
      vertex   3.620000e-01 -1.819586e-03  6.208330e-01
    endloop
  endfacet
  facet normal -7.552382e-03  1.152102e-01 -9.933124e-01
    outer loop
      vertex   3.620000e-01 -1.819586e-03  6.208330e-01
      vertex   3.678000e-01  4.482310e-08  6.210000e-01
      vertex   3.649000e-01 -2.085307e-03  6.207802e-01
    endloop
  endfacet
  facet normal  7.796290e-03  2.763000e-01 -9.610398e-01
    outer loop
      vertex   3.620000e-01 -1.819586e-03  6.208330e-01
      vertex   3.649000e-01 -2.085307e-03  6.207802e-01
      vertex   3.620000e-01 -3.680902e-03  6.202979e-01
    endloop
  endfacet
  facet normal -1.639842e-02  3.164719e-01 -9.484602e-01
    outer loop
      vertex   3.620000e-01 -3.680902e-03  6.202979e-01
      vertex   3.649000e-01 -2.085307e-03  6.207802e-01
      vertex   3.649000e-01 -4.205157e-03  6.200728e-01
    endloop
  endfacet
  facet normal  1.424461e-02  4.599503e-01 -8.878304e-01
    outer loop
      vertex   3.620000e-01 -3.680902e-03  6.202979e-01
      vertex   3.649000e-01 -4.205157e-03  6.200728e-01
      vertex   3.620000e-01 -5.472053e-03  6.193700e-01
    endloop
  endfacet
  facet normal -2.201451e-02  5.230733e-01 -8.520033e-01
    outer loop
      vertex   3.620000e-01 -5.472053e-03  6.193700e-01
      vertex   3.649000e-01 -4.205157e-03  6.200728e-01
      vertex   3.649000e-01 -6.187760e-03  6.188557e-01
    endloop
  endfacet
  facet normal  1.794761e-02  6.304154e-01 -7.760504e-01
    outer loop
      vertex   3.620000e-01 -5.472053e-03  6.193700e-01
      vertex   3.649000e-01 -6.187760e-03  6.188557e-01
      vertex   3.620000e-01 -7.071023e-03  6.180711e-01
    endloop
  endfacet
  facet normal -2.405849e-02  7.069068e-01 -7.068974e-01
    outer loop
      vertex   3.620000e-01 -7.071023e-03  6.180711e-01
      vertex   3.649000e-01 -6.187760e-03  6.188557e-01
      vertex   3.649000e-01 -7.855595e-03  6.171878e-01
    endloop
  endfacet
  facet normal  1.794316e-02  7.760515e-01 -6.304143e-01
    outer loop
      vertex   3.620000e-01 -7.071023e-03  6.180711e-01
      vertex   3.649000e-01 -7.855595e-03  6.171878e-01
      vertex   3.620000e-01 -8.369911e-03  6.164721e-01
    endloop
  endfacet
  facet normal -2.201386e-02  8.519982e-01 -5.230818e-01
    outer loop
      vertex   3.620000e-01 -8.369911e-03  6.164721e-01
      vertex   3.649000e-01 -7.855595e-03  6.171878e-01
      vertex   3.649000e-01 -9.072788e-03  6.152052e-01
    endloop
  endfacet
  facet normal  1.425317e-02  8.878328e-01 -4.599455e-01
    outer loop
      vertex   3.620000e-01 -8.369911e-03  6.164721e-01
      vertex   3.649000e-01 -9.072788e-03  6.152052e-01
      vertex   3.620000e-01 -9.297838e-03  6.146809e-01
    endloop
  endfacet
  facet normal -1.639216e-02  9.484640e-01 -3.164608e-01
    outer loop
      vertex   3.620000e-01 -9.297838e-03  6.146809e-01
      vertex   3.649000e-01 -9.072788e-03  6.152052e-01
      vertex   3.649000e-01 -9.780105e-03  6.130853e-01
    endloop
  endfacet
  facet normal  7.785854e-03  9.610350e-01 -2.763171e-01
    outer loop
      vertex   3.620000e-01 -9.297838e-03  6.146809e-01
      vertex   3.649000e-01 -9.780105e-03  6.130853e-01
      vertex   3.620000e-01 -9.833010e-03  6.128196e-01
    endloop
  endfacet
  facet normal -8.535402e-03  9.944521e-01 -1.048425e-01
    outer loop
      vertex   3.620000e-01 -9.833010e-03  6.128196e-01
      vertex   3.649000e-01 -9.780105e-03  6.130853e-01
      vertex   3.649000e-01 -9.999956e-03  6.110000e-01
    endloop
  endfacet
  facet normal  0.000000e+00  9.958175e-01 -9.136452e-02
    outer loop
      vertex   3.620000e-01 -9.833010e-03  6.128196e-01
      vertex   3.649000e-01 -9.999956e-03  6.110000e-01
      vertex   3.620000e-01 -9.999956e-03  6.110000e-01
    endloop
  endfacet
  facet normal -0.000000e+00  9.958175e-01  9.136452e-02
    outer loop
      vertex   3.620000e-01 -9.999956e-03  6.110000e-01
      vertex   3.649000e-01 -9.999956e-03  6.110000e-01
      vertex   3.620000e-01 -9.833010e-03  6.091804e-01
    endloop
  endfacet
  facet normal -8.535402e-03  9.944521e-01  1.048425e-01
    outer loop
      vertex   3.620000e-01 -9.833010e-03  6.091804e-01
      vertex   3.649000e-01 -9.999956e-03  6.110000e-01
      vertex   3.649000e-01 -9.780105e-03  6.089147e-01
    endloop
  endfacet
  facet normal  7.785860e-03  9.610350e-01  2.763171e-01
    outer loop
      vertex   3.620000e-01 -9.833010e-03  6.091804e-01
      vertex   3.649000e-01 -9.780105e-03  6.089147e-01
      vertex   3.620000e-01 -9.297838e-03  6.073191e-01
    endloop
  endfacet
  facet normal -0.000000e+00  9.572329e-01  2.893187e-01
    outer loop
      vertex   3.620000e-01 -9.297838e-03  6.073191e-01
      vertex   3.649000e-01 -9.780105e-03  6.089147e-01
      vertex   3.649000e-01 -9.297838e-03  6.073191e-01
    endloop
  endfacet
  facet normal -0.000000e+00  8.945484e-01  4.469710e-01
    outer loop
      vertex   3.620000e-01 -9.297838e-03  6.073191e-01
      vertex   3.649000e-01 -9.297838e-03  6.073191e-01
      vertex   3.649000e-01 -8.526243e-03  6.057748e-01
    endloop
  endfacet
  facet normal  0.000000e+00  8.945484e-01  4.469710e-01
    outer loop
      vertex   3.649000e-01 -8.526243e-03  6.057748e-01
      vertex   3.649000e-01 -9.297838e-03  6.073191e-01
      vertex   3.678000e-01 -9.297838e-03  6.073191e-01
    endloop
  endfacet
  facet normal -8.696213e-03  8.878893e-01  4.599748e-01
    outer loop
      vertex   3.649000e-01 -8.526243e-03  6.057748e-01
      vertex   3.678000e-01 -9.297838e-03  6.073191e-01
      vertex   3.678000e-01 -8.369911e-03  6.055279e-01
    endloop
  endfacet
  facet normal  9.782290e-03  9.136268e-02 -9.957696e-01
    outer loop
      vertex   3.678000e-01  4.482310e-08  6.210000e-01
      vertex   3.678000e-01 -1.819586e-03  6.208330e-01
      vertex   3.649000e-01 -2.085307e-03  6.207802e-01
    endloop
  endfacet
  facet normal -7.796245e-03  2.763000e-01 -9.610398e-01
    outer loop
      vertex   3.649000e-01 -2.085307e-03  6.207802e-01
      vertex   3.678000e-01 -1.819586e-03  6.208330e-01
      vertex   3.678000e-01 -3.680903e-03  6.202979e-01
    endloop
  endfacet
  facet normal  1.639849e-02  3.164718e-01 -9.484602e-01
    outer loop
      vertex   3.649000e-01 -2.085307e-03  6.207802e-01
      vertex   3.678000e-01 -3.680903e-03  6.202979e-01
      vertex   3.649000e-01 -4.205157e-03  6.200728e-01
    endloop
  endfacet
  facet normal -1.424454e-02  4.599503e-01 -8.878304e-01
    outer loop
      vertex   3.649000e-01 -4.205157e-03  6.200728e-01
      vertex   3.678000e-01 -3.680903e-03  6.202979e-01
      vertex   3.678000e-01 -5.472053e-03  6.193700e-01
    endloop
  endfacet
  facet normal  2.201460e-02  5.230732e-01 -8.520033e-01
    outer loop
      vertex   3.649000e-01 -4.205157e-03  6.200728e-01
      vertex   3.678000e-01 -5.472053e-03  6.193700e-01
      vertex   3.649000e-01 -6.187760e-03  6.188557e-01
    endloop
  endfacet
  facet normal -1.794751e-02  6.304154e-01 -7.760504e-01
    outer loop
      vertex   3.649000e-01 -6.187760e-03  6.188557e-01
      vertex   3.678000e-01 -5.472053e-03  6.193700e-01
      vertex   3.678000e-01 -7.071023e-03  6.180711e-01
    endloop
  endfacet
  facet normal  2.405859e-02  7.069069e-01 -7.068974e-01
    outer loop
      vertex   3.649000e-01 -6.187760e-03  6.188557e-01
      vertex   3.678000e-01 -7.071023e-03  6.180711e-01
      vertex   3.649000e-01 -7.855595e-03  6.171878e-01
    endloop
  endfacet
  facet normal -1.794311e-02  7.760515e-01 -6.304142e-01
    outer loop
      vertex   3.649000e-01 -7.855595e-03  6.171878e-01
      vertex   3.678000e-01 -7.071023e-03  6.180711e-01
      vertex   3.678000e-01 -8.369911e-03  6.164721e-01
    endloop
  endfacet
  facet normal  2.201386e-02  8.519982e-01 -5.230818e-01
    outer loop
      vertex   3.649000e-01 -7.855595e-03  6.171878e-01
      vertex   3.678000e-01 -8.369911e-03  6.164721e-01
      vertex   3.649000e-01 -9.072788e-03  6.152052e-01
    endloop
  endfacet
  facet normal -1.425317e-02  8.878328e-01 -4.599455e-01
    outer loop
      vertex   3.649000e-01 -9.072788e-03  6.152052e-01
      vertex   3.678000e-01 -8.369911e-03  6.164721e-01
      vertex   3.678000e-01 -9.297838e-03  6.146809e-01
    endloop
  endfacet
  facet normal  1.639216e-02  9.484640e-01 -3.164608e-01
    outer loop
      vertex   3.649000e-01 -9.072788e-03  6.152052e-01
      vertex   3.678000e-01 -9.297838e-03  6.146809e-01
      vertex   3.649000e-01 -9.780105e-03  6.130853e-01
    endloop
  endfacet
  facet normal -7.785862e-03  9.610350e-01 -2.763171e-01
    outer loop
      vertex   3.649000e-01 -9.780105e-03  6.130853e-01
      vertex   3.678000e-01 -9.297838e-03  6.146809e-01
      vertex   3.678000e-01 -9.833010e-03  6.128196e-01
    endloop
  endfacet
  facet normal  8.535401e-03  9.944521e-01 -1.048425e-01
    outer loop
      vertex   3.649000e-01 -9.780105e-03  6.130853e-01
      vertex   3.678000e-01 -9.833010e-03  6.128196e-01
      vertex   3.649000e-01 -9.999956e-03  6.110000e-01
    endloop
  endfacet
  facet normal  0.000000e+00  9.958175e-01 -9.136452e-02
    outer loop
      vertex   3.649000e-01 -9.999956e-03  6.110000e-01
      vertex   3.678000e-01 -9.833010e-03  6.128196e-01
      vertex   3.678000e-01 -9.999956e-03  6.110000e-01
    endloop
  endfacet
  facet normal -0.000000e+00  9.958175e-01  9.136452e-02
    outer loop
      vertex   3.649000e-01 -9.999956e-03  6.110000e-01
      vertex   3.678000e-01 -9.999956e-03  6.110000e-01
      vertex   3.678000e-01 -9.833010e-03  6.091804e-01
    endloop
  endfacet
  facet normal  8.535400e-03  9.944521e-01  1.048425e-01
    outer loop
      vertex   3.649000e-01 -9.999956e-03  6.110000e-01
      vertex   3.678000e-01 -9.833010e-03  6.091804e-01
      vertex   3.649000e-01 -9.780105e-03  6.089147e-01
    endloop
  endfacet
  facet normal -7.785862e-03  9.610350e-01  2.763171e-01
    outer loop
      vertex   3.649000e-01 -9.780105e-03  6.089147e-01
      vertex   3.678000e-01 -9.833010e-03  6.091804e-01
      vertex   3.678000e-01 -9.297838e-03  6.073191e-01
    endloop
  endfacet
  facet normal  0.000000e+00  9.572329e-01  2.893187e-01
    outer loop
      vertex   3.649000e-01 -9.780105e-03  6.089147e-01
      vertex   3.678000e-01 -9.297838e-03  6.073191e-01
      vertex   3.649000e-01 -9.297838e-03  6.073191e-01
    endloop
  endfacet
  facet normal  7.413711e-03  8.032574e-01  5.955860e-01
    outer loop
      vertex   3.649000e-01 -8.526243e-03  6.057748e-01
      vertex   3.678000e-01 -8.369911e-03  6.055279e-01
      vertex   3.649000e-01 -7.476708e-03  6.043593e-01
    endloop
  endfacet
  facet normal -1.500018e-02  7.760894e-01  6.304445e-01
    outer loop
      vertex   3.649000e-01 -7.476708e-03  6.043593e-01
      vertex   3.678000e-01 -8.369911e-03  6.055279e-01
      vertex   3.678000e-01 -7.071024e-03  6.039289e-01
    endloop
  endfacet
  facet normal  1.204372e-02  6.858699e-01  7.276246e-01
    outer loop
      vertex   3.649000e-01 -7.476708e-03  6.043593e-01
      vertex   3.678000e-01 -7.071024e-03  6.039289e-01
      vertex   3.649000e-01 -6.187761e-03  6.031443e-01
    endloop
  endfacet
  facet normal -1.794751e-02  6.304154e-01  7.760504e-01
    outer loop
      vertex   3.649000e-01 -6.187761e-03  6.031443e-01
      vertex   3.678000e-01 -7.071024e-03  6.039289e-01
      vertex   3.678000e-01 -5.472054e-03  6.026300e-01
    endloop
  endfacet
  facet normal  1.328016e-02  5.474779e-01  8.367148e-01
    outer loop
      vertex   3.649000e-01 -6.187761e-03  6.031443e-01
      vertex   3.678000e-01 -5.472054e-03  6.026300e-01
      vertex   3.649000e-01 -4.720870e-03  6.021845e-01
    endloop
  endfacet
  facet normal -1.724328e-02  4.599286e-01  8.877884e-01
    outer loop
      vertex   3.649000e-01 -4.720870e-03  6.021845e-01
      vertex   3.678000e-01 -5.472054e-03  6.026300e-01
      vertex   3.678000e-01 -3.680904e-03  6.017021e-01
    endloop
  endfacet
  facet normal  1.115994e-02  3.950202e-01  9.186046e-01
    outer loop
      vertex   3.649000e-01 -4.720870e-03  6.021845e-01
      vertex   3.678000e-01 -3.680904e-03  6.017021e-01
      vertex   3.649000e-01 -3.150992e-03  6.015095e-01
    endloop
  endfacet
  facet normal -1.335169e-02  2.762837e-01  9.609834e-01
    outer loop
      vertex   3.649000e-01 -3.150992e-03  6.015095e-01
      vertex   3.678000e-01 -3.680904e-03  6.017021e-01
      vertex   3.678000e-01 -1.819587e-03  6.011670e-01
    endloop
  endfacet
  facet normal  6.361983e-03  2.361029e-01  9.717072e-01
    outer loop
      vertex   3.649000e-01 -3.150992e-03  6.015095e-01
      vertex   3.678000e-01 -1.819587e-03  6.011670e-01
      vertex   3.649000e-01 -1.554764e-03  6.011216e-01
    endloop
  endfacet
  facet normal -7.231964e-03  9.136467e-02  9.957913e-01
    outer loop
      vertex   3.649000e-01 -1.554764e-03  6.011216e-01
      vertex   3.678000e-01 -1.819587e-03  6.011670e-01
      vertex   3.678000e-01  4.331314e-08  6.010000e-01
    endloop
  endfacet
  facet normal  6.284213e-09  7.796679e-02  9.969559e-01
    outer loop
      vertex   3.649000e-01 -1.554764e-03  6.011216e-01
      vertex   3.678000e-01  4.331314e-08  6.010000e-01
      vertex   3.620000e-01  4.375103e-08  6.010000e-01
    endloop
  endfacet
  facet normal  7.231981e-03  9.136467e-02  9.957913e-01
    outer loop
      vertex   3.620000e-01  4.375103e-08  6.010000e-01
      vertex   3.620000e-01 -1.819587e-03  6.011670e-01
      vertex   3.649000e-01 -1.554764e-03  6.011216e-01
    endloop
  endfacet
  facet normal -6.361946e-03  2.361029e-01  9.717072e-01
    outer loop
      vertex   3.649000e-01 -1.554764e-03  6.011216e-01
      vertex   3.620000e-01 -1.819587e-03  6.011670e-01
      vertex   3.649000e-01 -3.150992e-03  6.015095e-01
    endloop
  endfacet
  facet normal  1.335174e-02  2.762837e-01  9.609834e-01
    outer loop
      vertex   3.620000e-01 -1.819587e-03  6.011670e-01
      vertex   3.620000e-01 -3.680904e-03  6.017021e-01
      vertex   3.649000e-01 -3.150992e-03  6.015095e-01
    endloop
  endfacet
  facet normal -1.115988e-02  3.950202e-01  9.186046e-01
    outer loop
      vertex   3.649000e-01 -3.150992e-03  6.015095e-01
      vertex   3.620000e-01 -3.680904e-03  6.017021e-01
      vertex   3.649000e-01 -4.720870e-03  6.021845e-01
    endloop
  endfacet
  facet normal  1.724334e-02  4.599287e-01  8.877885e-01
    outer loop
      vertex   3.620000e-01 -3.680904e-03  6.017021e-01
      vertex   3.620000e-01 -5.472054e-03  6.026300e-01
      vertex   3.649000e-01 -4.720870e-03  6.021845e-01
    endloop
  endfacet
  facet normal -1.328008e-02  5.474779e-01  8.367148e-01
    outer loop
      vertex   3.649000e-01 -4.720870e-03  6.021845e-01
      vertex   3.620000e-01 -5.472054e-03  6.026300e-01
      vertex   3.649000e-01 -6.187761e-03  6.031443e-01
    endloop
  endfacet
  facet normal  1.794761e-02  6.304154e-01  7.760504e-01
    outer loop
      vertex   3.620000e-01 -5.472054e-03  6.026300e-01
      vertex   3.620000e-01 -7.071024e-03  6.039289e-01
      vertex   3.649000e-01 -6.187761e-03  6.031443e-01
    endloop
  endfacet
  facet normal -1.204361e-02  6.858699e-01  7.276246e-01
    outer loop
      vertex   3.649000e-01 -6.187761e-03  6.031443e-01
      vertex   3.620000e-01 -7.071024e-03  6.039289e-01
      vertex   3.649000e-01 -7.476708e-03  6.043593e-01
    endloop
  endfacet
  facet normal  1.500027e-02  7.760893e-01  6.304446e-01
    outer loop
      vertex   3.620000e-01 -7.071024e-03  6.039289e-01
      vertex   3.620000e-01 -8.369911e-03  6.055279e-01
      vertex   3.649000e-01 -7.476708e-03  6.043593e-01
    endloop
  endfacet
  facet normal -7.413714e-03  8.032574e-01  5.955860e-01
    outer loop
      vertex   3.649000e-01 -7.476708e-03  6.043593e-01
      vertex   3.620000e-01 -8.369911e-03  6.055279e-01
      vertex   3.649000e-01 -8.526243e-03  6.057748e-01
    endloop
  endfacet
  facet normal  8.696212e-03  8.878893e-01  4.599748e-01
    outer loop
      vertex   3.620000e-01 -8.369911e-03  6.055279e-01
      vertex   3.620000e-01 -9.297838e-03  6.073191e-01
      vertex   3.649000e-01 -8.526243e-03  6.057748e-01
    endloop
  endfacet
  facet normal  0.000000e+00  9.133445e-02  9.958203e-01
    outer loop
      vertex   3.680000e-01  1.113698e-02  6.200370e-01
      vertex   3.600000e-01  1.113698e-02  6.200370e-01
      vertex   3.680000e-01  1.075486e-02  6.200720e-01
    endloop
  endfacet
  facet normal  1.147164e-03  1.151246e-01  9.933504e-01
    outer loop
      vertex   3.680000e-01  1.075486e-02  6.200720e-01
      vertex   3.600000e-01  1.113698e-02  6.200370e-01
      vertex   3.640000e-01  1.069905e-02  6.200831e-01
    endloop
  endfacet
  facet normal -1.190107e-03  2.762570e-01  9.610831e-01
    outer loop
      vertex   3.680000e-01  1.075486e-02  6.200720e-01
      vertex   3.640000e-01  1.069905e-02  6.200831e-01
      vertex   3.680000e-01  1.036398e-02  6.201844e-01
    endloop
  endfacet
  facet normal  2.497796e-03  3.165054e-01  9.485874e-01
    outer loop
      vertex   3.680000e-01  1.036398e-02  6.201844e-01
      vertex   3.640000e-01  1.069905e-02  6.200831e-01
      vertex   3.640000e-01  1.025389e-02  6.202316e-01
    endloop
  endfacet
  facet normal -2.171126e-03  4.600757e-01  8.878770e-01
    outer loop
      vertex   3.680000e-01  1.036398e-02  6.201844e-01
      vertex   3.640000e-01  1.025389e-02  6.202316e-01
      vertex   3.680000e-01  9.987838e-03  6.203793e-01
    endloop
  endfacet
  facet normal  3.348513e-03  5.232493e-01  8.521730e-01
    outer loop
      vertex   3.680000e-01  9.987838e-03  6.203793e-01
      vertex   3.640000e-01  1.025389e-02  6.202316e-01
      vertex   3.640000e-01  9.837539e-03  6.204873e-01
    endloop
  endfacet
  facet normal -2.732436e-03  6.304880e-01  7.761942e-01
    outer loop
      vertex   3.680000e-01  9.987838e-03  6.203793e-01
      vertex   3.640000e-01  9.837539e-03  6.204873e-01
      vertex   3.680000e-01  9.652054e-03  6.206520e-01
    endloop
  endfacet
  facet normal  3.665180e-03  7.070935e-01  7.071105e-01
    outer loop
      vertex   3.680000e-01  9.652054e-03  6.206520e-01
      vertex   3.640000e-01  9.837539e-03  6.204873e-01
      vertex   3.640000e-01  9.487294e-03  6.208375e-01
    endloop
  endfacet
  facet normal -2.729798e-03  7.761490e-01  6.305436e-01
    outer loop
      vertex   3.680000e-01  9.652054e-03  6.206520e-01
      vertex   3.640000e-01  9.487294e-03  6.208375e-01
      vertex   3.680000e-01  9.379288e-03  6.209878e-01
    endloop
  endfacet
  facet normal  3.355897e-03  8.521997e-01  5.232057e-01
    outer loop
      vertex   3.680000e-01  9.379288e-03  6.209878e-01
      vertex   3.640000e-01  9.487294e-03  6.208375e-01
      vertex   3.640000e-01  9.231684e-03  6.212538e-01
    endloop
  endfacet
  facet normal -2.168558e-03  8.879291e-01  4.599752e-01
    outer loop
      vertex   3.680000e-01  9.379288e-03  6.209878e-01
      vertex   3.640000e-01  9.231684e-03  6.212538e-01
      vertex   3.680000e-01  9.184423e-03  6.213639e-01
    endloop
  endfacet
  facet normal  2.497028e-03  9.485902e-01  3.164971e-01
    outer loop
      vertex   3.680000e-01  9.184423e-03  6.213639e-01
      vertex   3.640000e-01  9.231684e-03  6.212538e-01
      vertex   3.640000e-01  9.083147e-03  6.216990e-01
    endloop
  endfacet
  facet normal -1.184470e-03  9.610645e-01  2.763216e-01
    outer loop
      vertex   3.680000e-01  9.184423e-03  6.213639e-01
      vertex   3.640000e-01  9.083147e-03  6.216990e-01
      vertex   3.680000e-01  9.072036e-03  6.217548e-01
    endloop
  endfacet
  facet normal  1.300008e-03  9.944876e-01  1.048466e-01
    outer loop
      vertex   3.680000e-01  9.072036e-03  6.217548e-01
      vertex   3.640000e-01  9.083147e-03  6.216990e-01
      vertex   3.640000e-01  9.036979e-03  6.221370e-01
    endloop
  endfacet
  facet normal  0.000000e+00  9.958179e-01  9.136049e-02
    outer loop
      vertex   3.680000e-01  9.072036e-03  6.217548e-01
      vertex   3.640000e-01  9.036979e-03  6.221370e-01
      vertex   3.680000e-01  9.036979e-03  6.221370e-01
    endloop
  endfacet
  facet normal  0.000000e+00  9.958179e-01 -9.136049e-02
    outer loop
      vertex   3.680000e-01  9.036979e-03  6.221370e-01
      vertex   3.640000e-01  9.036979e-03  6.221370e-01
      vertex   3.680000e-01  9.072036e-03  6.225191e-01
    endloop
  endfacet
  facet normal  1.300008e-03  9.944876e-01 -1.048466e-01
    outer loop
      vertex   3.680000e-01  9.072036e-03  6.225191e-01
      vertex   3.640000e-01  9.036979e-03  6.221370e-01
      vertex   3.640000e-01  9.083147e-03  6.225749e-01
    endloop
  endfacet
  facet normal -1.185044e-03  9.610533e-01 -2.763605e-01
    outer loop
      vertex   3.680000e-01  9.072036e-03  6.225191e-01
      vertex   3.640000e-01  9.083147e-03  6.225749e-01
      vertex   3.680000e-01  9.184423e-03  6.229099e-01
    endloop
  endfacet
  facet normal  0.000000e+00  9.572231e-01 -2.893509e-01
    outer loop
      vertex   3.680000e-01  9.184423e-03  6.229099e-01
      vertex   3.640000e-01  9.083147e-03  6.225749e-01
      vertex   3.640000e-01  9.184423e-03  6.229099e-01
    endloop
  endfacet
  facet normal  0.000000e+00  8.945597e-01 -4.469485e-01
    outer loop
      vertex   3.680000e-01  9.184423e-03  6.229099e-01
      vertex   3.640000e-01  9.184423e-03  6.229099e-01
      vertex   3.640000e-01  9.346457e-03  6.232342e-01
    endloop
  endfacet
  facet normal  0.000000e+00  8.945597e-01 -4.469485e-01
    outer loop
      vertex   3.640000e-01  9.346457e-03  6.232342e-01
      vertex   3.640000e-01  9.184423e-03  6.229099e-01
      vertex   3.600000e-01  9.184423e-03  6.229099e-01
    endloop
  endfacet
  facet normal  1.324771e-03  8.879304e-01 -4.599759e-01
    outer loop
      vertex   3.640000e-01  9.346457e-03  6.232342e-01
      vertex   3.600000e-01  9.184423e-03  6.229099e-01
      vertex   3.600000e-01  9.379288e-03  6.232861e-01
    endloop
  endfacet
  facet normal -1.485886e-03  9.133436e-02  9.958192e-01
    outer loop
      vertex   3.600000e-01  1.113698e-02  6.200370e-01
      vertex   3.600000e-01  1.075486e-02  6.200720e-01
      vertex   3.640000e-01  1.069905e-02  6.200831e-01
    endloop
  endfacet
  facet normal  1.190107e-03  2.762570e-01  9.610831e-01
    outer loop
      vertex   3.640000e-01  1.069905e-02  6.200831e-01
      vertex   3.600000e-01  1.075486e-02  6.200720e-01
      vertex   3.600000e-01  1.036398e-02  6.201844e-01
    endloop
  endfacet
  facet normal -2.497797e-03  3.165054e-01  9.485874e-01
    outer loop
      vertex   3.640000e-01  1.069905e-02  6.200831e-01
      vertex   3.600000e-01  1.036398e-02  6.201844e-01
      vertex   3.640000e-01  1.025389e-02  6.202316e-01
    endloop
  endfacet
  facet normal  2.171125e-03  4.600757e-01  8.878770e-01
    outer loop
      vertex   3.640000e-01  1.025389e-02  6.202316e-01
      vertex   3.600000e-01  1.036398e-02  6.201844e-01
      vertex   3.600000e-01  9.987838e-03  6.203793e-01
    endloop
  endfacet
  facet normal -3.348510e-03  5.232493e-01  8.521730e-01
    outer loop
      vertex   3.640000e-01  1.025389e-02  6.202316e-01
      vertex   3.600000e-01  9.987838e-03  6.203793e-01
      vertex   3.640000e-01  9.837539e-03  6.204873e-01
    endloop
  endfacet
  facet normal  2.732435e-03  6.304880e-01  7.761941e-01
    outer loop
      vertex   3.640000e-01  9.837539e-03  6.204873e-01
      vertex   3.600000e-01  9.987838e-03  6.203793e-01
      vertex   3.600000e-01  9.652054e-03  6.206520e-01
    endloop
  endfacet
  facet normal -3.665177e-03  7.070935e-01  7.071105e-01
    outer loop
      vertex   3.640000e-01  9.837539e-03  6.204873e-01
      vertex   3.600000e-01  9.652054e-03  6.206520e-01
      vertex   3.640000e-01  9.487294e-03  6.208375e-01
    endloop
  endfacet
  facet normal  2.729800e-03  7.761490e-01  6.305436e-01
    outer loop
      vertex   3.640000e-01  9.487294e-03  6.208375e-01
      vertex   3.600000e-01  9.652054e-03  6.206520e-01
      vertex   3.600000e-01  9.379288e-03  6.209878e-01
    endloop
  endfacet
  facet normal -3.355896e-03  8.521998e-01  5.232058e-01
    outer loop
      vertex   3.640000e-01  9.487294e-03  6.208375e-01
      vertex   3.600000e-01  9.379288e-03  6.209878e-01
      vertex   3.640000e-01  9.231684e-03  6.212538e-01
    endloop
  endfacet
  facet normal  2.168558e-03  8.879291e-01  4.599752e-01
    outer loop
      vertex   3.640000e-01  9.231684e-03  6.212538e-01
      vertex   3.600000e-01  9.379288e-03  6.209878e-01
      vertex   3.600000e-01  9.184423e-03  6.213639e-01
    endloop
  endfacet
  facet normal -2.497029e-03  9.485902e-01  3.164971e-01
    outer loop
      vertex   3.640000e-01  9.231684e-03  6.212538e-01
      vertex   3.600000e-01  9.184423e-03  6.213639e-01
      vertex   3.640000e-01  9.083147e-03  6.216990e-01
    endloop
  endfacet
  facet normal  1.184470e-03  9.610645e-01  2.763216e-01
    outer loop
      vertex   3.640000e-01  9.083147e-03  6.216990e-01
      vertex   3.600000e-01  9.184423e-03  6.213639e-01
      vertex   3.600000e-01  9.072036e-03  6.217548e-01
    endloop
  endfacet
  facet normal -1.300008e-03  9.944876e-01  1.048466e-01
    outer loop
      vertex   3.640000e-01  9.083147e-03  6.216990e-01
      vertex   3.600000e-01  9.072036e-03  6.217548e-01
      vertex   3.640000e-01  9.036979e-03  6.221370e-01
    endloop
  endfacet
  facet normal  0.000000e+00  9.958179e-01  9.136049e-02
    outer loop
      vertex   3.640000e-01  9.036979e-03  6.221370e-01
      vertex   3.600000e-01  9.072036e-03  6.217548e-01
      vertex   3.600000e-01  9.036979e-03  6.221370e-01
    endloop
  endfacet
  facet normal  0.000000e+00  9.958179e-01 -9.136049e-02
    outer loop
      vertex   3.640000e-01  9.036979e-03  6.221370e-01
      vertex   3.600000e-01  9.036979e-03  6.221370e-01
      vertex   3.600000e-01  9.072036e-03  6.225191e-01
    endloop
  endfacet
  facet normal -1.300008e-03  9.944876e-01 -1.048466e-01
    outer loop
      vertex   3.640000e-01  9.036979e-03  6.221370e-01
      vertex   3.600000e-01  9.072036e-03  6.225191e-01
      vertex   3.640000e-01  9.083147e-03  6.225749e-01
    endloop
  endfacet
  facet normal  1.185044e-03  9.610534e-01 -2.763605e-01
    outer loop
      vertex   3.640000e-01  9.083147e-03  6.225749e-01
      vertex   3.600000e-01  9.072036e-03  6.225191e-01
      vertex   3.600000e-01  9.184423e-03  6.229099e-01
    endloop
  endfacet
  facet normal  0.000000e+00  9.572231e-01 -2.893509e-01
    outer loop
      vertex   3.640000e-01  9.083147e-03  6.225749e-01
      vertex   3.600000e-01  9.184423e-03  6.229099e-01
      vertex   3.640000e-01  9.184423e-03  6.229099e-01
    endloop
  endfacet
  facet normal -1.128420e-03  8.032734e-01 -5.956094e-01
    outer loop
      vertex   3.640000e-01  9.346457e-03  6.232342e-01
      vertex   3.600000e-01  9.379288e-03  6.232861e-01
      vertex   3.640000e-01  9.566860e-03  6.235315e-01
    endloop
  endfacet
  facet normal  2.279958e-03  7.762046e-01 -6.304768e-01
    outer loop
      vertex   3.640000e-01  9.566860e-03  6.235315e-01
      vertex   3.600000e-01  9.379288e-03  6.232861e-01
      vertex   3.600000e-01  9.652054e-03  6.236219e-01
    endloop
  endfacet
  facet normal -1.838866e-03  6.859493e-01 -7.276470e-01
    outer loop
      vertex   3.640000e-01  9.566860e-03  6.235315e-01
      vertex   3.600000e-01  9.652054e-03  6.236219e-01
      vertex   3.640000e-01  9.837539e-03  6.237866e-01
    endloop
  endfacet
  facet normal  2.732435e-03  6.304880e-01 -7.761941e-01
    outer loop
      vertex   3.640000e-01  9.837539e-03  6.237866e-01
      vertex   3.600000e-01  9.652054e-03  6.236219e-01
      vertex   3.600000e-01  9.987838e-03  6.238946e-01
    endloop
  endfacet
  facet normal -2.018669e-03  5.475658e-01 -8.367601e-01
    outer loop
      vertex   3.640000e-01  9.837539e-03  6.237866e-01
      vertex   3.600000e-01  9.987838e-03  6.238946e-01
      vertex   3.640000e-01  1.014559e-02  6.239882e-01
    endloop
  endfacet
  facet normal  2.633285e-03  4.599642e-01 -8.879336e-01
    outer loop
      vertex   3.640000e-01  1.014559e-02  6.239882e-01
      vertex   3.600000e-01  9.987838e-03  6.238946e-01
      vertex   3.600000e-01  1.036398e-02  6.240895e-01
    endloop
  endfacet
  facet normal -1.693342e-03  3.949800e-01 -9.186882e-01
    outer loop
      vertex   3.640000e-01  1.014559e-02  6.239882e-01
      vertex   3.600000e-01  1.036398e-02  6.240895e-01
      vertex   3.640000e-01  1.047526e-02  6.241300e-01
    endloop
  endfacet
  facet normal  2.034366e-03  2.763920e-01 -9.610429e-01
    outer loop
      vertex   3.640000e-01  1.047526e-02  6.241300e-01
      vertex   3.600000e-01  1.036398e-02  6.240895e-01
      vertex   3.600000e-01  1.075486e-02  6.242019e-01
    endloop
  endfacet
  facet normal -9.792607e-04  2.360314e-01 -9.717450e-01
    outer loop
      vertex   3.640000e-01  1.047526e-02  6.241300e-01
      vertex   3.600000e-01  1.075486e-02  6.242019e-01
      vertex   3.640000e-01  1.081047e-02  6.242114e-01
    endloop
  endfacet
  facet normal  1.089533e-03  9.133440e-02 -9.958197e-01
    outer loop
      vertex   3.640000e-01  1.081047e-02  6.242114e-01
      vertex   3.600000e-01  1.075486e-02  6.242019e-01
      vertex   3.600000e-01  1.113698e-02  6.242369e-01
    endloop
  endfacet
  facet normal  0.000000e+00  7.807509e-02 -9.969475e-01
    outer loop
      vertex   3.640000e-01  1.081047e-02  6.242114e-01
      vertex   3.600000e-01  1.113698e-02  6.242369e-01
      vertex   3.680000e-01  1.113698e-02  6.242369e-01
    endloop
  endfacet
  facet normal -1.089533e-03  9.133440e-02 -9.958197e-01
    outer loop
      vertex   3.680000e-01  1.113698e-02  6.242369e-01
      vertex   3.680000e-01  1.075486e-02  6.242019e-01
      vertex   3.640000e-01  1.081047e-02  6.242114e-01
    endloop
  endfacet
  facet normal  9.792609e-04  2.360314e-01 -9.717450e-01
    outer loop
      vertex   3.640000e-01  1.081047e-02  6.242114e-01
      vertex   3.680000e-01  1.075486e-02  6.242019e-01
      vertex   3.640000e-01  1.047526e-02  6.241300e-01
    endloop
  endfacet
  facet normal -2.034366e-03  2.763920e-01 -9.610429e-01
    outer loop
      vertex   3.680000e-01  1.075486e-02  6.242019e-01
      vertex   3.680000e-01  1.036398e-02  6.240895e-01
      vertex   3.640000e-01  1.047526e-02  6.241300e-01
    endloop
  endfacet
  facet normal  1.693340e-03  3.949800e-01 -9.186882e-01
    outer loop
      vertex   3.640000e-01  1.047526e-02  6.241300e-01
      vertex   3.680000e-01  1.036398e-02  6.240895e-01
      vertex   3.640000e-01  1.014559e-02  6.239882e-01
    endloop
  endfacet
  facet normal -2.633286e-03  4.599642e-01 -8.879336e-01
    outer loop
      vertex   3.680000e-01  1.036398e-02  6.240895e-01
      vertex   3.680000e-01  9.987838e-03  6.238946e-01
      vertex   3.640000e-01  1.014559e-02  6.239882e-01
    endloop
  endfacet
  facet normal  2.018668e-03  5.475658e-01 -8.367601e-01
    outer loop
      vertex   3.640000e-01  1.014559e-02  6.239882e-01
      vertex   3.680000e-01  9.987838e-03  6.238946e-01
      vertex   3.640000e-01  9.837539e-03  6.237866e-01
    endloop
  endfacet
  facet normal -2.732436e-03  6.304880e-01 -7.761942e-01
    outer loop
      vertex   3.680000e-01  9.987838e-03  6.238946e-01
      vertex   3.680000e-01  9.652054e-03  6.236219e-01
      vertex   3.640000e-01  9.837539e-03  6.237866e-01
    endloop
  endfacet
  facet normal  1.838867e-03  6.859493e-01 -7.276470e-01
    outer loop
      vertex   3.640000e-01  9.837539e-03  6.237866e-01
      vertex   3.680000e-01  9.652054e-03  6.236219e-01
      vertex   3.640000e-01  9.566860e-03  6.235315e-01
    endloop
  endfacet
  facet normal -2.279958e-03  7.762046e-01 -6.304768e-01
    outer loop
      vertex   3.680000e-01  9.652054e-03  6.236219e-01
      vertex   3.680000e-01  9.379288e-03  6.232861e-01
      vertex   3.640000e-01  9.566860e-03  6.235315e-01
    endloop
  endfacet
  facet normal  1.128419e-03  8.032734e-01 -5.956094e-01
    outer loop
      vertex   3.640000e-01  9.566860e-03  6.235315e-01
      vertex   3.680000e-01  9.379288e-03  6.232861e-01
      vertex   3.640000e-01  9.346457e-03  6.232342e-01
    endloop
  endfacet
  facet normal -1.324772e-03  8.879304e-01 -4.599759e-01
    outer loop
      vertex   3.680000e-01  9.379288e-03  6.232861e-01
      vertex   3.680000e-01  9.184423e-03  6.229099e-01
      vertex   3.640000e-01  9.346457e-03  6.232342e-01
    endloop
  endfacet
  facet normal  0.000000e+00  9.133445e-02  9.958203e-01
    outer loop
      vertex   3.680000e-01  1.113698e-02  5.977631e-01
      vertex   3.600000e-01  1.113698e-02  5.977631e-01
      vertex   3.680000e-01  1.075485e-02  5.977981e-01
    endloop
  endfacet
  facet normal  1.158588e-03  1.153612e-01  9.933230e-01
    outer loop
      vertex   3.680000e-01  1.075485e-02  5.977981e-01
      vertex   3.600000e-01  1.113698e-02  5.977631e-01
      vertex   3.640000e-01  1.069905e-02  5.978093e-01
    endloop
  endfacet
  facet normal -1.177783e-03  2.763924e-01  9.610441e-01
    outer loop
      vertex   3.680000e-01  1.075485e-02  5.977981e-01
      vertex   3.640000e-01  1.069905e-02  5.978093e-01
      vertex   3.680000e-01  1.036398e-02  5.979105e-01
    endloop
  endfacet
  facet normal  2.497796e-03  3.165054e-01  9.485874e-01
    outer loop
      vertex   3.680000e-01  1.036398e-02  5.979105e-01
      vertex   3.640000e-01  1.069905e-02  5.978093e-01
      vertex   3.640000e-01  1.025388e-02  5.979578e-01
    endloop
  endfacet
  facet normal -2.167394e-03  4.599648e-01  8.879346e-01
    outer loop
      vertex   3.680000e-01  1.036398e-02  5.979105e-01
      vertex   3.640000e-01  1.025388e-02  5.979578e-01
      vertex   3.680000e-01  9.987836e-03  5.981054e-01
    endloop
  endfacet
  facet normal  3.353311e-03  5.231608e-01  8.522274e-01
    outer loop
      vertex   3.680000e-01  9.987836e-03  5.981054e-01
      vertex   3.640000e-01  1.025388e-02  5.979578e-01
      vertex   3.640000e-01  9.837537e-03  5.982134e-01
    endloop
  endfacet
  facet normal -2.732436e-03  6.304880e-01  7.761942e-01
    outer loop
      vertex   3.680000e-01  9.987836e-03  5.981054e-01
      vertex   3.640000e-01  9.837537e-03  5.982134e-01
      vertex   3.680000e-01  9.652052e-03  5.983781e-01
    endloop
  endfacet
  facet normal  3.665180e-03  7.070935e-01  7.071105e-01
    outer loop
      vertex   3.680000e-01  9.652052e-03  5.983781e-01
      vertex   3.640000e-01  9.837537e-03  5.982134e-01
      vertex   3.640000e-01  9.487292e-03  5.985636e-01
    endloop
  endfacet
  facet normal -2.735181e-03  7.762038e-01  6.304761e-01
    outer loop
      vertex   3.680000e-01  9.652052e-03  5.983781e-01
      vertex   3.640000e-01  9.487292e-03  5.985636e-01
      vertex   3.680000e-01  9.379286e-03  5.987139e-01
    endloop
  endfacet
  facet normal  3.348102e-03  8.521998e-01  5.232058e-01
    outer loop
      vertex   3.680000e-01  9.379286e-03  5.987139e-01
      vertex   3.640000e-01  9.487292e-03  5.985636e-01
      vertex   3.640000e-01  9.231682e-03  5.989799e-01
    endloop
  endfacet
  facet normal -2.170492e-03  8.878993e-01  4.600327e-01
    outer loop
      vertex   3.680000e-01  9.379286e-03  5.987139e-01
      vertex   3.640000e-01  9.231682e-03  5.989799e-01
      vertex   3.680000e-01  9.184421e-03  5.990900e-01
    endloop
  endfacet
  facet normal  2.497028e-03  9.485902e-01  3.164971e-01
    outer loop
      vertex   3.680000e-01  9.184421e-03  5.990900e-01
      vertex   3.640000e-01  9.231682e-03  5.989799e-01
      vertex   3.640000e-01  9.083145e-03  5.994251e-01
    endloop
  endfacet
  facet normal -1.184470e-03  9.610645e-01  2.763216e-01
    outer loop
      vertex   3.680000e-01  9.184421e-03  5.990900e-01
      vertex   3.640000e-01  9.083145e-03  5.994251e-01
      vertex   3.680000e-01  9.072035e-03  5.994809e-01
    endloop
  endfacet
  facet normal  1.300008e-03  9.944876e-01  1.048466e-01
    outer loop
      vertex   3.680000e-01  9.072035e-03  5.994809e-01
      vertex   3.640000e-01  9.083145e-03  5.994251e-01
      vertex   3.640000e-01  9.036977e-03  5.998631e-01
    endloop
  endfacet
  facet normal  0.000000e+00  9.958179e-01  9.136049e-02
    outer loop
      vertex   3.680000e-01  9.072035e-03  5.994809e-01
      vertex   3.640000e-01  9.036977e-03  5.998631e-01
      vertex   3.680000e-01  9.036977e-03  5.998631e-01
    endloop
  endfacet
  facet normal  0.000000e+00  9.958179e-01 -9.136049e-02
    outer loop
      vertex   3.680000e-01  9.036977e-03  5.998631e-01
      vertex   3.640000e-01  9.036977e-03  5.998631e-01
      vertex   3.680000e-01  9.072035e-03  6.002452e-01
    endloop
  endfacet
  facet normal  1.300008e-03  9.944876e-01 -1.048466e-01
    outer loop
      vertex   3.680000e-01  9.072035e-03  6.002452e-01
      vertex   3.640000e-01  9.036977e-03  5.998631e-01
      vertex   3.640000e-01  9.083145e-03  6.003010e-01
    endloop
  endfacet
  facet normal -1.184470e-03  9.610645e-01 -2.763216e-01
    outer loop
      vertex   3.680000e-01  9.072035e-03  6.002452e-01
      vertex   3.640000e-01  9.083145e-03  6.003010e-01
      vertex   3.680000e-01  9.184421e-03  6.006361e-01
    endloop
  endfacet
  facet normal  0.000000e+00  9.572372e-01 -2.893038e-01
    outer loop
      vertex   3.680000e-01  9.184421e-03  6.006361e-01
      vertex   3.640000e-01  9.083145e-03  6.003010e-01
      vertex   3.640000e-01  9.184421e-03  6.006361e-01
    endloop
  endfacet
  facet normal  0.000000e+00  8.945597e-01 -4.469485e-01
    outer loop
      vertex   3.680000e-01  9.184421e-03  6.006361e-01
      vertex   3.640000e-01  9.184421e-03  6.006361e-01
      vertex   3.640000e-01  9.346455e-03  6.009604e-01
    endloop
  endfacet
  facet normal  0.000000e+00  8.945597e-01 -4.469485e-01
    outer loop
      vertex   3.640000e-01  9.346455e-03  6.009604e-01
      vertex   3.640000e-01  9.184421e-03  6.006361e-01
      vertex   3.600000e-01  9.184421e-03  6.006361e-01
    endloop
  endfacet
  facet normal  1.324771e-03  8.879304e-01 -4.599759e-01
    outer loop
      vertex   3.640000e-01  9.346455e-03  6.009604e-01
      vertex   3.600000e-01  9.184421e-03  6.006361e-01
      vertex   3.600000e-01  9.379286e-03  6.010122e-01
    endloop
  endfacet
  facet normal -1.500724e-03  9.133435e-02  9.958192e-01
    outer loop
      vertex   3.600000e-01  1.113698e-02  5.977631e-01
      vertex   3.600000e-01  1.075485e-02  5.977981e-01
      vertex   3.640000e-01  1.069905e-02  5.978093e-01
    endloop
  endfacet
  facet normal  1.177782e-03  2.763923e-01  9.610441e-01
    outer loop
      vertex   3.640000e-01  1.069905e-02  5.978093e-01
      vertex   3.600000e-01  1.075485e-02  5.977981e-01
      vertex   3.600000e-01  1.036398e-02  5.979105e-01
    endloop
  endfacet
  facet normal -2.497797e-03  3.165054e-01  9.485874e-01
    outer loop
      vertex   3.640000e-01  1.069905e-02  5.978093e-01
      vertex   3.600000e-01  1.036398e-02  5.979105e-01
      vertex   3.640000e-01  1.025388e-02  5.979578e-01
    endloop
  endfacet
  facet normal  2.167394e-03  4.599648e-01  8.879346e-01
    outer loop
      vertex   3.640000e-01  1.025388e-02  5.979578e-01
      vertex   3.600000e-01  1.036398e-02  5.979105e-01
      vertex   3.600000e-01  9.987836e-03  5.981054e-01
    endloop
  endfacet
  facet normal -3.353309e-03  5.231608e-01  8.522274e-01
    outer loop
      vertex   3.640000e-01  1.025388e-02  5.979578e-01
      vertex   3.600000e-01  9.987836e-03  5.981054e-01
      vertex   3.640000e-01  9.837537e-03  5.982134e-01
    endloop
  endfacet
  facet normal  2.732435e-03  6.304880e-01  7.761941e-01
    outer loop
      vertex   3.640000e-01  9.837537e-03  5.982134e-01
      vertex   3.600000e-01  9.987836e-03  5.981054e-01
      vertex   3.600000e-01  9.652052e-03  5.983781e-01
    endloop
  endfacet
  facet normal -3.665177e-03  7.070935e-01  7.071105e-01
    outer loop
      vertex   3.640000e-01  9.837537e-03  5.982134e-01
      vertex   3.600000e-01  9.652052e-03  5.983781e-01
      vertex   3.640000e-01  9.487292e-03  5.985636e-01
    endloop
  endfacet
  facet normal  2.735182e-03  7.762038e-01  6.304761e-01
    outer loop
      vertex   3.640000e-01  9.487292e-03  5.985636e-01
      vertex   3.600000e-01  9.652052e-03  5.983781e-01
      vertex   3.600000e-01  9.379286e-03  5.987139e-01
    endloop
  endfacet
  facet normal -3.348101e-03  8.521998e-01  5.232058e-01
    outer loop
      vertex   3.640000e-01  9.487292e-03  5.985636e-01
      vertex   3.600000e-01  9.379286e-03  5.987139e-01
      vertex   3.640000e-01  9.231682e-03  5.989799e-01
    endloop
  endfacet
  facet normal  2.170492e-03  8.878994e-01  4.600327e-01
    outer loop
      vertex   3.640000e-01  9.231682e-03  5.989799e-01
      vertex   3.600000e-01  9.379286e-03  5.987139e-01
      vertex   3.600000e-01  9.184421e-03  5.990900e-01
    endloop
  endfacet
  facet normal -2.497029e-03  9.485902e-01  3.164971e-01
    outer loop
      vertex   3.640000e-01  9.231682e-03  5.989799e-01
      vertex   3.600000e-01  9.184421e-03  5.990900e-01
      vertex   3.640000e-01  9.083145e-03  5.994251e-01
    endloop
  endfacet
  facet normal  1.184470e-03  9.610645e-01  2.763216e-01
    outer loop
      vertex   3.640000e-01  9.083145e-03  5.994251e-01
      vertex   3.600000e-01  9.184421e-03  5.990900e-01
      vertex   3.600000e-01  9.072035e-03  5.994809e-01
    endloop
  endfacet
  facet normal -1.300008e-03  9.944876e-01  1.048466e-01
    outer loop
      vertex   3.640000e-01  9.083145e-03  5.994251e-01
      vertex   3.600000e-01  9.072035e-03  5.994809e-01
      vertex   3.640000e-01  9.036977e-03  5.998631e-01
    endloop
  endfacet
  facet normal  0.000000e+00  9.958179e-01  9.136049e-02
    outer loop
      vertex   3.640000e-01  9.036977e-03  5.998631e-01
      vertex   3.600000e-01  9.072035e-03  5.994809e-01
      vertex   3.600000e-01  9.036977e-03  5.998631e-01
    endloop
  endfacet
  facet normal  0.000000e+00  9.958179e-01 -9.136049e-02
    outer loop
      vertex   3.640000e-01  9.036977e-03  5.998631e-01
      vertex   3.600000e-01  9.036977e-03  5.998631e-01
      vertex   3.600000e-01  9.072035e-03  6.002452e-01
    endloop
  endfacet
  facet normal -1.300008e-03  9.944876e-01 -1.048466e-01
    outer loop
      vertex   3.640000e-01  9.036977e-03  5.998631e-01
      vertex   3.600000e-01  9.072035e-03  6.002452e-01
      vertex   3.640000e-01  9.083145e-03  6.003010e-01
    endloop
  endfacet
  facet normal  1.184470e-03  9.610645e-01 -2.763216e-01
    outer loop
      vertex   3.640000e-01  9.083145e-03  6.003010e-01
      vertex   3.600000e-01  9.072035e-03  6.002452e-01
      vertex   3.600000e-01  9.184421e-03  6.006361e-01
    endloop
  endfacet
  facet normal  0.000000e+00  9.572372e-01 -2.893038e-01
    outer loop
      vertex   3.640000e-01  9.083145e-03  6.003010e-01
      vertex   3.600000e-01  9.184421e-03  6.006361e-01
      vertex   3.640000e-01  9.184421e-03  6.006361e-01
    endloop
  endfacet
  facet normal -1.128420e-03  8.032734e-01 -5.956094e-01
    outer loop
      vertex   3.640000e-01  9.346455e-03  6.009604e-01
      vertex   3.600000e-01  9.379286e-03  6.010122e-01
      vertex   3.640000e-01  9.566858e-03  6.012576e-01
    endloop
  endfacet
  facet normal  2.286663e-03  7.761499e-01 -6.305443e-01
    outer loop
      vertex   3.640000e-01  9.566858e-03  6.012576e-01
      vertex   3.600000e-01  9.379286e-03  6.010122e-01
      vertex   3.600000e-01  9.652052e-03  6.013480e-01
    endloop
  endfacet
  facet normal -1.831638e-03  6.858646e-01 -7.277270e-01
    outer loop
      vertex   3.640000e-01  9.566858e-03  6.012576e-01
      vertex   3.600000e-01  9.652052e-03  6.013480e-01
      vertex   3.640000e-01  9.837537e-03  6.015127e-01
    endloop
  endfacet
  facet normal  2.732435e-03  6.304880e-01 -7.761941e-01
    outer loop
      vertex   3.640000e-01  9.837537e-03  6.015127e-01
      vertex   3.600000e-01  9.652052e-03  6.013480e-01
      vertex   3.600000e-01  9.987836e-03  6.016207e-01
    endloop
  endfacet
  facet normal -2.018669e-03  5.475658e-01 -8.367601e-01
    outer loop
      vertex   3.640000e-01  9.837537e-03  6.015127e-01
      vertex   3.600000e-01  9.987836e-03  6.016207e-01
      vertex   3.640000e-01  1.014559e-02  6.017143e-01
    endloop
  endfacet
  facet normal  2.627566e-03  4.600752e-01 -8.878761e-01
    outer loop
      vertex   3.640000e-01  1.014559e-02  6.017143e-01
      vertex   3.600000e-01  9.987836e-03  6.016207e-01
      vertex   3.600000e-01  1.036398e-02  6.018156e-01
    endloop
  endfacet
  facet normal -1.697851e-03  3.951201e-01 -9.186279e-01
    outer loop
      vertex   3.640000e-01  1.014559e-02  6.017143e-01
      vertex   3.600000e-01  1.036398e-02  6.018156e-01
      vertex   3.640000e-01  1.047526e-02  6.018561e-01
    endloop
  endfacet
  facet normal  2.038525e-03  2.762566e-01 -9.610817e-01
    outer loop
      vertex   3.640000e-01  1.047526e-02  6.018561e-01
      vertex   3.600000e-01  1.036398e-02  6.018156e-01
      vertex   3.600000e-01  1.075485e-02  6.019280e-01
    endloop
  endfacet
  facet normal -9.647801e-04  2.360314e-01 -9.717450e-01
    outer loop
      vertex   3.640000e-01  1.047526e-02  6.018561e-01
      vertex   3.600000e-01  1.075485e-02  6.019280e-01
      vertex   3.640000e-01  1.081047e-02  6.019375e-01
    endloop
  endfacet
  facet normal  1.104372e-03  9.133440e-02 -9.958197e-01
    outer loop
      vertex   3.640000e-01  1.081047e-02  6.019375e-01
      vertex   3.600000e-01  1.075485e-02  6.019280e-01
      vertex   3.600000e-01  1.113698e-02  6.019630e-01
    endloop
  endfacet
  facet normal  0.000000e+00  7.789420e-02 -9.969616e-01
    outer loop
      vertex   3.640000e-01  1.081047e-02  6.019375e-01
      vertex   3.600000e-01  1.113698e-02  6.019630e-01
      vertex   3.680000e-01  1.113698e-02  6.019630e-01
    endloop
  endfacet
  facet normal -1.104372e-03  9.133440e-02 -9.958197e-01
    outer loop
      vertex   3.680000e-01  1.113698e-02  6.019630e-01
      vertex   3.680000e-01  1.075485e-02  6.019280e-01
      vertex   3.640000e-01  1.081047e-02  6.019375e-01
    endloop
  endfacet
  facet normal  9.647807e-04  2.360314e-01 -9.717450e-01
    outer loop
      vertex   3.640000e-01  1.081047e-02  6.019375e-01
      vertex   3.680000e-01  1.075485e-02  6.019280e-01
      vertex   3.640000e-01  1.047526e-02  6.018561e-01
    endloop
  endfacet
  facet normal -2.038526e-03  2.762566e-01 -9.610817e-01
    outer loop
      vertex   3.680000e-01  1.075485e-02  6.019280e-01
      vertex   3.680000e-01  1.036398e-02  6.018156e-01
      vertex   3.640000e-01  1.047526e-02  6.018561e-01
    endloop
  endfacet
  facet normal  1.697850e-03  3.951201e-01 -9.186279e-01
    outer loop
      vertex   3.640000e-01  1.047526e-02  6.018561e-01
      vertex   3.680000e-01  1.036398e-02  6.018156e-01
      vertex   3.640000e-01  1.014559e-02  6.017143e-01
    endloop
  endfacet
  facet normal -2.627566e-03  4.600752e-01 -8.878761e-01
    outer loop
      vertex   3.680000e-01  1.036398e-02  6.018156e-01
      vertex   3.680000e-01  9.987836e-03  6.016207e-01
      vertex   3.640000e-01  1.014559e-02  6.017143e-01
    endloop
  endfacet
  facet normal  2.018668e-03  5.475658e-01 -8.367601e-01
    outer loop
      vertex   3.640000e-01  1.014559e-02  6.017143e-01
      vertex   3.680000e-01  9.987836e-03  6.016207e-01
      vertex   3.640000e-01  9.837537e-03  6.015127e-01
    endloop
  endfacet
  facet normal -2.732436e-03  6.304880e-01 -7.761942e-01
    outer loop
      vertex   3.680000e-01  9.987836e-03  6.016207e-01
      vertex   3.680000e-01  9.652052e-03  6.013480e-01
      vertex   3.640000e-01  9.837537e-03  6.015127e-01
    endloop
  endfacet
  facet normal  1.831638e-03  6.858646e-01 -7.277270e-01
    outer loop
      vertex   3.640000e-01  9.837537e-03  6.015127e-01
      vertex   3.680000e-01  9.652052e-03  6.013480e-01
      vertex   3.640000e-01  9.566858e-03  6.012576e-01
    endloop
  endfacet
  facet normal -2.286663e-03  7.761499e-01 -6.305443e-01
    outer loop
      vertex   3.680000e-01  9.652052e-03  6.013480e-01
      vertex   3.680000e-01  9.379286e-03  6.010122e-01
      vertex   3.640000e-01  9.566858e-03  6.012576e-01
    endloop
  endfacet
  facet normal  1.128419e-03  8.032734e-01 -5.956094e-01
    outer loop
      vertex   3.640000e-01  9.566858e-03  6.012576e-01
      vertex   3.680000e-01  9.379286e-03  6.010122e-01
      vertex   3.640000e-01  9.346455e-03  6.009604e-01
    endloop
  endfacet
  facet normal -1.324772e-03  8.879304e-01 -4.599759e-01
    outer loop
      vertex   3.680000e-01  9.379286e-03  6.010122e-01
      vertex   3.680000e-01  9.184421e-03  6.006361e-01
      vertex   3.640000e-01  9.346455e-03  6.009604e-01
    endloop
  endfacet
  facet normal  0.000000e+00  9.133489e-02  9.958202e-01
    outer loop
      vertex   3.680000e-01 -1.113689e-02  5.977631e-01
      vertex   3.600000e-01 -1.113689e-02  5.977631e-01
      vertex   3.680000e-01 -1.151901e-02  5.977981e-01
    endloop
  endfacet
  facet normal  1.158561e-03  1.153612e-01  9.933230e-01
    outer loop
      vertex   3.680000e-01 -1.151901e-02  5.977981e-01
      vertex   3.600000e-01 -1.113689e-02  5.977631e-01
      vertex   3.640000e-01 -1.157481e-02  5.978093e-01
    endloop
  endfacet
  facet normal -1.177838e-03  2.763917e-01  9.610443e-01
    outer loop
      vertex   3.680000e-01 -1.151901e-02  5.977981e-01
      vertex   3.640000e-01 -1.157481e-02  5.978093e-01
      vertex   3.680000e-01 -1.190989e-02  5.979105e-01
    endloop
  endfacet
  facet normal  2.497850e-03  3.165060e-01  9.485872e-01
    outer loop
      vertex   3.680000e-01 -1.190989e-02  5.979105e-01
      vertex   3.640000e-01 -1.157481e-02  5.978093e-01
      vertex   3.640000e-01 -1.201998e-02  5.979578e-01
    endloop
  endfacet
  facet normal -2.167315e-03  4.599657e-01  8.879340e-01
    outer loop
      vertex   3.680000e-01 -1.190989e-02  5.979105e-01
      vertex   3.640000e-01 -1.201998e-02  5.979578e-01
      vertex   3.680000e-01 -1.228603e-02  5.981054e-01
    endloop
  endfacet
  facet normal  3.353311e-03  5.231608e-01  8.522274e-01
    outer loop
      vertex   3.680000e-01 -1.228603e-02  5.981054e-01
      vertex   3.640000e-01 -1.201998e-02  5.979578e-01
      vertex   3.640000e-01 -1.243633e-02  5.982134e-01
    endloop
  endfacet
  facet normal -2.732436e-03  6.304880e-01  7.761942e-01
    outer loop
      vertex   3.680000e-01 -1.228603e-02  5.981054e-01
      vertex   3.640000e-01 -1.243633e-02  5.982134e-01
      vertex   3.680000e-01 -1.262181e-02  5.983781e-01
    endloop
  endfacet
  facet normal  3.665180e-03  7.070935e-01  7.071105e-01
    outer loop
      vertex   3.680000e-01 -1.262181e-02  5.983781e-01
      vertex   3.640000e-01 -1.243633e-02  5.982134e-01
      vertex   3.640000e-01 -1.278657e-02  5.985636e-01
    endloop
  endfacet
  facet normal -2.735076e-03  7.762027e-01  6.304774e-01
    outer loop
      vertex   3.680000e-01 -1.262181e-02  5.983781e-01
      vertex   3.640000e-01 -1.278657e-02  5.985636e-01
      vertex   3.680000e-01 -1.289458e-02  5.987139e-01
    endloop
  endfacet
  facet normal  3.348150e-03  8.521981e-01  5.232086e-01
    outer loop
      vertex   3.680000e-01 -1.289458e-02  5.987139e-01
      vertex   3.640000e-01 -1.278657e-02  5.985636e-01
      vertex   3.640000e-01 -1.304218e-02  5.989799e-01
    endloop
  endfacet
  facet normal -2.175619e-03  8.879291e-01  4.599752e-01
    outer loop
      vertex   3.680000e-01 -1.289458e-02  5.987139e-01
      vertex   3.640000e-01 -1.304218e-02  5.989799e-01
      vertex   3.680000e-01 -1.308944e-02  5.990901e-01
    endloop
  endfacet
  facet normal  2.492147e-03  9.485908e-01  3.164953e-01
    outer loop
      vertex   3.680000e-01 -1.308944e-02  5.990901e-01
      vertex   3.640000e-01 -1.304218e-02  5.989799e-01
      vertex   3.640000e-01 -1.319072e-02  5.994251e-01
    endloop
  endfacet
  facet normal -1.185045e-03  9.610533e-01  2.763605e-01
    outer loop
      vertex   3.680000e-01 -1.308944e-02  5.990901e-01
      vertex   3.640000e-01 -1.319072e-02  5.994251e-01
      vertex   3.680000e-01 -1.320183e-02  5.994809e-01
    endloop
  endfacet
  facet normal  1.300008e-03  9.944876e-01  1.048466e-01
    outer loop
      vertex   3.680000e-01 -1.320183e-02  5.994809e-01
      vertex   3.640000e-01 -1.319072e-02  5.994251e-01
      vertex   3.640000e-01 -1.323689e-02  5.998631e-01
    endloop
  endfacet
  facet normal  0.000000e+00  9.958179e-01  9.136049e-02
    outer loop
      vertex   3.680000e-01 -1.320183e-02  5.994809e-01
      vertex   3.640000e-01 -1.323689e-02  5.998631e-01
      vertex   3.680000e-01 -1.323689e-02  5.998631e-01
    endloop
  endfacet
  facet normal  0.000000e+00  9.958179e-01 -9.136049e-02
    outer loop
      vertex   3.680000e-01 -1.323689e-02  5.998631e-01
      vertex   3.640000e-01 -1.323689e-02  5.998631e-01
      vertex   3.680000e-01 -1.320183e-02  6.002452e-01
    endloop
  endfacet
  facet normal  1.300008e-03  9.944876e-01 -1.048466e-01
    outer loop
      vertex   3.680000e-01 -1.320183e-02  6.002452e-01
      vertex   3.640000e-01 -1.323689e-02  5.998631e-01
      vertex   3.640000e-01 -1.319072e-02  6.003010e-01
    endloop
  endfacet
  facet normal -1.184470e-03  9.610645e-01 -2.763216e-01
    outer loop
      vertex   3.680000e-01 -1.320183e-02  6.002452e-01
      vertex   3.640000e-01 -1.319072e-02  6.003010e-01
      vertex   3.680000e-01 -1.308944e-02  6.006361e-01
    endloop
  endfacet
  facet normal  0.000000e+00  9.572372e-01 -2.893038e-01
    outer loop
      vertex   3.680000e-01 -1.308944e-02  6.006361e-01
      vertex   3.640000e-01 -1.319072e-02  6.003010e-01
      vertex   3.640000e-01 -1.308944e-02  6.006361e-01
    endloop
  endfacet
  facet normal  0.000000e+00  8.945587e-01 -4.469505e-01
    outer loop
      vertex   3.680000e-01 -1.308944e-02  6.006361e-01
      vertex   3.640000e-01 -1.308944e-02  6.006361e-01
      vertex   3.640000e-01 -1.292741e-02  6.009604e-01
    endloop
  endfacet
  facet normal  0.000000e+00  8.945587e-01 -4.469505e-01
    outer loop
      vertex   3.640000e-01 -1.292741e-02  6.009604e-01
      vertex   3.640000e-01 -1.308944e-02  6.006361e-01
      vertex   3.600000e-01 -1.308944e-02  6.006361e-01
    endloop
  endfacet
  facet normal  1.324565e-03  8.879304e-01 -4.599759e-01
    outer loop
      vertex   3.640000e-01 -1.292741e-02  6.009604e-01
      vertex   3.600000e-01 -1.308944e-02  6.006361e-01
      vertex   3.600000e-01 -1.289458e-02  6.010122e-01
    endloop
  endfacet
  facet normal -1.500697e-03  9.133479e-02  9.958191e-01
    outer loop
      vertex   3.600000e-01 -1.113689e-02  5.977631e-01
      vertex   3.600000e-01 -1.151901e-02  5.977981e-01
      vertex   3.640000e-01 -1.157481e-02  5.978093e-01
    endloop
  endfacet
  facet normal  1.177838e-03  2.763917e-01  9.610443e-01
    outer loop
      vertex   3.640000e-01 -1.157481e-02  5.978093e-01
      vertex   3.600000e-01 -1.151901e-02  5.977981e-01
      vertex   3.600000e-01 -1.190989e-02  5.979105e-01
    endloop
  endfacet
  facet normal -2.497851e-03  3.165060e-01  9.485872e-01
    outer loop
      vertex   3.640000e-01 -1.157481e-02  5.978093e-01
      vertex   3.600000e-01 -1.190989e-02  5.979105e-01
      vertex   3.640000e-01 -1.201998e-02  5.979578e-01
    endloop
  endfacet
  facet normal  2.167316e-03  4.599657e-01  8.879340e-01
    outer loop
      vertex   3.640000e-01 -1.201998e-02  5.979578e-01
      vertex   3.600000e-01 -1.190989e-02  5.979105e-01
      vertex   3.600000e-01 -1.228603e-02  5.981054e-01
    endloop
  endfacet
  facet normal -3.353309e-03  5.231608e-01  8.522274e-01
    outer loop
      vertex   3.640000e-01 -1.201998e-02  5.979578e-01
      vertex   3.600000e-01 -1.228603e-02  5.981054e-01
      vertex   3.640000e-01 -1.243633e-02  5.982134e-01
    endloop
  endfacet
  facet normal  2.732435e-03  6.304880e-01  7.761941e-01
    outer loop
      vertex   3.640000e-01 -1.243633e-02  5.982134e-01
      vertex   3.600000e-01 -1.228603e-02  5.981054e-01
      vertex   3.600000e-01 -1.262181e-02  5.983781e-01
    endloop
  endfacet
  facet normal -3.665177e-03  7.070935e-01  7.071105e-01
    outer loop
      vertex   3.640000e-01 -1.243633e-02  5.982134e-01
      vertex   3.600000e-01 -1.262181e-02  5.983781e-01
      vertex   3.640000e-01 -1.278657e-02  5.985636e-01
    endloop
  endfacet
  facet normal  2.735078e-03  7.762027e-01  6.304774e-01
    outer loop
      vertex   3.640000e-01 -1.278657e-02  5.985636e-01
      vertex   3.600000e-01 -1.262181e-02  5.983781e-01
      vertex   3.600000e-01 -1.289458e-02  5.987139e-01
    endloop
  endfacet
  facet normal -3.348149e-03  8.521981e-01  5.232086e-01
    outer loop
      vertex   3.640000e-01 -1.278657e-02  5.985636e-01
      vertex   3.600000e-01 -1.289458e-02  5.987139e-01
      vertex   3.640000e-01 -1.304218e-02  5.989799e-01
    endloop
  endfacet
  facet normal  2.175620e-03  8.879291e-01  4.599752e-01
    outer loop
      vertex   3.640000e-01 -1.304218e-02  5.989799e-01
      vertex   3.600000e-01 -1.289458e-02  5.987139e-01
      vertex   3.600000e-01 -1.308944e-02  5.990901e-01
    endloop
  endfacet
  facet normal -2.492147e-03  9.485908e-01  3.164953e-01
    outer loop
      vertex   3.640000e-01 -1.304218e-02  5.989799e-01
      vertex   3.600000e-01 -1.308944e-02  5.990901e-01
      vertex   3.640000e-01 -1.319072e-02  5.994251e-01
    endloop
  endfacet
  facet normal  1.185044e-03  9.610534e-01  2.763605e-01
    outer loop
      vertex   3.640000e-01 -1.319072e-02  5.994251e-01
      vertex   3.600000e-01 -1.308944e-02  5.990901e-01
      vertex   3.600000e-01 -1.320183e-02  5.994809e-01
    endloop
  endfacet
  facet normal -1.300008e-03  9.944876e-01  1.048466e-01
    outer loop
      vertex   3.640000e-01 -1.319072e-02  5.994251e-01
      vertex   3.600000e-01 -1.320183e-02  5.994809e-01
      vertex   3.640000e-01 -1.323689e-02  5.998631e-01
    endloop
  endfacet
  facet normal  0.000000e+00  9.958179e-01  9.136049e-02
    outer loop
      vertex   3.640000e-01 -1.323689e-02  5.998631e-01
      vertex   3.600000e-01 -1.320183e-02  5.994809e-01
      vertex   3.600000e-01 -1.323689e-02  5.998631e-01
    endloop
  endfacet
  facet normal  0.000000e+00  9.958179e-01 -9.136049e-02
    outer loop
      vertex   3.640000e-01 -1.323689e-02  5.998631e-01
      vertex   3.600000e-01 -1.323689e-02  5.998631e-01
      vertex   3.600000e-01 -1.320183e-02  6.002452e-01
    endloop
  endfacet
  facet normal -1.300008e-03  9.944876e-01 -1.048466e-01
    outer loop
      vertex   3.640000e-01 -1.323689e-02  5.998631e-01
      vertex   3.600000e-01 -1.320183e-02  6.002452e-01
      vertex   3.640000e-01 -1.319072e-02  6.003010e-01
    endloop
  endfacet
  facet normal  1.184470e-03  9.610645e-01 -2.763216e-01
    outer loop
      vertex   3.640000e-01 -1.319072e-02  6.003010e-01
      vertex   3.600000e-01 -1.320183e-02  6.002452e-01
      vertex   3.600000e-01 -1.308944e-02  6.006361e-01
    endloop
  endfacet
  facet normal  0.000000e+00  9.572372e-01 -2.893038e-01
    outer loop
      vertex   3.640000e-01 -1.319072e-02  6.003010e-01
      vertex   3.600000e-01 -1.308944e-02  6.006361e-01
      vertex   3.640000e-01 -1.308944e-02  6.006361e-01
    endloop
  endfacet
  facet normal -1.128577e-03  8.032746e-01 -5.956078e-01
    outer loop
      vertex   3.640000e-01 -1.292741e-02  6.009604e-01
      vertex   3.600000e-01 -1.289458e-02  6.010122e-01
      vertex   3.640000e-01 -1.270701e-02  6.012576e-01
    endloop
  endfacet
  facet normal  2.286792e-03  7.761489e-01 -6.305456e-01
    outer loop
      vertex   3.640000e-01 -1.270701e-02  6.012576e-01
      vertex   3.600000e-01 -1.289458e-02  6.010122e-01
      vertex   3.600000e-01 -1.262181e-02  6.013480e-01
    endloop
  endfacet
  facet normal -1.831531e-03  6.858633e-01 -7.277281e-01
    outer loop
      vertex   3.640000e-01 -1.270701e-02  6.012576e-01
      vertex   3.600000e-01 -1.262181e-02  6.013480e-01
      vertex   3.640000e-01 -1.243633e-02  6.015127e-01
    endloop
  endfacet
  facet normal  2.732435e-03  6.304880e-01 -7.761941e-01
    outer loop
      vertex   3.640000e-01 -1.243633e-02  6.015127e-01
      vertex   3.600000e-01 -1.262181e-02  6.013480e-01
      vertex   3.600000e-01 -1.228603e-02  6.016207e-01
    endloop
  endfacet
  facet normal -2.018604e-03  5.475670e-01 -8.367594e-01
    outer loop
      vertex   3.640000e-01 -1.243633e-02  6.015127e-01
      vertex   3.600000e-01 -1.228603e-02  6.016207e-01
      vertex   3.640000e-01 -1.212828e-02  6.017143e-01
    endloop
  endfacet
  facet normal  2.627626e-03  4.600761e-01 -8.878756e-01
    outer loop
      vertex   3.640000e-01 -1.212828e-02  6.017143e-01
      vertex   3.600000e-01 -1.228603e-02  6.016207e-01
      vertex   3.600000e-01 -1.190989e-02  6.018156e-01
    endloop
  endfacet
  facet normal -1.697851e-03  3.951201e-01 -9.186279e-01
    outer loop
      vertex   3.640000e-01 -1.212828e-02  6.017143e-01
      vertex   3.600000e-01 -1.190989e-02  6.018156e-01
      vertex   3.640000e-01 -1.179861e-02  6.018561e-01
    endloop
  endfacet
  facet normal  2.038544e-03  2.762560e-01 -9.610819e-01
    outer loop
      vertex   3.640000e-01 -1.179861e-02  6.018561e-01
      vertex   3.600000e-01 -1.190989e-02  6.018156e-01
      vertex   3.600000e-01 -1.151901e-02  6.019280e-01
    endloop
  endfacet
  facet normal -9.647260e-04  2.360314e-01 -9.717450e-01
    outer loop
      vertex   3.640000e-01 -1.179861e-02  6.018561e-01
      vertex   3.600000e-01 -1.151901e-02  6.019280e-01
      vertex   3.640000e-01 -1.146340e-02  6.019375e-01
    endloop
  endfacet
  facet normal  1.104387e-03  9.133483e-02 -9.958196e-01
    outer loop
      vertex   3.640000e-01 -1.146340e-02  6.019375e-01
      vertex   3.600000e-01 -1.151901e-02  6.019280e-01
      vertex   3.600000e-01 -1.113689e-02  6.019630e-01
    endloop
  endfacet
  facet normal  0.000000e+00  7.789442e-02 -9.969616e-01
    outer loop
      vertex   3.640000e-01 -1.146340e-02  6.019375e-01
      vertex   3.600000e-01 -1.113689e-02  6.019630e-01
      vertex   3.680000e-01 -1.113689e-02  6.019630e-01
    endloop
  endfacet
  facet normal -1.104387e-03  9.133483e-02 -9.958196e-01
    outer loop
      vertex   3.680000e-01 -1.113689e-02  6.019630e-01
      vertex   3.680000e-01 -1.151901e-02  6.019280e-01
      vertex   3.640000e-01 -1.146340e-02  6.019375e-01
    endloop
  endfacet
  facet normal  9.647257e-04  2.360314e-01 -9.717450e-01
    outer loop
      vertex   3.640000e-01 -1.146340e-02  6.019375e-01
      vertex   3.680000e-01 -1.151901e-02  6.019280e-01
      vertex   3.640000e-01 -1.179861e-02  6.018561e-01
    endloop
  endfacet
  facet normal -2.038545e-03  2.762560e-01 -9.610819e-01
    outer loop
      vertex   3.680000e-01 -1.151901e-02  6.019280e-01
      vertex   3.680000e-01 -1.190989e-02  6.018156e-01
      vertex   3.640000e-01 -1.179861e-02  6.018561e-01
    endloop
  endfacet
  facet normal  1.697850e-03  3.951201e-01 -9.186279e-01
    outer loop
      vertex   3.640000e-01 -1.179861e-02  6.018561e-01
      vertex   3.680000e-01 -1.190989e-02  6.018156e-01
      vertex   3.640000e-01 -1.212828e-02  6.017143e-01
    endloop
  endfacet
  facet normal -2.627627e-03  4.600761e-01 -8.878756e-01
    outer loop
      vertex   3.680000e-01 -1.190989e-02  6.018156e-01
      vertex   3.680000e-01 -1.228603e-02  6.016207e-01
      vertex   3.640000e-01 -1.212828e-02  6.017143e-01
    endloop
  endfacet
  facet normal  2.018604e-03  5.475670e-01 -8.367594e-01
    outer loop
      vertex   3.640000e-01 -1.212828e-02  6.017143e-01
      vertex   3.680000e-01 -1.228603e-02  6.016207e-01
      vertex   3.640000e-01 -1.243633e-02  6.015127e-01
    endloop
  endfacet
  facet normal -2.732436e-03  6.304880e-01 -7.761942e-01
    outer loop
      vertex   3.680000e-01 -1.228603e-02  6.016207e-01
      vertex   3.680000e-01 -1.262181e-02  6.013480e-01
      vertex   3.640000e-01 -1.243633e-02  6.015127e-01
    endloop
  endfacet
  facet normal  1.831532e-03  6.858633e-01 -7.277281e-01
    outer loop
      vertex   3.640000e-01 -1.243633e-02  6.015127e-01
      vertex   3.680000e-01 -1.262181e-02  6.013480e-01
      vertex   3.640000e-01 -1.270701e-02  6.012576e-01
    endloop
  endfacet
  facet normal -2.286792e-03  7.761489e-01 -6.305456e-01
    outer loop
      vertex   3.680000e-01 -1.262181e-02  6.013480e-01
      vertex   3.680000e-01 -1.289458e-02  6.010122e-01
      vertex   3.640000e-01 -1.270701e-02  6.012576e-01
    endloop
  endfacet
  facet normal  1.128577e-03  8.032746e-01 -5.956078e-01
    outer loop
      vertex   3.640000e-01 -1.270701e-02  6.012576e-01
      vertex   3.680000e-01 -1.289458e-02  6.010122e-01
      vertex   3.640000e-01 -1.292741e-02  6.009604e-01
    endloop
  endfacet
  facet normal -1.324565e-03  8.879304e-01 -4.599759e-01
    outer loop
      vertex   3.680000e-01 -1.289458e-02  6.010122e-01
      vertex   3.680000e-01 -1.308944e-02  6.006361e-01
      vertex   3.640000e-01 -1.292741e-02  6.009604e-01
    endloop
  endfacet
  facet normal  0.000000e+00  9.133489e-02  9.958202e-01
    outer loop
      vertex   3.680000e-01 -1.113689e-02  6.200370e-01
      vertex   3.600000e-01 -1.113689e-02  6.200370e-01
      vertex   3.680000e-01 -1.151901e-02  6.200720e-01
    endloop
  endfacet
  facet normal  1.147137e-03  1.151246e-01  9.933504e-01
    outer loop
      vertex   3.680000e-01 -1.151901e-02  6.200720e-01
      vertex   3.600000e-01 -1.113689e-02  6.200370e-01
      vertex   3.640000e-01 -1.157481e-02  6.200831e-01
    endloop
  endfacet
  facet normal -1.190162e-03  2.762564e-01  9.610832e-01
    outer loop
      vertex   3.680000e-01 -1.151901e-02  6.200720e-01
      vertex   3.640000e-01 -1.157481e-02  6.200831e-01
      vertex   3.680000e-01 -1.190989e-02  6.201844e-01
    endloop
  endfacet
  facet normal  2.497850e-03  3.165060e-01  9.485872e-01
    outer loop
      vertex   3.680000e-01 -1.190989e-02  6.201844e-01
      vertex   3.640000e-01 -1.157481e-02  6.200831e-01
      vertex   3.640000e-01 -1.201998e-02  6.202316e-01
    endloop
  endfacet
  facet normal -2.171049e-03  4.600766e-01  8.878766e-01
    outer loop
      vertex   3.680000e-01 -1.190989e-02  6.201844e-01
      vertex   3.640000e-01 -1.201998e-02  6.202316e-01
      vertex   3.680000e-01 -1.228603e-02  6.203793e-01
    endloop
  endfacet
  facet normal  3.348513e-03  5.232493e-01  8.521730e-01
    outer loop
      vertex   3.680000e-01 -1.228603e-02  6.203793e-01
      vertex   3.640000e-01 -1.201998e-02  6.202316e-01
      vertex   3.640000e-01 -1.243633e-02  6.204873e-01
    endloop
  endfacet
  facet normal -2.732436e-03  6.304880e-01  7.761942e-01
    outer loop
      vertex   3.680000e-01 -1.228603e-02  6.203793e-01
      vertex   3.640000e-01 -1.243633e-02  6.204873e-01
      vertex   3.680000e-01 -1.262181e-02  6.206520e-01
    endloop
  endfacet
  facet normal  3.665180e-03  7.070935e-01  7.071105e-01
    outer loop
      vertex   3.680000e-01 -1.262181e-02  6.206520e-01
      vertex   3.640000e-01 -1.243633e-02  6.204873e-01
      vertex   3.640000e-01 -1.278657e-02  6.208375e-01
    endloop
  endfacet
  facet normal -2.729694e-03  7.761480e-01  6.305449e-01
    outer loop
      vertex   3.680000e-01 -1.262181e-02  6.206520e-01
      vertex   3.640000e-01 -1.278657e-02  6.208375e-01
      vertex   3.680000e-01 -1.289458e-02  6.209878e-01
    endloop
  endfacet
  facet normal  3.355946e-03  8.521982e-01  5.232086e-01
    outer loop
      vertex   3.680000e-01 -1.289458e-02  6.209878e-01
      vertex   3.640000e-01 -1.278657e-02  6.208375e-01
      vertex   3.640000e-01 -1.304218e-02  6.212538e-01
    endloop
  endfacet
  facet normal -2.168766e-03  8.879291e-01  4.599752e-01
    outer loop
      vertex   3.680000e-01 -1.289458e-02  6.209878e-01
      vertex   3.640000e-01 -1.304218e-02  6.212538e-01
      vertex   3.680000e-01 -1.308944e-02  6.213639e-01
    endloop
  endfacet
  facet normal  2.496863e-03  9.485908e-01  3.164953e-01
    outer loop
      vertex   3.680000e-01 -1.308944e-02  6.213639e-01
      vertex   3.640000e-01 -1.304218e-02  6.212538e-01
      vertex   3.640000e-01 -1.319072e-02  6.216990e-01
    endloop
  endfacet
  facet normal -1.184470e-03  9.610645e-01  2.763216e-01
    outer loop
      vertex   3.680000e-01 -1.308944e-02  6.213639e-01
      vertex   3.640000e-01 -1.319072e-02  6.216990e-01
      vertex   3.680000e-01 -1.320183e-02  6.217548e-01
    endloop
  endfacet
  facet normal  1.300008e-03  9.944876e-01  1.048466e-01
    outer loop
      vertex   3.680000e-01 -1.320183e-02  6.217548e-01
      vertex   3.640000e-01 -1.319072e-02  6.216990e-01
      vertex   3.640000e-01 -1.323689e-02  6.221370e-01
    endloop
  endfacet
  facet normal  0.000000e+00  9.958179e-01  9.136049e-02
    outer loop
      vertex   3.680000e-01 -1.320183e-02  6.217548e-01
      vertex   3.640000e-01 -1.323689e-02  6.221370e-01
      vertex   3.680000e-01 -1.323689e-02  6.221370e-01
    endloop
  endfacet
  facet normal  0.000000e+00  9.958179e-01 -9.136049e-02
    outer loop
      vertex   3.680000e-01 -1.323689e-02  6.221370e-01
      vertex   3.640000e-01 -1.323689e-02  6.221370e-01
      vertex   3.680000e-01 -1.320183e-02  6.225191e-01
    endloop
  endfacet
  facet normal  1.300008e-03  9.944876e-01 -1.048466e-01
    outer loop
      vertex   3.680000e-01 -1.320183e-02  6.225191e-01
      vertex   3.640000e-01 -1.323689e-02  6.221370e-01
      vertex   3.640000e-01 -1.319072e-02  6.225749e-01
    endloop
  endfacet
  facet normal -1.184470e-03  9.610645e-01 -2.763216e-01
    outer loop
      vertex   3.680000e-01 -1.320183e-02  6.225191e-01
      vertex   3.640000e-01 -1.319072e-02  6.225749e-01
      vertex   3.680000e-01 -1.308944e-02  6.229100e-01
    endloop
  endfacet
  facet normal  0.000000e+00  9.572372e-01 -2.893038e-01
    outer loop
      vertex   3.680000e-01 -1.308944e-02  6.229100e-01
      vertex   3.640000e-01 -1.319072e-02  6.225749e-01
      vertex   3.640000e-01 -1.308944e-02  6.229100e-01
    endloop
  endfacet
  facet normal  0.000000e+00  8.945258e-01 -4.470163e-01
    outer loop
      vertex   3.680000e-01 -1.308944e-02  6.229100e-01
      vertex   3.640000e-01 -1.308944e-02  6.229100e-01
      vertex   3.640000e-01 -1.292741e-02  6.232342e-01
    endloop
  endfacet
  facet normal  0.000000e+00  8.945258e-01 -4.470163e-01
    outer loop
      vertex   3.640000e-01 -1.292741e-02  6.232342e-01
      vertex   3.640000e-01 -1.308944e-02  6.229100e-01
      vertex   3.600000e-01 -1.308944e-02  6.229100e-01
    endloop
  endfacet
  facet normal  1.323576e-03  8.879007e-01 -4.600334e-01
    outer loop
      vertex   3.640000e-01 -1.292741e-02  6.232342e-01
      vertex   3.600000e-01 -1.308944e-02  6.229100e-01
      vertex   3.600000e-01 -1.289458e-02  6.232861e-01
    endloop
  endfacet
  facet normal -1.485858e-03  9.133479e-02  9.958191e-01
    outer loop
      vertex   3.600000e-01 -1.113689e-02  6.200370e-01
      vertex   3.600000e-01 -1.151901e-02  6.200720e-01
      vertex   3.640000e-01 -1.157481e-02  6.200831e-01
    endloop
  endfacet
  facet normal  1.190162e-03  2.762564e-01  9.610832e-01
    outer loop
      vertex   3.640000e-01 -1.157481e-02  6.200831e-01
      vertex   3.600000e-01 -1.151901e-02  6.200720e-01
      vertex   3.600000e-01 -1.190989e-02  6.201844e-01
    endloop
  endfacet
  facet normal -2.497851e-03  3.165060e-01  9.485872e-01
    outer loop
      vertex   3.640000e-01 -1.157481e-02  6.200831e-01
      vertex   3.600000e-01 -1.190989e-02  6.201844e-01
      vertex   3.640000e-01 -1.201998e-02  6.202316e-01
    endloop
  endfacet
  facet normal  2.171048e-03  4.600766e-01  8.878766e-01
    outer loop
      vertex   3.640000e-01 -1.201998e-02  6.202316e-01
      vertex   3.600000e-01 -1.190989e-02  6.201844e-01
      vertex   3.600000e-01 -1.228603e-02  6.203793e-01
    endloop
  endfacet
  facet normal -3.348510e-03  5.232493e-01  8.521730e-01
    outer loop
      vertex   3.640000e-01 -1.201998e-02  6.202316e-01
      vertex   3.600000e-01 -1.228603e-02  6.203793e-01
      vertex   3.640000e-01 -1.243633e-02  6.204873e-01
    endloop
  endfacet
  facet normal  2.732435e-03  6.304880e-01  7.761941e-01
    outer loop
      vertex   3.640000e-01 -1.243633e-02  6.204873e-01
      vertex   3.600000e-01 -1.228603e-02  6.203793e-01
      vertex   3.600000e-01 -1.262181e-02  6.206520e-01
    endloop
  endfacet
  facet normal -3.665177e-03  7.070935e-01  7.071105e-01
    outer loop
      vertex   3.640000e-01 -1.243633e-02  6.204873e-01
      vertex   3.600000e-01 -1.262181e-02  6.206520e-01
      vertex   3.640000e-01 -1.278657e-02  6.208375e-01
    endloop
  endfacet
  facet normal  2.729695e-03  7.761480e-01  6.305449e-01
    outer loop
      vertex   3.640000e-01 -1.278657e-02  6.208375e-01
      vertex   3.600000e-01 -1.262181e-02  6.206520e-01
      vertex   3.600000e-01 -1.289458e-02  6.209878e-01
    endloop
  endfacet
  facet normal -3.355946e-03  8.521981e-01  5.232086e-01
    outer loop
      vertex   3.640000e-01 -1.278657e-02  6.208375e-01
      vertex   3.600000e-01 -1.289458e-02  6.209878e-01
      vertex   3.640000e-01 -1.304218e-02  6.212538e-01
    endloop
  endfacet
  facet normal  2.168765e-03  8.879291e-01  4.599752e-01
    outer loop
      vertex   3.640000e-01 -1.304218e-02  6.212538e-01
      vertex   3.600000e-01 -1.289458e-02  6.209878e-01
      vertex   3.600000e-01 -1.308944e-02  6.213639e-01
    endloop
  endfacet
  facet normal -2.496863e-03  9.485908e-01  3.164953e-01
    outer loop
      vertex   3.640000e-01 -1.304218e-02  6.212538e-01
      vertex   3.600000e-01 -1.308944e-02  6.213639e-01
      vertex   3.640000e-01 -1.319072e-02  6.216990e-01
    endloop
  endfacet
  facet normal  1.184470e-03  9.610645e-01  2.763216e-01
    outer loop
      vertex   3.640000e-01 -1.319072e-02  6.216990e-01
      vertex   3.600000e-01 -1.308944e-02  6.213639e-01
      vertex   3.600000e-01 -1.320183e-02  6.217548e-01
    endloop
  endfacet
  facet normal -1.300008e-03  9.944876e-01  1.048466e-01
    outer loop
      vertex   3.640000e-01 -1.319072e-02  6.216990e-01
      vertex   3.600000e-01 -1.320183e-02  6.217548e-01
      vertex   3.640000e-01 -1.323689e-02  6.221370e-01
    endloop
  endfacet
  facet normal  0.000000e+00  9.958179e-01  9.136049e-02
    outer loop
      vertex   3.640000e-01 -1.323689e-02  6.221370e-01
      vertex   3.600000e-01 -1.320183e-02  6.217548e-01
      vertex   3.600000e-01 -1.323689e-02  6.221370e-01
    endloop
  endfacet
  facet normal  0.000000e+00  9.958179e-01 -9.136049e-02
    outer loop
      vertex   3.640000e-01 -1.323689e-02  6.221370e-01
      vertex   3.600000e-01 -1.323689e-02  6.221370e-01
      vertex   3.600000e-01 -1.320183e-02  6.225191e-01
    endloop
  endfacet
  facet normal -1.300008e-03  9.944876e-01 -1.048466e-01
    outer loop
      vertex   3.640000e-01 -1.323689e-02  6.221370e-01
      vertex   3.600000e-01 -1.320183e-02  6.225191e-01
      vertex   3.640000e-01 -1.319072e-02  6.225749e-01
    endloop
  endfacet
  facet normal  1.184470e-03  9.610645e-01 -2.763216e-01
    outer loop
      vertex   3.640000e-01 -1.319072e-02  6.225749e-01
      vertex   3.600000e-01 -1.320183e-02  6.225191e-01
      vertex   3.600000e-01 -1.308944e-02  6.229100e-01
    endloop
  endfacet
  facet normal  0.000000e+00  9.572372e-01 -2.893038e-01
    outer loop
      vertex   3.640000e-01 -1.319072e-02  6.225749e-01
      vertex   3.600000e-01 -1.308944e-02  6.229100e-01
      vertex   3.640000e-01 -1.308944e-02  6.229100e-01
    endloop
  endfacet
  facet normal -1.128577e-03  8.032746e-01 -5.956078e-01
    outer loop
      vertex   3.640000e-01 -1.292741e-02  6.232342e-01
      vertex   3.600000e-01 -1.289458e-02  6.232861e-01
      vertex   3.640000e-01 -1.270701e-02  6.235315e-01
    endloop
  endfacet
  facet normal  2.280087e-03  7.762036e-01 -6.304782e-01
    outer loop
      vertex   3.640000e-01 -1.270701e-02  6.235315e-01
      vertex   3.600000e-01 -1.289458e-02  6.232861e-01
      vertex   3.600000e-01 -1.262181e-02  6.236219e-01
    endloop
  endfacet
  facet normal -1.838760e-03  6.859481e-01 -7.276482e-01
    outer loop
      vertex   3.640000e-01 -1.270701e-02  6.235315e-01
      vertex   3.600000e-01 -1.262181e-02  6.236219e-01
      vertex   3.640000e-01 -1.243633e-02  6.237866e-01
    endloop
  endfacet
  facet normal  2.732435e-03  6.304880e-01 -7.761941e-01
    outer loop
      vertex   3.640000e-01 -1.243633e-02  6.237866e-01
      vertex   3.600000e-01 -1.262181e-02  6.236219e-01
      vertex   3.600000e-01 -1.228603e-02  6.238946e-01
    endloop
  endfacet
  facet normal -2.018604e-03  5.475670e-01 -8.367594e-01
    outer loop
      vertex   3.640000e-01 -1.243633e-02  6.237866e-01
      vertex   3.600000e-01 -1.228603e-02  6.238946e-01
      vertex   3.640000e-01 -1.212828e-02  6.239882e-01
    endloop
  endfacet
  facet normal  2.633346e-03  4.599651e-01 -8.879331e-01
    outer loop
      vertex   3.640000e-01 -1.212828e-02  6.239882e-01
      vertex   3.600000e-01 -1.228603e-02  6.238946e-01
      vertex   3.600000e-01 -1.190989e-02  6.240895e-01
    endloop
  endfacet
  facet normal -1.693342e-03  3.949800e-01 -9.186882e-01
    outer loop
      vertex   3.640000e-01 -1.212828e-02  6.239882e-01
      vertex   3.600000e-01 -1.190989e-02  6.240895e-01
      vertex   3.640000e-01 -1.179860e-02  6.241300e-01
    endloop
  endfacet
  facet normal  2.034384e-03  2.763914e-01 -9.610430e-01
    outer loop
      vertex   3.640000e-01 -1.179860e-02  6.241300e-01
      vertex   3.600000e-01 -1.190989e-02  6.240895e-01
      vertex   3.600000e-01 -1.151901e-02  6.242019e-01
    endloop
  endfacet
  facet normal -9.792065e-04  2.360314e-01 -9.717450e-01
    outer loop
      vertex   3.640000e-01 -1.179860e-02  6.241300e-01
      vertex   3.600000e-01 -1.151901e-02  6.242019e-01
      vertex   3.640000e-01 -1.146340e-02  6.242114e-01
    endloop
  endfacet
  facet normal  1.089548e-03  9.133483e-02 -9.958196e-01
    outer loop
      vertex   3.640000e-01 -1.146340e-02  6.242114e-01
      vertex   3.600000e-01 -1.151901e-02  6.242019e-01
      vertex   3.600000e-01 -1.113689e-02  6.242369e-01
    endloop
  endfacet
  facet normal  0.000000e+00  7.807531e-02 -9.969475e-01
    outer loop
      vertex   3.640000e-01 -1.146340e-02  6.242114e-01
      vertex   3.600000e-01 -1.113689e-02  6.242369e-01
      vertex   3.680000e-01 -1.113689e-02  6.242369e-01
    endloop
  endfacet
  facet normal -1.089548e-03  9.133483e-02 -9.958196e-01
    outer loop
      vertex   3.680000e-01 -1.113689e-02  6.242369e-01
      vertex   3.680000e-01 -1.151901e-02  6.242019e-01
      vertex   3.640000e-01 -1.146340e-02  6.242114e-01
    endloop
  endfacet
  facet normal  9.792059e-04  2.360314e-01 -9.717450e-01
    outer loop
      vertex   3.640000e-01 -1.146340e-02  6.242114e-01
      vertex   3.680000e-01 -1.151901e-02  6.242019e-01
      vertex   3.640000e-01 -1.179860e-02  6.241300e-01
    endloop
  endfacet
  facet normal -2.034385e-03  2.763914e-01 -9.610430e-01
    outer loop
      vertex   3.680000e-01 -1.151901e-02  6.242019e-01
      vertex   3.680000e-01 -1.190989e-02  6.240895e-01
      vertex   3.640000e-01 -1.179860e-02  6.241300e-01
    endloop
  endfacet
  facet normal  1.693340e-03  3.949800e-01 -9.186882e-01
    outer loop
      vertex   3.640000e-01 -1.179860e-02  6.241300e-01
      vertex   3.680000e-01 -1.190989e-02  6.240895e-01
      vertex   3.640000e-01 -1.212828e-02  6.239882e-01
    endloop
  endfacet
  facet normal -2.633345e-03  4.599651e-01 -8.879330e-01
    outer loop
      vertex   3.680000e-01 -1.190989e-02  6.240895e-01
      vertex   3.680000e-01 -1.228603e-02  6.238946e-01
      vertex   3.640000e-01 -1.212828e-02  6.239882e-01
    endloop
  endfacet
  facet normal  2.018604e-03  5.475670e-01 -8.367594e-01
    outer loop
      vertex   3.640000e-01 -1.212828e-02  6.239882e-01
      vertex   3.680000e-01 -1.228603e-02  6.238946e-01
      vertex   3.640000e-01 -1.243633e-02  6.237866e-01
    endloop
  endfacet
  facet normal -2.732436e-03  6.304880e-01 -7.761942e-01
    outer loop
      vertex   3.680000e-01 -1.228603e-02  6.238946e-01
      vertex   3.680000e-01 -1.262181e-02  6.236219e-01
      vertex   3.640000e-01 -1.243633e-02  6.237866e-01
    endloop
  endfacet
  facet normal  1.838761e-03  6.859481e-01 -7.276482e-01
    outer loop
      vertex   3.640000e-01 -1.243633e-02  6.237866e-01
      vertex   3.680000e-01 -1.262181e-02  6.236219e-01
      vertex   3.640000e-01 -1.270701e-02  6.235315e-01
    endloop
  endfacet
  facet normal -2.280086e-03  7.762036e-01 -6.304782e-01
    outer loop
      vertex   3.680000e-01 -1.262181e-02  6.236219e-01
      vertex   3.680000e-01 -1.289458e-02  6.232861e-01
      vertex   3.640000e-01 -1.270701e-02  6.235315e-01
    endloop
  endfacet
  facet normal  1.128577e-03  8.032746e-01 -5.956078e-01
    outer loop
      vertex   3.640000e-01 -1.270701e-02  6.235315e-01
      vertex   3.680000e-01 -1.289458e-02  6.232861e-01
      vertex   3.640000e-01 -1.292741e-02  6.232342e-01
    endloop
  endfacet
  facet normal -1.323576e-03  8.879007e-01 -4.600334e-01
    outer loop
      vertex   3.680000e-01 -1.289458e-02  6.232861e-01
      vertex   3.680000e-01 -1.308944e-02  6.229100e-01
      vertex   3.640000e-01 -1.292741e-02  6.232342e-01
    endloop
  endfacet
  facet normal  6.895561e-09  9.133470e-02  9.958202e-01
    outer loop
      vertex   3.680000e-01  4.505337e-08  6.242500e-01
      vertex   3.610000e-01  4.558185e-08  6.242500e-01
      vertex   3.680000e-01 -4.548626e-04  6.242917e-01
    endloop
  endfacet
  facet normal  1.568218e-03  1.152381e-01  9.933367e-01
    outer loop
      vertex   3.680000e-01 -4.548626e-04  6.242917e-01
      vertex   3.610000e-01  4.558185e-08  6.242500e-01
      vertex   3.645000e-01 -5.212927e-04  6.243050e-01
    endloop
  endfacet
  facet normal -1.612014e-03  2.763648e-01  9.610514e-01
    outer loop
      vertex   3.680000e-01 -4.548626e-04  6.242917e-01
      vertex   3.645000e-01 -5.212927e-04  6.243050e-01
      vertex   3.680000e-01 -9.201919e-04  6.244255e-01
    endloop
  endfacet
  facet normal  3.396252e-03  3.165366e-01  9.485742e-01
    outer loop
      vertex   3.680000e-01 -9.201919e-04  6.244255e-01
      vertex   3.645000e-01 -5.212927e-04  6.243050e-01
      vertex   3.645000e-01 -1.051255e-03  6.244818e-01
    endloop
  endfacet
  facet normal -2.950898e-03  4.599950e-01  8.879166e-01
    outer loop
      vertex   3.680000e-01 -9.201919e-04  6.244255e-01
      vertex   3.645000e-01 -1.051255e-03  6.244818e-01
      vertex   3.680000e-01 -1.367979e-03  6.246575e-01
    endloop
  endfacet
  facet normal  4.558989e-03  5.231760e-01  8.522124e-01
    outer loop
      vertex   3.680000e-01 -1.367979e-03  6.246575e-01
      vertex   3.645000e-01 -1.051255e-03  6.244818e-01
      vertex   3.645000e-01 -1.546906e-03  6.247861e-01
    endloop
  endfacet
  facet normal -3.721523e-03  6.305126e-01  7.761701e-01
    outer loop
      vertex   3.680000e-01 -1.367979e-03  6.246575e-01
      vertex   3.645000e-01 -1.546906e-03  6.247861e-01
      vertex   3.680000e-01 -1.767722e-03  6.249822e-01
    endloop
  endfacet
  facet normal  4.984970e-03  7.071279e-01  7.070681e-01
    outer loop
      vertex   3.680000e-01 -1.767722e-03  6.249822e-01
      vertex   3.645000e-01 -1.546906e-03  6.247861e-01
      vertex   3.645000e-01 -1.963865e-03  6.252031e-01
    endloop
  endfacet
  facet normal -3.717730e-03  7.761942e-01  6.304829e-01
    outer loop
      vertex   3.680000e-01 -1.767722e-03  6.249822e-01
      vertex   3.645000e-01 -1.963865e-03  6.252031e-01
      vertex   3.680000e-01 -2.092444e-03  6.253820e-01
    endloop
  endfacet
  facet normal  4.557170e-03  8.521820e-01  5.232257e-01
    outer loop
      vertex   3.680000e-01 -2.092444e-03  6.253820e-01
      vertex   3.645000e-01 -1.963865e-03  6.252031e-01
      vertex   3.645000e-01 -2.268163e-03  6.256987e-01
    endloop
  endfacet
  facet normal -2.954319e-03  8.879004e-01  4.600265e-01
    outer loop
      vertex   3.680000e-01 -2.092444e-03  6.253820e-01
      vertex   3.645000e-01 -2.268163e-03  6.256987e-01
      vertex   3.680000e-01 -2.324426e-03  6.258298e-01
    endloop
  endfacet
  facet normal  3.396695e-03  9.485912e-01  3.164854e-01
    outer loop
      vertex   3.680000e-01 -2.324426e-03  6.258298e-01
      vertex   3.645000e-01 -2.268163e-03  6.256987e-01
      vertex   3.645000e-01 -2.444992e-03  6.262287e-01
    endloop
  endfacet
  facet normal -1.610412e-03  9.610628e-01  2.763252e-01
    outer loop
      vertex   3.680000e-01 -2.324426e-03  6.258298e-01
      vertex   3.645000e-01 -2.444992e-03  6.262287e-01
      vertex   3.680000e-01 -2.458218e-03  6.262951e-01
    endloop
  endfacet
  facet normal  1.768949e-03  9.944863e-01  1.048521e-01
    outer loop
      vertex   3.680000e-01 -2.458218e-03  6.262951e-01
      vertex   3.645000e-01 -2.444992e-03  6.262287e-01
      vertex   3.645000e-01 -2.499955e-03  6.267500e-01
    endloop
  endfacet
  facet normal  6.666117e-08  9.958175e-01  9.136452e-02
    outer loop
      vertex   3.680000e-01 -2.458218e-03  6.262951e-01
      vertex   3.645000e-01 -2.499955e-03  6.267500e-01
      vertex   3.680000e-01 -2.499955e-03  6.267500e-01
    endloop
  endfacet
  facet normal  6.624454e-08  9.958175e-01 -9.136452e-02
    outer loop
      vertex   3.680000e-01 -2.499955e-03  6.267500e-01
      vertex   3.645000e-01 -2.499955e-03  6.267500e-01
      vertex   3.680000e-01 -2.458218e-03  6.272049e-01
    endloop
  endfacet
  facet normal  1.767393e-03  9.944875e-01 -1.048403e-01
    outer loop
      vertex   3.680000e-01 -2.458218e-03  6.272049e-01
      vertex   3.645000e-01 -2.499955e-03  6.267500e-01
      vertex   3.645000e-01 -2.444992e-03  6.272714e-01
    endloop
  endfacet
  facet normal -1.615117e-03  9.610628e-01 -2.763252e-01
    outer loop
      vertex   3.680000e-01 -2.458218e-03  6.272049e-01
      vertex   3.645000e-01 -2.444992e-03  6.272714e-01
      vertex   3.680000e-01 -2.324426e-03  6.276702e-01
    endloop
  endfacet
  facet normal  6.367738e-08  9.572269e-01 -2.893385e-01
    outer loop
      vertex   3.680000e-01 -2.324426e-03  6.276702e-01
      vertex   3.645000e-01 -2.444992e-03  6.272714e-01
      vertex   3.645000e-01 -2.324425e-03  6.276702e-01
    endloop
  endfacet
  facet normal  5.950782e-08  8.945482e-01 -4.469715e-01
    outer loop
      vertex   3.680000e-01 -2.324426e-03  6.276702e-01
      vertex   3.645000e-01 -2.324425e-03  6.276702e-01
      vertex   3.645000e-01 -2.131526e-03  6.280563e-01
    endloop
  endfacet
  facet normal  5.644884e-08  8.945482e-01 -4.469715e-01
    outer loop
      vertex   3.645000e-01 -2.131526e-03  6.280563e-01
      vertex   3.645000e-01 -2.324425e-03  6.276702e-01
      vertex   3.610000e-01 -2.324425e-03  6.276702e-01
    endloop
  endfacet
  facet normal  1.799808e-03  8.879276e-01 -4.599797e-01
    outer loop
      vertex   3.645000e-01 -2.131526e-03  6.280563e-01
      vertex   3.610000e-01 -2.324425e-03  6.276702e-01
      vertex   3.610000e-01 -2.092443e-03  6.281180e-01
    endloop
  endfacet
  facet normal -2.031293e-03  9.133451e-02  9.958181e-01
    outer loop
      vertex   3.610000e-01  4.558185e-08  6.242500e-01
      vertex   3.610000e-01 -4.548621e-04  6.242917e-01
      vertex   3.645000e-01 -5.212927e-04  6.243050e-01
    endloop
  endfacet
  facet normal  1.612069e-03  2.763648e-01  9.610515e-01
    outer loop
      vertex   3.645000e-01 -5.212927e-04  6.243050e-01
      vertex   3.610000e-01 -4.548621e-04  6.242917e-01
      vertex   3.610000e-01 -9.201913e-04  6.244255e-01
    endloop
  endfacet
  facet normal -3.396233e-03  3.165366e-01  9.485742e-01
    outer loop
      vertex   3.645000e-01 -5.212927e-04  6.243050e-01
      vertex   3.610000e-01 -9.201913e-04  6.244255e-01
      vertex   3.645000e-01 -1.051255e-03  6.244818e-01
    endloop
  endfacet
  facet normal  2.950993e-03  4.599950e-01  8.879166e-01
    outer loop
      vertex   3.645000e-01 -1.051255e-03  6.244818e-01
      vertex   3.610000e-01 -9.201913e-04  6.244255e-01
      vertex   3.610000e-01 -1.367979e-03  6.246575e-01
    endloop
  endfacet
  facet normal -4.558943e-03  5.231760e-01  8.522125e-01
    outer loop
      vertex   3.645000e-01 -1.051255e-03  6.244818e-01
      vertex   3.610000e-01 -1.367979e-03  6.246575e-01
      vertex   3.645000e-01 -1.546906e-03  6.247861e-01
    endloop
  endfacet
  facet normal  3.721661e-03  6.305126e-01  7.761701e-01
    outer loop
      vertex   3.645000e-01 -1.546906e-03  6.247861e-01
      vertex   3.610000e-01 -1.367979e-03  6.246575e-01
      vertex   3.610000e-01 -1.767721e-03  6.249822e-01
    endloop
  endfacet
  facet normal -4.984897e-03  7.071279e-01  7.070681e-01
    outer loop
      vertex   3.645000e-01 -1.546906e-03  6.247861e-01
      vertex   3.610000e-01 -1.767721e-03  6.249822e-01
      vertex   3.645000e-01 -1.963865e-03  6.252031e-01
    endloop
  endfacet
  facet normal  3.717877e-03  7.761942e-01  6.304830e-01
    outer loop
      vertex   3.645000e-01 -1.963865e-03  6.252031e-01
      vertex   3.610000e-01 -1.767721e-03  6.249822e-01
      vertex   3.610000e-01 -2.092443e-03  6.253820e-01
    endloop
  endfacet
  facet normal -4.557095e-03  8.521820e-01  5.232257e-01
    outer loop
      vertex   3.645000e-01 -1.963865e-03  6.252031e-01
      vertex   3.610000e-01 -2.092443e-03  6.253820e-01
      vertex   3.645000e-01 -2.268163e-03  6.256987e-01
    endloop
  endfacet
  facet normal  2.954464e-03  8.879004e-01  4.600264e-01
    outer loop
      vertex   3.645000e-01 -2.268163e-03  6.256987e-01
      vertex   3.610000e-01 -2.092443e-03  6.253820e-01
      vertex   3.610000e-01 -2.324425e-03  6.258298e-01
    endloop
  endfacet
  facet normal -3.396598e-03  9.485912e-01  3.164854e-01
    outer loop
      vertex   3.645000e-01 -2.268163e-03  6.256987e-01
      vertex   3.610000e-01 -2.324425e-03  6.258298e-01
      vertex   3.645000e-01 -2.444992e-03  6.262287e-01
    endloop
  endfacet
  facet normal  1.610553e-03  9.610628e-01  2.763252e-01
    outer loop
      vertex   3.645000e-01 -2.444992e-03  6.262287e-01
      vertex   3.610000e-01 -2.324425e-03  6.258298e-01
      vertex   3.610000e-01 -2.458218e-03  6.262951e-01
    endloop
  endfacet
  facet normal -1.768832e-03  9.944862e-01  1.048521e-01
    outer loop
      vertex   3.645000e-01 -2.444992e-03  6.262287e-01
      vertex   3.610000e-01 -2.458218e-03  6.262951e-01
      vertex   3.645000e-01 -2.499955e-03  6.267500e-01
    endloop
  endfacet
  facet normal  6.624509e-08  9.958175e-01  9.136452e-02
    outer loop
      vertex   3.645000e-01 -2.499955e-03  6.267500e-01
      vertex   3.610000e-01 -2.458218e-03  6.262951e-01
      vertex   3.610000e-01 -2.499955e-03  6.267500e-01
    endloop
  endfacet
  facet normal  6.624509e-08  9.958175e-01 -9.136452e-02
    outer loop
      vertex   3.645000e-01 -2.499955e-03  6.267500e-01
      vertex   3.610000e-01 -2.499955e-03  6.267500e-01
      vertex   3.610000e-01 -2.458218e-03  6.272049e-01
    endloop
  endfacet
  facet normal -1.767276e-03  9.944875e-01 -1.048403e-01
    outer loop
      vertex   3.645000e-01 -2.499955e-03  6.267500e-01
      vertex   3.610000e-01 -2.458218e-03  6.272049e-01
      vertex   3.645000e-01 -2.444992e-03  6.272714e-01
    endloop
  endfacet
  facet normal  1.615259e-03  9.610628e-01 -2.763252e-01
    outer loop
      vertex   3.645000e-01 -2.444992e-03  6.272714e-01
      vertex   3.610000e-01 -2.458218e-03  6.272049e-01
      vertex   3.610000e-01 -2.324425e-03  6.276702e-01
    endloop
  endfacet
  facet normal  6.333536e-08  9.572269e-01 -2.893385e-01
    outer loop
      vertex   3.645000e-01 -2.444992e-03  6.272714e-01
      vertex   3.610000e-01 -2.324425e-03  6.276702e-01
      vertex   3.645000e-01 -2.324425e-03  6.276702e-01
    endloop
  endfacet
  facet normal -1.538234e-03  8.032783e-01 -5.956018e-01
    outer loop
      vertex   3.645000e-01 -2.131526e-03  6.280563e-01
      vertex   3.610000e-01 -2.092443e-03  6.281180e-01
      vertex   3.645000e-01 -1.869143e-03  6.284102e-01
    endloop
  endfacet
  facet normal  3.108743e-03  7.761497e-01 -6.305410e-01
    outer loop
      vertex   3.645000e-01 -1.869143e-03  6.284102e-01
      vertex   3.610000e-01 -2.092443e-03  6.281180e-01
      vertex   3.610000e-01 -1.767721e-03  6.285177e-01
    endloop
  endfacet
  facet normal -2.491793e-03  6.859175e-01 -7.276751e-01
    outer loop
      vertex   3.645000e-01 -1.869143e-03  6.284102e-01
      vertex   3.610000e-01 -1.767721e-03  6.285177e-01
      vertex   3.645000e-01 -1.546906e-03  6.287139e-01
    endloop
  endfacet
  facet normal  3.721672e-03  6.305125e-01 -7.761701e-01
    outer loop
      vertex   3.645000e-01 -1.546906e-03  6.287139e-01
      vertex   3.610000e-01 -1.767721e-03  6.285177e-01
      vertex   3.610000e-01 -1.367979e-03  6.288425e-01
    endloop
  endfacet
  facet normal -2.745723e-03  5.475478e-01 -8.367699e-01
    outer loop
      vertex   3.645000e-01 -1.546906e-03  6.287139e-01
      vertex   3.610000e-01 -1.367979e-03  6.288425e-01
      vertex   3.645000e-01 -1.180183e-03  6.289539e-01
    endloop
  endfacet
  facet normal  3.579958e-03  4.599941e-01 -8.879148e-01
    outer loop
      vertex   3.645000e-01 -1.180183e-03  6.289539e-01
      vertex   3.610000e-01 -1.367979e-03  6.288425e-01
      vertex   3.610000e-01 -9.201910e-04  6.290745e-01
    endloop
  endfacet
  facet normal -2.298756e-03  3.951026e-01 -9.186341e-01
    outer loop
      vertex   3.645000e-01 -1.180183e-03  6.289539e-01
      vertex   3.610000e-01 -9.201910e-04  6.290745e-01
      vertex   3.645000e-01 -7.877133e-04  6.291227e-01
    endloop
  endfacet
  facet normal  2.779968e-03  2.763641e-01 -9.610490e-01
    outer loop
      vertex   3.645000e-01 -7.877133e-04  6.291227e-01
      vertex   3.610000e-01 -9.201910e-04  6.290745e-01
      vertex   3.610000e-01 -4.548617e-04  6.292083e-01
    endloop
  endfacet
  facet normal -1.319963e-03  2.360047e-01 -9.717510e-01
    outer loop
      vertex   3.645000e-01 -7.877133e-04  6.291227e-01
      vertex   3.610000e-01 -4.548617e-04  6.292083e-01
      vertex   3.645000e-01 -3.886562e-04  6.292196e-01
    endloop
  endfacet
  facet normal  1.494486e-03  9.133460e-02 -9.958192e-01
    outer loop
      vertex   3.645000e-01 -3.886562e-04  6.292196e-01
      vertex   3.610000e-01 -4.548617e-04  6.292083e-01
      vertex   3.610000e-01  4.595934e-08  6.292500e-01
    endloop
  endfacet
  facet normal  5.857793e-09  7.796678e-02 -9.969560e-01
    outer loop
      vertex   3.645000e-01 -3.886562e-04  6.292196e-01
      vertex   3.610000e-01  4.595934e-08  6.292500e-01
      vertex   3.680000e-01  4.543086e-08  6.292500e-01
    endloop
  endfacet
  facet normal -1.494459e-03  9.133461e-02 -9.958192e-01
    outer loop
      vertex   3.680000e-01  4.543086e-08  6.292500e-01
      vertex   3.680000e-01 -4.548623e-04  6.292083e-01
      vertex   3.645000e-01 -3.886562e-04  6.292196e-01
    endloop
  endfacet
  facet normal  1.319987e-03  2.360047e-01 -9.717510e-01
    outer loop
      vertex   3.645000e-01 -3.886562e-04  6.292196e-01
      vertex   3.680000e-01 -4.548623e-04  6.292083e-01
      vertex   3.645000e-01 -7.877133e-04  6.291227e-01
    endloop
  endfacet
  facet normal -2.779905e-03  2.763641e-01 -9.610490e-01
    outer loop
      vertex   3.680000e-01 -4.548623e-04  6.292083e-01
      vertex   3.680000e-01 -9.201915e-04  6.290745e-01
      vertex   3.645000e-01 -7.877133e-04  6.291227e-01
    endloop
  endfacet
  facet normal  2.298795e-03  3.951026e-01 -9.186341e-01
    outer loop
      vertex   3.645000e-01 -7.877133e-04  6.291227e-01
      vertex   3.680000e-01 -9.201915e-04  6.290745e-01
      vertex   3.645000e-01 -1.180183e-03  6.289539e-01
    endloop
  endfacet
  facet normal -3.579855e-03  4.599940e-01 -8.879148e-01
    outer loop
      vertex   3.680000e-01 -9.201915e-04  6.290745e-01
      vertex   3.680000e-01 -1.367979e-03  6.288425e-01
      vertex   3.645000e-01 -1.180183e-03  6.289539e-01
    endloop
  endfacet
  facet normal  2.745790e-03  5.475478e-01 -8.367699e-01
    outer loop
      vertex   3.645000e-01 -1.180183e-03  6.289539e-01
      vertex   3.680000e-01 -1.367979e-03  6.288425e-01
      vertex   3.645000e-01 -1.546906e-03  6.287139e-01
    endloop
  endfacet
  facet normal -3.721536e-03  6.305125e-01 -7.761702e-01
    outer loop
      vertex   3.680000e-01 -1.367979e-03  6.288425e-01
      vertex   3.680000e-01 -1.767722e-03  6.285177e-01
      vertex   3.645000e-01 -1.546906e-03  6.287139e-01
    endloop
  endfacet
  facet normal  2.491884e-03  6.859175e-01 -7.276750e-01
    outer loop
      vertex   3.645000e-01 -1.546906e-03  6.287139e-01
      vertex   3.680000e-01 -1.767722e-03  6.285177e-01
      vertex   3.645000e-01 -1.869143e-03  6.284102e-01
    endloop
  endfacet
  facet normal -3.108595e-03  7.761498e-01 -6.305408e-01
    outer loop
      vertex   3.680000e-01 -1.767722e-03  6.285177e-01
      vertex   3.680000e-01 -2.092443e-03  6.281180e-01
      vertex   3.645000e-01 -1.869143e-03  6.284102e-01
    endloop
  endfacet
  facet normal  1.538328e-03  8.032784e-01 -5.956018e-01
    outer loop
      vertex   3.645000e-01 -1.869143e-03  6.284102e-01
      vertex   3.680000e-01 -2.092443e-03  6.281180e-01
      vertex   3.645000e-01 -2.131526e-03  6.280563e-01
    endloop
  endfacet
  facet normal -1.799675e-03  8.879275e-01 -4.599798e-01
    outer loop
      vertex   3.680000e-01 -2.092443e-03  6.281180e-01
      vertex   3.680000e-01 -2.324426e-03  6.276702e-01
      vertex   3.645000e-01 -2.131526e-03  6.280563e-01
    endloop
  endfacet
  facet normal  7.056761e-01  6.473626e-02  7.055709e-01
    outer loop
      vertex   3.680000e-01  4.328294e-08  6.008000e-01
      vertex   3.678000e-01  4.331314e-08  6.010000e-01
      vertex   3.680000e-01 -1.855980e-03  6.009703e-01
    endloop
  endfacet
  facet normal  7.730134e-01  7.320105e-02  6.301523e-01
    outer loop
      vertex   3.680000e-01 -1.855980e-03  6.009703e-01
      vertex   3.678000e-01  4.331314e-08  6.010000e-01
      vertex   3.679000e-01 -2.106162e-03  6.011220e-01
    endloop
  endfacet
  facet normal  6.085659e-01  2.192835e-01  7.626023e-01
    outer loop
      vertex   3.680000e-01 -1.855980e-03  6.009703e-01
      vertex   3.679000e-01 -2.106162e-03  6.011220e-01
      vertex   3.680000e-01 -3.754523e-03  6.015162e-01
    endloop
  endfacet
  facet normal  8.282707e-01  1.773564e-01  5.315189e-01
    outer loop
      vertex   3.680000e-01 -3.754523e-03  6.015162e-01
      vertex   3.679000e-01 -2.106162e-03  6.011220e-01
      vertex   3.679000e-01 -4.247210e-03  6.018364e-01
    endloop
  endfacet
  facet normal  4.999209e-01  3.983830e-01  7.690059e-01
    outer loop
      vertex   3.680000e-01 -3.754523e-03  6.015162e-01
      vertex   3.679000e-01 -4.247210e-03  6.018364e-01
      vertex   3.680000e-01 -5.581496e-03  6.024626e-01
    endloop
  endfacet
  facet normal  8.543665e-01  2.718898e-01  4.428698e-01
    outer loop
      vertex   3.680000e-01 -5.581496e-03  6.024626e-01
      vertex   3.679000e-01 -4.247210e-03  6.018364e-01
      vertex   3.679000e-01 -6.249639e-03  6.030658e-01
    endloop
  endfacet
  facet normal  4.242895e-01  5.709522e-01  7.028457e-01
    outer loop
      vertex   3.680000e-01 -5.581496e-03  6.024626e-01
      vertex   3.679000e-01 -6.249639e-03  6.030658e-01
      vertex   3.680000e-01 -7.212446e-03  6.037875e-01
    endloop
  endfacet
  facet normal  8.624987e-01  3.578414e-01  3.578345e-01
    outer loop
      vertex   3.680000e-01 -7.212446e-03  6.037875e-01
      vertex   3.679000e-01 -6.249639e-03  6.030658e-01
      vertex   3.679000e-01 -7.934153e-03  6.047503e-01
    endloop
  endfacet
  facet normal  4.245277e-01  7.027567e-01  5.708846e-01
    outer loop
      vertex   3.680000e-01 -7.212446e-03  6.037875e-01
      vertex   3.679000e-01 -7.934153e-03  6.047503e-01
      vertex   3.680000e-01 -8.537310e-03  6.054184e-01
    endloop
  endfacet
  facet normal  8.544024e-01  4.428173e-01  2.718630e-01
    outer loop
      vertex   3.680000e-01 -8.537310e-03  6.054184e-01
      vertex   3.679000e-01 -7.934153e-03  6.047503e-01
      vertex   3.679000e-01 -9.163517e-03  6.067528e-01
    endloop
  endfacet
  facet normal  5.000305e-01  7.689481e-01  3.983570e-01
    outer loop
      vertex   3.680000e-01 -8.537310e-03  6.054184e-01
      vertex   3.679000e-01 -9.163517e-03  6.067528e-01
      vertex   3.680000e-01 -9.483797e-03  6.072454e-01
    endloop
  endfacet
  facet normal  8.283232e-01  5.314480e-01  1.773239e-01
    outer loop
      vertex   3.680000e-01 -9.483797e-03  6.072454e-01
      vertex   3.679000e-01 -9.163517e-03  6.067528e-01
      vertex   3.679000e-01 -9.877906e-03  6.088938e-01
    endloop
  endfacet
  facet normal  6.086808e-01  7.625218e-01  2.192446e-01
    outer loop
      vertex   3.680000e-01 -9.483797e-03  6.072454e-01
      vertex   3.679000e-01 -9.877906e-03  6.088938e-01
      vertex   3.680000e-01 -1.002967e-02  6.091440e-01
    endloop
  endfacet
  facet normal  7.800868e-01  6.222228e-01  6.559920e-02
    outer loop
      vertex   3.680000e-01 -1.002967e-02  6.091440e-01
      vertex   3.679000e-01 -9.877906e-03  6.088938e-01
      vertex   3.679000e-01 -1.009996e-02  6.110000e-01
    endloop
  endfacet
  facet normal  7.055641e-01  7.056823e-01  6.474380e-02
    outer loop
      vertex   3.680000e-01 -1.002967e-02  6.091440e-01
      vertex   3.679000e-01 -1.009996e-02  6.110000e-01
      vertex   3.680000e-01 -1.019996e-02  6.110000e-01
    endloop
  endfacet
  facet normal  7.055640e-01  7.056823e-01 -6.474380e-02
    outer loop
      vertex   3.680000e-01 -1.019996e-02  6.110000e-01
      vertex   3.679000e-01 -1.009996e-02  6.110000e-01
      vertex   3.680000e-01 -1.002967e-02  6.128560e-01
    endloop
  endfacet
  facet normal  7.800868e-01  6.222228e-01 -6.559920e-02
    outer loop
      vertex   3.680000e-01 -1.002967e-02  6.128560e-01
      vertex   3.679000e-01 -1.009996e-02  6.110000e-01
      vertex   3.679000e-01 -9.877906e-03  6.131062e-01
    endloop
  endfacet
  facet normal  6.086807e-01  7.625219e-01 -2.192446e-01
    outer loop
      vertex   3.680000e-01 -1.002967e-02  6.128560e-01
      vertex   3.679000e-01 -9.877906e-03  6.131062e-01
      vertex   3.680000e-01 -9.483797e-03  6.147546e-01
    endloop
  endfacet
  facet normal  7.057794e-01  6.781349e-01 -2.049600e-01
    outer loop
      vertex   3.680000e-01 -9.483797e-03  6.147546e-01
      vertex   3.679000e-01 -9.877906e-03  6.131062e-01
      vertex   3.679000e-01 -9.390818e-03  6.147178e-01
    endloop
  endfacet
  facet normal  7.056705e-01  6.338180e-01 -3.167076e-01
    outer loop
      vertex   3.680000e-01 -9.483797e-03  6.147546e-01
      vertex   3.679000e-01 -9.390818e-03  6.147178e-01
      vertex   3.679000e-01 -8.611506e-03  6.162774e-01
    endloop
  endfacet
  facet normal  7.058737e-01  6.336369e-01 -3.166172e-01
    outer loop
      vertex   3.679000e-01 -8.611506e-03  6.162774e-01
      vertex   3.679000e-01 -9.390818e-03  6.147178e-01
      vertex   3.678000e-01 -9.297838e-03  6.146809e-01
    endloop
  endfacet
  facet normal  7.807737e-01  5.547866e-01 -2.874095e-01
    outer loop
      vertex   3.679000e-01 -8.611506e-03  6.162774e-01
      vertex   3.678000e-01 -9.297838e-03  6.146809e-01
      vertex   3.678000e-01 -8.369911e-03  6.164721e-01
    endloop
  endfacet
  facet normal  5.786334e-01  7.451785e-02  8.121764e-01
    outer loop
      vertex   3.678000e-01  4.331314e-08  6.010000e-01
      vertex   3.678000e-01 -1.819587e-03  6.011670e-01
      vertex   3.679000e-01 -2.106162e-03  6.011220e-01
    endloop
  endfacet
  facet normal  7.743865e-01  1.748239e-01  6.080807e-01
    outer loop
      vertex   3.679000e-01 -2.106162e-03  6.011220e-01
      vertex   3.678000e-01 -1.819587e-03  6.011670e-01
      vertex   3.678000e-01 -3.680904e-03  6.017021e-01
    endloop
  endfacet
  facet normal  4.600516e-01  2.810377e-01  8.422413e-01
    outer loop
      vertex   3.679000e-01 -2.106162e-03  6.011220e-01
      vertex   3.678000e-01 -3.680904e-03  6.017021e-01
      vertex   3.679000e-01 -4.247210e-03  6.018364e-01
    endloop
  endfacet
  facet normal  8.161211e-01  2.658235e-01  5.131122e-01
    outer loop
      vertex   3.679000e-01 -4.247210e-03  6.018364e-01
      vertex   3.678000e-01 -3.680904e-03  6.017021e-01
      vertex   3.678000e-01 -5.472054e-03  6.026300e-01
    endloop
  endfacet
  facet normal  3.342612e-01  4.931023e-01  8.031934e-01
    outer loop
      vertex   3.679000e-01 -4.247210e-03  6.018364e-01
      vertex   3.678000e-01 -5.472054e-03  6.026300e-01
      vertex   3.679000e-01 -6.249639e-03  6.030658e-01
    endloop
  endfacet
  facet normal  8.355282e-01  3.464360e-01  4.264677e-01
    outer loop
      vertex   3.679000e-01 -6.249639e-03  6.030658e-01
      vertex   3.678000e-01 -5.472054e-03  6.026300e-01
      vertex   3.678000e-01 -7.071024e-03  6.039289e-01
    endloop
  endfacet
  facet normal  2.830681e-01  6.781925e-01  6.781794e-01
    outer loop
      vertex   3.679000e-01 -6.249639e-03  6.030658e-01
      vertex   3.678000e-01 -7.071024e-03  6.039289e-01
      vertex   3.679000e-01 -7.934153e-03  6.047503e-01
    endloop
  endfacet
  facet normal  8.354966e-01  4.265057e-01  3.464655e-01
    outer loop
      vertex   3.679000e-01 -7.934153e-03  6.047503e-01
      vertex   3.678000e-01 -7.071024e-03  6.039289e-01
      vertex   3.678000e-01 -8.369911e-03  6.055279e-01
    endloop
  endfacet
  facet normal  3.342282e-01  8.031991e-01  4.931156e-01
    outer loop
      vertex   3.679000e-01 -7.934153e-03  6.047503e-01
      vertex   3.678000e-01 -8.369911e-03  6.055279e-01
      vertex   3.679000e-01 -9.163517e-03  6.067528e-01
    endloop
  endfacet
  facet normal  8.161596e-01  5.130653e-01  2.657957e-01
    outer loop
      vertex   3.679000e-01 -9.163517e-03  6.067528e-01
      vertex   3.678000e-01 -8.369911e-03  6.055279e-01
      vertex   3.678000e-01 -9.297838e-03  6.073191e-01
    endloop
  endfacet
  facet normal  4.601664e-01  8.421890e-01  2.810064e-01
    outer loop
      vertex   3.679000e-01 -9.163517e-03  6.067528e-01
      vertex   3.678000e-01 -9.297838e-03  6.073191e-01
      vertex   3.679000e-01 -9.877906e-03  6.088938e-01
    endloop
  endfacet
  facet normal  7.742903e-01  6.081907e-01  1.748672e-01
    outer loop
      vertex   3.679000e-01 -9.877906e-03  6.088938e-01
      vertex   3.678000e-01 -9.297838e-03  6.073191e-01
      vertex   3.678000e-01 -9.833010e-03  6.091804e-01
    endloop
  endfacet
  facet normal  5.984885e-01  7.967160e-01  8.399552e-02
    outer loop
      vertex   3.679000e-01 -9.877906e-03  6.088938e-01
      vertex   3.678000e-01 -9.833010e-03  6.091804e-01
      vertex   3.679000e-01 -1.009996e-02  6.110000e-01
    endloop
  endfacet
  facet normal  7.056696e-01  7.055776e-01  6.473551e-02
    outer loop
      vertex   3.679000e-01 -1.009996e-02  6.110000e-01
      vertex   3.678000e-01 -9.833010e-03  6.091804e-01
      vertex   3.678000e-01 -9.999956e-03  6.110000e-01
    endloop
  endfacet
  facet normal  7.056696e-01  7.055776e-01 -6.473551e-02
    outer loop
      vertex   3.679000e-01 -1.009996e-02  6.110000e-01
      vertex   3.678000e-01 -9.999956e-03  6.110000e-01
      vertex   3.678000e-01 -9.833010e-03  6.128196e-01
    endloop
  endfacet
  facet normal  5.984885e-01  7.967160e-01 -8.399552e-02
    outer loop
      vertex   3.679000e-01 -1.009996e-02  6.110000e-01
      vertex   3.678000e-01 -9.833010e-03  6.128196e-01
      vertex   3.679000e-01 -9.877906e-03  6.131062e-01
    endloop
  endfacet
  facet normal  7.742903e-01  6.081907e-01 -1.748672e-01
    outer loop
      vertex   3.679000e-01 -9.877906e-03  6.131062e-01
      vertex   3.678000e-01 -9.833010e-03  6.128196e-01
      vertex   3.678000e-01 -9.297838e-03  6.146809e-01
    endloop
  endfacet
  facet normal  7.059493e-01  6.779727e-01 -2.049110e-01
    outer loop
      vertex   3.679000e-01 -9.877906e-03  6.131062e-01
      vertex   3.678000e-01 -9.297838e-03  6.146809e-01
      vertex   3.679000e-01 -9.390818e-03  6.147178e-01
    endloop
  endfacet
  facet normal  6.155276e-01  6.330816e-01 -4.693969e-01
    outer loop
      vertex   3.679000e-01 -8.611506e-03  6.162774e-01
      vertex   3.678000e-01 -8.369911e-03  6.164721e-01
      vertex   3.679000e-01 -7.551475e-03  6.177071e-01
    endloop
  endfacet
  facet normal  8.202947e-01  4.439271e-01 -3.606178e-01
    outer loop
      vertex   3.679000e-01 -7.551475e-03  6.177071e-01
      vertex   3.678000e-01 -8.369911e-03  6.164721e-01
      vertex   3.678000e-01 -7.071023e-03  6.180711e-01
    endloop
  endfacet
  facet normal  5.431186e-01  5.759389e-01 -6.109964e-01
    outer loop
      vertex   3.679000e-01 -7.551475e-03  6.177071e-01
      vertex   3.678000e-01 -7.071023e-03  6.180711e-01
      vertex   3.679000e-01 -6.249638e-03  6.189342e-01
    endloop
  endfacet
  facet normal  8.355282e-01  3.464360e-01 -4.264677e-01
    outer loop
      vertex   3.679000e-01 -6.249638e-03  6.189342e-01
      vertex   3.678000e-01 -7.071023e-03  6.180711e-01
      vertex   3.678000e-01 -5.472053e-03  6.193700e-01
    endloop
  endfacet
  facet normal  5.214344e-01  4.671989e-01 -7.140248e-01
    outer loop
      vertex   3.679000e-01 -6.249638e-03  6.189342e-01
      vertex   3.678000e-01 -5.472053e-03  6.193700e-01
      vertex   3.679000e-01 -4.768079e-03  6.199036e-01
    endloop
  endfacet
  facet normal  8.320914e-01  2.551320e-01 -4.924749e-01
    outer loop
      vertex   3.679000e-01 -4.768079e-03  6.199036e-01
      vertex   3.678000e-01 -5.472053e-03  6.193700e-01
      vertex   3.678000e-01 -3.680903e-03  6.202979e-01
    endloop
  endfacet
  facet normal  5.583609e-01  3.277463e-01 -7.621126e-01
    outer loop
      vertex   3.679000e-01 -4.768079e-03  6.199036e-01
      vertex   3.678000e-01 -3.680903e-03  6.202979e-01
      vertex   3.679000e-01 -3.182502e-03  6.205855e-01
    endloop
  endfacet
  facet normal  8.111613e-01  1.615913e-01 -5.620548e-01
    outer loop
      vertex   3.679000e-01 -3.182502e-03  6.205855e-01
      vertex   3.678000e-01 -3.680903e-03  6.202979e-01
      vertex   3.678000e-01 -1.819586e-03  6.208330e-01
    endloop
  endfacet
  facet normal  6.304266e-01  1.832501e-01 -7.543088e-01
    outer loop
      vertex   3.679000e-01 -3.182502e-03  6.205855e-01
      vertex   3.678000e-01 -1.819586e-03  6.208330e-01
      vertex   3.679000e-01 -1.570311e-03  6.209772e-01
    endloop
  endfacet
  facet normal  7.702084e-01  5.827320e-02 -6.351246e-01
    outer loop
      vertex   3.679000e-01 -1.570311e-03  6.209772e-01
      vertex   3.678000e-01 -1.819586e-03  6.208330e-01
      vertex   3.678000e-01  4.482310e-08  6.210000e-01
    endloop
  endfacet
  facet normal  7.060805e-01  5.522005e-02 -7.059752e-01
    outer loop
      vertex   3.679000e-01 -1.570311e-03  6.209772e-01
      vertex   3.678000e-01  4.482310e-08  6.210000e-01
      vertex   3.680000e-01  4.482310e-08  6.212000e-01
    endloop
  endfacet
  facet normal  6.171761e-01  7.188939e-02 -7.835340e-01
    outer loop
      vertex   3.680000e-01  4.482310e-08  6.212000e-01
      vertex   3.680000e-01 -1.855978e-03  6.210297e-01
      vertex   3.679000e-01 -1.570311e-03  6.209772e-01
    endloop
  endfacet
  facet normal  7.642516e-01  1.522467e-01 -6.266901e-01
    outer loop
      vertex   3.679000e-01 -1.570311e-03  6.209772e-01
      vertex   3.680000e-01 -1.855978e-03  6.210297e-01
      vertex   3.679000e-01 -3.182502e-03  6.205855e-01
    endloop
  endfacet
  facet normal  5.166417e-01  2.366100e-01 -8.228591e-01
    outer loop
      vertex   3.680000e-01 -1.855978e-03  6.210297e-01
      vertex   3.680000e-01 -3.754521e-03  6.204838e-01
      vertex   3.679000e-01 -3.182502e-03  6.205855e-01
    endloop
  endfacet
  facet normal  7.982985e-01  2.379334e-01 -5.532694e-01
    outer loop
      vertex   3.679000e-01 -3.182502e-03  6.205855e-01
      vertex   3.680000e-01 -3.754521e-03  6.204838e-01
      vertex   3.679000e-01 -4.768079e-03  6.199036e-01
    endloop
  endfacet
  facet normal  4.395317e-01  4.131743e-01 -7.975581e-01
    outer loop
      vertex   3.680000e-01 -3.754521e-03  6.204838e-01
      vertex   3.680000e-01 -5.581495e-03  6.195374e-01
      vertex   3.679000e-01 -4.768079e-03  6.199036e-01
    endloop
  endfacet
  facet normal  8.114602e-01  3.199781e-01 -4.890259e-01
    outer loop
      vertex   3.679000e-01 -4.768079e-03  6.199036e-01
      vertex   3.680000e-01 -5.581495e-03  6.195374e-01
      vertex   3.679000e-01 -6.249638e-03  6.189342e-01
    endloop
  endfacet
  facet normal  4.244363e-01  5.708933e-01 -7.028049e-01
    outer loop
      vertex   3.680000e-01 -5.581495e-03  6.195374e-01
      vertex   3.680000e-01 -7.212445e-03  6.182125e-01
      vertex   3.679000e-01 -6.249638e-03  6.189342e-01
    endloop
  endfacet
  facet normal  8.040428e-01  4.078299e-01 -4.326546e-01
    outer loop
      vertex   3.679000e-01 -6.249638e-03  6.189342e-01
      vertex   3.680000e-01 -7.212445e-03  6.182125e-01
      vertex   3.679000e-01 -7.551475e-03  6.177071e-01
    endloop
  endfacet
  facet normal  4.854798e-01  6.785753e-01 -5.512211e-01
    outer loop
      vertex   3.680000e-01 -7.212445e-03  6.182125e-01
      vertex   3.680000e-01 -8.537310e-03  6.165816e-01
      vertex   3.679000e-01 -7.551475e-03  6.177071e-01
    endloop
  endfacet
  facet normal  7.722085e-01  5.103828e-01 -3.784222e-01
    outer loop
      vertex   3.679000e-01 -7.551475e-03  6.177071e-01
      vertex   3.680000e-01 -8.537310e-03  6.165816e-01
      vertex   3.679000e-01 -8.611506e-03  6.162774e-01
    endloop
  endfacet
  facet normal  5.949476e-01  7.136810e-01 -3.697256e-01
    outer loop
      vertex   3.680000e-01 -8.537310e-03  6.165816e-01
      vertex   3.680000e-01 -9.483797e-03  6.147546e-01
      vertex   3.679000e-01 -8.611506e-03  6.162774e-01
    endloop
  endfacet
  facet normal  7.066960e-01 -3.182526e-02  7.068013e-01
    outer loop
      vertex   3.680000e-01  4.554788e-08  6.308000e-01
      vertex   3.678000e-01  4.557808e-08  6.310000e-01
      vertex   3.680000e-01 -1.779072e-03  6.307199e-01
    endloop
  endfacet
  facet normal  6.669173e-01 -4.214357e-02  7.439390e-01
    outer loop
      vertex   3.680000e-01 -1.779072e-03  6.307199e-01
      vertex   3.678000e-01  4.557808e-08  6.310000e-01
      vertex   3.679000e-01 -2.047663e-03  6.307943e-01
    endloop
  endfacet
  facet normal  7.407864e-01 -9.139344e-02  6.654944e-01
    outer loop
      vertex   3.680000e-01 -1.779072e-03  6.307199e-01
      vertex   3.679000e-01 -2.047663e-03  6.307943e-01
      vertex   3.680000e-01 -3.602823e-03  6.304694e-01
    endloop
  endfacet
  facet normal  6.171890e-01 -1.226783e-01  7.771922e-01
    outer loop
      vertex   3.680000e-01 -3.602823e-03  6.304694e-01
      vertex   3.679000e-01 -2.047663e-03  6.307943e-01
      vertex   3.679000e-01 -4.149805e-03  6.304625e-01
    endloop
  endfacet
  facet normal  7.640016e-01 -1.476386e-01  6.280959e-01
    outer loop
      vertex   3.680000e-01 -3.602823e-03  6.304694e-01
      vertex   3.679000e-01 -4.149805e-03  6.304625e-01
      vertex   3.680000e-01 -5.448088e-03  6.300357e-01
    endloop
  endfacet
  facet normal  5.813293e-01 -2.133603e-01  7.851965e-01
    outer loop
      vertex   3.680000e-01 -5.448088e-03  6.300357e-01
      vertex   3.679000e-01 -4.149805e-03  6.304625e-01
      vertex   3.679000e-01 -6.270516e-03  6.298863e-01
    endloop
  endfacet
  facet normal  7.768000e-01 -2.027929e-01  5.962020e-01
    outer loop
      vertex   3.680000e-01 -5.448088e-03  6.300357e-01
      vertex   3.679000e-01 -6.270516e-03  6.298863e-01
      vertex   3.680000e-01 -7.288230e-03  6.294098e-01
    endloop
  endfacet
  facet normal  5.624461e-01 -3.046100e-01  7.686789e-01
    outer loop
      vertex   3.680000e-01 -7.288230e-03  6.294098e-01
      vertex   3.679000e-01 -6.270516e-03  6.298863e-01
      vertex   3.679000e-01 -8.368305e-03  6.290550e-01
    endloop
  endfacet
  facet normal  7.793961e-01 -2.595145e-01  5.702577e-01
    outer loop
      vertex   3.680000e-01 -7.288230e-03  6.294098e-01
      vertex   3.679000e-01 -8.368305e-03  6.290550e-01
      vertex   3.680000e-01 -9.093988e-03  6.285880e-01
    endloop
  endfacet
  facet normal  5.668439e-01 -3.891124e-01  7.261402e-01
    outer loop
      vertex   3.680000e-01 -9.093988e-03  6.285880e-01
      vertex   3.679000e-01 -8.368305e-03  6.290550e-01
      vertex   3.679000e-01 -1.039805e-02  6.279673e-01
    endloop
  endfacet
  facet normal  7.706439e-01 -3.211149e-01  5.504481e-01
    outer loop
      vertex   3.680000e-01 -9.093988e-03  6.285880e-01
      vertex   3.679000e-01 -1.039805e-02  6.279673e-01
      vertex   3.680000e-01 -1.083471e-02  6.275725e-01
    endloop
  endfacet
  facet normal  5.963531e-01 -4.588531e-01  6.586478e-01
    outer loop
      vertex   3.680000e-01 -1.083471e-02  6.275725e-01
      vertex   3.679000e-01 -1.039805e-02  6.279673e-01
      vertex   3.679000e-01 -1.231369e-02  6.266328e-01
    endloop
  endfacet
  facet normal  7.482740e-01 -3.910949e-01  5.358459e-01
    outer loop
      vertex   3.680000e-01 -1.083471e-02  6.275725e-01
      vertex   3.679000e-01 -1.231369e-02  6.266328e-01
      vertex   3.680000e-01 -1.247986e-02  6.263718e-01
    endloop
  endfacet
  facet normal  6.464208e-01 -5.067064e-01  5.704285e-01
    outer loop
      vertex   3.680000e-01 -1.247986e-02  6.263718e-01
      vertex   3.679000e-01 -1.231369e-02  6.266328e-01
      vertex   3.679000e-01 -1.407138e-02  6.250714e-01
    endloop
  endfacet
  facet normal  7.065252e-01 -4.738678e-01  5.256153e-01
    outer loop
      vertex   3.680000e-01 -1.247986e-02  6.263718e-01
      vertex   3.679000e-01 -1.407138e-02  6.250714e-01
      vertex   3.680000e-01 -1.400067e-02  6.250007e-01
    endloop
  endfacet
  facet normal  7.065306e-01 -5.256124e-01  4.738629e-01
    outer loop
      vertex   3.680000e-01 -1.400067e-02  6.250007e-01
      vertex   3.679000e-01 -1.407138e-02  6.250714e-01
      vertex   3.680000e-01 -1.537175e-02  6.234799e-01
    endloop
  endfacet
  facet normal  6.463537e-01 -5.704765e-01  5.067382e-01
    outer loop
      vertex   3.680000e-01 -1.537175e-02  6.234799e-01
      vertex   3.679000e-01 -1.407138e-02  6.250714e-01
      vertex   3.679000e-01 -1.563268e-02  6.233137e-01
    endloop
  endfacet
  facet normal  7.482241e-01 -5.358938e-01  3.911246e-01
    outer loop
      vertex   3.680000e-01 -1.537175e-02  6.234799e-01
      vertex   3.679000e-01 -1.563268e-02  6.233137e-01
      vertex   3.680000e-01 -1.657247e-02  6.218348e-01
    endloop
  endfacet
  facet normal  5.964659e-01 -6.585717e-01  4.588155e-01
    outer loop
      vertex   3.680000e-01 -1.657247e-02  6.218348e-01
      vertex   3.679000e-01 -1.563268e-02  6.233137e-01
      vertex   3.679000e-01 -1.696727e-02  6.213981e-01
    endloop
  endfacet
  facet normal  7.707010e-01 -5.503826e-01  3.210904e-01
    outer loop
      vertex   3.680000e-01 -1.657247e-02  6.218348e-01
      vertex   3.679000e-01 -1.696727e-02  6.213981e-01
      vertex   3.680000e-01 -1.758798e-02  6.200941e-01
    endloop
  endfacet
  facet normal  5.667378e-01 -7.262086e-01  3.891392e-01
    outer loop
      vertex   3.680000e-01 -1.758798e-02  6.200941e-01
      vertex   3.679000e-01 -1.696727e-02  6.213981e-01
      vertex   3.679000e-01 -1.805489e-02  6.193684e-01
    endloop
  endfacet
  facet normal  7.793202e-01 -5.703430e-01  2.595550e-01
    outer loop
      vertex   3.680000e-01 -1.758798e-02  6.200941e-01
      vertex   3.679000e-01 -1.805489e-02  6.193684e-01
      vertex   3.680000e-01 -1.840977e-02  6.182883e-01
    endloop
  endfacet
  facet normal  5.622386e-01 -7.688104e-01  3.046612e-01
    outer loop
      vertex   3.680000e-01 -1.840977e-02  6.182883e-01
      vertex   3.679000e-01 -1.805489e-02  6.193684e-01
      vertex   3.679000e-01 -1.888620e-02  6.172706e-01
    endloop
  endfacet
  facet normal  7.767130e-01 -5.963045e-01  2.028248e-01
    outer loop
      vertex   3.680000e-01 -1.840977e-02  6.182883e-01
      vertex   3.679000e-01 -1.888620e-02  6.172706e-01
      vertex   3.680000e-01 -1.903566e-02  6.164482e-01
    endloop
  endfacet
  facet normal  5.811477e-01 -7.853222e-01  2.133922e-01
    outer loop
      vertex   3.680000e-01 -1.903566e-02  6.164482e-01
      vertex   3.679000e-01 -1.888620e-02  6.172706e-01
      vertex   3.679000e-01 -1.946245e-02  6.151499e-01
    endloop
  endfacet
  facet normal  7.639119e-01 -6.281996e-01  1.476614e-01
    outer loop
      vertex   3.680000e-01 -1.903566e-02  6.164482e-01
      vertex   3.679000e-01 -1.946245e-02  6.151499e-01
      vertex   3.680000e-01 -1.946940e-02  6.146029e-01
    endloop
  endfacet
  facet normal  6.170892e-01 -7.772667e-01  1.227090e-01
    outer loop
      vertex   3.680000e-01 -1.946940e-02  6.146029e-01
      vertex   3.679000e-01 -1.946245e-02  6.151499e-01
      vertex   3.679000e-01 -1.979432e-02  6.130477e-01
    endloop
  endfacet
  facet normal  7.408230e-01 -6.654541e-01  9.138996e-02
    outer loop
      vertex   3.680000e-01 -1.946940e-02  6.146029e-01
      vertex   3.679000e-01 -1.979432e-02  6.130477e-01
      vertex   3.680000e-01 -1.971986e-02  6.127791e-01
    endloop
  endfacet
  facet normal  6.613982e-01 -7.490389e-01  3.864020e-02
    outer loop
      vertex   3.680000e-01 -1.971986e-02  6.127791e-01
      vertex   3.679000e-01 -1.979432e-02  6.130477e-01
      vertex   3.679000e-01 -1.989996e-02  6.110000e-01
    endloop
  endfacet
  facet normal  7.066895e-01 -7.068080e-01  3.181926e-02
    outer loop
      vertex   3.680000e-01 -1.971986e-02  6.127791e-01
      vertex   3.679000e-01 -1.989996e-02  6.110000e-01
      vertex   3.680000e-01 -1.979996e-02  6.110000e-01
    endloop
  endfacet
  facet normal  7.066895e-01 -7.068080e-01 -3.181926e-02
    outer loop
      vertex   3.680000e-01 -1.979996e-02  6.110000e-01
      vertex   3.679000e-01 -1.989996e-02  6.110000e-01
      vertex   3.680000e-01 -1.971986e-02  6.092209e-01
    endloop
  endfacet
  facet normal  6.613982e-01 -7.490389e-01 -3.864020e-02
    outer loop
      vertex   3.680000e-01 -1.971986e-02  6.092209e-01
      vertex   3.679000e-01 -1.989996e-02  6.110000e-01
      vertex   3.679000e-01 -1.979432e-02  6.089523e-01
    endloop
  endfacet
  facet normal  7.408229e-01 -6.654541e-01 -9.138996e-02
    outer loop
      vertex   3.680000e-01 -1.971986e-02  6.092209e-01
      vertex   3.679000e-01 -1.979432e-02  6.089523e-01
      vertex   3.680000e-01 -1.946940e-02  6.073971e-01
    endloop
  endfacet
  facet normal  6.170892e-01 -7.772667e-01 -1.227090e-01
    outer loop
      vertex   3.680000e-01 -1.946940e-02  6.073971e-01
      vertex   3.679000e-01 -1.979432e-02  6.089523e-01
      vertex   3.679000e-01 -1.946245e-02  6.068501e-01
    endloop
  endfacet
  facet normal  7.639222e-01 -6.281866e-01 -1.476631e-01
    outer loop
      vertex   3.680000e-01 -1.946940e-02  6.073971e-01
      vertex   3.679000e-01 -1.946245e-02  6.068501e-01
      vertex   3.680000e-01 -1.903566e-02  6.055519e-01
    endloop
  endfacet
  facet normal  3.127754e-01 -9.092054e-01 -2.748037e-01
    outer loop
      vertex   3.680000e-01 -1.903566e-02  6.055519e-01
      vertex   3.679000e-01 -1.946245e-02  6.068501e-01
      vertex   3.679000e-01 -1.850274e-02  6.036749e-01
    endloop
  endfacet
  facet normal  7.066475e-01 -6.698785e-01 -2.278426e-01
    outer loop
      vertex   3.680000e-01 -1.903566e-02  6.055519e-01
      vertex   3.679000e-01 -1.850274e-02  6.036749e-01
      vertex   3.680000e-01 -1.840977e-02  6.037117e-01
    endloop
  endfacet
  facet normal  7.067564e-01 -6.460065e-01 -2.883940e-01
    outer loop
      vertex   3.680000e-01 -1.840977e-02  6.037117e-01
      vertex   3.679000e-01 -1.850274e-02  6.036749e-01
      vertex   3.679000e-01 -1.780684e-02  6.021160e-01
    endloop
  endfacet
  facet normal  7.463883e-01 -6.057354e-01 -2.756616e-01
    outer loop
      vertex   3.680000e-01 -1.840977e-02  6.037117e-01
      vertex   3.679000e-01 -1.780684e-02  6.021160e-01
      vertex   3.680000e-01 -1.758798e-02  6.019059e-01
    endloop
  endfacet
  facet normal  6.669074e-01 -6.516655e-01 -3.613399e-01
    outer loop
      vertex   3.680000e-01 -1.758798e-02  6.019059e-01
      vertex   3.679000e-01 -1.780684e-02  6.021160e-01
      vertex   3.679000e-01 -1.696727e-02  6.006019e-01
    endloop
  endfacet
  facet normal  7.707008e-01 -5.503827e-01 -3.210905e-01
    outer loop
      vertex   3.680000e-01 -1.758798e-02  6.019059e-01
      vertex   3.679000e-01 -1.696727e-02  6.006019e-01
      vertex   3.680000e-01 -1.657247e-02  6.001652e-01
    endloop
  endfacet
  facet normal  6.382270e-01 -6.380789e-01 -4.307221e-01
    outer loop
      vertex   3.680000e-01 -1.657247e-02  6.001652e-01
      vertex   3.679000e-01 -1.696727e-02  6.006019e-01
      vertex   3.679000e-01 -1.598855e-02  5.991520e-01
    endloop
  endfacet
  facet normal  7.824575e-01 -5.029850e-01 -3.671053e-01
    outer loop
      vertex   3.680000e-01 -1.657247e-02  6.001652e-01
      vertex   3.679000e-01 -1.598855e-02  5.991520e-01
      vertex   3.680000e-01 -1.537175e-02  5.985201e-01
    endloop
  endfacet
  facet normal  6.270689e-01 -6.047285e-01 -4.910073e-01
    outer loop
      vertex   3.680000e-01 -1.537175e-02  5.985201e-01
      vertex   3.679000e-01 -1.598855e-02  5.991520e-01
      vertex   3.679000e-01 -1.487869e-02  5.977851e-01
    endloop
  endfacet
  facet normal  7.830933e-01 -4.619029e-01 -4.164260e-01
    outer loop
      vertex   3.680000e-01 -1.537175e-02  5.985201e-01
      vertex   3.679000e-01 -1.487869e-02  5.977851e-01
      vertex   3.680000e-01 -1.400067e-02  5.969993e-01
    endloop
  endfacet
  facet normal  6.366478e-01 -5.532874e-01 -5.371709e-01
    outer loop
      vertex   3.680000e-01 -1.400067e-02  5.969993e-01
      vertex   3.679000e-01 -1.487869e-02  5.977851e-01
      vertex   3.679000e-01 -1.364899e-02  5.965185e-01
    endloop
  endfacet
  facet normal  7.723014e-01 -4.253676e-01 -4.718188e-01
    outer loop
      vertex   3.680000e-01 -1.400067e-02  5.969993e-01
      vertex   3.679000e-01 -1.364899e-02  5.965185e-01
      vertex   3.680000e-01 -1.247986e-02  5.956282e-01
    endloop
  endfacet
  facet normal  6.652974e-01 -4.875051e-01 -5.654362e-01
    outer loop
      vertex   3.680000e-01 -1.247986e-02  5.956282e-01
      vertex   3.679000e-01 -1.364899e-02  5.965185e-01
      vertex   3.679000e-01 -1.231369e-02  5.953673e-01
    endloop
  endfacet
  facet normal  7.482740e-01 -3.910949e-01 -5.358459e-01
    outer loop
      vertex   3.680000e-01 -1.247986e-02  5.956282e-01
      vertex   3.679000e-01 -1.231369e-02  5.953673e-01
      vertex   3.680000e-01 -1.083471e-02  5.944275e-01
    endloop
  endfacet
  facet normal  7.066621e-01 -4.128957e-01 -5.745832e-01
    outer loop
      vertex   3.680000e-01 -1.083471e-02  5.944275e-01
      vertex   3.679000e-01 -1.231369e-02  5.953673e-01
      vertex   3.679000e-01 -1.088943e-02  5.943438e-01
    endloop
  endfacet
  facet normal  7.066656e-01 -3.609442e-01 -6.085581e-01
    outer loop
      vertex   3.680000e-01 -1.083471e-02  5.944275e-01
      vertex   3.679000e-01 -1.088943e-02  5.943438e-01
      vertex   3.679000e-01 -9.394577e-03  5.934572e-01
    endloop
  endfacet
  facet normal  7.067710e-01 -3.608906e-01 -6.084676e-01
    outer loop
      vertex   3.679000e-01 -9.394577e-03  5.934572e-01
      vertex   3.679000e-01 -1.088943e-02  5.943438e-01
      vertex   3.678000e-01 -1.094415e-02  5.942601e-01
    endloop
  endfacet
  facet normal  6.577708e-01 -3.795576e-01 -6.505948e-01
    outer loop
      vertex   3.679000e-01 -9.394577e-03  5.934572e-01
      vertex   3.678000e-01 -1.094415e-02  5.942601e-01
      vertex   3.678000e-01 -9.185849e-03  5.932343e-01
    endloop
  endfacet
  facet normal  7.499523e-01 -2.974236e-02  6.608230e-01
    outer loop
      vertex   3.678000e-01  4.557808e-08  6.310000e-01
      vertex   3.678000e-01 -1.797043e-03  6.309191e-01
      vertex   3.679000e-01 -2.047663e-03  6.307943e-01
    endloop
  endfacet
  facet normal  6.669457e-01 -1.013648e-01  7.381793e-01
    outer loop
      vertex   3.679000e-01 -2.047663e-03  6.307943e-01
      vertex   3.678000e-01 -1.797043e-03  6.309191e-01
      vertex   3.678000e-01 -3.639216e-03  6.306661e-01
    endloop
  endfacet
  facet normal  7.721794e-01 -9.907076e-02  6.276336e-01
    outer loop
      vertex   3.679000e-01 -2.047663e-03  6.307943e-01
      vertex   3.678000e-01 -3.639216e-03  6.306661e-01
      vertex   3.679000e-01 -4.149805e-03  6.304625e-01
    endloop
  endfacet
  facet normal  6.311839e-01 -1.774925e-01  7.550518e-01
    outer loop
      vertex   3.679000e-01 -4.149805e-03  6.304625e-01
      vertex   3.678000e-01 -3.639216e-03  6.306661e-01
      vertex   3.678000e-01 -5.503119e-03  6.302280e-01
    endloop
  endfacet
  facet normal  7.892940e-01 -1.610072e-01  5.925298e-01
    outer loop
      vertex   3.679000e-01 -4.149805e-03  6.304625e-01
      vertex   3.678000e-01 -5.503119e-03  6.302280e-01
      vertex   3.679000e-01 -6.270516e-03  6.298863e-01
    endloop
  endfacet
  facet normal  6.071148e-01 -2.558822e-01  7.522871e-01
    outer loop
      vertex   3.679000e-01 -6.270516e-03  6.298863e-01
      vertex   3.678000e-01 -5.503119e-03  6.302280e-01
      vertex   3.678000e-01 -7.361849e-03  6.295958e-01
    endloop
  endfacet
  facet normal  7.970709e-01 -2.224746e-01  5.614116e-01
    outer loop
      vertex   3.679000e-01 -6.270516e-03  6.298863e-01
      vertex   3.678000e-01 -7.361849e-03  6.295958e-01
      vertex   3.679000e-01 -8.368305e-03  6.290550e-01
    endloop
  endfacet
  facet normal  6.018176e-01 -3.307954e-01  7.269043e-01
    outer loop
      vertex   3.679000e-01 -8.368305e-03  6.290550e-01
      vertex   3.678000e-01 -7.361849e-03  6.295958e-01
      vertex   3.678000e-01 -9.185847e-03  6.287657e-01
    endloop
  endfacet
  facet normal  7.953197e-01 -2.863181e-01  5.343112e-01
    outer loop
      vertex   3.679000e-01 -8.368305e-03  6.290550e-01
      vertex   3.678000e-01 -9.185847e-03  6.287657e-01
      vertex   3.679000e-01 -1.039805e-02  6.279673e-01
    endloop
  endfacet
  facet normal  6.188799e-01 -3.958176e-01  6.784660e-01
    outer loop
      vertex   3.679000e-01 -1.039805e-02  6.279673e-01
      vertex   3.678000e-01 -9.185847e-03  6.287657e-01
      vertex   3.678000e-01 -1.094415e-02  6.277399e-01
    endloop
  endfacet
  facet normal  7.823299e-01 -3.560425e-01  5.110711e-01
    outer loop
      vertex   3.679000e-01 -1.039805e-02  6.279673e-01
      vertex   3.678000e-01 -1.094415e-02  6.277399e-01
      vertex   3.679000e-01 -1.231369e-02  6.266328e-01
    endloop
  endfacet
  facet normal  6.560605e-01 -4.449237e-01  6.096126e-01
    outer loop
      vertex   3.679000e-01 -1.231369e-02  6.266328e-01
      vertex   3.678000e-01 -1.094415e-02  6.277399e-01
      vertex   3.678000e-01 -1.260592e-02  6.265271e-01
    endloop
  endfacet
  facet normal  7.548347e-01 -4.356024e-01  4.903827e-01
    outer loop
      vertex   3.679000e-01 -1.231369e-02  6.266328e-01
      vertex   3.678000e-01 -1.260592e-02  6.265271e-01
      vertex   3.679000e-01 -1.407138e-02  6.250714e-01
    endloop
  endfacet
  facet normal  7.067831e-01 -4.736915e-01  5.254276e-01
    outer loop
      vertex   3.679000e-01 -1.407138e-02  6.250714e-01
      vertex   3.678000e-01 -1.260592e-02  6.265271e-01
      vertex   3.678000e-01 -1.414209e-02  6.251422e-01
    endloop
  endfacet
  facet normal  7.067724e-01 -5.254356e-01  4.736983e-01
    outer loop
      vertex   3.679000e-01 -1.407138e-02  6.250714e-01
      vertex   3.678000e-01 -1.414209e-02  6.251422e-01
      vertex   3.678000e-01 -1.552702e-02  6.236060e-01
    endloop
  endfacet
  facet normal  7.548847e-01 -4.903443e-01  4.355591e-01
    outer loop
      vertex   3.679000e-01 -1.407138e-02  6.250714e-01
      vertex   3.678000e-01 -1.552702e-02  6.236060e-01
      vertex   3.679000e-01 -1.563268e-02  6.233137e-01
    endloop
  endfacet
  facet normal  6.561530e-01 -6.095470e-01  4.448772e-01
    outer loop
      vertex   3.679000e-01 -1.563268e-02  6.233137e-01
      vertex   3.678000e-01 -1.552702e-02  6.236060e-01
      vertex   3.678000e-01 -1.673987e-02  6.219442e-01
    endloop
  endfacet
  facet normal  7.823222e-01 -5.110735e-01  3.560562e-01
    outer loop
      vertex   3.679000e-01 -1.563268e-02  6.233137e-01
      vertex   3.678000e-01 -1.673987e-02  6.219442e-01
      vertex   3.679000e-01 -1.696727e-02  6.213981e-01
    endloop
  endfacet
  facet normal  6.188086e-01 -6.785160e-01  3.958434e-01
    outer loop
      vertex   3.679000e-01 -1.696727e-02  6.213981e-01
      vertex   3.678000e-01 -1.673987e-02  6.219442e-01
      vertex   3.678000e-01 -1.776564e-02  6.201859e-01
    endloop
  endfacet
  facet normal  7.953057e-01 -5.343304e-01  2.863211e-01
    outer loop
      vertex   3.679000e-01 -1.696727e-02  6.213981e-01
      vertex   3.678000e-01 -1.776564e-02  6.201859e-01
      vertex   3.679000e-01 -1.805489e-02  6.193684e-01
    endloop
  endfacet
  facet normal  6.018717e-01 -7.268645e-01  3.307849e-01
    outer loop
      vertex   3.679000e-01 -1.805489e-02  6.193684e-01
      vertex   3.678000e-01 -1.776564e-02  6.201859e-01
      vertex   3.678000e-01 -1.859572e-02  6.183619e-01
    endloop
  endfacet
  facet normal  7.971228e-01 -5.613481e-01  2.224489e-01
    outer loop
      vertex   3.679000e-01 -1.805489e-02  6.193684e-01
      vertex   3.678000e-01 -1.859572e-02  6.183619e-01
      vertex   3.679000e-01 -1.888620e-02  6.172706e-01
    endloop
  endfacet
  facet normal  6.072312e-01 -7.522038e-01  2.558511e-01
    outer loop
      vertex   3.679000e-01 -1.888620e-02  6.172706e-01
      vertex   3.678000e-01 -1.859572e-02  6.183619e-01
      vertex   3.678000e-01 -1.922794e-02  6.165032e-01
    endloop
  endfacet
  facet normal  7.893493e-01 -5.924616e-01  1.609870e-01
    outer loop
      vertex   3.679000e-01 -1.888620e-02  6.172706e-01
      vertex   3.678000e-01 -1.922794e-02  6.165032e-01
      vertex   3.679000e-01 -1.946245e-02  6.151499e-01
    endloop
  endfacet
  facet normal  6.312380e-01 -7.550110e-01  1.774737e-01
    outer loop
      vertex   3.679000e-01 -1.946245e-02  6.151499e-01
      vertex   3.678000e-01 -1.922794e-02  6.165032e-01
      vertex   3.678000e-01 -1.966606e-02  6.146393e-01
    endloop
  endfacet
  facet normal  7.721575e-01 -6.276574e-01  9.908978e-02
    outer loop
      vertex   3.679000e-01 -1.946245e-02  6.151499e-01
      vertex   3.678000e-01 -1.966606e-02  6.146393e-01
      vertex   3.679000e-01 -1.979432e-02  6.130477e-01
    endloop
  endfacet
  facet normal  6.668373e-01 -7.382740e-01  1.013874e-01
    outer loop
      vertex   3.679000e-01 -1.979432e-02  6.130477e-01
      vertex   3.678000e-01 -1.966606e-02  6.146393e-01
      vertex   3.678000e-01 -1.991905e-02  6.127971e-01
    endloop
  endfacet
  facet normal  7.449569e-01 -6.662267e-01  3.436822e-02
    outer loop
      vertex   3.679000e-01 -1.979432e-02  6.130477e-01
      vertex   3.678000e-01 -1.991905e-02  6.127971e-01
      vertex   3.679000e-01 -1.989996e-02  6.110000e-01
    endloop
  endfacet
  facet normal  7.067949e-01 -7.067028e-01  3.181481e-02
    outer loop
      vertex   3.679000e-01 -1.989996e-02  6.110000e-01
      vertex   3.678000e-01 -1.991905e-02  6.127971e-01
      vertex   3.678000e-01 -1.999996e-02  6.110000e-01
    endloop
  endfacet
  facet normal  7.067949e-01 -7.067028e-01 -3.181481e-02
    outer loop
      vertex   3.679000e-01 -1.989996e-02  6.110000e-01
      vertex   3.678000e-01 -1.999996e-02  6.110000e-01
      vertex   3.678000e-01 -1.991905e-02  6.092029e-01
    endloop
  endfacet
  facet normal  7.449569e-01 -6.662267e-01 -3.436823e-02
    outer loop
      vertex   3.679000e-01 -1.989996e-02  6.110000e-01
      vertex   3.678000e-01 -1.991905e-02  6.092029e-01
      vertex   3.679000e-01 -1.979432e-02  6.089523e-01
    endloop
  endfacet
  facet normal  6.668373e-01 -7.382740e-01 -1.013874e-01
    outer loop
      vertex   3.679000e-01 -1.979432e-02  6.089523e-01
      vertex   3.678000e-01 -1.991905e-02  6.092029e-01
      vertex   3.678000e-01 -1.966606e-02  6.073607e-01
    endloop
  endfacet
  facet normal  7.721575e-01 -6.276575e-01 -9.908979e-02
    outer loop
      vertex   3.679000e-01 -1.979432e-02  6.089523e-01
      vertex   3.678000e-01 -1.966606e-02  6.073607e-01
      vertex   3.679000e-01 -1.946245e-02  6.068501e-01
    endloop
  endfacet
  facet normal  6.312380e-01 -7.550110e-01 -1.774737e-01
    outer loop
      vertex   3.679000e-01 -1.946245e-02  6.068501e-01
      vertex   3.678000e-01 -1.966606e-02  6.073607e-01
      vertex   3.678000e-01 -1.922794e-02  6.054968e-01
    endloop
  endfacet
  facet normal  8.580499e-01 -4.916023e-01 -1.485848e-01
    outer loop
      vertex   3.679000e-01 -1.946245e-02  6.068501e-01
      vertex   3.678000e-01 -1.922794e-02  6.054968e-01
      vertex   3.679000e-01 -1.850274e-02  6.036749e-01
    endloop
  endfacet
  facet normal  7.066850e-01 -6.698408e-01 -2.278366e-01
    outer loop
      vertex   3.679000e-01 -1.850274e-02  6.036749e-01
      vertex   3.678000e-01 -1.922794e-02  6.054968e-01
      vertex   3.678000e-01 -1.859572e-02  6.036381e-01
    endloop
  endfacet
  facet normal  7.067757e-01 -6.459888e-01 -2.883861e-01
    outer loop
      vertex   3.679000e-01 -1.850274e-02  6.036749e-01
      vertex   3.678000e-01 -1.859572e-02  6.036381e-01
      vertex   3.679000e-01 -1.780684e-02  6.021160e-01
    endloop
  endfacet
  facet normal  6.588700e-01 -6.846903e-01 -3.115920e-01
    outer loop
      vertex   3.679000e-01 -1.780684e-02  6.021160e-01
      vertex   3.678000e-01 -1.859572e-02  6.036381e-01
      vertex   3.678000e-01 -1.776564e-02  6.018141e-01
    endloop
  endfacet
  facet normal  7.411863e-01 -5.870874e-01 -3.255321e-01
    outer loop
      vertex   3.679000e-01 -1.780684e-02  6.021160e-01
      vertex   3.678000e-01 -1.776564e-02  6.018141e-01
      vertex   3.679000e-01 -1.696727e-02  6.006019e-01
    endloop
  endfacet
  facet normal  6.188086e-01 -6.785160e-01 -3.958434e-01
    outer loop
      vertex   3.679000e-01 -1.696727e-02  6.006019e-01
      vertex   3.678000e-01 -1.776564e-02  6.018141e-01
      vertex   3.678000e-01 -1.673987e-02  6.000558e-01
    endloop
  endfacet
  facet normal  7.603692e-01 -5.383225e-01 -3.633836e-01
    outer loop
      vertex   3.679000e-01 -1.696727e-02  6.006019e-01
      vertex   3.678000e-01 -1.673987e-02  6.000558e-01
      vertex   3.679000e-01 -1.598855e-02  5.991520e-01
    endloop
  endfacet
  facet normal  5.951970e-01 -6.490880e-01 -4.737354e-01
    outer loop
      vertex   3.679000e-01 -1.598855e-02  5.991520e-01
      vertex   3.678000e-01 -1.673987e-02  6.000558e-01
      vertex   3.678000e-01 -1.552702e-02  5.983940e-01
    endloop
  endfacet
  facet normal  7.669159e-01 -4.982042e-01 -4.045153e-01
    outer loop
      vertex   3.679000e-01 -1.598855e-02  5.991520e-01
      vertex   3.678000e-01 -1.552702e-02  5.983940e-01
      vertex   3.679000e-01 -1.487869e-02  5.977851e-01
    endloop
  endfacet
  facet normal  5.938545e-01 -5.975778e-01 -5.387370e-01
    outer loop
      vertex   3.679000e-01 -1.487869e-02  5.977851e-01
      vertex   3.678000e-01 -1.552702e-02  5.983940e-01
      vertex   3.678000e-01 -1.414209e-02  5.968578e-01
    endloop
  endfacet
  facet normal  7.613664e-01 -4.651575e-01 -4.516081e-01
    outer loop
      vertex   3.679000e-01 -1.487869e-02  5.977851e-01
      vertex   3.678000e-01 -1.414209e-02  5.968578e-01
      vertex   3.679000e-01 -1.364899e-02  5.965185e-01
    endloop
  endfacet
  facet normal  6.158162e-01 -5.275666e-01 -5.851870e-01
    outer loop
      vertex   3.679000e-01 -1.364899e-02  5.965185e-01
      vertex   3.678000e-01 -1.414209e-02  5.968578e-01
      vertex   3.678000e-01 -1.260592e-02  5.954729e-01
    endloop
  endfacet
  facet normal  7.423589e-01 -4.375020e-01 -5.074398e-01
    outer loop
      vertex   3.679000e-01 -1.364899e-02  5.965185e-01
      vertex   3.678000e-01 -1.260592e-02  5.954729e-01
      vertex   3.679000e-01 -1.231369e-02  5.953673e-01
    endloop
  endfacet
  facet normal  6.560605e-01 -4.449237e-01 -6.096126e-01
    outer loop
      vertex   3.679000e-01 -1.231369e-02  5.953673e-01
      vertex   3.678000e-01 -1.260592e-02  5.954729e-01
      vertex   3.678000e-01 -1.094415e-02  5.942601e-01
    endloop
  endfacet
  facet normal  7.067674e-01 -4.128343e-01 -5.744978e-01
    outer loop
      vertex   3.679000e-01 -1.231369e-02  5.953673e-01
      vertex   3.678000e-01 -1.094415e-02  5.942601e-01
      vertex   3.679000e-01 -1.088943e-02  5.943438e-01
    endloop
  endfacet
  facet normal  7.408926e-01 -2.912550e-01 -6.051847e-01
    outer loop
      vertex   3.679000e-01 -9.394577e-03  5.934572e-01
      vertex   3.678000e-01 -9.185849e-03  5.932343e-01
      vertex   3.679000e-01 -7.848438e-03  5.927131e-01
    endloop
  endfacet
  facet normal  6.225045e-01 -3.241612e-01 -7.123256e-01
    outer loop
      vertex   3.679000e-01 -7.848438e-03  5.927131e-01
      vertex   3.678000e-01 -9.185849e-03  5.932343e-01
      vertex   3.678000e-01 -7.361852e-03  5.924042e-01
    endloop
  endfacet
  facet normal  7.572217e-01 -2.319171e-01 -6.105978e-01
    outer loop
      vertex   3.679000e-01 -7.848438e-03  5.927131e-01
      vertex   3.678000e-01 -7.361852e-03  5.924042e-01
      vertex   3.679000e-01 -6.270519e-03  5.921137e-01
    endloop
  endfacet
  facet normal  6.071148e-01 -2.558822e-01 -7.522871e-01
    outer loop
      vertex   3.679000e-01 -6.270519e-03  5.921137e-01
      vertex   3.678000e-01 -7.361852e-03  5.924042e-01
      vertex   3.678000e-01 -5.503122e-03  5.917720e-01
    endloop
  endfacet
  facet normal  8.335972e-01 -1.304011e-01 -5.367600e-01
    outer loop
      vertex   3.679000e-01 -6.270519e-03  5.921137e-01
      vertex   3.678000e-01 -5.503122e-03  5.917720e-01
      vertex   3.679000e-01 -3.094024e-03  5.913420e-01
    endloop
  endfacet
  facet normal  7.986836e-01 -1.377021e-01 -5.857838e-01
    outer loop
      vertex   3.679000e-01 -3.094024e-03  5.913420e-01
      vertex   3.678000e-01 -5.503122e-03  5.917720e-01
      vertex   3.678000e-01 -3.639219e-03  5.913339e-01
    endloop
  endfacet
  facet normal  6.353227e-01 -1.050570e-01 -7.650673e-01
    outer loop
      vertex   3.679000e-01 -3.094024e-03  5.913420e-01
      vertex   3.678000e-01 -3.639219e-03  5.913339e-01
      vertex   3.678000e-01 -1.797047e-03  5.910809e-01
    endloop
  endfacet
  facet normal  7.066962e-01 -3.181177e-02 -7.068016e-01
    outer loop
      vertex   3.678000e-01  4.255816e-08  5.910000e-01
      vertex   3.680000e-01  4.255816e-08  5.912000e-01
      vertex   3.678000e-01 -1.797047e-03  5.910809e-01
    endloop
  endfacet
  facet normal  7.067567e-01 -3.182253e-02 -7.067407e-01
    outer loop
      vertex   3.678000e-01 -1.797047e-03  5.910809e-01
      vertex   3.680000e-01  4.255816e-08  5.912000e-01
      vertex   3.680000e-01 -1.779075e-03  5.912801e-01
    endloop
  endfacet
  facet normal  7.069207e-01 -8.682815e-02 -7.019430e-01
    outer loop
      vertex   3.678000e-01 -1.797047e-03  5.910809e-01
      vertex   3.680000e-01 -1.779075e-03  5.912801e-01
      vertex   3.679000e-01 -3.094024e-03  5.913420e-01
    endloop
  endfacet
  facet normal  7.616267e-01 -8.816560e-02 -6.419904e-01
    outer loop
      vertex   3.679000e-01 -3.094024e-03  5.913420e-01
      vertex   3.680000e-01 -1.779075e-03  5.912801e-01
      vertex   3.680000e-01 -3.602826e-03  5.915306e-01
    endloop
  endfacet
  facet normal  5.571427e-01 -1.900168e-01 -8.083846e-01
    outer loop
      vertex   3.679000e-01 -3.094024e-03  5.913420e-01
      vertex   3.680000e-01 -3.602826e-03  5.915306e-01
      vertex   3.680000e-01 -5.448090e-03  5.919643e-01
    endloop
  endfacet
  facet normal  4.395880e-01 -2.120420e-01 -8.728119e-01
    outer loop
      vertex   3.679000e-01 -3.094024e-03  5.913420e-01
      vertex   3.680000e-01 -5.448090e-03  5.919643e-01
      vertex   3.679000e-01 -6.270519e-03  5.921137e-01
    endloop
  endfacet
  facet normal  7.768000e-01 -2.027929e-01 -5.962020e-01
    outer loop
      vertex   3.679000e-01 -6.270519e-03  5.921137e-01
      vertex   3.680000e-01 -5.448090e-03  5.919643e-01
      vertex   3.680000e-01 -7.288233e-03  5.925902e-01
    endloop
  endfacet
  facet normal  6.434515e-01 -2.718018e-01 -7.156075e-01
    outer loop
      vertex   3.679000e-01 -6.270519e-03  5.921137e-01
      vertex   3.680000e-01 -7.288233e-03  5.925902e-01
      vertex   3.679000e-01 -7.848438e-03  5.927131e-01
    endloop
  endfacet
  facet normal  7.687719e-01 -2.648958e-01 -5.820825e-01
    outer loop
      vertex   3.679000e-01 -7.848438e-03  5.927131e-01
      vertex   3.680000e-01 -7.288233e-03  5.925902e-01
      vertex   3.680000e-01 -9.093990e-03  5.934120e-01
    endloop
  endfacet
  facet normal  6.674254e-01 -3.229351e-01 -6.710114e-01
    outer loop
      vertex   3.679000e-01 -7.848438e-03  5.927131e-01
      vertex   3.680000e-01 -9.093990e-03  5.934120e-01
      vertex   3.679000e-01 -9.394577e-03  5.934572e-01
    endloop
  endfacet
  facet normal  7.471758e-01 -3.349017e-01 -5.740812e-01
    outer loop
      vertex   3.679000e-01 -9.394577e-03  5.934572e-01
      vertex   3.680000e-01 -9.093990e-03  5.934120e-01
      vertex   3.680000e-01 -1.083471e-02  5.944275e-01
    endloop
  endfacet
  facet normal -3.394593e-09 -4.496254e-02  9.989886e-01
    outer loop
      vertex   3.678000e-01  4.557808e-08  6.310000e-01
      vertex   3.630000e-01  4.594047e-08  6.310000e-01
      vertex   3.678000e-01 -1.797043e-03  6.309191e-01
    endloop
  endfacet
  facet normal -4.361641e-03 -5.658538e-02  9.983883e-01
    outer loop
      vertex   3.678000e-01 -1.797043e-03  6.309191e-01
      vertex   3.630000e-01  4.594047e-08  6.310000e-01
      vertex   3.654000e-01 -2.057953e-03  6.308938e-01
    endloop
  endfacet
  facet normal  4.356964e-03 -1.360394e-01  9.906939e-01
    outer loop
      vertex   3.678000e-01 -1.797043e-03  6.309191e-01
      vertex   3.654000e-01 -2.057953e-03  6.308938e-01
      vertex   3.678000e-01 -3.639216e-03  6.306661e-01
    endloop
  endfacet
  facet normal -9.035743e-03 -1.559391e-01  9.877253e-01
    outer loop
      vertex   3.678000e-01 -3.639216e-03  6.306661e-01
      vertex   3.654000e-01 -2.057953e-03  6.308938e-01
      vertex   3.654000e-01 -4.170658e-03  6.305603e-01
    endloop
  endfacet
  facet normal  7.734693e-03 -2.288287e-01  9.734360e-01
    outer loop
      vertex   3.678000e-01 -3.639216e-03  6.306661e-01
      vertex   3.654000e-01 -4.170658e-03  6.305603e-01
      vertex   3.678000e-01 -5.503119e-03  6.302280e-01
    endloop
  endfacet
  facet normal -1.196127e-02 -2.621868e-01  9.649431e-01
    outer loop
      vertex   3.678000e-01 -5.503119e-03  6.302280e-01
      vertex   3.654000e-01 -4.170658e-03  6.305603e-01
      vertex   3.654000e-01 -6.302026e-03  6.299812e-01
    endloop
  endfacet
  facet normal  9.828321e-03 -3.220051e-01  9.466869e-01
    outer loop
      vertex   3.678000e-01 -5.503119e-03  6.302280e-01
      vertex   3.654000e-01 -6.302026e-03  6.299812e-01
      vertex   3.678000e-01 -7.361849e-03  6.295958e-01
    endloop
  endfacet
  facet normal -1.339273e-02 -3.683702e-01  9.295827e-01
    outer loop
      vertex   3.678000e-01 -7.361849e-03  6.295958e-01
      vertex   3.654000e-01 -6.302026e-03  6.299812e-01
      vertex   3.654000e-01 -8.410357e-03  6.291457e-01
    endloop
  endfacet
  facet normal  1.026711e-02 -4.141800e-01  9.101371e-01
    outer loop
      vertex   3.678000e-01 -7.361849e-03  6.295958e-01
      vertex   3.654000e-01 -8.410357e-03  6.291457e-01
      vertex   3.678000e-01 -9.185847e-03  6.287657e-01
    endloop
  endfacet
  facet normal -1.305931e-02 -4.722696e-01  8.813574e-01
    outer loop
      vertex   3.678000e-01 -9.185847e-03  6.287657e-01
      vertex   3.654000e-01 -8.410357e-03  6.291457e-01
      vertex   3.654000e-01 -1.045030e-02  6.280526e-01
    endloop
  endfacet
  facet normal  8.843208e-03 -5.038949e-01  8.637197e-01
    outer loop
      vertex   3.678000e-01 -9.185847e-03  6.287657e-01
      vertex   3.654000e-01 -1.045030e-02  6.280526e-01
      vertex   3.678000e-01 -1.094415e-02  6.277399e-01
    endloop
  endfacet
  facet normal -1.072335e-02 -5.715968e-01  8.204646e-01
    outer loop
      vertex   3.678000e-01 -1.094415e-02  6.277399e-01
      vertex   3.654000e-01 -1.045030e-02  6.280526e-01
      vertex   3.654000e-01 -1.237556e-02  6.267113e-01
    endloop
  endfacet
  facet normal  5.423691e-03 -5.895221e-01  8.077341e-01
    outer loop
      vertex   3.678000e-01 -1.094415e-02  6.277399e-01
      vertex   3.654000e-01 -1.237556e-02  6.267113e-01
      vertex   3.678000e-01 -1.260592e-02  6.265271e-01
    endloop
  endfacet
  facet normal -6.347910e-03 -6.640918e-01  7.476240e-01
    outer loop
      vertex   3.678000e-01 -1.260592e-02  6.265271e-01
      vertex   3.654000e-01 -1.237556e-02  6.267113e-01
      vertex   3.654000e-01 -1.414209e-02  6.251422e-01
    endloop
  endfacet
  facet normal  0.000000e+00 -6.695945e-01  7.427269e-01
    outer loop
      vertex   3.678000e-01 -1.260592e-02  6.265271e-01
      vertex   3.654000e-01 -1.414209e-02  6.251422e-01
      vertex   3.678000e-01 -1.414209e-02  6.251422e-01
    endloop
  endfacet
  facet normal  0.000000e+00 -7.427272e-01  6.695942e-01
    outer loop
      vertex   3.678000e-01 -1.414209e-02  6.251422e-01
      vertex   3.654000e-01 -1.414209e-02  6.251422e-01
      vertex   3.678000e-01 -1.552702e-02  6.236060e-01
    endloop
  endfacet
  facet normal -6.358480e-03 -7.476323e-01  6.640824e-01
    outer loop
      vertex   3.678000e-01 -1.552702e-02  6.236060e-01
      vertex   3.654000e-01 -1.414209e-02  6.251422e-01
      vertex   3.654000e-01 -1.571123e-02  6.233756e-01
    endloop
  endfacet
  facet normal  5.411414e-03 -8.077332e-01  5.895233e-01
    outer loop
      vertex   3.678000e-01 -1.552702e-02  6.236060e-01
      vertex   3.654000e-01 -1.571123e-02  6.233756e-01
      vertex   3.678000e-01 -1.673987e-02  6.219442e-01
    endloop
  endfacet
  facet normal -1.072713e-02 -8.204571e-01  5.716075e-01
    outer loop
      vertex   3.678000e-01 -1.673987e-02  6.219442e-01
      vertex   3.654000e-01 -1.571123e-02  6.233756e-01
      vertex   3.654000e-01 -1.705253e-02  6.214504e-01
    endloop
  endfacet
  facet normal  8.842428e-03 -8.637217e-01  5.038916e-01
    outer loop
      vertex   3.678000e-01 -1.673987e-02  6.219442e-01
      vertex   3.654000e-01 -1.705253e-02  6.214504e-01
      vertex   3.678000e-01 -1.776564e-02  6.201859e-01
    endloop
  endfacet
  facet normal -1.306109e-02 -8.813600e-01  4.722647e-01
    outer loop
      vertex   3.678000e-01 -1.776564e-02  6.201859e-01
      vertex   3.654000e-01 -1.705253e-02  6.214504e-01
      vertex   3.654000e-01 -1.814562e-02  6.194104e-01
    endloop
  endfacet
  facet normal  1.026091e-02 -9.101337e-01  4.141878e-01
    outer loop
      vertex   3.678000e-01 -1.776564e-02  6.201859e-01
      vertex   3.654000e-01 -1.814562e-02  6.194104e-01
      vertex   3.678000e-01 -1.859572e-02  6.183619e-01
    endloop
  endfacet
  facet normal -1.340282e-02 -9.295823e-01  3.683709e-01
    outer loop
      vertex   3.678000e-01 -1.859572e-02  6.183619e-01
      vertex   3.654000e-01 -1.814562e-02  6.194104e-01
      vertex   3.654000e-01 -1.898110e-02  6.173021e-01
    endloop
  endfacet
  facet normal  9.820084e-03 -9.466881e-01  3.220021e-01
    outer loop
      vertex   3.678000e-01 -1.859572e-02  6.183619e-01
      vertex   3.654000e-01 -1.898110e-02  6.173021e-01
      vertex   3.678000e-01 -1.922794e-02  6.165032e-01
    endloop
  endfacet
  facet normal -1.196168e-02 -9.649385e-01  2.622038e-01
    outer loop
      vertex   3.678000e-01 -1.922794e-02  6.165032e-01
      vertex   3.654000e-01 -1.898110e-02  6.173021e-01
      vertex   3.654000e-01 -1.956026e-02  6.151707e-01
    endloop
  endfacet
  facet normal  7.751065e-03 -9.734386e-01  2.288175e-01
    outer loop
      vertex   3.678000e-01 -1.922794e-02  6.165032e-01
      vertex   3.654000e-01 -1.956026e-02  6.151707e-01
      vertex   3.678000e-01 -1.966606e-02  6.146393e-01
    endloop
  endfacet
  facet normal -9.017125e-03 -9.877261e-01  1.559354e-01
    outer loop
      vertex   3.678000e-01 -1.966606e-02  6.146393e-01
      vertex   3.654000e-01 -1.956026e-02  6.151707e-01
      vertex   3.654000e-01 -1.989379e-02  6.130580e-01
    endloop
  endfacet
  facet normal  4.364464e-03 -9.906921e-01  1.360521e-01
    outer loop
      vertex   3.678000e-01 -1.966606e-02  6.146393e-01
      vertex   3.654000e-01 -1.989379e-02  6.130580e-01
      vertex   3.678000e-01 -1.991905e-02  6.127971e-01
    endloop
  endfacet
  facet normal -4.910795e-03 -9.986601e-01  5.151673e-02
    outer loop
      vertex   3.678000e-01 -1.991905e-02  6.127971e-01
      vertex   3.654000e-01 -1.989379e-02  6.130580e-01
      vertex   3.654000e-01 -1.999996e-02  6.110000e-01
    endloop
  endfacet
  facet normal  0.000000e+00 -9.989882e-01  4.497311e-02
    outer loop
      vertex   3.678000e-01 -1.991905e-02  6.127971e-01
      vertex   3.654000e-01 -1.999996e-02  6.110000e-01
      vertex   3.678000e-01 -1.999996e-02  6.110000e-01
    endloop
  endfacet
  facet normal -0.000000e+00 -9.989882e-01 -4.497311e-02
    outer loop
      vertex   3.678000e-01 -1.999996e-02  6.110000e-01
      vertex   3.654000e-01 -1.999996e-02  6.110000e-01
      vertex   3.678000e-01 -1.991905e-02  6.092029e-01
    endloop
  endfacet
  facet normal -4.911911e-03 -9.986600e-01 -5.151822e-02
    outer loop
      vertex   3.678000e-01 -1.991905e-02  6.092029e-01
      vertex   3.654000e-01 -1.999996e-02  6.110000e-01
      vertex   3.654000e-01 -1.989379e-02  6.089420e-01
    endloop
  endfacet
  facet normal  4.361086e-03 -9.906921e-01 -1.360521e-01
    outer loop
      vertex   3.678000e-01 -1.991905e-02  6.092029e-01
      vertex   3.654000e-01 -1.989379e-02  6.089420e-01
      vertex   3.678000e-01 -1.966606e-02  6.073607e-01
    endloop
  endfacet
  facet normal -9.018105e-03 -9.877267e-01 -1.559311e-01
    outer loop
      vertex   3.678000e-01 -1.966606e-02  6.073607e-01
      vertex   3.654000e-01 -1.989379e-02  6.089420e-01
      vertex   3.654000e-01 -1.956026e-02  6.068293e-01
    endloop
  endfacet
  facet normal  7.751068e-03 -9.734386e-01 -2.288175e-01
    outer loop
      vertex   3.678000e-01 -1.966606e-02  6.073607e-01
      vertex   3.654000e-01 -1.956026e-02  6.068293e-01
      vertex   3.678000e-01 -1.922794e-02  6.054968e-01
    endloop
  endfacet
  facet normal -2.807441e-02 -9.568540e-01 -2.892096e-01
    outer loop
      vertex   3.678000e-01 -1.922794e-02  6.054968e-01
      vertex   3.654000e-01 -1.956026e-02  6.068293e-01
      vertex   3.654000e-01 -1.859572e-02  6.036381e-01
    endloop
  endfacet
  facet normal  0.000000e+00 -9.467337e-01 -3.220176e-01
    outer loop
      vertex   3.678000e-01 -1.922794e-02  6.054968e-01
      vertex   3.654000e-01 -1.859572e-02  6.036381e-01
      vertex   3.678000e-01 -1.859572e-02  6.036381e-01
    endloop
  endfacet
  facet normal -0.000000e+00 -9.131427e-01 -4.076400e-01
    outer loop
      vertex   3.678000e-01 -1.859572e-02  6.036381e-01
      vertex   3.654000e-01 -1.859572e-02  6.036381e-01
      vertex   3.654000e-01 -1.789632e-02  6.020714e-01
    endloop
  endfacet
  facet normal  5.151483e-03 -9.101694e-01 -4.142042e-01
    outer loop
      vertex   3.678000e-01 -1.859572e-02  6.036381e-01
      vertex   3.654000e-01 -1.789632e-02  6.020714e-01
      vertex   3.678000e-01 -1.776564e-02  6.018141e-01
    endloop
  endfacet
  facet normal -4.369789e-03 -8.745478e-01 -4.849195e-01
    outer loop
      vertex   3.678000e-01 -1.776564e-02  6.018141e-01
      vertex   3.654000e-01 -1.789632e-02  6.020714e-01
      vertex   3.654000e-01 -1.705253e-02  6.005496e-01
    endloop
  endfacet
  facet normal  8.842428e-03 -8.637217e-01 -5.038916e-01
    outer loop
      vertex   3.678000e-01 -1.776564e-02  6.018141e-01
      vertex   3.654000e-01 -1.705253e-02  6.005496e-01
      vertex   3.678000e-01 -1.673987e-02  6.000558e-01
    endloop
  endfacet
  facet normal -7.143035e-03 -8.288134e-01 -5.594795e-01
    outer loop
      vertex   3.678000e-01 -1.673987e-02  6.000558e-01
      vertex   3.654000e-01 -1.705253e-02  6.005496e-01
      vertex   3.654000e-01 -1.606890e-02  5.990925e-01
    endloop
  endfacet
  facet normal  1.080859e-02 -8.076984e-01 -5.894969e-01
    outer loop
      vertex   3.678000e-01 -1.673987e-02  6.000558e-01
      vertex   3.654000e-01 -1.606890e-02  5.990925e-01
      vertex   3.678000e-01 -1.552702e-02  5.983940e-01
    endloop
  endfacet
  facet normal -8.160987e-03 -7.762952e-01 -6.303167e-01
    outer loop
      vertex   3.678000e-01 -1.552702e-02  5.983940e-01
      vertex   3.654000e-01 -1.606890e-02  5.990925e-01
      vertex   3.654000e-01 -1.495346e-02  5.977187e-01
    endloop
  endfacet
  facet normal  1.091252e-02 -7.426829e-01 -6.695543e-01
    outer loop
      vertex   3.678000e-01 -1.552702e-02  5.983940e-01
      vertex   3.654000e-01 -1.495346e-02  5.977187e-01
      vertex   3.678000e-01 -1.414209e-02  5.968578e-01
    endloop
  endfacet
  facet normal -7.299118e-03 -7.174639e-01 -6.965574e-01
    outer loop
      vertex   3.678000e-01 -1.414209e-02  5.968578e-01
      vertex   3.654000e-01 -1.495346e-02  5.977187e-01
      vertex   3.654000e-01 -1.371758e-02  5.964457e-01
    endloop
  endfacet
  facet normal  9.095418e-03 -6.695668e-01 -7.426962e-01
    outer loop
      vertex   3.678000e-01 -1.414209e-02  5.968578e-01
      vertex   3.654000e-01 -1.371758e-02  5.964457e-01
      vertex   3.678000e-01 -1.260592e-02  5.954729e-01
    endloop
  endfacet
  facet normal -4.533532e-03 -6.529778e-01 -7.573634e-01
    outer loop
      vertex   3.678000e-01 -1.260592e-02  5.954729e-01
      vertex   3.654000e-01 -1.371758e-02  5.964457e-01
      vertex   3.654000e-01 -1.237557e-02  5.952887e-01
    endloop
  endfacet
  facet normal  5.423691e-03 -5.895221e-01 -8.077341e-01
    outer loop
      vertex   3.678000e-01 -1.260592e-02  5.954729e-01
      vertex   3.654000e-01 -1.237557e-02  5.952887e-01
      vertex   3.678000e-01 -1.094415e-02  5.942601e-01
    endloop
  endfacet
  facet normal -0.000000e+00 -5.835495e-01 -8.120776e-01
    outer loop
      vertex   3.678000e-01 -1.094415e-02  5.942601e-01
      vertex   3.654000e-01 -1.237557e-02  5.952887e-01
      vertex   3.654000e-01 -1.094415e-02  5.942601e-01
    endloop
  endfacet
  facet normal -0.000000e+00 -5.101402e-01 -8.600912e-01
    outer loop
      vertex   3.678000e-01 -1.094415e-02  5.942601e-01
      vertex   3.654000e-01 -1.094415e-02  5.942601e-01
      vertex   3.654000e-01 -9.441785e-03  5.933690e-01
    endloop
  endfacet
  facet normal  0.000000e+00 -5.101402e-01 -8.600912e-01
    outer loop
      vertex   3.654000e-01 -9.441785e-03  5.933690e-01
      vertex   3.654000e-01 -1.094415e-02  5.942601e-01
      vertex   3.630000e-01 -1.094415e-02  5.942601e-01
    endloop
  endfacet
  facet normal -5.256882e-03 -5.039076e-01 -8.637416e-01
    outer loop
      vertex   3.654000e-01 -9.441785e-03  5.933690e-01
      vertex   3.630000e-01 -1.094415e-02  5.942601e-01
      vertex   3.630000e-01 -9.185849e-03  5.932343e-01
    endloop
  endfacet
  facet normal  5.631478e-03 -4.496183e-02  9.989728e-01
    outer loop
      vertex   3.630000e-01  4.594047e-08  6.310000e-01
      vertex   3.630000e-01 -1.797043e-03  6.309191e-01
      vertex   3.654000e-01 -2.057953e-03  6.308938e-01
    endloop
  endfacet
  facet normal -4.357038e-03 -1.360394e-01  9.906938e-01
    outer loop
      vertex   3.654000e-01 -2.057953e-03  6.308938e-01
      vertex   3.630000e-01 -1.797043e-03  6.309191e-01
      vertex   3.630000e-01 -3.639216e-03  6.306661e-01
    endloop
  endfacet
  facet normal  9.035825e-03 -1.559391e-01  9.877253e-01
    outer loop
      vertex   3.654000e-01 -2.057953e-03  6.308938e-01
      vertex   3.630000e-01 -3.639216e-03  6.306661e-01
      vertex   3.654000e-01 -4.170658e-03  6.305603e-01
    endloop
  endfacet
  facet normal -7.734821e-03 -2.288287e-01  9.734360e-01
    outer loop
      vertex   3.654000e-01 -4.170658e-03  6.305603e-01
      vertex   3.630000e-01 -3.639216e-03  6.306661e-01
      vertex   3.630000e-01 -5.503119e-03  6.302280e-01
    endloop
  endfacet
  facet normal  1.196142e-02 -2.621868e-01  9.649430e-01
    outer loop
      vertex   3.654000e-01 -4.170658e-03  6.305603e-01
      vertex   3.630000e-01 -5.503119e-03  6.302280e-01
      vertex   3.654000e-01 -6.302026e-03  6.299812e-01
    endloop
  endfacet
  facet normal -9.828449e-03 -3.220051e-01  9.466869e-01
    outer loop
      vertex   3.654000e-01 -6.302026e-03  6.299812e-01
      vertex   3.630000e-01 -5.503119e-03  6.302280e-01
      vertex   3.630000e-01 -7.361849e-03  6.295958e-01
    endloop
  endfacet
  facet normal  1.339290e-02 -3.683702e-01  9.295828e-01
    outer loop
      vertex   3.654000e-01 -6.302026e-03  6.299812e-01
      vertex   3.630000e-01 -7.361849e-03  6.295958e-01
      vertex   3.654000e-01 -8.410357e-03  6.291457e-01
    endloop
  endfacet
  facet normal -1.026723e-02 -4.141799e-01  9.101371e-01
    outer loop
      vertex   3.654000e-01 -8.410357e-03  6.291457e-01
      vertex   3.630000e-01 -7.361849e-03  6.295958e-01
      vertex   3.630000e-01 -9.185847e-03  6.287657e-01
    endloop
  endfacet
  facet normal  1.305947e-02 -4.722696e-01  8.813574e-01
    outer loop
      vertex   3.654000e-01 -8.410357e-03  6.291457e-01
      vertex   3.630000e-01 -9.185847e-03  6.287657e-01
      vertex   3.654000e-01 -1.045030e-02  6.280526e-01
    endloop
  endfacet
  facet normal -8.843313e-03 -5.038949e-01  8.637198e-01
    outer loop
      vertex   3.654000e-01 -1.045030e-02  6.280526e-01
      vertex   3.630000e-01 -9.185847e-03  6.287657e-01
      vertex   3.630000e-01 -1.094415e-02  6.277399e-01
    endloop
  endfacet
  facet normal  1.072348e-02 -5.715967e-01  8.204646e-01
    outer loop
      vertex   3.654000e-01 -1.045030e-02  6.280526e-01
      vertex   3.630000e-01 -1.094415e-02  6.277399e-01
      vertex   3.654000e-01 -1.237556e-02  6.267113e-01
    endloop
  endfacet
  facet normal -5.423758e-03 -5.895221e-01  8.077340e-01
    outer loop
      vertex   3.654000e-01 -1.237556e-02  6.267113e-01
      vertex   3.630000e-01 -1.094415e-02  6.277399e-01
      vertex   3.630000e-01 -1.260592e-02  6.265271e-01
    endloop
  endfacet
  facet normal  6.347984e-03 -6.640919e-01  7.476240e-01
    outer loop
      vertex   3.654000e-01 -1.237556e-02  6.267113e-01
      vertex   3.630000e-01 -1.260592e-02  6.265271e-01
      vertex   3.654000e-01 -1.414209e-02  6.251422e-01
    endloop
  endfacet
  facet normal  0.000000e+00 -6.695945e-01  7.427270e-01
    outer loop
      vertex   3.654000e-01 -1.414209e-02  6.251422e-01
      vertex   3.630000e-01 -1.260592e-02  6.265271e-01
      vertex   3.630000e-01 -1.414209e-02  6.251422e-01
    endloop
  endfacet
  facet normal  0.000000e+00 -7.427272e-01  6.695942e-01
    outer loop
      vertex   3.654000e-01 -1.414209e-02  6.251422e-01
      vertex   3.630000e-01 -1.414209e-02  6.251422e-01
      vertex   3.630000e-01 -1.552702e-02  6.236060e-01
    endloop
  endfacet
  facet normal  6.358563e-03 -7.476323e-01  6.640824e-01
    outer loop
      vertex   3.654000e-01 -1.414209e-02  6.251422e-01
      vertex   3.630000e-01 -1.552702e-02  6.236060e-01
      vertex   3.654000e-01 -1.571123e-02  6.233756e-01
    endloop
  endfacet
  facet normal -5.411481e-03 -8.077332e-01  5.895233e-01
    outer loop
      vertex   3.654000e-01 -1.571123e-02  6.233756e-01
      vertex   3.630000e-01 -1.552702e-02  6.236060e-01
      vertex   3.630000e-01 -1.673987e-02  6.219442e-01
    endloop
  endfacet
  facet normal  1.072726e-02 -8.204570e-01  5.716075e-01
    outer loop
      vertex   3.654000e-01 -1.571123e-02  6.233756e-01
      vertex   3.630000e-01 -1.673987e-02  6.219442e-01
      vertex   3.654000e-01 -1.705253e-02  6.214504e-01
    endloop
  endfacet
  facet normal -8.842538e-03 -8.637216e-01  5.038916e-01
    outer loop
      vertex   3.654000e-01 -1.705253e-02  6.214504e-01
      vertex   3.630000e-01 -1.673987e-02  6.219442e-01
      vertex   3.630000e-01 -1.776564e-02  6.201859e-01
    endloop
  endfacet
  facet normal  1.306125e-02 -8.813600e-01  4.722647e-01
    outer loop
      vertex   3.654000e-01 -1.705253e-02  6.214504e-01
      vertex   3.630000e-01 -1.776564e-02  6.201859e-01
      vertex   3.654000e-01 -1.814562e-02  6.194104e-01
    endloop
  endfacet
  facet normal -1.026105e-02 -9.101337e-01  4.141878e-01
    outer loop
      vertex   3.654000e-01 -1.814562e-02  6.194104e-01
      vertex   3.630000e-01 -1.776564e-02  6.201859e-01
      vertex   3.630000e-01 -1.859572e-02  6.183619e-01
    endloop
  endfacet
  facet normal  1.340298e-02 -9.295823e-01  3.683708e-01
    outer loop
      vertex   3.654000e-01 -1.814562e-02  6.194104e-01
      vertex   3.630000e-01 -1.859572e-02  6.183619e-01
      vertex   3.654000e-01 -1.898110e-02  6.173021e-01
    endloop
  endfacet
  facet normal -9.820213e-03 -9.466881e-01  3.220021e-01
    outer loop
      vertex   3.654000e-01 -1.898110e-02  6.173021e-01
      vertex   3.630000e-01 -1.859572e-02  6.183619e-01
      vertex   3.630000e-01 -1.922794e-02  6.165032e-01
    endloop
  endfacet
  facet normal  1.196183e-02 -9.649383e-01  2.622038e-01
    outer loop
      vertex   3.654000e-01 -1.898110e-02  6.173021e-01
      vertex   3.630000e-01 -1.922794e-02  6.165032e-01
      vertex   3.654000e-01 -1.956026e-02  6.151707e-01
    endloop
  endfacet
  facet normal -7.751167e-03 -9.734385e-01  2.288175e-01
    outer loop
      vertex   3.654000e-01 -1.956026e-02  6.151707e-01
      vertex   3.630000e-01 -1.922794e-02  6.165032e-01
      vertex   3.630000e-01 -1.966606e-02  6.146393e-01
    endloop
  endfacet
  facet normal  9.017237e-03 -9.877261e-01  1.559354e-01
    outer loop
      vertex   3.654000e-01 -1.956026e-02  6.151707e-01
      vertex   3.630000e-01 -1.966606e-02  6.146393e-01
      vertex   3.654000e-01 -1.989379e-02  6.130580e-01
    endloop
  endfacet
  facet normal -4.364518e-03 -9.906921e-01  1.360521e-01
    outer loop
      vertex   3.654000e-01 -1.989379e-02  6.130580e-01
      vertex   3.630000e-01 -1.966606e-02  6.146393e-01
      vertex   3.630000e-01 -1.991905e-02  6.127971e-01
    endloop
  endfacet
  facet normal  4.910855e-03 -9.986601e-01  5.151673e-02
    outer loop
      vertex   3.654000e-01 -1.989379e-02  6.130580e-01
      vertex   3.630000e-01 -1.991905e-02  6.127971e-01
      vertex   3.654000e-01 -1.999996e-02  6.110000e-01
    endloop
  endfacet
  facet normal  0.000000e+00 -9.989882e-01  4.497311e-02
    outer loop
      vertex   3.654000e-01 -1.999996e-02  6.110000e-01
      vertex   3.630000e-01 -1.991905e-02  6.127971e-01
      vertex   3.630000e-01 -1.999996e-02  6.110000e-01
    endloop
  endfacet
  facet normal -0.000000e+00 -9.989882e-01 -4.497311e-02
    outer loop
      vertex   3.654000e-01 -1.999996e-02  6.110000e-01
      vertex   3.630000e-01 -1.999996e-02  6.110000e-01
      vertex   3.630000e-01 -1.991905e-02  6.092029e-01
    endloop
  endfacet
  facet normal  4.911972e-03 -9.986600e-01 -5.151822e-02
    outer loop
      vertex   3.654000e-01 -1.999996e-02  6.110000e-01
      vertex   3.630000e-01 -1.991905e-02  6.092029e-01
      vertex   3.654000e-01 -1.989379e-02  6.089420e-01
    endloop
  endfacet
  facet normal -4.361140e-03 -9.906921e-01 -1.360521e-01
    outer loop
      vertex   3.654000e-01 -1.989379e-02  6.089420e-01
      vertex   3.630000e-01 -1.991905e-02  6.092029e-01
      vertex   3.630000e-01 -1.966606e-02  6.073607e-01
    endloop
  endfacet
  facet normal  9.018224e-03 -9.877268e-01 -1.559311e-01
    outer loop
      vertex   3.654000e-01 -1.989379e-02  6.089420e-01
      vertex   3.630000e-01 -1.966606e-02  6.073607e-01
      vertex   3.654000e-01 -1.956026e-02  6.068293e-01
    endloop
  endfacet
  facet normal -7.751167e-03 -9.734385e-01 -2.288175e-01
    outer loop
      vertex   3.654000e-01 -1.956026e-02  6.068293e-01
      vertex   3.630000e-01 -1.966606e-02  6.073607e-01
      vertex   3.630000e-01 -1.922794e-02  6.054968e-01
    endloop
  endfacet
  facet normal  2.807476e-02 -9.568541e-01 -2.892096e-01
    outer loop
      vertex   3.654000e-01 -1.956026e-02  6.068293e-01
      vertex   3.630000e-01 -1.922794e-02  6.054968e-01
      vertex   3.654000e-01 -1.859572e-02  6.036381e-01
    endloop
  endfacet
  facet normal -0.000000e+00 -9.467337e-01 -3.220176e-01
    outer loop
      vertex   3.654000e-01 -1.859572e-02  6.036381e-01
      vertex   3.630000e-01 -1.922794e-02  6.054968e-01
      vertex   3.630000e-01 -1.859572e-02  6.036381e-01
    endloop
  endfacet
  facet normal -0.000000e+00 -9.131427e-01 -4.076400e-01
    outer loop
      vertex   3.654000e-01 -1.859572e-02  6.036381e-01
      vertex   3.630000e-01 -1.859572e-02  6.036381e-01
      vertex   3.654000e-01 -1.789632e-02  6.020714e-01
    endloop
  endfacet
  facet normal -5.151553e-03 -9.101694e-01 -4.142042e-01
    outer loop
      vertex   3.654000e-01 -1.789632e-02  6.020714e-01
      vertex   3.630000e-01 -1.859572e-02  6.036381e-01
      vertex   3.630000e-01 -1.776564e-02  6.018141e-01
    endloop
  endfacet
  facet normal  4.369843e-03 -8.745478e-01 -4.849196e-01
    outer loop
      vertex   3.654000e-01 -1.789632e-02  6.020714e-01
      vertex   3.630000e-01 -1.776564e-02  6.018141e-01
      vertex   3.654000e-01 -1.705253e-02  6.005496e-01
    endloop
  endfacet
  facet normal -8.842538e-03 -8.637216e-01 -5.038916e-01
    outer loop
      vertex   3.654000e-01 -1.705253e-02  6.005496e-01
      vertex   3.630000e-01 -1.776564e-02  6.018141e-01
      vertex   3.630000e-01 -1.673987e-02  6.000558e-01
    endloop
  endfacet
  facet normal  7.143130e-03 -8.288134e-01 -5.594795e-01
    outer loop
      vertex   3.654000e-01 -1.705253e-02  6.005496e-01
      vertex   3.630000e-01 -1.673987e-02  6.000558e-01
      vertex   3.654000e-01 -1.606890e-02  5.990925e-01
    endloop
  endfacet
  facet normal -1.080872e-02 -8.076983e-01 -5.894969e-01
    outer loop
      vertex   3.654000e-01 -1.606890e-02  5.990925e-01
      vertex   3.630000e-01 -1.673987e-02  6.000558e-01
      vertex   3.630000e-01 -1.552702e-02  5.983940e-01
    endloop
  endfacet
  facet normal  8.161081e-03 -7.762952e-01 -6.303167e-01
    outer loop
      vertex   3.654000e-01 -1.606890e-02  5.990925e-01
      vertex   3.630000e-01 -1.552702e-02  5.983940e-01
      vertex   3.654000e-01 -1.495346e-02  5.977187e-01
    endloop
  endfacet
  facet normal -1.091267e-02 -7.426829e-01 -6.695543e-01
    outer loop
      vertex   3.654000e-01 -1.495346e-02  5.977187e-01
      vertex   3.630000e-01 -1.552702e-02  5.983940e-01
      vertex   3.630000e-01 -1.414209e-02  5.968578e-01
    endloop
  endfacet
  facet normal  7.299209e-03 -7.174639e-01 -6.965575e-01
    outer loop
      vertex   3.654000e-01 -1.495346e-02  5.977187e-01
      vertex   3.630000e-01 -1.414209e-02  5.968578e-01
      vertex   3.654000e-01 -1.371758e-02  5.964457e-01
    endloop
  endfacet
  facet normal -9.095537e-03 -6.695668e-01 -7.426962e-01
    outer loop
      vertex   3.654000e-01 -1.371758e-02  5.964457e-01
      vertex   3.630000e-01 -1.414209e-02  5.968578e-01
      vertex   3.630000e-01 -1.260592e-02  5.954729e-01
    endloop
  endfacet
  facet normal  4.533571e-03 -6.529779e-01 -7.573635e-01
    outer loop
      vertex   3.654000e-01 -1.371758e-02  5.964457e-01
      vertex   3.630000e-01 -1.260592e-02  5.954729e-01
      vertex   3.654000e-01 -1.237557e-02  5.952887e-01
    endloop
  endfacet
  facet normal -5.423758e-03 -5.895221e-01 -8.077340e-01
    outer loop
      vertex   3.654000e-01 -1.237557e-02  5.952887e-01
      vertex   3.630000e-01 -1.260592e-02  5.954729e-01
      vertex   3.630000e-01 -1.094415e-02  5.942601e-01
    endloop
  endfacet
  facet normal  0.000000e+00 -5.835494e-01 -8.120775e-01
    outer loop
      vertex   3.654000e-01 -1.237557e-02  5.952887e-01
      vertex   3.630000e-01 -1.094415e-02  5.942601e-01
      vertex   3.654000e-01 -1.094415e-02  5.942601e-01
    endloop
  endfacet
  facet normal  4.332873e-03 -4.336336e-01 -9.010789e-01
    outer loop
      vertex   3.654000e-01 -9.441785e-03  5.933690e-01
      vertex   3.630000e-01 -9.185849e-03  5.932343e-01
      vertex   3.654000e-01 -7.887877e-03  5.926212e-01
    endloop
  endfacet
  facet normal -8.502175e-03 -4.141870e-01 -9.101521e-01
    outer loop
      vertex   3.654000e-01 -7.887877e-03  5.926212e-01
      vertex   3.630000e-01 -9.185849e-03  5.932343e-01
      vertex   3.630000e-01 -7.361852e-03  5.924042e-01
    endloop
  endfacet
  facet normal  6.682818e-03 -3.550771e-01 -9.348131e-01
    outer loop
      vertex   3.654000e-01 -7.887877e-03  5.926212e-01
      vertex   3.630000e-01 -7.361852e-03  5.924042e-01
      vertex   3.654000e-01 -6.302029e-03  5.920188e-01
    endloop
  endfacet
  facet normal -9.828449e-03 -3.220051e-01 -9.466869e-01
    outer loop
      vertex   3.654000e-01 -6.302029e-03  5.920188e-01
      vertex   3.630000e-01 -7.361852e-03  5.924042e-01
      vertex   3.630000e-01 -5.503122e-03  5.917720e-01
    endloop
  endfacet
  facet normal  2.134160e-02 -2.360368e-01 -9.715098e-01
    outer loop
      vertex   3.654000e-01 -6.302029e-03  5.920188e-01
      vertex   3.630000e-01 -5.503122e-03  5.917720e-01
      vertex   3.654000e-01 -3.109572e-03  5.912432e-01
    endloop
  endfacet
  facet normal  1.372749e-02 -2.288139e-01 -9.733734e-01
    outer loop
      vertex   3.654000e-01 -3.109572e-03  5.912432e-01
      vertex   3.630000e-01 -5.503122e-03  5.917720e-01
      vertex   3.630000e-01 -3.639218e-03  5.913339e-01
    endloop
  endfacet
  facet normal -7.400858e-03 -1.360370e-01 -9.906762e-01
    outer loop
      vertex   3.654000e-01 -3.109572e-03  5.912432e-01
      vertex   3.630000e-01 -3.639218e-03  5.913339e-01
      vertex   3.630000e-01 -1.797046e-03  5.910809e-01
    endloop
  endfacet
  facet normal -3.394560e-09 -4.496254e-02 -9.989886e-01
    outer loop
      vertex   3.630000e-01  4.292055e-08  5.910000e-01
      vertex   3.678000e-01  4.255816e-08  5.910000e-01
      vertex   3.630000e-01 -1.797046e-03  5.910809e-01
    endloop
  endfacet
  facet normal -3.271461e-09 -4.496254e-02 -9.989886e-01
    outer loop
      vertex   3.630000e-01 -1.797046e-03  5.910809e-01
      vertex   3.678000e-01  4.255816e-08  5.910000e-01
      vertex   3.678000e-01 -1.797047e-03  5.910809e-01
    endloop
  endfacet
  facet normal -8.929260e-09 -1.227226e-01 -9.924410e-01
    outer loop
      vertex   3.630000e-01 -1.797046e-03  5.910809e-01
      vertex   3.678000e-01 -1.797047e-03  5.910809e-01
      vertex   3.654000e-01 -3.109572e-03  5.912432e-01
    endloop
  endfacet
  facet normal  7.400740e-03 -1.360370e-01 -9.906762e-01
    outer loop
      vertex   3.654000e-01 -3.109572e-03  5.912432e-01
      vertex   3.678000e-01 -1.797047e-03  5.910809e-01
      vertex   3.678000e-01 -3.639219e-03  5.913339e-01
    endloop
  endfacet
  facet normal -1.372737e-02 -2.288140e-01 -9.733734e-01
    outer loop
      vertex   3.654000e-01 -3.109572e-03  5.912432e-01
      vertex   3.678000e-01 -3.639219e-03  5.913339e-01
      vertex   3.678000e-01 -5.503122e-03  5.917720e-01
    endloop
  endfacet
  facet normal -2.134134e-02 -2.360367e-01 -9.715097e-01
    outer loop
      vertex   3.654000e-01 -3.109572e-03  5.912432e-01
      vertex   3.678000e-01 -5.503122e-03  5.917720e-01
      vertex   3.654000e-01 -6.302029e-03  5.920188e-01
    endloop
  endfacet
  facet normal  9.828326e-03 -3.220051e-01 -9.466869e-01
    outer loop
      vertex   3.654000e-01 -6.302029e-03  5.920188e-01
      vertex   3.678000e-01 -5.503122e-03  5.917720e-01
      vertex   3.678000e-01 -7.361852e-03  5.924042e-01
    endloop
  endfacet
  facet normal -6.682729e-03 -3.550771e-01 -9.348131e-01
    outer loop
      vertex   3.654000e-01 -6.302029e-03  5.920188e-01
      vertex   3.678000e-01 -7.361852e-03  5.924042e-01
      vertex   3.654000e-01 -7.887877e-03  5.926212e-01
    endloop
  endfacet
  facet normal  8.502069e-03 -4.141870e-01 -9.101521e-01
    outer loop
      vertex   3.654000e-01 -7.887877e-03  5.926212e-01
      vertex   3.678000e-01 -7.361852e-03  5.924042e-01
      vertex   3.678000e-01 -9.185849e-03  5.932343e-01
    endloop
  endfacet
  facet normal -4.332822e-03 -4.336336e-01 -9.010788e-01
    outer loop
      vertex   3.654000e-01 -7.887877e-03  5.926212e-01
      vertex   3.678000e-01 -9.185849e-03  5.932343e-01
      vertex   3.654000e-01 -9.441785e-03  5.933690e-01
    endloop
  endfacet
  facet normal  5.256818e-03 -5.039076e-01 -8.637416e-01
    outer loop
      vertex   3.654000e-01 -9.441785e-03  5.933690e-01
      vertex   3.678000e-01 -9.185849e-03  5.932343e-01
      vertex   3.678000e-01 -1.094415e-02  5.942601e-01
    endloop
  endfacet
  facet normal  0.000000e+00  9.989883e-01 -4.497163e-02
    outer loop
      vertex   3.570000e-01  2.250005e-02  6.110000e-01
      vertex   3.630000e-01  2.250005e-02  6.110000e-01
      vertex   3.570000e-01  2.240903e-02  6.089783e-01
    endloop
  endfacet
  facet normal  3.922816e-03  9.983899e-01 -5.658668e-02
    outer loop
      vertex   3.570000e-01  2.240903e-02  6.089783e-01
      vertex   3.630000e-01  2.250005e-02  6.110000e-01
      vertex   3.600000e-01  2.238061e-02  6.086848e-01
    endloop
  endfacet
  facet normal -3.924493e-03  9.906936e-01 -1.360548e-01
    outer loop
      vertex   3.570000e-01  2.240903e-02  6.089783e-01
      vertex   3.600000e-01  2.238061e-02  6.086848e-01
      vertex   3.570000e-01  2.212442e-02  6.069058e-01
    endloop
  endfacet
  facet normal  8.117334e-03  9.877338e-01 -1.559357e-01
    outer loop
      vertex   3.570000e-01  2.212442e-02  6.069058e-01
      vertex   3.600000e-01  2.238061e-02  6.086848e-01
      vertex   3.600000e-01  2.200538e-02  6.063080e-01
    endloop
  endfacet
  facet normal -6.973164e-03  9.734445e-01 -2.288169e-01
    outer loop
      vertex   3.570000e-01  2.212442e-02  6.069058e-01
      vertex   3.600000e-01  2.200538e-02  6.063080e-01
      vertex   3.570000e-01  2.163152e-02  6.048089e-01
    endloop
  endfacet
  facet normal  1.076572e-02  9.649536e-01 -2.621996e-01
    outer loop
      vertex   3.570000e-01  2.163152e-02  6.048089e-01
      vertex   3.600000e-01  2.200538e-02  6.063080e-01
      vertex   3.600000e-01  2.135384e-02  6.039101e-01
    endloop
  endfacet
  facet normal -8.841554e-03  9.466965e-01 -3.220057e-01
    outer loop
      vertex   3.570000e-01  2.163152e-02  6.048089e-01
      vertex   3.600000e-01  2.135384e-02  6.039101e-01
      vertex   3.570000e-01  2.092028e-02  6.027179e-01
    endloop
  endfacet
  facet normal  1.206018e-02  9.295967e-01 -3.683810e-01
    outer loop
      vertex   3.570000e-01  2.092028e-02  6.027179e-01
      vertex   3.600000e-01  2.135384e-02  6.039101e-01
      vertex   3.600000e-01  2.041392e-02  6.015383e-01
    endloop
  endfacet
  facet normal -9.237277e-03  9.101413e-01 -4.141952e-01
    outer loop
      vertex   3.570000e-01  2.092028e-02  6.027179e-01
      vertex   3.600000e-01  2.041392e-02  6.015383e-01
      vertex   3.570000e-01  1.998644e-02  6.006659e-01
    endloop
  endfacet
  facet normal  1.175166e-02  8.813737e-01 -4.722736e-01
    outer loop
      vertex   3.570000e-01  1.998644e-02  6.006659e-01
      vertex   3.600000e-01  2.041392e-02  6.015383e-01
      vertex   3.600000e-01  1.918419e-02  5.992433e-01
    endloop
  endfacet
  facet normal -7.956139e-03  8.637327e-01 -5.038874e-01
    outer loop
      vertex   3.570000e-01  1.998644e-02  6.006659e-01
      vertex   3.600000e-01  1.918419e-02  5.992433e-01
      vertex   3.570000e-01  1.883245e-02  5.986878e-01
    endloop
  endfacet
  facet normal  9.657674e-03  8.204696e-01 -5.716085e-01
    outer loop
      vertex   3.570000e-01  1.883245e-02  5.986878e-01
      vertex   3.600000e-01  1.918419e-02  5.992433e-01
      vertex   3.600000e-01  1.767523e-02  5.970774e-01
    endloop
  endfacet
  facet normal -4.871897e-03  8.077350e-01 -5.895255e-01
    outer loop
      vertex   3.570000e-01  1.883245e-02  5.986878e-01
      vertex   3.600000e-01  1.767523e-02  5.970774e-01
      vertex   3.570000e-01  1.746799e-02  5.968183e-01
    endloop
  endfacet
  facet normal  5.721964e-03  7.476279e-01 -6.640931e-01
    outer loop
      vertex   3.570000e-01  1.746799e-02  5.968183e-01
      vertex   3.600000e-01  1.767523e-02  5.970774e-01
      vertex   3.600000e-01  1.590995e-02  5.950901e-01
    endloop
  endfacet
  facet normal  0.000000e+00  7.427204e-01 -6.696017e-01
    outer loop
      vertex   3.570000e-01  1.746799e-02  5.968183e-01
      vertex   3.600000e-01  1.590995e-02  5.950901e-01
      vertex   3.570000e-01  1.590995e-02  5.950901e-01
    endloop
  endfacet
  facet normal  0.000000e+00  6.696034e-01 -7.427188e-01
    outer loop
      vertex   3.570000e-01  1.590995e-02  5.950901e-01
      vertex   3.600000e-01  1.590995e-02  5.950901e-01
      vertex   3.570000e-01  1.418175e-02  5.935320e-01
    endloop
  endfacet
  facet normal  5.719625e-03  6.640972e-01 -7.476243e-01
    outer loop
      vertex   3.570000e-01  1.418175e-02  5.935320e-01
      vertex   3.600000e-01  1.590995e-02  5.950901e-01
      vertex   3.600000e-01  1.392260e-02  5.933248e-01
    endloop
  endfacet
  facet normal -4.876031e-03  5.895150e-01 -8.077427e-01
    outer loop
      vertex   3.570000e-01  1.418175e-02  5.935320e-01
      vertex   3.600000e-01  1.392260e-02  5.933248e-01
      vertex   3.570000e-01  1.231226e-02  5.921676e-01
    endloop
  endfacet
  facet normal  9.647828e-03  5.716047e-01 -8.204724e-01
    outer loop
      vertex   3.570000e-01  1.231226e-02  5.921676e-01
      vertex   3.600000e-01  1.392260e-02  5.933248e-01
      vertex   3.600000e-01  1.175668e-02  5.918158e-01
    endloop
  endfacet
  facet normal -7.964331e-03  5.038937e-01 -8.637289e-01
    outer loop
      vertex   3.570000e-01  1.231226e-02  5.921676e-01
      vertex   3.600000e-01  1.175668e-02  5.918158e-01
      vertex   3.570000e-01  1.033417e-02  5.910136e-01
    endloop
  endfacet
  facet normal  1.174903e-02  4.722708e-01 -8.813753e-01
    outer loop
      vertex   3.570000e-01  1.033417e-02  5.910136e-01
      vertex   3.600000e-01  1.175668e-02  5.918158e-01
      vertex   3.600000e-01  9.461747e-03  5.905861e-01
    endloop
  endfacet
  facet normal -9.240919e-03  4.141896e-01 -9.101437e-01
    outer loop
      vertex   3.570000e-01  1.033417e-02  5.910136e-01
      vertex   3.600000e-01  9.461747e-03  5.905861e-01
      vertex   3.570000e-01  8.282175e-03  5.900798e-01
    endloop
  endfacet
  facet normal  1.205724e-02  3.683738e-01 -9.295996e-01
    outer loop
      vertex   3.570000e-01  8.282175e-03  5.900798e-01
      vertex   3.600000e-01  9.461747e-03  5.905861e-01
      vertex   3.600000e-01  7.089874e-03  5.896462e-01
    endloop
  endfacet
  facet normal -8.839602e-03  3.220110e-01 -9.466947e-01
    outer loop
      vertex   3.570000e-01  8.282175e-03  5.900798e-01
      vertex   3.600000e-01  7.089874e-03  5.896462e-01
      vertex   3.570000e-01  6.191103e-03  5.893685e-01
    endloop
  endfacet
  facet normal  1.076889e-02  2.622015e-01 -9.649530e-01
    outer loop
      vertex   3.570000e-01  6.191103e-03  5.893685e-01
      vertex   3.600000e-01  7.089874e-03  5.896462e-01
      vertex   3.600000e-01  4.692085e-03  5.889947e-01
    endloop
  endfacet
  facet normal -6.975911e-03  2.288070e-01 -9.734468e-01
    outer loop
      vertex   3.570000e-01  6.191103e-03  5.893685e-01
      vertex   3.600000e-01  4.692085e-03  5.889947e-01
      vertex   3.570000e-01  4.094212e-03  5.888757e-01
    endloop
  endfacet
  facet normal  8.110158e-03  1.559525e-01 -9.877313e-01
    outer loop
      vertex   3.570000e-01  4.094212e-03  5.888757e-01
      vertex   3.600000e-01  4.692085e-03  5.889947e-01
      vertex   3.600000e-01  2.315291e-03  5.886194e-01
    endloop
  endfacet
  facet normal -3.942373e-03  1.360536e-01 -9.906936e-01
    outer loop
      vertex   3.570000e-01  4.094212e-03  5.888757e-01
      vertex   3.600000e-01  2.315291e-03  5.886194e-01
      vertex   3.570000e-01  2.021768e-03  5.885910e-01
    endloop
  endfacet
  facet normal  4.406119e-03  5.149708e-02 -9.986634e-01
    outer loop
      vertex   3.570000e-01  2.021768e-03  5.885910e-01
      vertex   3.600000e-01  2.315291e-03  5.886194e-01
      vertex   3.600000e-01  4.295830e-08  5.885000e-01
    endloop
  endfacet
  facet normal  0.000000e+00  4.497357e-02 -9.989882e-01
    outer loop
      vertex   3.570000e-01  2.021768e-03  5.885910e-01
      vertex   3.600000e-01  4.295830e-08  5.885000e-01
      vertex   3.570000e-01  4.318479e-08  5.885000e-01
    endloop
  endfacet
  facet normal -3.395404e-09 -4.497358e-02 -9.989882e-01
    outer loop
      vertex   3.570000e-01  4.318479e-08  5.885000e-01
      vertex   3.600000e-01  4.295830e-08  5.885000e-01
      vertex   3.570000e-01 -2.021682e-03  5.885910e-01
    endloop
  endfacet
  facet normal  4.406112e-03 -5.149709e-02 -9.986634e-01
    outer loop
      vertex   3.570000e-01 -2.021682e-03  5.885910e-01
      vertex   3.600000e-01  4.295830e-08  5.885000e-01
      vertex   3.600000e-01 -2.315205e-03  5.886194e-01
    endloop
  endfacet
  facet normal -3.942386e-03 -1.360536e-01 -9.906936e-01
    outer loop
      vertex   3.570000e-01 -2.021682e-03  5.885910e-01
      vertex   3.600000e-01 -2.315205e-03  5.886194e-01
      vertex   3.570000e-01 -4.094126e-03  5.888757e-01
    endloop
  endfacet
  facet normal  8.110164e-03 -1.559524e-01 -9.877313e-01
    outer loop
      vertex   3.570000e-01 -4.094126e-03  5.888757e-01
      vertex   3.600000e-01 -2.315205e-03  5.886194e-01
      vertex   3.600000e-01 -4.691999e-03  5.889947e-01
    endloop
  endfacet
  facet normal -6.975906e-03 -2.288070e-01 -9.734468e-01
    outer loop
      vertex   3.570000e-01 -4.094126e-03  5.888757e-01
      vertex   3.600000e-01 -4.691999e-03  5.889947e-01
      vertex   3.570000e-01 -6.191018e-03  5.893685e-01
    endloop
  endfacet
  facet normal  3.583972e-03 -2.487238e-01 -9.685678e-01
    outer loop
      vertex   3.570000e-01 -6.191018e-03  5.893685e-01
      vertex   3.600000e-01 -4.691999e-03  5.889947e-01
      vertex   3.600000e-01 -6.490847e-03  5.894566e-01
    endloop
  endfacet
  facet normal -4.383071e-03 -3.220207e-01 -9.467225e-01
    outer loop
      vertex   3.570000e-01 -6.191018e-03  5.893685e-01
      vertex   3.600000e-01 -6.490847e-03  5.894566e-01
      vertex   3.570000e-01 -8.282088e-03  5.900798e-01
    endloop
  endfacet
  facet normal -1.020049e-07 -3.285799e-01 -9.444762e-01
    outer loop
      vertex   3.570000e-01 -8.282088e-03  5.900798e-01
      vertex   3.600000e-01 -6.490847e-03  5.894566e-01
      vertex   3.600000e-01 -8.282089e-03  5.900798e-01
    endloop
  endfacet
  facet normal -1.265416e-07 -4.076180e-01 -9.131526e-01
    outer loop
      vertex   3.570000e-01 -8.282088e-03  5.900798e-01
      vertex   3.600000e-01 -8.282089e-03  5.900798e-01
      vertex   3.600000e-01 -1.004465e-02  5.908666e-01
    endloop
  endfacet
  facet normal  0.000000e+00 -4.076180e-01 -9.131525e-01
    outer loop
      vertex   3.600000e-01 -1.004465e-02  5.908666e-01
      vertex   3.600000e-01 -8.282089e-03  5.900798e-01
      vertex   3.630000e-01 -8.282089e-03  5.900798e-01
    endloop
  endfacet
  facet normal  4.650186e-03 -4.142028e-01 -9.101727e-01
    outer loop
      vertex   3.600000e-01 -1.004465e-02  5.908666e-01
      vertex   3.630000e-01 -8.282089e-03  5.900798e-01
      vertex   3.630000e-01 -1.033409e-02  5.910136e-01
    endloop
  endfacet
  facet normal -5.064776e-03  9.989755e-01 -4.497105e-02
    outer loop
      vertex   3.630000e-01  2.250005e-02  6.110000e-01
      vertex   3.630000e-01  2.240903e-02  6.089783e-01
      vertex   3.600000e-01  2.238061e-02  6.086848e-01
    endloop
  endfacet
  facet normal  3.924532e-03  9.906935e-01 -1.360547e-01
    outer loop
      vertex   3.600000e-01  2.238061e-02  6.086848e-01
      vertex   3.630000e-01  2.240903e-02  6.089783e-01
      vertex   3.630000e-01  2.212442e-02  6.069058e-01
    endloop
  endfacet
  facet normal -8.117417e-03  9.877338e-01 -1.559357e-01
    outer loop
      vertex   3.600000e-01  2.238061e-02  6.086848e-01
      vertex   3.630000e-01  2.212442e-02  6.069058e-01
      vertex   3.600000e-01  2.200538e-02  6.063080e-01
    endloop
  endfacet
  facet normal  6.973234e-03  9.734445e-01 -2.288169e-01
    outer loop
      vertex   3.600000e-01  2.200538e-02  6.063080e-01
      vertex   3.630000e-01  2.212442e-02  6.069058e-01
      vertex   3.630000e-01  2.163152e-02  6.048089e-01
    endloop
  endfacet
  facet normal -1.076582e-02  9.649535e-01 -2.621996e-01
    outer loop
      vertex   3.600000e-01  2.200538e-02  6.063080e-01
      vertex   3.630000e-01  2.163152e-02  6.048089e-01
      vertex   3.600000e-01  2.135384e-02  6.039101e-01
    endloop
  endfacet
  facet normal  8.841638e-03  9.466965e-01 -3.220057e-01
    outer loop
      vertex   3.600000e-01  2.135384e-02  6.039101e-01
      vertex   3.630000e-01  2.163152e-02  6.048089e-01
      vertex   3.630000e-01  2.092028e-02  6.027179e-01
    endloop
  endfacet
  facet normal -1.206031e-02  9.295967e-01 -3.683810e-01
    outer loop
      vertex   3.600000e-01  2.135384e-02  6.039101e-01
      vertex   3.630000e-01  2.092028e-02  6.027179e-01
      vertex   3.600000e-01  2.041392e-02  6.015383e-01
    endloop
  endfacet
  facet normal  9.237369e-03  9.101412e-01 -4.141951e-01
    outer loop
      vertex   3.600000e-01  2.041392e-02  6.015383e-01
      vertex   3.630000e-01  2.092028e-02  6.027179e-01
      vertex   3.630000e-01  1.998644e-02  6.006659e-01
    endloop
  endfacet
  facet normal -1.175178e-02  8.813736e-01 -4.722736e-01
    outer loop
      vertex   3.600000e-01  2.041392e-02  6.015383e-01
      vertex   3.630000e-01  1.998644e-02  6.006659e-01
      vertex   3.600000e-01  1.918419e-02  5.992433e-01
    endloop
  endfacet
  facet normal  7.956223e-03  8.637326e-01 -5.038875e-01
    outer loop
      vertex   3.600000e-01  1.918419e-02  5.992433e-01
      vertex   3.630000e-01  1.998644e-02  6.006659e-01
      vertex   3.630000e-01  1.883245e-02  5.986878e-01
    endloop
  endfacet
  facet normal -9.657771e-03  8.204696e-01 -5.716085e-01
    outer loop
      vertex   3.600000e-01  1.918419e-02  5.992433e-01
      vertex   3.630000e-01  1.883245e-02  5.986878e-01
      vertex   3.600000e-01  1.767523e-02  5.970774e-01
    endloop
  endfacet
  facet normal  4.871946e-03  8.077351e-01 -5.895256e-01
    outer loop
      vertex   3.600000e-01  1.767523e-02  5.970774e-01
      vertex   3.630000e-01  1.883245e-02  5.986878e-01
      vertex   3.630000e-01  1.746799e-02  5.968183e-01
    endloop
  endfacet
  facet normal -5.722021e-03  7.476279e-01 -6.640931e-01
    outer loop
      vertex   3.600000e-01  1.767523e-02  5.970774e-01
      vertex   3.630000e-01  1.746799e-02  5.968183e-01
      vertex   3.600000e-01  1.590995e-02  5.950901e-01
    endloop
  endfacet
  facet normal  0.000000e+00  7.427204e-01 -6.696017e-01
    outer loop
      vertex   3.600000e-01  1.590995e-02  5.950901e-01
      vertex   3.630000e-01  1.746799e-02  5.968183e-01
      vertex   3.630000e-01  1.590995e-02  5.950901e-01
    endloop
  endfacet
  facet normal  0.000000e+00  6.696032e-01 -7.427190e-01
    outer loop
      vertex   3.600000e-01  1.590995e-02  5.950901e-01
      vertex   3.630000e-01  1.590995e-02  5.950901e-01
      vertex   3.630000e-01  1.418175e-02  5.935320e-01
    endloop
  endfacet
  facet normal -5.719461e-03  6.640971e-01 -7.476243e-01
    outer loop
      vertex   3.600000e-01  1.590995e-02  5.950901e-01
      vertex   3.630000e-01  1.418175e-02  5.935320e-01
      vertex   3.600000e-01  1.392260e-02  5.933248e-01
    endloop
  endfacet
  facet normal  4.876263e-03  5.895150e-01 -8.077427e-01
    outer loop
      vertex   3.600000e-01  1.392260e-02  5.933248e-01
      vertex   3.630000e-01  1.418175e-02  5.935320e-01
      vertex   3.630000e-01  1.231226e-02  5.921676e-01
    endloop
  endfacet
  facet normal -9.647608e-03  5.716050e-01 -8.204722e-01
    outer loop
      vertex   3.600000e-01  1.392260e-02  5.933248e-01
      vertex   3.630000e-01  1.231226e-02  5.921676e-01
      vertex   3.600000e-01  1.175668e-02  5.918158e-01
    endloop
  endfacet
  facet normal  7.964409e-03  5.038937e-01 -8.637290e-01
    outer loop
      vertex   3.600000e-01  1.175668e-02  5.918158e-01
      vertex   3.630000e-01  1.231226e-02  5.921676e-01
      vertex   3.630000e-01  1.033417e-02  5.910136e-01
    endloop
  endfacet
  facet normal -1.174876e-02  4.722708e-01 -8.813752e-01
    outer loop
      vertex   3.600000e-01  1.175668e-02  5.918158e-01
      vertex   3.630000e-01  1.033417e-02  5.910136e-01
      vertex   3.600000e-01  9.461747e-03  5.905861e-01
    endloop
  endfacet
  facet normal  9.240950e-03  4.141896e-01 -9.101437e-01
    outer loop
      vertex   3.600000e-01  9.461747e-03  5.905861e-01
      vertex   3.630000e-01  1.033417e-02  5.910136e-01
      vertex   3.630000e-01  8.282174e-03  5.900798e-01
    endloop
  endfacet
  facet normal -1.205701e-02  3.683738e-01 -9.295996e-01
    outer loop
      vertex   3.600000e-01  9.461747e-03  5.905861e-01
      vertex   3.630000e-01  8.282174e-03  5.900798e-01
      vertex   3.600000e-01  7.089874e-03  5.896462e-01
    endloop
  endfacet
  facet normal  8.839584e-03  3.220111e-01 -9.466946e-01
    outer loop
      vertex   3.600000e-01  7.089874e-03  5.896462e-01
      vertex   3.630000e-01  8.282174e-03  5.900798e-01
      vertex   3.630000e-01  6.191103e-03  5.893685e-01
    endloop
  endfacet
  facet normal -1.076875e-02  2.622015e-01 -9.649531e-01
    outer loop
      vertex   3.600000e-01  7.089874e-03  5.896462e-01
      vertex   3.630000e-01  6.191103e-03  5.893685e-01
      vertex   3.600000e-01  4.692085e-03  5.889947e-01
    endloop
  endfacet
  facet normal  6.975874e-03  2.288070e-01 -9.734468e-01
    outer loop
      vertex   3.600000e-01  4.692085e-03  5.889947e-01
      vertex   3.630000e-01  6.191103e-03  5.893685e-01
      vertex   3.630000e-01  4.094211e-03  5.888757e-01
    endloop
  endfacet
  facet normal -8.110054e-03  1.559524e-01 -9.877313e-01
    outer loop
      vertex   3.600000e-01  4.692085e-03  5.889947e-01
      vertex   3.630000e-01  4.094211e-03  5.888757e-01
      vertex   3.600000e-01  2.315291e-03  5.886194e-01
    endloop
  endfacet
  facet normal  3.942353e-03  1.360536e-01 -9.906936e-01
    outer loop
      vertex   3.600000e-01  2.315291e-03  5.886194e-01
      vertex   3.630000e-01  4.094211e-03  5.888757e-01
      vertex   3.630000e-01  2.021768e-03  5.885910e-01
    endloop
  endfacet
  facet normal -4.406067e-03  5.149709e-02 -9.986634e-01
    outer loop
      vertex   3.600000e-01  2.315291e-03  5.886194e-01
      vertex   3.630000e-01  2.021768e-03  5.885910e-01
      vertex   3.600000e-01  4.295830e-08  5.885000e-01
    endloop
  endfacet
  facet normal  3.395423e-09  4.497357e-02 -9.989882e-01
    outer loop
      vertex   3.600000e-01  4.295830e-08  5.885000e-01
      vertex   3.630000e-01  2.021768e-03  5.885910e-01
      vertex   3.630000e-01  4.273181e-08  5.885000e-01
    endloop
  endfacet
  facet normal -3.395423e-09 -4.497357e-02 -9.989881e-01
    outer loop
      vertex   3.600000e-01  4.295830e-08  5.885000e-01
      vertex   3.630000e-01  4.273181e-08  5.885000e-01
      vertex   3.630000e-01 -2.021682e-03  5.885910e-01
    endloop
  endfacet
  facet normal -4.406075e-03 -5.149709e-02 -9.986634e-01
    outer loop
      vertex   3.600000e-01  4.295830e-08  5.885000e-01
      vertex   3.630000e-01 -2.021682e-03  5.885910e-01
      vertex   3.600000e-01 -2.315205e-03  5.886194e-01
    endloop
  endfacet
  facet normal  3.942326e-03 -1.360536e-01 -9.906936e-01
    outer loop
      vertex   3.600000e-01 -2.315205e-03  5.886194e-01
      vertex   3.630000e-01 -2.021682e-03  5.885910e-01
      vertex   3.630000e-01 -4.094127e-03  5.888757e-01
    endloop
  endfacet
  facet normal -8.110105e-03 -1.559524e-01 -9.877313e-01
    outer loop
      vertex   3.600000e-01 -2.315205e-03  5.886194e-01
      vertex   3.630000e-01 -4.094127e-03  5.888757e-01
      vertex   3.600000e-01 -4.691999e-03  5.889947e-01
    endloop
  endfacet
  facet normal  6.975802e-03 -2.288070e-01 -9.734468e-01
    outer loop
      vertex   3.600000e-01 -4.691999e-03  5.889947e-01
      vertex   3.630000e-01 -4.094127e-03  5.888757e-01
      vertex   3.630000e-01 -6.191018e-03  5.893685e-01
    endloop
  endfacet
  facet normal -3.583982e-03 -2.487238e-01 -9.685678e-01
    outer loop
      vertex   3.600000e-01 -4.691999e-03  5.889947e-01
      vertex   3.630000e-01 -6.191018e-03  5.893685e-01
      vertex   3.600000e-01 -6.490847e-03  5.894566e-01
    endloop
  endfacet
  facet normal  4.382970e-03 -3.220207e-01 -9.467225e-01
    outer loop
      vertex   3.600000e-01 -6.490847e-03  5.894566e-01
      vertex   3.630000e-01 -6.191018e-03  5.893685e-01
      vertex   3.630000e-01 -8.282089e-03  5.900798e-01
    endloop
  endfacet
  facet normal  0.000000e+00 -3.285799e-01 -9.444762e-01
    outer loop
      vertex   3.600000e-01 -6.490847e-03  5.894566e-01
      vertex   3.630000e-01 -8.282089e-03  5.900798e-01
      vertex   3.600000e-01 -8.282089e-03  5.900798e-01
    endloop
  endfacet
  facet normal -3.919726e-03 -4.849298e-01 -8.745444e-01
    outer loop
      vertex   3.600000e-01 -1.004465e-02  5.908666e-01
      vertex   3.630000e-01 -1.033409e-02  5.910136e-01
      vertex   3.600000e-01 -1.175659e-02  5.918158e-01
    endloop
  endfacet
  facet normal  7.964409e-03 -5.038937e-01 -8.637290e-01
    outer loop
      vertex   3.600000e-01 -1.175659e-02  5.918158e-01
      vertex   3.630000e-01 -1.033409e-02  5.910136e-01
      vertex   3.630000e-01 -1.231218e-02  5.921676e-01
    endloop
  endfacet
  facet normal -6.425430e-03 -5.594877e-01 -8.288137e-01
    outer loop
      vertex   3.600000e-01 -1.175659e-02  5.918158e-01
      vertex   3.630000e-01 -1.231218e-02  5.921676e-01
      vertex   3.600000e-01 -1.339592e-02  5.929224e-01
    endloop
  endfacet
  facet normal  9.732476e-03 -5.895113e-01 -8.077015e-01
    outer loop
      vertex   3.600000e-01 -1.339592e-02  5.929224e-01
      vertex   3.630000e-01 -1.231218e-02  5.921676e-01
      vertex   3.630000e-01 -1.418167e-02  5.935321e-01
    endloop
  endfacet
  facet normal -7.335393e-03 -6.303166e-01 -7.763036e-01
    outer loop
      vertex   3.600000e-01 -1.339592e-02  5.929224e-01
      vertex   3.630000e-01 -1.418167e-02  5.935321e-01
      vertex   3.600000e-01 -1.494141e-02  5.941773e-01
    endloop
  endfacet
  facet normal  9.829951e-03 -6.695563e-01 -7.426962e-01
    outer loop
      vertex   3.600000e-01 -1.494141e-02  5.941773e-01
      vertex   3.630000e-01 -1.418167e-02  5.935321e-01
      vertex   3.630000e-01 -1.590986e-02  5.950901e-01
    endloop
  endfacet
  facet normal -6.567162e-03 -6.965667e-01 -7.174619e-01
    outer loop
      vertex   3.600000e-01 -1.494141e-02  5.941773e-01
      vertex   3.630000e-01 -1.590986e-02  5.950901e-01
      vertex   3.600000e-01 -1.637352e-02  5.955677e-01
    endloop
  endfacet
  facet normal  8.185117e-03 -7.426955e-01 -6.695793e-01
    outer loop
      vertex   3.600000e-01 -1.637352e-02  5.955677e-01
      vertex   3.630000e-01 -1.590986e-02  5.950901e-01
      vertex   3.630000e-01 -1.746790e-02  5.968183e-01
    endloop
  endfacet
  facet normal -4.088694e-03 -7.573680e-01 -6.529754e-01
    outer loop
      vertex   3.600000e-01 -1.637352e-02  5.955677e-01
      vertex   3.630000e-01 -1.746790e-02  5.968183e-01
      vertex   3.600000e-01 -1.767515e-02  5.970774e-01
    endloop
  endfacet
  facet normal  4.872041e-03 -8.077357e-01 -5.895245e-01
    outer loop
      vertex   3.600000e-01 -1.767515e-02  5.970774e-01
      vertex   3.630000e-01 -1.746790e-02  5.968183e-01
      vertex   3.630000e-01 -1.883236e-02  5.986878e-01
    endloop
  endfacet
  facet normal  0.000000e+00 -8.120688e-01 -5.835617e-01
    outer loop
      vertex   3.600000e-01 -1.767515e-02  5.970774e-01
      vertex   3.630000e-01 -1.883236e-02  5.986878e-01
      vertex   3.600000e-01 -1.883236e-02  5.986878e-01
    endloop
  endfacet
  facet normal  0.000000e+00 -8.600910e-01 -5.101406e-01
    outer loop
      vertex   3.600000e-01 -1.883236e-02  5.986878e-01
      vertex   3.630000e-01 -1.883236e-02  5.986878e-01
      vertex   3.600000e-01 -1.983482e-02  6.003779e-01
    endloop
  endfacet
  facet normal -0.000000e+00 -8.600910e-01 -5.101406e-01
    outer loop
      vertex   3.600000e-01 -1.883236e-02  5.986878e-01
      vertex   3.600000e-01 -1.983482e-02  6.003779e-01
      vertex   3.570000e-01 -1.883236e-02  5.986878e-01
    endloop
  endfacet
  facet normal -4.739942e-03 -8.637503e-01 -5.038977e-01
    outer loop
      vertex   3.570000e-01 -1.883236e-02  5.986878e-01
      vertex   3.600000e-01 -1.983482e-02  6.003779e-01
      vertex   3.570000e-01 -1.998635e-02  6.006659e-01
    endloop
  endfacet
  facet normal  3.890014e-03 -9.010819e-01 -4.336313e-01
    outer loop
      vertex   3.570000e-01 -1.998635e-02  6.006659e-01
      vertex   3.600000e-01 -1.983482e-02  6.003779e-01
      vertex   3.600000e-01 -2.067612e-02  6.021261e-01
    endloop
  endfacet
  facet normal -7.653657e-03 -9.101534e-01 -4.142007e-01
    outer loop
      vertex   3.570000e-01 -1.998635e-02  6.006659e-01
      vertex   3.600000e-01 -2.067612e-02  6.021261e-01
      vertex   3.570000e-01 -2.092019e-02  6.027179e-01
    endloop
  endfacet
  facet normal  6.016325e-03 -9.348195e-01 -3.550723e-01
    outer loop
      vertex   3.570000e-01 -2.092019e-02  6.027179e-01
      vertex   3.600000e-01 -2.067612e-02  6.021261e-01
      vertex   3.600000e-01 -2.135375e-02  6.039101e-01
    endloop
  endfacet
  facet normal -8.841633e-03 -9.466965e-01 -3.220057e-01
    outer loop
      vertex   3.570000e-01 -2.092019e-02  6.027179e-01
      vertex   3.600000e-01 -2.135375e-02  6.039101e-01
      vertex   3.570000e-01 -2.163143e-02  6.048089e-01
    endloop
  endfacet
  facet normal  6.484001e-03 -9.613170e-01 -2.753682e-01
    outer loop
      vertex   3.570000e-01 -2.163143e-02  6.048089e-01
      vertex   3.600000e-01 -2.135375e-02  6.039101e-01
      vertex   3.600000e-01 -2.186894e-02  6.057087e-01
    endloop
  endfacet
  facet normal -8.438226e-03 -9.734335e-01 -2.288143e-01
    outer loop
      vertex   3.570000e-01 -2.163143e-02  6.048089e-01
      vertex   3.600000e-01 -2.186894e-02  6.057087e-01
      vertex   3.570000e-01 -2.212433e-02  6.069058e-01
    endloop
  endfacet
  facet normal  5.481266e-03 -9.806924e-01 -1.954799e-01
    outer loop
      vertex   3.570000e-01 -2.212433e-02  6.069058e-01
      vertex   3.600000e-01 -2.186894e-02  6.057087e-01
      vertex   3.600000e-01 -2.222633e-02  6.075017e-01
    endloop
  endfacet
  facet normal -6.661911e-03 -9.906792e-01 -1.360528e-01
    outer loop
      vertex   3.570000e-01 -2.212433e-02  6.069058e-01
      vertex   3.600000e-01 -2.222633e-02  6.075017e-01
      vertex   3.570000e-01 -2.240894e-02  6.089783e-01
    endloop
  endfacet
  facet normal  0.000000e+00 -9.924394e-01 -1.227354e-01
    outer loop
      vertex   3.570000e-01 -2.240894e-02  6.089783e-01
      vertex   3.600000e-01 -2.222633e-02  6.075017e-01
      vertex   3.630000e-01 -2.240894e-02  6.089783e-01
    endloop
  endfacet
  facet normal  0.000000e+00 -9.989883e-01 -4.497163e-02
    outer loop
      vertex   3.570000e-01 -2.240894e-02  6.089783e-01
      vertex   3.630000e-01 -2.240894e-02  6.089783e-01
      vertex   3.570000e-01 -2.249996e-02  6.110000e-01
    endloop
  endfacet
  facet normal  0.000000e+00 -9.989883e-01 -4.497163e-02
    outer loop
      vertex   3.570000e-01 -2.249996e-02  6.110000e-01
      vertex   3.630000e-01 -2.240894e-02  6.089783e-01
      vertex   3.630000e-01 -2.249996e-02  6.110000e-01
    endloop
  endfacet
  facet normal  4.739895e-03 -8.637503e-01 -5.038977e-01
    outer loop
      vertex   3.630000e-01 -1.883236e-02  5.986878e-01
      vertex   3.630000e-01 -1.998635e-02  6.006659e-01
      vertex   3.600000e-01 -1.983482e-02  6.003779e-01
    endloop
  endfacet
  facet normal -3.889977e-03 -9.010820e-01 -4.336313e-01
    outer loop
      vertex   3.600000e-01 -1.983482e-02  6.003779e-01
      vertex   3.630000e-01 -1.998635e-02  6.006659e-01
      vertex   3.600000e-01 -2.067612e-02  6.021261e-01
    endloop
  endfacet
  facet normal  7.653581e-03 -9.101534e-01 -4.142007e-01
    outer loop
      vertex   3.630000e-01 -1.998635e-02  6.006659e-01
      vertex   3.630000e-01 -2.092019e-02  6.027179e-01
      vertex   3.600000e-01 -2.067612e-02  6.021261e-01
    endloop
  endfacet
  facet normal -6.016266e-03 -9.348195e-01 -3.550723e-01
    outer loop
      vertex   3.600000e-01 -2.067612e-02  6.021261e-01
      vertex   3.630000e-01 -2.092019e-02  6.027179e-01
      vertex   3.600000e-01 -2.135375e-02  6.039101e-01
    endloop
  endfacet
  facet normal  8.841545e-03 -9.466965e-01 -3.220057e-01
    outer loop
      vertex   3.630000e-01 -2.092019e-02  6.027179e-01
      vertex   3.630000e-01 -2.163143e-02  6.048089e-01
      vertex   3.600000e-01 -2.135375e-02  6.039101e-01
    endloop
  endfacet
  facet normal -6.483934e-03 -9.613170e-01 -2.753682e-01
    outer loop
      vertex   3.600000e-01 -2.135375e-02  6.039101e-01
      vertex   3.630000e-01 -2.163143e-02  6.048089e-01
      vertex   3.600000e-01 -2.186894e-02  6.057087e-01
    endloop
  endfacet
  facet normal  8.438141e-03 -9.734335e-01 -2.288143e-01
    outer loop
      vertex   3.630000e-01 -2.163143e-02  6.048089e-01
      vertex   3.630000e-01 -2.212433e-02  6.069058e-01
      vertex   3.600000e-01 -2.186894e-02  6.057087e-01
    endloop
  endfacet
  facet normal -5.481214e-03 -9.806924e-01 -1.954799e-01
    outer loop
      vertex   3.600000e-01 -2.186894e-02  6.057087e-01
      vertex   3.630000e-01 -2.212433e-02  6.069058e-01
      vertex   3.600000e-01 -2.222633e-02  6.075017e-01
    endloop
  endfacet
  facet normal  6.661844e-03 -9.906792e-01 -1.360528e-01
    outer loop
      vertex   3.630000e-01 -2.212433e-02  6.069058e-01
      vertex   3.630000e-01 -2.240894e-02  6.089783e-01
      vertex   3.600000e-01 -2.222633e-02  6.075017e-01
    endloop
  endfacet
  facet normal -0.000000e+00 -8.120688e-01 -5.835617e-01
    outer loop
      vertex   3.600000e-01 -1.883236e-02  5.986878e-01
      vertex   3.570000e-01 -1.883236e-02  5.986878e-01
      vertex   3.600000e-01 -1.767515e-02  5.970774e-01
    endloop
  endfacet
  facet normal -4.872090e-03 -8.077358e-01 -5.895245e-01
    outer loop
      vertex   3.600000e-01 -1.767515e-02  5.970774e-01
      vertex   3.570000e-01 -1.883236e-02  5.986878e-01
      vertex   3.570000e-01 -1.746790e-02  5.968183e-01
    endloop
  endfacet
  facet normal  4.088731e-03 -7.573681e-01 -6.529754e-01
    outer loop
      vertex   3.600000e-01 -1.767515e-02  5.970774e-01
      vertex   3.570000e-01 -1.746790e-02  5.968183e-01
      vertex   3.600000e-01 -1.637352e-02  5.955677e-01
    endloop
  endfacet
  facet normal -8.185199e-03 -7.426955e-01 -6.695793e-01
    outer loop
      vertex   3.600000e-01 -1.637352e-02  5.955677e-01
      vertex   3.570000e-01 -1.746790e-02  5.968183e-01
      vertex   3.570000e-01 -1.590986e-02  5.950901e-01
    endloop
  endfacet
  facet normal  6.567237e-03 -6.965667e-01 -7.174619e-01
    outer loop
      vertex   3.600000e-01 -1.637352e-02  5.955677e-01
      vertex   3.570000e-01 -1.590986e-02  5.950901e-01
      vertex   3.600000e-01 -1.494141e-02  5.941773e-01
    endloop
  endfacet
  facet normal -9.830168e-03 -6.695561e-01 -7.426964e-01
    outer loop
      vertex   3.600000e-01 -1.494141e-02  5.941773e-01
      vertex   3.570000e-01 -1.590986e-02  5.950901e-01
      vertex   3.570000e-01 -1.418166e-02  5.935321e-01
    endloop
  endfacet
  facet normal  7.335266e-03 -6.303166e-01 -7.763035e-01
    outer loop
      vertex   3.600000e-01 -1.494141e-02  5.941773e-01
      vertex   3.570000e-01 -1.418166e-02  5.935321e-01
      vertex   3.600000e-01 -1.339592e-02  5.929224e-01
    endloop
  endfacet
  facet normal -9.732752e-03 -5.895113e-01 -8.077015e-01
    outer loop
      vertex   3.600000e-01 -1.339592e-02  5.929224e-01
      vertex   3.570000e-01 -1.418166e-02  5.935321e-01
      vertex   3.570000e-01 -1.231218e-02  5.921676e-01
    endloop
  endfacet
  facet normal  6.425321e-03 -5.594877e-01 -8.288137e-01
    outer loop
      vertex   3.600000e-01 -1.339592e-02  5.929224e-01
      vertex   3.570000e-01 -1.231218e-02  5.921676e-01
      vertex   3.600000e-01 -1.175659e-02  5.918158e-01
    endloop
  endfacet
  facet normal -7.964645e-03 -5.038937e-01 -8.637289e-01
    outer loop
      vertex   3.600000e-01 -1.175659e-02  5.918158e-01
      vertex   3.570000e-01 -1.231218e-02  5.921676e-01
      vertex   3.570000e-01 -1.033408e-02  5.910136e-01
    endloop
  endfacet
  facet normal  3.919629e-03 -4.849297e-01 -8.745443e-01
    outer loop
      vertex   3.600000e-01 -1.175659e-02  5.918158e-01
      vertex   3.570000e-01 -1.033408e-02  5.910136e-01
      vertex   3.600000e-01 -1.004465e-02  5.908666e-01
    endloop
  endfacet
  facet normal -4.650362e-03 -4.142028e-01 -9.101727e-01
    outer loop
      vertex   3.600000e-01 -1.004465e-02  5.908666e-01
      vertex   3.570000e-01 -1.033408e-02  5.910136e-01
      vertex   3.570000e-01 -8.282088e-03  5.900798e-01
    endloop
  endfacet
  facet normal  2.395131e-02 -9.132871e-02  9.955328e-01
    outer loop
      vertex   3.550000e-01 -2.911363e-03  6.267329e-01
      vertex   3.550000e-01  4.624246e-08  6.270000e-01
      vertex   3.522500e-01 -1.646352e-03  6.269151e-01
    endloop
  endfacet
  facet normal -4.701844e-09 -5.148476e-02  9.986737e-01
    outer loop
      vertex   3.522500e-01 -1.646352e-03  6.269151e-01
      vertex   3.550000e-01  4.624246e-08  6.270000e-01
      vertex   3.495000e-01  4.665770e-08  6.270000e-01
    endloop
  endfacet
  facet normal -2.395107e-02 -9.132870e-02  9.955327e-01
    outer loop
      vertex   3.522500e-01 -1.646352e-03  6.269151e-01
      vertex   3.495000e-01  4.665770e-08  6.270000e-01
      vertex   3.495000e-01 -2.911363e-03  6.267329e-01
    endloop
  endfacet
  facet normal  6.290491e-03 -1.559492e-01  9.877450e-01
    outer loop
      vertex   3.522500e-01 -1.646352e-03  6.269151e-01
      vertex   3.495000e-01 -2.911363e-03  6.267329e-01
      vertex   3.522500e-01 -3.336517e-03  6.266482e-01
    endloop
  endfacet
  facet normal -5.412460e-03 -2.288027e-01  9.734577e-01
    outer loop
      vertex   3.522500e-01 -3.336517e-03  6.266482e-01
      vertex   3.495000e-01 -2.911363e-03  6.267329e-01
      vertex   3.495000e-01 -4.402485e-03  6.263824e-01
    endloop
  endfacet
  facet normal  8.353986e-03 -2.622027e-01  9.649767e-01
    outer loop
      vertex   3.522500e-01 -3.336517e-03  6.266482e-01
      vertex   3.495000e-01 -4.402485e-03  6.263824e-01
      vertex   3.522500e-01 -5.041611e-03  6.261849e-01
    endloop
  endfacet
  facet normal -6.861615e-03 -3.220266e-01  9.467057e-01
    outer loop
      vertex   3.522500e-01 -5.041611e-03  6.261849e-01
      vertex   3.495000e-01 -4.402485e-03  6.263824e-01
      vertex   3.495000e-01 -5.889469e-03  6.258766e-01
    endloop
  endfacet
  facet normal  9.350882e-03 -3.683984e-01  9.296209e-01
    outer loop
      vertex   3.522500e-01 -5.041611e-03  6.261849e-01
      vertex   3.495000e-01 -5.889469e-03  6.258766e-01
      vertex   3.522500e-01 -6.728276e-03  6.255165e-01
    endloop
  endfacet
  facet normal -7.166920e-03 -4.141973e-01  9.101589e-01
    outer loop
      vertex   3.522500e-01 -6.728276e-03  6.255165e-01
      vertex   3.495000e-01 -5.889469e-03  6.258766e-01
      vertex   3.495000e-01 -7.348667e-03  6.252126e-01
    endloop
  endfacet
  facet normal  9.116653e-03 -4.722853e-01  8.813986e-01
    outer loop
      vertex   3.522500e-01 -6.728276e-03  6.255165e-01
      vertex   3.495000e-01 -7.348667e-03  6.252126e-01
      vertex   3.522500e-01 -8.360229e-03  6.246421e-01
    endloop
  endfacet
  facet normal -6.178085e-03 -5.039049e-01  8.637370e-01
    outer loop
      vertex   3.522500e-01 -8.360229e-03  6.246421e-01
      vertex   3.495000e-01 -7.348667e-03  6.252126e-01
      vertex   3.495000e-01 -8.755310e-03  6.243919e-01
    endloop
  endfacet
  facet normal  7.486152e-03 -5.716265e-01  8.204798e-01
    outer loop
      vertex   3.522500e-01 -8.360229e-03  6.246421e-01
      vertex   3.495000e-01 -8.755310e-03  6.243919e-01
      vertex   3.522500e-01 -9.900441e-03  6.235690e-01
    endloop
  endfacet
  facet normal -3.773748e-03 -5.895171e-01  8.077471e-01
    outer loop
      vertex   3.522500e-01 -9.900441e-03  6.235690e-01
      vertex   3.495000e-01 -8.755310e-03  6.243919e-01
      vertex   3.495000e-01 -1.008472e-02  6.234217e-01
    endloop
  endfacet
  facet normal  4.443375e-03 -6.640844e-01  7.476444e-01
    outer loop
      vertex   3.522500e-01 -9.900441e-03  6.235690e-01
      vertex   3.495000e-01 -1.008472e-02  6.234217e-01
      vertex   3.522500e-01 -1.131366e-02  6.223137e-01
    endloop
  endfacet
  facet normal  0.000000e+00 -6.695943e-01  7.427270e-01
    outer loop
      vertex   3.522500e-01 -1.131366e-02  6.223137e-01
      vertex   3.495000e-01 -1.008472e-02  6.234217e-01
      vertex   3.495000e-01 -1.131366e-02  6.223137e-01
    endloop
  endfacet
  facet normal  0.000000e+00 -7.427371e-01  6.695831e-01
    outer loop
      vertex   3.522500e-01 -1.131366e-02  6.223137e-01
      vertex   3.495000e-01 -1.131366e-02  6.223137e-01
      vertex   3.495000e-01 -1.242161e-02  6.210847e-01
    endloop
  endfacet
  facet normal  4.425731e-03 -7.476348e-01  6.640954e-01
    outer loop
      vertex   3.522500e-01 -1.131366e-02  6.223137e-01
      vertex   3.495000e-01 -1.242161e-02  6.210847e-01
      vertex   3.522500e-01 -1.256898e-02  6.209005e-01
    endloop
  endfacet
  facet normal -3.789101e-03 -8.077265e-01  5.895451e-01
    outer loop
      vertex   3.522500e-01 -1.256898e-02  6.209005e-01
      vertex   3.495000e-01 -1.242161e-02  6.210847e-01
      vertex   3.495000e-01 -1.339188e-02  6.197554e-01
    endloop
  endfacet
  facet normal  7.499420e-03 -8.204917e-01  5.716092e-01
    outer loop
      vertex   3.522500e-01 -1.256898e-02  6.209005e-01
      vertex   3.495000e-01 -1.339188e-02  6.197554e-01
      vertex   3.522500e-01 -1.364201e-02  6.193603e-01
    endloop
  endfacet
  facet normal -6.165055e-03 -8.637469e-01  5.038881e-01
    outer loop
      vertex   3.522500e-01 -1.364201e-02  6.193603e-01
      vertex   3.495000e-01 -1.339188e-02  6.197554e-01
      vertex   3.495000e-01 -1.421250e-02  6.183487e-01
    endloop
  endfacet
  facet normal  9.114836e-03 -8.813913e-01  4.722989e-01
    outer loop
      vertex   3.522500e-01 -1.364201e-02  6.193603e-01
      vertex   3.495000e-01 -1.421250e-02  6.183487e-01
      vertex   3.522500e-01 -1.451649e-02  6.177284e-01
    endloop
  endfacet
  facet normal -7.168999e-03 -9.101538e-01  4.142084e-01
    outer loop
      vertex   3.522500e-01 -1.451649e-02  6.177284e-01
      vertex   3.495000e-01 -1.421250e-02  6.183487e-01
      vertex   3.495000e-01 -1.487657e-02  6.168895e-01
    endloop
  endfacet
  facet normal  9.358433e-03 -9.296268e-01  3.683835e-01
    outer loop
      vertex   3.522500e-01 -1.451649e-02  6.177284e-01
      vertex   3.495000e-01 -1.487657e-02  6.168895e-01
      vertex   3.522500e-01 -1.518487e-02  6.160417e-01
    endloop
  endfacet
  facet normal -6.857910e-03 -9.467146e-01  3.220007e-01
    outer loop
      vertex   3.522500e-01 -1.518487e-02  6.160417e-01
      vertex   3.495000e-01 -1.487657e-02  6.168895e-01
      vertex   3.495000e-01 -1.538234e-02  6.154025e-01
    endloop
  endfacet
  facet normal  8.350127e-03 -9.649754e-01  2.622073e-01
    outer loop
      vertex   3.522500e-01 -1.518487e-02  6.160417e-01
      vertex   3.495000e-01 -1.538234e-02  6.154025e-01
      vertex   3.522500e-01 -1.564819e-02  6.143366e-01
    endloop
  endfacet
  facet normal -5.412100e-03 -9.734542e-01  2.288179e-01
    outer loop
      vertex   3.522500e-01 -1.564819e-02  6.143366e-01
      vertex   3.495000e-01 -1.538234e-02  6.154025e-01
      vertex   3.495000e-01 -1.573284e-02  6.139114e-01
    endloop
  endfacet
  facet normal  6.295155e-03 -9.877467e-01  1.559388e-01
    outer loop
      vertex   3.522500e-01 -1.564819e-02  6.143366e-01
      vertex   3.495000e-01 -1.573284e-02  6.139114e-01
      vertex   3.522500e-01 -1.591502e-02  6.126464e-01
    endloop
  endfacet
  facet normal -2.393656e-02 -9.955322e-01  9.133822e-02
    outer loop
      vertex   3.522500e-01 -1.591502e-02  6.126464e-01
      vertex   3.495000e-01 -1.573284e-02  6.139114e-01
      vertex   3.495000e-01 -1.599995e-02  6.110000e-01
    endloop
  endfacet
  facet normal  0.000000e+00 -9.986721e-01  5.151854e-02
    outer loop
      vertex   3.522500e-01 -1.591502e-02  6.126464e-01
      vertex   3.495000e-01 -1.599995e-02  6.110000e-01
      vertex   3.522500e-01 -1.599995e-02  6.110000e-01
    endloop
  endfacet
  facet normal -0.000000e+00 -9.986721e-01 -5.151854e-02
    outer loop
      vertex   3.522500e-01 -1.599995e-02  6.110000e-01
      vertex   3.495000e-01 -1.599995e-02  6.110000e-01
      vertex   3.522500e-01 -1.591502e-02  6.093536e-01
    endloop
  endfacet
  facet normal -6.764311e-07 -9.986721e-01 -5.151854e-02
    outer loop
      vertex   3.522500e-01 -1.599995e-02  6.110000e-01
      vertex   3.522500e-01 -1.591502e-02  6.093536e-01
      vertex   3.550000e-01 -1.599996e-02  6.110000e-01
    endloop
  endfacet
  facet normal  2.393615e-02 -9.955323e-01 -9.133822e-02
    outer loop
      vertex   3.550000e-01 -1.599996e-02  6.110000e-01
      vertex   3.522500e-01 -1.591502e-02  6.093536e-01
      vertex   3.550000e-01 -1.573284e-02  6.080886e-01
    endloop
  endfacet
  facet normal -6.295892e-03 -9.877466e-01 -1.559388e-01
    outer loop
      vertex   3.550000e-01 -1.573284e-02  6.080886e-01
      vertex   3.522500e-01 -1.591502e-02  6.093536e-01
      vertex   3.522500e-01 -1.564819e-02  6.076635e-01
    endloop
  endfacet
  facet normal  5.411685e-03 -9.734539e-01 -2.288190e-01
    outer loop
      vertex   3.550000e-01 -1.573284e-02  6.080886e-01
      vertex   3.522500e-01 -1.564819e-02  6.076635e-01
      vertex   3.550000e-01 -1.538234e-02  6.065975e-01
    endloop
  endfacet
  facet normal -1.960368e-02 -9.570492e-01 -2.892621e-01
    outer loop
      vertex   3.550000e-01 -1.538234e-02  6.065975e-01
      vertex   3.522500e-01 -1.564819e-02  6.076635e-01
      vertex   3.522500e-01 -1.487657e-02  6.051105e-01
    endloop
  endfacet
  facet normal  0.000000e+00 -9.467369e-01 -3.220082e-01
    outer loop
      vertex   3.550000e-01 -1.538234e-02  6.065975e-01
      vertex   3.522500e-01 -1.487657e-02  6.051105e-01
      vertex   3.550000e-01 -1.487657e-02  6.051105e-01
    endloop
  endfacet
  facet normal -0.000000e+00 -9.101776e-01 -4.142181e-01
    outer loop
      vertex   3.550000e-01 -1.487657e-02  6.051105e-01
      vertex   3.522500e-01 -1.487657e-02  6.051105e-01
      vertex   3.550000e-01 -1.421250e-02  6.036513e-01
    endloop
  endfacet
  facet normal -2.115303e-02 -8.943449e-01 -4.468778e-01
    outer loop
      vertex   3.550000e-01 -1.421250e-02  6.036513e-01
      vertex   3.522500e-01 -1.487657e-02  6.051105e-01
      vertex   3.522500e-01 -1.364202e-02  6.026397e-01
    endloop
  endfacet
  facet normal  6.165125e-03 -8.637471e-01 -5.038881e-01
    outer loop
      vertex   3.550000e-01 -1.421250e-02  6.036513e-01
      vertex   3.522500e-01 -1.364202e-02  6.026397e-01
      vertex   3.550000e-01 -1.339188e-02  6.022446e-01
    endloop
  endfacet
  facet normal -1.123701e-02 -8.076813e-01 -5.895122e-01
    outer loop
      vertex   3.550000e-01 -1.339188e-02  6.022446e-01
      vertex   3.522500e-01 -1.364202e-02  6.026397e-01
      vertex   3.550000e-01 -1.242161e-02  6.009153e-01
    endloop
  endfacet
  facet normal -1.701499e-02 -8.031570e-01 -5.955244e-01
    outer loop
      vertex   3.550000e-01 -1.242161e-02  6.009153e-01
      vertex   3.522500e-01 -1.364202e-02  6.026397e-01
      vertex   3.522500e-01 -1.196276e-02  6.003750e-01
    endloop
  endfacet
  facet normal  7.615635e-03 -7.427155e-01 -6.695637e-01
    outer loop
      vertex   3.550000e-01 -1.242161e-02  6.009153e-01
      vertex   3.522500e-01 -1.196276e-02  6.003750e-01
      vertex   3.550000e-01 -1.131366e-02  5.996863e-01
    endloop
  endfacet
  facet normal -2.033746e-02 -6.857843e-01 -7.275206e-01
    outer loop
      vertex   3.550000e-01 -1.131366e-02  5.996863e-01
      vertex   3.522500e-01 -1.196276e-02  6.003750e-01
      vertex   3.522500e-01 -9.900443e-03  5.984310e-01
    endloop
  endfacet
  facet normal -5.076067e-03 -6.695857e-01 -7.427175e-01
    outer loop
      vertex   3.550000e-01 -1.131366e-02  5.996863e-01
      vertex   3.522500e-01 -9.900443e-03  5.984310e-01
      vertex   3.550000e-01 -1.008473e-02  5.985783e-01
    endloop
  endfacet
  facet normal  3.773786e-03 -5.895171e-01 -8.077471e-01
    outer loop
      vertex   3.550000e-01 -1.008473e-02  5.985783e-01
      vertex   3.522500e-01 -9.900443e-03  5.984310e-01
      vertex   3.550000e-01 -8.755312e-03  5.976081e-01
    endloop
  endfacet
  facet normal -2.238560e-02 -5.474069e-01 -8.365671e-01
    outer loop
      vertex   3.550000e-01 -8.755312e-03  5.976081e-01
      vertex   3.522500e-01 -9.900443e-03  5.984310e-01
      vertex   3.522500e-01 -7.553419e-03  5.968952e-01
    endloop
  endfacet
  facet normal  3.670347e-03 -5.039113e-01 -8.637477e-01
    outer loop
      vertex   3.550000e-01 -8.755312e-03  5.976081e-01
      vertex   3.522500e-01 -7.553419e-03  5.968952e-01
      vertex   3.550000e-01 -7.348670e-03  5.967875e-01
    endloop
  endfacet
  facet normal -4.828103e-03 -4.142031e-01 -9.101717e-01
    outer loop
      vertex   3.550000e-01 -7.348670e-03  5.967875e-01
      vertex   3.522500e-01 -7.553419e-03  5.968952e-01
      vertex   3.550000e-01 -5.889472e-03  5.961234e-01
    endloop
  endfacet
  facet normal -1.879456e-02 -3.949824e-01 -9.184964e-01
    outer loop
      vertex   3.550000e-01 -5.889472e-03  5.961234e-01
      vertex   3.522500e-01 -7.553419e-03  5.968952e-01
      vertex   3.522500e-01 -5.041613e-03  5.958151e-01
    endloop
  endfacet
  facet normal  6.861633e-03 -3.220266e-01 -9.467057e-01
    outer loop
      vertex   3.550000e-01 -5.889472e-03  5.961234e-01
      vertex   3.522500e-01 -5.041613e-03  5.958151e-01
      vertex   3.550000e-01 -4.402488e-03  5.956176e-01
    endloop
  endfacet
  facet normal -1.490836e-02 -2.360558e-01 -9.716252e-01
    outer loop
      vertex   3.550000e-01 -4.402488e-03  5.956176e-01
      vertex   3.522500e-01 -5.041613e-03  5.958151e-01
      vertex   3.522500e-01 -2.487648e-03  5.951946e-01
    endloop
  endfacet
  facet normal -9.575849e-03 -2.287956e-01 -9.734274e-01
    outer loop
      vertex   3.550000e-01 -4.402488e-03  5.956176e-01
      vertex   3.522500e-01 -2.487648e-03  5.951946e-01
      vertex   3.550000e-01 -2.911365e-03  5.952671e-01
    endloop
  endfacet
  facet normal  1.219077e-02 -9.134814e-02 -9.957444e-01
    outer loop
      vertex   3.550000e-01 -2.911365e-03  5.952671e-01
      vertex   3.522500e-01 -2.487648e-03  5.951946e-01
      vertex   3.550000e-01  4.382652e-08  5.950000e-01
    endloop
  endfacet
  facet normal -5.886379e-09 -7.796678e-02 -9.969559e-01
    outer loop
      vertex   3.550000e-01  4.382652e-08  5.950000e-01
      vertex   3.522500e-01 -2.487648e-03  5.951946e-01
      vertex   3.495000e-01  4.424177e-08  5.950000e-01
    endloop
  endfacet
  facet normal -1.219066e-02 -9.134813e-02 -9.957443e-01
    outer loop
      vertex   3.495000e-01  4.424177e-08  5.950000e-01
      vertex   3.522500e-01 -2.487648e-03  5.951946e-01
      vertex   3.495000e-01 -2.911365e-03  5.952671e-01
    endloop
  endfacet
  facet normal  9.575700e-03 -2.287957e-01 -9.734274e-01
    outer loop
      vertex   3.495000e-01 -2.911365e-03  5.952671e-01
      vertex   3.522500e-01 -2.487648e-03  5.951946e-01
      vertex   3.495000e-01 -4.402487e-03  5.956176e-01
    endloop
  endfacet
  facet normal  1.490816e-02 -2.360557e-01 -9.716251e-01
    outer loop
      vertex   3.495000e-01 -4.402487e-03  5.956176e-01
      vertex   3.522500e-01 -2.487648e-03  5.951946e-01
      vertex   3.522500e-01 -5.041613e-03  5.958151e-01
    endloop
  endfacet
  facet normal -6.861612e-03 -3.220266e-01 -9.467057e-01
    outer loop
      vertex   3.495000e-01 -4.402487e-03  5.956176e-01
      vertex   3.522500e-01 -5.041613e-03  5.958151e-01
      vertex   3.495000e-01 -5.889471e-03  5.961234e-01
    endloop
  endfacet
  facet normal  1.879430e-02 -3.949824e-01 -9.184965e-01
    outer loop
      vertex   3.495000e-01 -5.889471e-03  5.961234e-01
      vertex   3.522500e-01 -5.041613e-03  5.958151e-01
      vertex   3.522500e-01 -7.553419e-03  5.968952e-01
    endloop
  endfacet
  facet normal  4.827977e-03 -4.142031e-01 -9.101717e-01
    outer loop
      vertex   3.495000e-01 -5.889471e-03  5.961234e-01
      vertex   3.522500e-01 -7.553419e-03  5.968952e-01
      vertex   3.495000e-01 -7.348669e-03  5.967875e-01
    endloop
  endfacet
  facet normal -3.670373e-03 -5.039112e-01 -8.637478e-01
    outer loop
      vertex   3.495000e-01 -7.348669e-03  5.967875e-01
      vertex   3.522500e-01 -7.553419e-03  5.968952e-01
      vertex   3.495000e-01 -8.755312e-03  5.976081e-01
    endloop
  endfacet
  facet normal  2.238536e-02 -5.474069e-01 -8.365671e-01
    outer loop
      vertex   3.495000e-01 -8.755312e-03  5.976081e-01
      vertex   3.522500e-01 -7.553419e-03  5.968952e-01
      vertex   3.522500e-01 -9.900443e-03  5.984310e-01
    endloop
  endfacet
  facet normal -3.773757e-03 -5.895171e-01 -8.077470e-01
    outer loop
      vertex   3.495000e-01 -8.755312e-03  5.976081e-01
      vertex   3.522500e-01 -9.900443e-03  5.984310e-01
      vertex   3.495000e-01 -1.008473e-02  5.985783e-01
    endloop
  endfacet
  facet normal  5.075999e-03 -6.695856e-01 -7.427174e-01
    outer loop
      vertex   3.495000e-01 -1.008473e-02  5.985783e-01
      vertex   3.522500e-01 -9.900443e-03  5.984310e-01
      vertex   3.495000e-01 -1.131366e-02  5.996863e-01
    endloop
  endfacet
  facet normal  2.033724e-02 -6.857843e-01 -7.275206e-01
    outer loop
      vertex   3.495000e-01 -1.131366e-02  5.996863e-01
      vertex   3.522500e-01 -9.900443e-03  5.984310e-01
      vertex   3.522500e-01 -1.196276e-02  6.003750e-01
    endloop
  endfacet
  facet normal -7.615552e-03 -7.427155e-01 -6.695638e-01
    outer loop
      vertex   3.495000e-01 -1.131366e-02  5.996863e-01
      vertex   3.522500e-01 -1.196276e-02  6.003750e-01
      vertex   3.495000e-01 -1.242161e-02  6.009153e-01
    endloop
  endfacet
  facet normal  1.701481e-02 -8.031571e-01 -5.955244e-01
    outer loop
      vertex   3.495000e-01 -1.242161e-02  6.009153e-01
      vertex   3.522500e-01 -1.196276e-02  6.003750e-01
      vertex   3.522500e-01 -1.364202e-02  6.026397e-01
    endloop
  endfacet
  facet normal  1.123687e-02 -8.076814e-01 -5.895122e-01
    outer loop
      vertex   3.495000e-01 -1.242161e-02  6.009153e-01
      vertex   3.522500e-01 -1.364202e-02  6.026397e-01
      vertex   3.495000e-01 -1.339188e-02  6.022446e-01
    endloop
  endfacet
  facet normal -6.165057e-03 -8.637469e-01 -5.038880e-01
    outer loop
      vertex   3.495000e-01 -1.339188e-02  6.022446e-01
      vertex   3.522500e-01 -1.364202e-02  6.026397e-01
      vertex   3.495000e-01 -1.421250e-02  6.036513e-01
    endloop
  endfacet
  facet normal  2.115280e-02 -8.943449e-01 -4.468778e-01
    outer loop
      vertex   3.495000e-01 -1.421250e-02  6.036513e-01
      vertex   3.522500e-01 -1.364202e-02  6.026397e-01
      vertex   3.522500e-01 -1.487657e-02  6.051105e-01
    endloop
  endfacet
  facet normal  0.000000e+00 -9.101776e-01 -4.142182e-01
    outer loop
      vertex   3.495000e-01 -1.421250e-02  6.036513e-01
      vertex   3.522500e-01 -1.487657e-02  6.051105e-01
      vertex   3.495000e-01 -1.487657e-02  6.051105e-01
    endloop
  endfacet
  facet normal  0.000000e+00 -9.467369e-01 -3.220083e-01
    outer loop
      vertex   3.495000e-01 -1.487657e-02  6.051105e-01
      vertex   3.522500e-01 -1.487657e-02  6.051105e-01
      vertex   3.495000e-01 -1.538234e-02  6.065975e-01
    endloop
  endfacet
  facet normal  1.960347e-02 -9.570492e-01 -2.892621e-01
    outer loop
      vertex   3.495000e-01 -1.538234e-02  6.065975e-01
      vertex   3.522500e-01 -1.487657e-02  6.051105e-01
      vertex   3.522500e-01 -1.564819e-02  6.076635e-01
    endloop
  endfacet
  facet normal -5.412100e-03 -9.734542e-01 -2.288179e-01
    outer loop
      vertex   3.495000e-01 -1.538234e-02  6.065975e-01
      vertex   3.522500e-01 -1.564819e-02  6.076635e-01
      vertex   3.495000e-01 -1.573284e-02  6.080886e-01
    endloop
  endfacet
  facet normal  6.295155e-03 -9.877467e-01 -1.559388e-01
    outer loop
      vertex   3.495000e-01 -1.573284e-02  6.080886e-01
      vertex   3.522500e-01 -1.564819e-02  6.076635e-01
      vertex   3.522500e-01 -1.591502e-02  6.093536e-01
    endloop
  endfacet
  facet normal -2.393656e-02 -9.955322e-01 -9.133822e-02
    outer loop
      vertex   3.495000e-01 -1.573284e-02  6.080886e-01
      vertex   3.522500e-01 -1.591502e-02  6.093536e-01
      vertex   3.495000e-01 -1.599995e-02  6.110000e-01
    endloop
  endfacet
  facet normal -6.764311e-07 -9.986721e-01  5.151854e-02
    outer loop
      vertex   3.522500e-01 -1.599995e-02  6.110000e-01
      vertex   3.550000e-01 -1.599996e-02  6.110000e-01
      vertex   3.522500e-01 -1.591502e-02  6.126464e-01
    endloop
  endfacet
  facet normal  2.393615e-02 -9.955323e-01  9.133822e-02
    outer loop
      vertex   3.522500e-01 -1.591502e-02  6.126464e-01
      vertex   3.550000e-01 -1.599996e-02  6.110000e-01
      vertex   3.550000e-01 -1.573284e-02  6.139114e-01
    endloop
  endfacet
  facet normal -6.295892e-03 -9.877466e-01  1.559388e-01
    outer loop
      vertex   3.522500e-01 -1.591502e-02  6.126464e-01
      vertex   3.550000e-01 -1.573284e-02  6.139114e-01
      vertex   3.522500e-01 -1.564819e-02  6.143366e-01
    endloop
  endfacet
  facet normal  5.411685e-03 -9.734539e-01  2.288190e-01
    outer loop
      vertex   3.522500e-01 -1.564819e-02  6.143366e-01
      vertex   3.550000e-01 -1.573284e-02  6.139114e-01
      vertex   3.550000e-01 -1.538234e-02  6.154025e-01
    endloop
  endfacet
  facet normal -8.350219e-03 -9.649755e-01  2.622074e-01
    outer loop
      vertex   3.522500e-01 -1.564819e-02  6.143366e-01
      vertex   3.550000e-01 -1.538234e-02  6.154025e-01
      vertex   3.522500e-01 -1.518487e-02  6.160417e-01
    endloop
  endfacet
  facet normal  6.857985e-03 -9.467146e-01  3.220007e-01
    outer loop
      vertex   3.522500e-01 -1.518487e-02  6.160417e-01
      vertex   3.550000e-01 -1.538234e-02  6.154025e-01
      vertex   3.550000e-01 -1.487657e-02  6.168895e-01
    endloop
  endfacet
  facet normal -9.358535e-03 -9.296268e-01  3.683835e-01
    outer loop
      vertex   3.522500e-01 -1.518487e-02  6.160417e-01
      vertex   3.550000e-01 -1.487657e-02  6.168895e-01
      vertex   3.522500e-01 -1.451649e-02  6.177284e-01
    endloop
  endfacet
  facet normal  7.169078e-03 -9.101539e-01  4.142084e-01
    outer loop
      vertex   3.522500e-01 -1.451649e-02  6.177284e-01
      vertex   3.550000e-01 -1.487657e-02  6.168895e-01
      vertex   3.550000e-01 -1.421250e-02  6.183487e-01
    endloop
  endfacet
  facet normal -9.114945e-03 -8.813913e-01  4.722989e-01
    outer loop
      vertex   3.522500e-01 -1.451649e-02  6.177284e-01
      vertex   3.550000e-01 -1.421250e-02  6.183487e-01
      vertex   3.522500e-01 -1.364201e-02  6.193603e-01
    endloop
  endfacet
  facet normal  6.165122e-03 -8.637471e-01  5.038881e-01
    outer loop
      vertex   3.522500e-01 -1.364201e-02  6.193603e-01
      vertex   3.550000e-01 -1.421250e-02  6.183487e-01
      vertex   3.550000e-01 -1.339188e-02  6.197554e-01
    endloop
  endfacet
  facet normal -7.499485e-03 -8.204917e-01  5.716093e-01
    outer loop
      vertex   3.522500e-01 -1.364201e-02  6.193603e-01
      vertex   3.550000e-01 -1.339188e-02  6.197554e-01
      vertex   3.522500e-01 -1.256898e-02  6.209005e-01
    endloop
  endfacet
  facet normal  3.789142e-03 -8.077265e-01  5.895452e-01
    outer loop
      vertex   3.522500e-01 -1.256898e-02  6.209005e-01
      vertex   3.550000e-01 -1.339188e-02  6.197554e-01
      vertex   3.550000e-01 -1.242161e-02  6.210847e-01
    endloop
  endfacet
  facet normal -4.425773e-03 -7.476347e-01  6.640954e-01
    outer loop
      vertex   3.522500e-01 -1.256898e-02  6.209005e-01
      vertex   3.550000e-01 -1.242161e-02  6.210847e-01
      vertex   3.522500e-01 -1.131366e-02  6.223137e-01
    endloop
  endfacet
  facet normal  0.000000e+00 -7.427371e-01  6.695832e-01
    outer loop
      vertex   3.522500e-01 -1.131366e-02  6.223137e-01
      vertex   3.550000e-01 -1.242161e-02  6.210847e-01
      vertex   3.550000e-01 -1.131366e-02  6.223137e-01
    endloop
  endfacet
  facet normal  0.000000e+00 -6.695943e-01  7.427270e-01
    outer loop
      vertex   3.522500e-01 -1.131366e-02  6.223137e-01
      vertex   3.550000e-01 -1.131366e-02  6.223137e-01
      vertex   3.550000e-01 -1.008472e-02  6.234217e-01
    endloop
  endfacet
  facet normal -4.443434e-03 -6.640845e-01  7.476444e-01
    outer loop
      vertex   3.522500e-01 -1.131366e-02  6.223137e-01
      vertex   3.550000e-01 -1.008472e-02  6.234217e-01
      vertex   3.522500e-01 -9.900441e-03  6.235690e-01
    endloop
  endfacet
  facet normal  3.773789e-03 -5.895171e-01  8.077471e-01
    outer loop
      vertex   3.522500e-01 -9.900441e-03  6.235690e-01
      vertex   3.550000e-01 -1.008472e-02  6.234217e-01
      vertex   3.550000e-01 -8.755310e-03  6.243919e-01
    endloop
  endfacet
  facet normal -7.486222e-03 -5.716265e-01  8.204798e-01
    outer loop
      vertex   3.522500e-01 -9.900441e-03  6.235690e-01
      vertex   3.550000e-01 -8.755310e-03  6.243919e-01
      vertex   3.522500e-01 -8.360229e-03  6.246421e-01
    endloop
  endfacet
  facet normal  6.178128e-03 -5.039051e-01  8.637370e-01
    outer loop
      vertex   3.522500e-01 -8.360229e-03  6.246421e-01
      vertex   3.550000e-01 -8.755310e-03  6.243919e-01
      vertex   3.550000e-01 -7.348668e-03  6.252126e-01
    endloop
  endfacet
  facet normal -9.116830e-03 -4.722853e-01  8.813986e-01
    outer loop
      vertex   3.522500e-01 -8.360229e-03  6.246421e-01
      vertex   3.550000e-01 -7.348668e-03  6.252126e-01
      vertex   3.522500e-01 -6.728276e-03  6.255165e-01
    endloop
  endfacet
  facet normal  7.166927e-03 -4.141973e-01  9.101589e-01
    outer loop
      vertex   3.522500e-01 -6.728276e-03  6.255165e-01
      vertex   3.550000e-01 -7.348668e-03  6.252126e-01
      vertex   3.550000e-01 -5.889470e-03  6.258766e-01
    endloop
  endfacet
  facet normal -9.351052e-03 -3.683985e-01  9.296210e-01
    outer loop
      vertex   3.522500e-01 -6.728276e-03  6.255165e-01
      vertex   3.550000e-01 -5.889470e-03  6.258766e-01
      vertex   3.522500e-01 -5.041611e-03  6.261849e-01
    endloop
  endfacet
  facet normal  6.861634e-03 -3.220267e-01  9.467057e-01
    outer loop
      vertex   3.522500e-01 -5.041611e-03  6.261849e-01
      vertex   3.550000e-01 -5.889470e-03  6.258766e-01
      vertex   3.550000e-01 -4.402486e-03  6.263824e-01
    endloop
  endfacet
  facet normal -8.354123e-03 -2.622027e-01  9.649766e-01
    outer loop
      vertex   3.522500e-01 -5.041611e-03  6.261849e-01
      vertex   3.550000e-01 -4.402486e-03  6.263824e-01
      vertex   3.522500e-01 -3.336517e-03  6.266482e-01
    endloop
  endfacet
  facet normal  5.412482e-03 -2.288027e-01  9.734578e-01
    outer loop
      vertex   3.522500e-01 -3.336517e-03  6.266482e-01
      vertex   3.550000e-01 -4.402486e-03  6.263824e-01
      vertex   3.550000e-01 -2.911363e-03  6.267329e-01
    endloop
  endfacet
  facet normal -6.290586e-03 -1.559492e-01  9.877450e-01
    outer loop
      vertex   3.522500e-01 -3.336517e-03  6.266482e-01
      vertex   3.550000e-01 -2.911363e-03  6.267329e-01
      vertex   3.522500e-01 -1.646352e-03  6.269151e-01
    endloop
  endfacet
  facet normal  3.396015e-09  4.498158e-02 -9.989878e-01
    outer loop
      vertex   3.495000e-01  4.719373e-08  6.341000e-01
      vertex   3.550000e-01  4.677850e-08  6.341000e-01
      vertex   3.495000e-01 -2.075591e-03  6.340066e-01
    endloop
  endfacet
  facet normal -4.399600e-03  5.661251e-02 -9.983866e-01
    outer loop
      vertex   3.495000e-01 -2.075591e-03  6.340066e-01
      vertex   3.550000e-01  4.677850e-08  6.341000e-01
      vertex   3.522500e-01 -2.376941e-03  6.339774e-01
    endloop
  endfacet
  facet normal  4.386379e-03  1.360443e-01 -9.906931e-01
    outer loop
      vertex   3.495000e-01 -2.075591e-03  6.340066e-01
      vertex   3.522500e-01 -2.376941e-03  6.339774e-01
      vertex   3.495000e-01 -4.203299e-03  6.337144e-01
    endloop
  endfacet
  facet normal -9.104017e-03  1.559301e-01 -9.877262e-01
    outer loop
      vertex   3.495000e-01 -4.203299e-03  6.337144e-01
      vertex   3.522500e-01 -2.376941e-03  6.339774e-01
      vertex   3.522500e-01 -4.817116e-03  6.335921e-01
    endloop
  endfacet
  facet normal  7.800194e-03  2.288182e-01 -9.734379e-01
    outer loop
      vertex   3.495000e-01 -4.203299e-03  6.337144e-01
      vertex   3.522500e-01 -4.817116e-03  6.335921e-01
      vertex   3.495000e-01 -6.356108e-03  6.332083e-01
    endloop
  endfacet
  facet normal -1.205971e-02  2.621869e-01 -9.649417e-01
    outer loop
      vertex   3.495000e-01 -6.356108e-03  6.332083e-01
      vertex   3.522500e-01 -4.817116e-03  6.335921e-01
      vertex   3.522500e-01 -7.278846e-03  6.329232e-01
    endloop
  endfacet
  facet normal  9.903389e-03  3.220029e-01 -9.466869e-01
    outer loop
      vertex   3.495000e-01 -6.356108e-03  6.332083e-01
      vertex   3.522500e-01 -7.278846e-03  6.329232e-01
      vertex   3.495000e-01 -8.502941e-03  6.324781e-01
    endloop
  endfacet
  facet normal -1.350805e-02  3.683769e-01 -9.295784e-01
    outer loop
      vertex   3.495000e-01 -8.502941e-03  6.324781e-01
      vertex   3.522500e-01 -7.278846e-03  6.329232e-01
      vertex   3.522500e-01 -9.713967e-03  6.319582e-01
    endloop
  endfacet
  facet normal  1.034280e-02  4.141895e-01 -9.101319e-01
    outer loop
      vertex   3.495000e-01 -8.502941e-03  6.324781e-01
      vertex   3.522500e-01 -9.713967e-03  6.319582e-01
      vertex   3.495000e-01 -1.060966e-02  6.315194e-01
    endloop
  endfacet
  facet normal -1.316947e-02  4.722769e-01 -8.813518e-01
    outer loop
      vertex   3.495000e-01 -1.060966e-02  6.315194e-01
      vertex   3.522500e-01 -9.713967e-03  6.319582e-01
      vertex   3.522500e-01 -1.207010e-02  6.306957e-01
    endloop
  endfacet
  facet normal  8.895682e-03  5.038844e-01 -8.637254e-01
    outer loop
      vertex   3.495000e-01 -1.060966e-02  6.315194e-01
      vertex   3.522500e-01 -1.207010e-02  6.306957e-01
      vertex   3.495000e-01 -1.264050e-02  6.303346e-01
    endloop
  endfacet
  facet normal -1.082939e-02  5.715965e-01 -8.204634e-01
    outer loop
      vertex   3.495000e-01 -1.264050e-02  6.303346e-01
      vertex   3.522500e-01 -1.207010e-02  6.306957e-01
      vertex   3.522500e-01 -1.429378e-02  6.291465e-01
    endloop
  endfacet
  facet normal  5.447566e-03  5.895227e-01 -8.077334e-01
    outer loop
      vertex   3.495000e-01 -1.264050e-02  6.303346e-01
      vertex   3.522500e-01 -1.429378e-02  6.291465e-01
      vertex   3.495000e-01 -1.455984e-02  6.289338e-01
    endloop
  endfacet
  facet normal -6.415598e-03  6.640851e-01 -7.476295e-01
    outer loop
      vertex   3.495000e-01 -1.455984e-02  6.289338e-01
      vertex   3.522500e-01 -1.429378e-02  6.291465e-01
      vertex   3.522500e-01 -1.633412e-02  6.273342e-01
    endloop
  endfacet
  facet normal  0.000000e+00  6.696025e-01 -7.427197e-01
    outer loop
      vertex   3.495000e-01 -1.455984e-02  6.289338e-01
      vertex   3.522500e-01 -1.633412e-02  6.273342e-01
      vertex   3.495000e-01 -1.633412e-02  6.273342e-01
    endloop
  endfacet
  facet normal  0.000000e+00  7.427295e-01 -6.695915e-01
    outer loop
      vertex   3.495000e-01 -1.633412e-02  6.273342e-01
      vertex   3.522500e-01 -1.633412e-02  6.273342e-01
      vertex   3.495000e-01 -1.793371e-02  6.255599e-01
    endloop
  endfacet
  facet normal -6.395205e-03  7.476237e-01 -6.640918e-01
    outer loop
      vertex   3.495000e-01 -1.793371e-02  6.255599e-01
      vertex   3.522500e-01 -1.633412e-02  6.273342e-01
      vertex   3.522500e-01 -1.814648e-02  6.252939e-01
    endloop
  endfacet
  facet normal  5.467988e-03  8.077295e-01 -5.895278e-01
    outer loop
      vertex   3.495000e-01 -1.793371e-02  6.255599e-01
      vertex   3.522500e-01 -1.814648e-02  6.252939e-01
      vertex   3.495000e-01 -1.933455e-02  6.236405e-01
    endloop
  endfacet
  facet normal -1.081825e-02  8.204670e-01 -5.715916e-01
    outer loop
      vertex   3.495000e-01 -1.933455e-02  6.236405e-01
      vertex   3.522500e-01 -1.814648e-02  6.252939e-01
      vertex   3.522500e-01 -1.969568e-02  6.230701e-01
    endloop
  endfacet
  facet normal  8.906462e-03  8.637252e-01 -5.038843e-01
    outer loop
      vertex   3.495000e-01 -1.933455e-02  6.236405e-01
      vertex   3.522500e-01 -1.969568e-02  6.230701e-01
      vertex   3.495000e-01 -2.051932e-02  6.216097e-01
    endloop
  endfacet
  facet normal -1.316142e-02  8.813543e-01 -4.722725e-01
    outer loop
      vertex   3.495000e-01 -2.051932e-02  6.216097e-01
      vertex   3.522500e-01 -1.969568e-02  6.230701e-01
      vertex   3.522500e-01 -2.095820e-02  6.207140e-01
    endloop
  endfacet
  facet normal  1.034455e-02  9.101269e-01 -4.142005e-01
    outer loop
      vertex   3.495000e-01 -2.051932e-02  6.216097e-01
      vertex   3.522500e-01 -2.095820e-02  6.207140e-01
      vertex   3.495000e-01 -2.147806e-02  6.195030e-01
    endloop
  endfacet
  facet normal -1.351266e-02  9.295793e-01 -3.683745e-01
    outer loop
      vertex   3.495000e-01 -2.147806e-02  6.195030e-01
      vertex   3.522500e-01 -2.095820e-02  6.207140e-01
      vertex   3.522500e-01 -2.192318e-02  6.182789e-01
    endloop
  endfacet
  facet normal  9.899855e-03  9.466884e-01 -3.219982e-01
    outer loop
      vertex   3.495000e-01 -2.147806e-02  6.195030e-01
      vertex   3.522500e-01 -2.192318e-02  6.182789e-01
      vertex   3.495000e-01 -2.220827e-02  6.173562e-01
    endloop
  endfacet
  facet normal -1.205643e-02  9.649379e-01 -2.622010e-01
    outer loop
      vertex   3.495000e-01 -2.220827e-02  6.173562e-01
      vertex   3.522500e-01 -2.192318e-02  6.182789e-01
      vertex   3.522500e-01 -2.259210e-02  6.158172e-01
    endloop
  endfacet
  facet normal  7.816526e-03  9.734396e-01 -2.288106e-01
    outer loop
      vertex   3.495000e-01 -2.220827e-02  6.173562e-01
      vertex   3.522500e-01 -2.259210e-02  6.158172e-01
      vertex   3.495000e-01 -2.271431e-02  6.152033e-01
    endloop
  endfacet
  facet normal -9.086781e-03  9.877260e-01 -1.559313e-01
    outer loop
      vertex   3.495000e-01 -2.271431e-02  6.152033e-01
      vertex   3.522500e-01 -2.259210e-02  6.158172e-01
      vertex   3.522500e-01 -2.297733e-02  6.133770e-01
    endloop
  endfacet
  facet normal  4.397427e-03  9.906916e-01 -1.360546e-01
    outer loop
      vertex   3.495000e-01 -2.271431e-02  6.152033e-01
      vertex   3.522500e-01 -2.297733e-02  6.133770e-01
      vertex   3.495000e-01 -2.300651e-02  6.130756e-01
    endloop
  endfacet
  facet normal -4.951082e-03  9.986597e-01 -5.151816e-02
    outer loop
      vertex   3.495000e-01 -2.300651e-02  6.130756e-01
      vertex   3.522500e-01 -2.297733e-02  6.133770e-01
      vertex   3.522500e-01 -2.309996e-02  6.110000e-01
    endloop
  endfacet
  facet normal  0.000000e+00  9.989882e-01 -4.497319e-02
    outer loop
      vertex   3.495000e-01 -2.300651e-02  6.130756e-01
      vertex   3.522500e-01 -2.309996e-02  6.110000e-01
      vertex   3.495000e-01 -2.309996e-02  6.110000e-01
    endloop
  endfacet
  facet normal -0.000000e+00  9.989882e-01  4.497319e-02
    outer loop
      vertex   3.495000e-01 -2.309996e-02  6.110000e-01
      vertex   3.522500e-01 -2.309996e-02  6.110000e-01
      vertex   3.495000e-01 -2.300651e-02  6.089244e-01
    endloop
  endfacet
  facet normal -4.951082e-03  9.986597e-01  5.151816e-02
    outer loop
      vertex   3.495000e-01 -2.300651e-02  6.089244e-01
      vertex   3.522500e-01 -2.309996e-02  6.110000e-01
      vertex   3.522500e-01 -2.297733e-02  6.086230e-01
    endloop
  endfacet
  facet normal  4.397436e-03  9.906916e-01  1.360546e-01
    outer loop
      vertex   3.495000e-01 -2.300651e-02  6.089244e-01
      vertex   3.522500e-01 -2.297733e-02  6.086230e-01
      vertex   3.495000e-01 -2.271431e-02  6.067967e-01
    endloop
  endfacet
  facet normal -9.086781e-03  9.877260e-01  1.559313e-01
    outer loop
      vertex   3.495000e-01 -2.271431e-02  6.067967e-01
      vertex   3.522500e-01 -2.297733e-02  6.086230e-01
      vertex   3.522500e-01 -2.259210e-02  6.061828e-01
    endloop
  endfacet
  facet normal  7.816521e-03  9.734396e-01  2.288106e-01
    outer loop
      vertex   3.495000e-01 -2.271431e-02  6.067967e-01
      vertex   3.522500e-01 -2.259210e-02  6.061828e-01
      vertex   3.495000e-01 -2.220827e-02  6.046438e-01
    endloop
  endfacet
  facet normal -4.007702e-03  9.685662e-01  2.487238e-01
    outer loop
      vertex   3.495000e-01 -2.220827e-02  6.046438e-01
      vertex   3.522500e-01 -2.259210e-02  6.061828e-01
      vertex   3.522500e-01 -2.211785e-02  6.043360e-01
    endloop
  endfacet
  facet normal  4.914145e-03  9.467207e-01  3.220181e-01
    outer loop
      vertex   3.495000e-01 -2.220827e-02  6.046438e-01
      vertex   3.522500e-01 -2.211785e-02  6.043360e-01
      vertex   3.495000e-01 -2.147806e-02  6.024970e-01
    endloop
  endfacet
  facet normal -0.000000e+00  9.444743e-01  3.285852e-01
    outer loop
      vertex   3.495000e-01 -2.147806e-02  6.024970e-01
      vertex   3.522500e-01 -2.211785e-02  6.043360e-01
      vertex   3.522500e-01 -2.147806e-02  6.024970e-01
    endloop
  endfacet
  facet normal -0.000000e+00  9.131463e-01  4.076318e-01
    outer loop
      vertex   3.495000e-01 -2.147806e-02  6.024970e-01
      vertex   3.522500e-01 -2.147806e-02  6.024970e-01
      vertex   3.522500e-01 -2.067025e-02  6.006874e-01
    endloop
  endfacet
  facet normal  6.258360e-07  9.131464e-01  4.076318e-01
    outer loop
      vertex   3.522500e-01 -2.067025e-02  6.006874e-01
      vertex   3.522500e-01 -2.147806e-02  6.024970e-01
      vertex   3.550000e-01 -2.147807e-02  6.024970e-01
    endloop
  endfacet
  facet normal -5.201389e-03  9.101677e-01  4.142074e-01
    outer loop
      vertex   3.522500e-01 -2.067025e-02  6.006874e-01
      vertex   3.550000e-01 -2.147807e-02  6.024970e-01
      vertex   3.550000e-01 -2.051932e-02  6.003903e-01
    endloop
  endfacet
  facet normal  5.680497e-03  4.498086e-02 -9.989716e-01
    outer loop
      vertex   3.550000e-01  4.677850e-08  6.341000e-01
      vertex   3.550000e-01 -2.075591e-03  6.340066e-01
      vertex   3.522500e-01 -2.376941e-03  6.339774e-01
    endloop
  endfacet
  facet normal -4.386405e-03  1.360443e-01 -9.906930e-01
    outer loop
      vertex   3.522500e-01 -2.376941e-03  6.339774e-01
      vertex   3.550000e-01 -2.075591e-03  6.340066e-01
      vertex   3.550000e-01 -4.203300e-03  6.337144e-01
    endloop
  endfacet
  facet normal  9.104145e-03  1.559301e-01 -9.877261e-01
    outer loop
      vertex   3.522500e-01 -2.376941e-03  6.339774e-01
      vertex   3.550000e-01 -4.203300e-03  6.337144e-01
      vertex   3.522500e-01 -4.817116e-03  6.335921e-01
    endloop
  endfacet
  facet normal -7.800236e-03  2.288182e-01 -9.734378e-01
    outer loop
      vertex   3.522500e-01 -4.817116e-03  6.335921e-01
      vertex   3.550000e-01 -4.203300e-03  6.337144e-01
      vertex   3.550000e-01 -6.356108e-03  6.332083e-01
    endloop
  endfacet
  facet normal  1.205987e-02  2.621869e-01 -9.649417e-01
    outer loop
      vertex   3.522500e-01 -4.817116e-03  6.335921e-01
      vertex   3.550000e-01 -6.356108e-03  6.332083e-01
      vertex   3.522500e-01 -7.278846e-03  6.329232e-01
    endloop
  endfacet
  facet normal -9.903471e-03  3.220029e-01 -9.466869e-01
    outer loop
      vertex   3.522500e-01 -7.278846e-03  6.329232e-01
      vertex   3.550000e-01 -6.356108e-03  6.332083e-01
      vertex   3.550000e-01 -8.502941e-03  6.324781e-01
    endloop
  endfacet
  facet normal  1.350819e-02  3.683769e-01 -9.295784e-01
    outer loop
      vertex   3.522500e-01 -7.278846e-03  6.329232e-01
      vertex   3.550000e-01 -8.502941e-03  6.324781e-01
      vertex   3.522500e-01 -9.713967e-03  6.319582e-01
    endloop
  endfacet
  facet normal -1.034290e-02  4.141896e-01 -9.101319e-01
    outer loop
      vertex   3.522500e-01 -9.713967e-03  6.319582e-01
      vertex   3.550000e-01 -8.502941e-03  6.324781e-01
      vertex   3.550000e-01 -1.060966e-02  6.315194e-01
    endloop
  endfacet
  facet normal  1.316962e-02  4.722769e-01 -8.813519e-01
    outer loop
      vertex   3.522500e-01 -9.713967e-03  6.319582e-01
      vertex   3.550000e-01 -1.060966e-02  6.315194e-01
      vertex   3.522500e-01 -1.207010e-02  6.306957e-01
    endloop
  endfacet
  facet normal -8.895778e-03  5.038844e-01 -8.637254e-01
    outer loop
      vertex   3.522500e-01 -1.207010e-02  6.306957e-01
      vertex   3.550000e-01 -1.060966e-02  6.315194e-01
      vertex   3.550000e-01 -1.264050e-02  6.303346e-01
    endloop
  endfacet
  facet normal  1.082951e-02  5.715964e-01 -8.204634e-01
    outer loop
      vertex   3.522500e-01 -1.207010e-02  6.306957e-01
      vertex   3.550000e-01 -1.264050e-02  6.303346e-01
      vertex   3.522500e-01 -1.429378e-02  6.291465e-01
    endloop
  endfacet
  facet normal -5.447621e-03  5.895228e-01 -8.077334e-01
    outer loop
      vertex   3.522500e-01 -1.429378e-02  6.291465e-01
      vertex   3.550000e-01 -1.264050e-02  6.303346e-01
      vertex   3.550000e-01 -1.455984e-02  6.289338e-01
    endloop
  endfacet
  facet normal  6.415667e-03  6.640851e-01 -7.476295e-01
    outer loop
      vertex   3.522500e-01 -1.429378e-02  6.291465e-01
      vertex   3.550000e-01 -1.455984e-02  6.289338e-01
      vertex   3.522500e-01 -1.633412e-02  6.273342e-01
    endloop
  endfacet
  facet normal  4.535419e-07  6.696020e-01 -7.427201e-01
    outer loop
      vertex   3.522500e-01 -1.633412e-02  6.273342e-01
      vertex   3.550000e-01 -1.455984e-02  6.289338e-01
      vertex   3.550000e-01 -1.633412e-02  6.273342e-01
    endloop
  endfacet
  facet normal  5.030734e-07  7.427295e-01 -6.695915e-01
    outer loop
      vertex   3.522500e-01 -1.633412e-02  6.273342e-01
      vertex   3.550000e-01 -1.633412e-02  6.273342e-01
      vertex   3.550000e-01 -1.793371e-02  6.255599e-01
    endloop
  endfacet
  facet normal  6.395797e-03  7.476237e-01 -6.640918e-01
    outer loop
      vertex   3.522500e-01 -1.633412e-02  6.273342e-01
      vertex   3.550000e-01 -1.793371e-02  6.255599e-01
      vertex   3.522500e-01 -1.814648e-02  6.252939e-01
    endloop
  endfacet
  facet normal -5.467504e-03  8.077295e-01 -5.895278e-01
    outer loop
      vertex   3.522500e-01 -1.814648e-02  6.252939e-01
      vertex   3.550000e-01 -1.793371e-02  6.255599e-01
      vertex   3.550000e-01 -1.933455e-02  6.236405e-01
    endloop
  endfacet
  facet normal  1.081891e-02  8.204670e-01 -5.715915e-01
    outer loop
      vertex   3.522500e-01 -1.814648e-02  6.252939e-01
      vertex   3.550000e-01 -1.933455e-02  6.236405e-01
      vertex   3.522500e-01 -1.969568e-02  6.230701e-01
    endloop
  endfacet
  facet normal -8.905973e-03  8.637252e-01 -5.038843e-01
    outer loop
      vertex   3.522500e-01 -1.969568e-02  6.230701e-01
      vertex   3.550000e-01 -1.933455e-02  6.236405e-01
      vertex   3.550000e-01 -2.051932e-02  6.216097e-01
    endloop
  endfacet
  facet normal  1.316216e-02  8.813543e-01 -4.722725e-01
    outer loop
      vertex   3.522500e-01 -1.969568e-02  6.230701e-01
      vertex   3.550000e-01 -2.051932e-02  6.216097e-01
      vertex   3.522500e-01 -2.095820e-02  6.207140e-01
    endloop
  endfacet
  facet normal -1.034405e-02  9.101269e-01 -4.142006e-01
    outer loop
      vertex   3.522500e-01 -2.095820e-02  6.207140e-01
      vertex   3.550000e-01 -2.051932e-02  6.216097e-01
      vertex   3.550000e-01 -2.147807e-02  6.195030e-01
    endloop
  endfacet
  facet normal  1.351343e-02  9.295793e-01 -3.683744e-01
    outer loop
      vertex   3.522500e-01 -2.095820e-02  6.207140e-01
      vertex   3.550000e-01 -2.147807e-02  6.195030e-01
      vertex   3.522500e-01 -2.192318e-02  6.182789e-01
    endloop
  endfacet
  facet normal -9.899328e-03  9.466885e-01 -3.219982e-01
    outer loop
      vertex   3.522500e-01 -2.192318e-02  6.182789e-01
      vertex   3.550000e-01 -2.147807e-02  6.195030e-01
      vertex   3.550000e-01 -2.220827e-02  6.173562e-01
    endloop
  endfacet
  facet normal  1.205722e-02  9.649379e-01 -2.622011e-01
    outer loop
      vertex   3.522500e-01 -2.192318e-02  6.182789e-01
      vertex   3.550000e-01 -2.220827e-02  6.173562e-01
      vertex   3.522500e-01 -2.259210e-02  6.158172e-01
    endloop
  endfacet
  facet normal -7.815947e-03  9.734396e-01 -2.288106e-01
    outer loop
      vertex   3.522500e-01 -2.259210e-02  6.158172e-01
      vertex   3.550000e-01 -2.220827e-02  6.173562e-01
      vertex   3.550000e-01 -2.271431e-02  6.152033e-01
    endloop
  endfacet
  facet normal  9.087548e-03  9.877260e-01 -1.559313e-01
    outer loop
      vertex   3.522500e-01 -2.259210e-02  6.158172e-01
      vertex   3.550000e-01 -2.271431e-02  6.152033e-01
      vertex   3.522500e-01 -2.297733e-02  6.133770e-01
    endloop
  endfacet
  facet normal -4.396813e-03  9.906916e-01 -1.360546e-01
    outer loop
      vertex   3.522500e-01 -2.297733e-02  6.133770e-01
      vertex   3.550000e-01 -2.271431e-02  6.152033e-01
      vertex   3.550000e-01 -2.300652e-02  6.130756e-01
    endloop
  endfacet
  facet normal  4.951812e-03  9.986598e-01 -5.151816e-02
    outer loop
      vertex   3.522500e-01 -2.297733e-02  6.133770e-01
      vertex   3.550000e-01 -2.300652e-02  6.130756e-01
      vertex   3.522500e-01 -2.309996e-02  6.110000e-01
    endloop
  endfacet
  facet normal  6.766452e-07  9.989882e-01 -4.497319e-02
    outer loop
      vertex   3.522500e-01 -2.309996e-02  6.110000e-01
      vertex   3.550000e-01 -2.300652e-02  6.130756e-01
      vertex   3.550000e-01 -2.309996e-02  6.110000e-01
    endloop
  endfacet
  facet normal  6.766452e-07  9.989882e-01  4.497319e-02
    outer loop
      vertex   3.522500e-01 -2.309996e-02  6.110000e-01
      vertex   3.550000e-01 -2.309996e-02  6.110000e-01
      vertex   3.550000e-01 -2.300652e-02  6.089244e-01
    endloop
  endfacet
  facet normal  4.951811e-03  9.986598e-01  5.151816e-02
    outer loop
      vertex   3.522500e-01 -2.309996e-02  6.110000e-01
      vertex   3.550000e-01 -2.300652e-02  6.089244e-01
      vertex   3.522500e-01 -2.297733e-02  6.086230e-01
    endloop
  endfacet
  facet normal -4.396813e-03  9.906916e-01  1.360546e-01
    outer loop
      vertex   3.522500e-01 -2.297733e-02  6.086230e-01
      vertex   3.550000e-01 -2.300652e-02  6.089244e-01
      vertex   3.550000e-01 -2.271431e-02  6.067967e-01
    endloop
  endfacet
  facet normal  9.087548e-03  9.877260e-01  1.559313e-01
    outer loop
      vertex   3.522500e-01 -2.297733e-02  6.086230e-01
      vertex   3.550000e-01 -2.271431e-02  6.067967e-01
      vertex   3.522500e-01 -2.259210e-02  6.061828e-01
    endloop
  endfacet
  facet normal -7.815947e-03  9.734396e-01  2.288106e-01
    outer loop
      vertex   3.522500e-01 -2.259210e-02  6.061828e-01
      vertex   3.550000e-01 -2.271431e-02  6.067967e-01
      vertex   3.550000e-01 -2.220827e-02  6.046438e-01
    endloop
  endfacet
  facet normal  4.008407e-03  9.685662e-01  2.487238e-01
    outer loop
      vertex   3.522500e-01 -2.259210e-02  6.061828e-01
      vertex   3.550000e-01 -2.220827e-02  6.046438e-01
      vertex   3.522500e-01 -2.211785e-02  6.043360e-01
    endloop
  endfacet
  facet normal -4.913558e-03  9.467207e-01  3.220182e-01
    outer loop
      vertex   3.522500e-01 -2.211785e-02  6.043360e-01
      vertex   3.550000e-01 -2.220827e-02  6.046438e-01
      vertex   3.550000e-01 -2.147807e-02  6.024970e-01
    endloop
  endfacet
  facet normal  6.581957e-07  9.444743e-01  3.285852e-01
    outer loop
      vertex   3.522500e-01 -2.211785e-02  6.043360e-01
      vertex   3.550000e-01 -2.147807e-02  6.024970e-01
      vertex   3.522500e-01 -2.147806e-02  6.024970e-01
    endloop
  endfacet
  facet normal  4.396120e-03  8.745390e-01  4.849353e-01
    outer loop
      vertex   3.522500e-01 -2.067025e-02  6.006874e-01
      vertex   3.550000e-01 -2.051932e-02  6.003903e-01
      vertex   3.522500e-01 -1.969568e-02  5.989299e-01
    endloop
  endfacet
  facet normal -8.905145e-03  8.637259e-01  5.038831e-01
    outer loop
      vertex   3.522500e-01 -1.969568e-02  5.989299e-01
      vertex   3.550000e-01 -2.051932e-02  6.003903e-01
      vertex   3.550000e-01 -1.933455e-02  5.983595e-01
    endloop
  endfacet
  facet normal  7.208392e-03  8.288204e-01  5.594683e-01
    outer loop
      vertex   3.522500e-01 -1.969568e-02  5.989299e-01
      vertex   3.550000e-01 -1.933455e-02  5.983595e-01
      vertex   3.522500e-01 -1.855959e-02  5.972468e-01
    endloop
  endfacet
  facet normal -1.089681e-02  8.076937e-01  5.895017e-01
    outer loop
      vertex   3.522500e-01 -1.855959e-02  5.972468e-01
      vertex   3.550000e-01 -1.933455e-02  5.983595e-01
      vertex   3.550000e-01 -1.793372e-02  5.964401e-01
    endloop
  endfacet
  facet normal  8.218423e-03  7.763010e-01  6.303089e-01
    outer loop
      vertex   3.522500e-01 -1.855959e-02  5.972468e-01
      vertex   3.550000e-01 -1.793372e-02  5.964401e-01
      vertex   3.522500e-01 -1.727125e-02  5.956601e-01
    endloop
  endfacet
  facet normal -1.101087e-02  7.426845e-01  6.695510e-01
    outer loop
      vertex   3.522500e-01 -1.727125e-02  5.956601e-01
      vertex   3.550000e-01 -1.793372e-02  5.964401e-01
      vertex   3.550000e-01 -1.633413e-02  5.946658e-01
    endloop
  endfacet
  facet normal  7.351903e-03  7.174582e-01  6.965628e-01
    outer loop
      vertex   3.522500e-01 -1.727125e-02  5.956601e-01
      vertex   3.550000e-01 -1.633413e-02  5.946658e-01
      vertex   3.522500e-01 -1.584381e-02  5.941898e-01
    endloop
  endfacet
  facet normal -9.170055e-03  6.695735e-01  7.426892e-01
    outer loop
      vertex   3.522500e-01 -1.584381e-02  5.941898e-01
      vertex   3.550000e-01 -1.633413e-02  5.946658e-01
      vertex   3.550000e-01 -1.455984e-02  5.930662e-01
    endloop
  endfacet
  facet normal  4.585750e-03  6.529636e-01  7.573755e-01
    outer loop
      vertex   3.522500e-01 -1.584381e-02  5.941898e-01
      vertex   3.550000e-01 -1.455984e-02  5.930662e-01
      vertex   3.522500e-01 -1.429378e-02  5.928535e-01
    endloop
  endfacet
  facet normal -5.447563e-03  5.895231e-01  8.077332e-01
    outer loop
      vertex   3.522500e-01 -1.429378e-02  5.928535e-01
      vertex   3.550000e-01 -1.455984e-02  5.930662e-01
      vertex   3.550000e-01 -1.264050e-02  5.916654e-01
    endloop
  endfacet
  facet normal  0.000000e+00  5.835723e-01  8.120613e-01
    outer loop
      vertex   3.522500e-01 -1.429378e-02  5.928535e-01
      vertex   3.550000e-01 -1.264050e-02  5.916654e-01
      vertex   3.522500e-01 -1.264050e-02  5.916654e-01
    endloop
  endfacet
  facet normal -0.000000e+00  5.101352e-01  8.600942e-01
    outer loop
      vertex   3.522500e-01 -1.264050e-02  5.916654e-01
      vertex   3.550000e-01 -1.264050e-02  5.916654e-01
      vertex   3.522500e-01 -1.090527e-02  5.906362e-01
    endloop
  endfacet
  facet normal  0.000000e+00  5.101352e-01  8.600942e-01
    outer loop
      vertex   3.522500e-01 -1.264050e-02  5.916654e-01
      vertex   3.522500e-01 -1.090527e-02  5.906362e-01
      vertex   3.495000e-01 -1.264050e-02  5.916654e-01
    endloop
  endfacet
  facet normal  5.303312e-03  5.038972e-01  8.637474e-01
    outer loop
      vertex   3.495000e-01 -1.264050e-02  5.916654e-01
      vertex   3.522500e-01 -1.090527e-02  5.906362e-01
      vertex   3.495000e-01 -1.060966e-02  5.904806e-01
    endloop
  endfacet
  facet normal -4.360208e-03  4.336423e-01  9.010745e-01
    outer loop
      vertex   3.495000e-01 -1.060966e-02  5.904806e-01
      vertex   3.522500e-01 -1.090527e-02  5.906362e-01
      vertex   3.522500e-01 -9.110505e-03  5.897725e-01
    endloop
  endfacet
  facet normal  8.576921e-03  4.141965e-01  9.101471e-01
    outer loop
      vertex   3.495000e-01 -1.060966e-02  5.904806e-01
      vertex   3.522500e-01 -9.110505e-03  5.897725e-01
      vertex   3.495000e-01 -8.502944e-03  5.895219e-01
    endloop
  endfacet
  facet normal -6.734831e-03  3.550654e-01  9.348172e-01
    outer loop
      vertex   3.495000e-01 -8.502944e-03  5.895219e-01
      vertex   3.522500e-01 -9.110505e-03  5.897725e-01
      vertex   3.522500e-01 -7.278850e-03  5.890768e-01
    endloop
  endfacet
  facet normal  9.903389e-03  3.220029e-01  9.466869e-01
    outer loop
      vertex   3.495000e-01 -8.502944e-03  5.895219e-01
      vertex   3.522500e-01 -7.278850e-03  5.890768e-01
      vertex   3.495000e-01 -6.356111e-03  5.887917e-01
    endloop
  endfacet
  facet normal -7.262113e-03  2.753638e-01  9.613127e-01
    outer loop
      vertex   3.495000e-01 -6.356111e-03  5.887917e-01
      vertex   3.522500e-01 -7.278850e-03  5.890768e-01
      vertex   3.522500e-01 -5.432316e-03  5.885478e-01
    endloop
  endfacet
  facet normal  9.448683e-03  2.288150e-01  9.734240e-01
    outer loop
      vertex   3.495000e-01 -6.356111e-03  5.887917e-01
      vertex   3.522500e-01 -5.432316e-03  5.885478e-01
      vertex   3.495000e-01 -4.203303e-03  5.882856e-01
    endloop
  endfacet
  facet normal -6.139388e-03  1.954851e-01  9.806874e-01
    outer loop
      vertex   3.495000e-01 -4.203303e-03  5.882856e-01
      vertex   3.522500e-01 -5.432316e-03  5.885478e-01
      vertex   3.522500e-01 -3.591562e-03  5.881809e-01
    endloop
  endfacet
  facet normal  7.464142e-03  1.360418e-01  9.906750e-01
    outer loop
      vertex   3.495000e-01 -4.203303e-03  5.882856e-01
      vertex   3.522500e-01 -3.591562e-03  5.881809e-01
      vertex   3.495000e-01 -2.075594e-03  5.879934e-01
    endloop
  endfacet
  facet normal -3.628755e-03  1.162331e-01  9.932153e-01
    outer loop
      vertex   3.495000e-01 -2.075594e-03  5.879934e-01
      vertex   3.522500e-01 -3.591562e-03  5.881809e-01
      vertex   3.522500e-01 -1.775314e-03  5.879683e-01
    endloop
  endfacet
  facet normal  4.203988e-03  4.498119e-02  9.989790e-01
    outer loop
      vertex   3.495000e-01 -2.075594e-03  5.879934e-01
      vertex   3.522500e-01 -1.775314e-03  5.879683e-01
      vertex   3.495000e-01  4.370573e-08  5.879000e-01
    endloop
  endfacet
  facet normal  2.905165e-09  3.848007e-02  9.992594e-01
    outer loop
      vertex   3.495000e-01  4.370573e-08  5.879000e-01
      vertex   3.522500e-01 -1.775314e-03  5.879683e-01
      vertex   3.550000e-01  4.329049e-08  5.879000e-01
    endloop
  endfacet
  facet normal -4.204027e-03  4.498119e-02  9.989790e-01
    outer loop
      vertex   3.550000e-01  4.329049e-08  5.879000e-01
      vertex   3.522500e-01 -1.775314e-03  5.879683e-01
      vertex   3.550000e-01 -2.075594e-03  5.879934e-01
    endloop
  endfacet
  facet normal  3.628815e-03  1.162331e-01  9.932154e-01
    outer loop
      vertex   3.550000e-01 -2.075594e-03  5.879934e-01
      vertex   3.522500e-01 -1.775314e-03  5.879683e-01
      vertex   3.522500e-01 -3.591562e-03  5.881809e-01
    endloop
  endfacet
  facet normal -7.464203e-03  1.360418e-01  9.906750e-01
    outer loop
      vertex   3.550000e-01 -2.075594e-03  5.879934e-01
      vertex   3.522500e-01 -3.591562e-03  5.881809e-01
      vertex   3.550000e-01 -4.203303e-03  5.882856e-01
    endloop
  endfacet
  facet normal  6.139487e-03  1.954851e-01  9.806874e-01
    outer loop
      vertex   3.550000e-01 -4.203303e-03  5.882856e-01
      vertex   3.522500e-01 -3.591562e-03  5.881809e-01
      vertex   3.522500e-01 -5.432316e-03  5.885478e-01
    endloop
  endfacet
  facet normal -9.448743e-03  2.288150e-01  9.734240e-01
    outer loop
      vertex   3.550000e-01 -4.203303e-03  5.882856e-01
      vertex   3.522500e-01 -5.432316e-03  5.885478e-01
      vertex   3.550000e-01 -6.356112e-03  5.887917e-01
    endloop
  endfacet
  facet normal  7.262240e-03  2.753638e-01  9.613127e-01
    outer loop
      vertex   3.550000e-01 -6.356112e-03  5.887917e-01
      vertex   3.522500e-01 -5.432316e-03  5.885478e-01
      vertex   3.522500e-01 -7.278850e-03  5.890768e-01
    endloop
  endfacet
  facet normal -9.903463e-03  3.220029e-01  9.466869e-01
    outer loop
      vertex   3.550000e-01 -6.356112e-03  5.887917e-01
      vertex   3.522500e-01 -7.278850e-03  5.890768e-01
      vertex   3.550000e-01 -8.502944e-03  5.895219e-01
    endloop
  endfacet
  facet normal  6.734904e-03  3.550654e-01  9.348172e-01
    outer loop
      vertex   3.550000e-01 -8.502944e-03  5.895219e-01
      vertex   3.522500e-01 -7.278850e-03  5.890768e-01
      vertex   3.522500e-01 -9.110505e-03  5.897725e-01
    endloop
  endfacet
  facet normal -8.577006e-03  4.141965e-01  9.101471e-01
    outer loop
      vertex   3.550000e-01 -8.502944e-03  5.895219e-01
      vertex   3.522500e-01 -9.110505e-03  5.897725e-01
      vertex   3.550000e-01 -1.060966e-02  5.904806e-01
    endloop
  endfacet
  facet normal  4.360255e-03  4.336423e-01  9.010745e-01
    outer loop
      vertex   3.550000e-01 -1.060966e-02  5.904806e-01
      vertex   3.522500e-01 -9.110505e-03  5.897725e-01
      vertex   3.522500e-01 -1.090527e-02  5.906362e-01
    endloop
  endfacet
  facet normal -5.303374e-03  5.038972e-01  8.637474e-01
    outer loop
      vertex   3.550000e-01 -1.060966e-02  5.904806e-01
      vertex   3.522500e-01 -1.090527e-02  5.906362e-01
      vertex   3.550000e-01 -1.264050e-02  5.916654e-01
    endloop
  endfacet
  facet normal  0.000000e+00  5.835723e-01  8.120613e-01
    outer loop
      vertex   3.522500e-01 -1.264050e-02  5.916654e-01
      vertex   3.495000e-01 -1.264050e-02  5.916654e-01
      vertex   3.522500e-01 -1.429378e-02  5.928535e-01
    endloop
  endfacet
  facet normal  5.447504e-03  5.895231e-01  8.077331e-01
    outer loop
      vertex   3.522500e-01 -1.429378e-02  5.928535e-01
      vertex   3.495000e-01 -1.264050e-02  5.916654e-01
      vertex   3.495000e-01 -1.455984e-02  5.930662e-01
    endloop
  endfacet
  facet normal -4.585696e-03  6.529636e-01  7.573754e-01
    outer loop
      vertex   3.522500e-01 -1.429378e-02  5.928535e-01
      vertex   3.495000e-01 -1.455984e-02  5.930662e-01
      vertex   3.522500e-01 -1.584381e-02  5.941898e-01
    endloop
  endfacet
  facet normal  9.170282e-03  6.695739e-01  7.426888e-01
    outer loop
      vertex   3.522500e-01 -1.584381e-02  5.941898e-01
      vertex   3.495000e-01 -1.455984e-02  5.930662e-01
      vertex   3.495000e-01 -1.633412e-02  5.946658e-01
    endloop
  endfacet
  facet normal -7.351339e-03  7.174582e-01  6.965628e-01
    outer loop
      vertex   3.522500e-01 -1.584381e-02  5.941898e-01
      vertex   3.495000e-01 -1.633412e-02  5.946658e-01
      vertex   3.522500e-01 -1.727125e-02  5.956601e-01
    endloop
  endfacet
  facet normal  1.101125e-02  7.426845e-01  6.695510e-01
    outer loop
      vertex   3.522500e-01 -1.727125e-02  5.956601e-01
      vertex   3.495000e-01 -1.633412e-02  5.946658e-01
      vertex   3.495000e-01 -1.793372e-02  5.964401e-01
    endloop
  endfacet
  facet normal -8.217827e-03  7.763010e-01  6.303089e-01
    outer loop
      vertex   3.522500e-01 -1.727125e-02  5.956601e-01
      vertex   3.495000e-01 -1.793372e-02  5.964401e-01
      vertex   3.522500e-01 -1.855959e-02  5.972468e-01
    endloop
  endfacet
  facet normal  1.089723e-02  8.076937e-01  5.895017e-01
    outer loop
      vertex   3.522500e-01 -1.855959e-02  5.972468e-01
      vertex   3.495000e-01 -1.793372e-02  5.964401e-01
      vertex   3.495000e-01 -1.933455e-02  5.983595e-01
    endloop
  endfacet
  facet normal -7.207754e-03  8.288204e-01  5.594683e-01
    outer loop
      vertex   3.522500e-01 -1.855959e-02  5.972468e-01
      vertex   3.495000e-01 -1.933455e-02  5.983595e-01
      vertex   3.522500e-01 -1.969568e-02  5.989299e-01
    endloop
  endfacet
  facet normal  8.905633e-03  8.637259e-01  5.038831e-01
    outer loop
      vertex   3.522500e-01 -1.969568e-02  5.989299e-01
      vertex   3.495000e-01 -1.933455e-02  5.983595e-01
      vertex   3.495000e-01 -2.051932e-02  6.003903e-01
    endloop
  endfacet
  facet normal -4.395480e-03  8.745390e-01  4.849353e-01
    outer loop
      vertex   3.522500e-01 -1.969568e-02  5.989299e-01
      vertex   3.495000e-01 -2.051932e-02  6.003903e-01
      vertex   3.522500e-01 -2.067025e-02  6.006874e-01
    endloop
  endfacet
  facet normal  5.201953e-03  9.101676e-01  4.142074e-01
    outer loop
      vertex   3.522500e-01 -2.067025e-02  6.006874e-01
      vertex   3.495000e-01 -2.051932e-02  6.003903e-01
      vertex   3.495000e-01 -2.147806e-02  6.024970e-01
    endloop
  endfacet
  facet normal  2.481016e-07  9.989882e-01 -4.497293e-02
    outer loop
      vertex   3.495000e-01  2.500005e-02  6.110000e-01
      vertex   3.570000e-01  2.500005e-02  6.110000e-01
      vertex   3.495000e-01  2.489892e-02  6.087536e-01
    endloop
  endfacet
  facet normal  3.486858e-03  9.983916e-01 -5.658682e-02
    outer loop
      vertex   3.495000e-01  2.489892e-02  6.087536e-01
      vertex   3.570000e-01  2.500005e-02  6.110000e-01
      vertex   3.532500e-01  2.486734e-02  6.084275e-01
    endloop
  endfacet
  facet normal -3.488482e-03  9.906951e-01 -1.360553e-01
    outer loop
      vertex   3.495000e-01  2.489892e-02  6.087536e-01
      vertex   3.532500e-01  2.486734e-02  6.084275e-01
      vertex   3.495000e-01  2.458268e-02  6.064509e-01
    endloop
  endfacet
  facet normal  7.214863e-03  9.877408e-01 -1.559361e-01
    outer loop
      vertex   3.495000e-01  2.458268e-02  6.064509e-01
      vertex   3.532500e-01  2.486734e-02  6.084275e-01
      vertex   3.532500e-01  2.445042e-02  6.057866e-01
    endloop
  endfacet
  facet normal -6.199736e-03  9.734497e-01 -2.288173e-01
    outer loop
      vertex   3.495000e-01  2.458268e-02  6.064509e-01
      vertex   3.532500e-01  2.445042e-02  6.057866e-01
      vertex   3.495000e-01  2.403502e-02  6.041210e-01
    endloop
  endfacet
  facet normal  9.570796e-03  9.649640e-01 -2.622075e-01
    outer loop
      vertex   3.495000e-01  2.403502e-02  6.041210e-01
      vertex   3.532500e-01  2.445042e-02  6.057866e-01
      vertex   3.532500e-01  2.372648e-02  6.031224e-01
    endloop
  endfacet
  facet normal -7.856390e-03  9.467043e-01 -3.220082e-01
    outer loop
      vertex   3.495000e-01  2.403502e-02  6.041210e-01
      vertex   3.532500e-01  2.372648e-02  6.031224e-01
      vertex   3.495000e-01  2.324476e-02  6.017976e-01
    endloop
  endfacet
  facet normal  1.072200e-02  9.296125e-01 -3.683825e-01
    outer loop
      vertex   3.495000e-01  2.324476e-02  6.017976e-01
      vertex   3.532500e-01  2.372648e-02  6.031224e-01
      vertex   3.532500e-01  2.268213e-02  6.004870e-01
    endloop
  endfacet
  facet normal -8.212022e-03  9.101485e-01 -4.142008e-01
    outer loop
      vertex   3.495000e-01  2.324476e-02  6.017976e-01
      vertex   3.532500e-01  2.268213e-02  6.004870e-01
      vertex   3.495000e-01  2.220715e-02  5.995176e-01
    endloop
  endfacet
  facet normal  1.044454e-02  8.813860e-01 -4.722815e-01
    outer loop
      vertex   3.495000e-01  2.220715e-02  5.995176e-01
      vertex   3.532500e-01  2.268213e-02  6.004870e-01
      vertex   3.532500e-01  2.131576e-02  5.979370e-01
    endloop
  endfacet
  facet normal -7.076519e-03  8.637351e-01 -5.038962e-01
    outer loop
      vertex   3.495000e-01  2.220715e-02  5.995176e-01
      vertex   3.532500e-01  2.131576e-02  5.979370e-01
      vertex   3.495000e-01  2.092493e-02  5.973198e-01
    endloop
  endfacet
  facet normal  8.579780e-03  8.204740e-01 -5.716195e-01
    outer loop
      vertex   3.495000e-01  2.092493e-02  5.973198e-01
      vertex   3.532500e-01  2.131576e-02  5.979370e-01
      vertex   3.532500e-01  1.963914e-02  5.955305e-01
    endloop
  endfacet
  facet normal -4.331153e-03  8.077377e-01 -5.895261e-01
    outer loop
      vertex   3.495000e-01  2.092493e-02  5.973198e-01
      vertex   3.532500e-01  1.963914e-02  5.955305e-01
      vertex   3.495000e-01  1.940888e-02  5.952426e-01
    endloop
  endfacet
  facet normal  5.085240e-03  7.476333e-01 -6.640922e-01
    outer loop
      vertex   3.495000e-01  1.940888e-02  5.952426e-01
      vertex   3.532500e-01  1.963914e-02  5.955305e-01
      vertex   3.532500e-01  1.767771e-02  5.933223e-01
    endloop
  endfacet
  facet normal  3.752367e-07  7.427245e-01 -6.695970e-01
    outer loop
      vertex   3.495000e-01  1.940888e-02  5.952426e-01
      vertex   3.532500e-01  1.767771e-02  5.933223e-01
      vertex   3.495000e-01  1.767772e-02  5.933223e-01
    endloop
  endfacet
  facet normal  3.325931e-07  6.695977e-01 -7.427240e-01
    outer loop
      vertex   3.495000e-01  1.767772e-02  5.933223e-01
      vertex   3.532500e-01  1.767771e-02  5.933223e-01
      vertex   3.495000e-01  1.575750e-02  5.915912e-01
    endloop
  endfacet
  facet normal  5.086896e-03  6.640911e-01 -7.476344e-01
    outer loop
      vertex   3.495000e-01  1.575750e-02  5.915912e-01
      vertex   3.532500e-01  1.767771e-02  5.933223e-01
      vertex   3.532500e-01  1.546956e-02  5.913609e-01
    endloop
  endfacet
  facet normal -4.329116e-03  5.895249e-01 -8.077386e-01
    outer loop
      vertex   3.495000e-01  1.575750e-02  5.915912e-01
      vertex   3.532500e-01  1.546956e-02  5.913609e-01
      vertex   3.495000e-01  1.368029e-02  5.900751e-01
    endloop
  endfacet
  facet normal  8.576527e-03  5.716256e-01 -8.204697e-01
    outer loop
      vertex   3.495000e-01  1.368029e-02  5.900751e-01
      vertex   3.532500e-01  1.546956e-02  5.913609e-01
      vertex   3.532500e-01  1.306297e-02  5.896842e-01
    endloop
  endfacet
  facet normal -7.083407e-03  5.038934e-01 -8.637368e-01
    outer loop
      vertex   3.495000e-01  1.368029e-02  5.900751e-01
      vertex   3.532500e-01  1.306297e-02  5.896842e-01
      vertex   3.495000e-01  1.148241e-02  5.887929e-01
    endloop
  endfacet
  facet normal  1.044049e-02  4.722724e-01 -8.813909e-01
    outer loop
      vertex   3.495000e-01  1.148241e-02  5.887929e-01
      vertex   3.532500e-01  1.306297e-02  5.896842e-01
      vertex   3.532500e-01  1.051305e-02  5.883179e-01
    endloop
  endfacet
  facet normal -8.214428e-03  4.141975e-01 -9.101499e-01
    outer loop
      vertex   3.495000e-01  1.148241e-02  5.887929e-01
      vertex   3.532500e-01  1.051305e-02  5.883179e-01
      vertex   3.495000e-01  9.202412e-03  5.877553e-01
    endloop
  endfacet
  facet normal  1.072007e-02  3.683775e-01 -9.296145e-01
    outer loop
      vertex   3.495000e-01  9.202412e-03  5.877553e-01
      vertex   3.532500e-01  1.051305e-02  5.883179e-01
      vertex   3.532500e-01  7.877634e-03  5.872736e-01
    endloop
  endfacet
  facet normal -7.853230e-03  3.220161e-01 -9.467016e-01
    outer loop
      vertex   3.495000e-01  9.202412e-03  5.877553e-01
      vertex   3.532500e-01  7.877634e-03  5.872736e-01
      vertex   3.495000e-01  6.879000e-03  5.869650e-01
    endloop
  endfacet
  facet normal  9.574963e-03  2.622136e-01 -9.649624e-01
    outer loop
      vertex   3.495000e-01  6.879000e-03  5.869650e-01
      vertex   3.532500e-01  7.877634e-03  5.872736e-01
      vertex   3.532500e-01  5.213423e-03  5.865496e-01
    endloop
  endfacet
  facet normal -6.200063e-03  2.288135e-01 -9.734505e-01
    outer loop
      vertex   3.495000e-01  6.879000e-03  5.869650e-01
      vertex   3.532500e-01  5.213423e-03  5.865496e-01
      vertex   3.495000e-01  4.549121e-03  5.864174e-01
    endloop
  endfacet
  facet normal  7.213041e-03  1.559414e-01 -9.877400e-01
    outer loop
      vertex   3.495000e-01  4.549121e-03  5.864174e-01
      vertex   3.532500e-01  5.213423e-03  5.865496e-01
      vertex   3.532500e-01  2.572541e-03  5.861327e-01
    endloop
  endfacet
  facet normal -3.487816e-03  1.360650e-01 -9.906937e-01
    outer loop
      vertex   3.495000e-01  4.549121e-03  5.864174e-01
      vertex   3.532500e-01  2.572541e-03  5.861327e-01
      vertex   3.495000e-01  2.246405e-03  5.861011e-01
    endloop
  endfacet
  facet normal  3.933289e-03  5.150745e-02 -9.986648e-01
    outer loop
      vertex   3.495000e-01  2.246405e-03  5.861011e-01
      vertex   3.532500e-01  2.572541e-03  5.861327e-01
      vertex   3.532500e-01  4.327917e-08  5.860000e-01
    endloop
  endfacet
  facet normal  3.370548e-09  4.495594e-02 -9.989889e-01
    outer loop
      vertex   3.495000e-01  2.246405e-03  5.861011e-01
      vertex   3.532500e-01  4.327917e-08  5.860000e-01
      vertex   3.495000e-01  4.356228e-08  5.860000e-01
    endloop
  endfacet
  facet normal -3.394109e-09 -4.495594e-02 -9.989889e-01
    outer loop
      vertex   3.495000e-01  4.356228e-08  5.860000e-01
      vertex   3.532500e-01  4.327917e-08  5.860000e-01
      vertex   3.495000e-01 -2.246317e-03  5.861011e-01
    endloop
  endfacet
  facet normal  3.933283e-03 -5.150745e-02 -9.986648e-01
    outer loop
      vertex   3.495000e-01 -2.246317e-03  5.861011e-01
      vertex   3.532500e-01  4.327917e-08  5.860000e-01
      vertex   3.532500e-01 -2.572455e-03  5.861327e-01
    endloop
  endfacet
  facet normal -3.487836e-03 -1.360650e-01 -9.906937e-01
    outer loop
      vertex   3.495000e-01 -2.246317e-03  5.861011e-01
      vertex   3.532500e-01 -2.572455e-03  5.861327e-01
      vertex   3.495000e-01 -4.549033e-03  5.864174e-01
    endloop
  endfacet
  facet normal  7.213003e-03 -1.559414e-01 -9.877400e-01
    outer loop
      vertex   3.495000e-01 -4.549033e-03  5.864174e-01
      vertex   3.532500e-01 -2.572455e-03  5.861327e-01
      vertex   3.532500e-01 -5.213337e-03  5.865496e-01
    endloop
  endfacet
  facet normal -6.200114e-03 -2.288135e-01 -9.734505e-01
    outer loop
      vertex   3.495000e-01 -4.549033e-03  5.864174e-01
      vertex   3.532500e-01 -5.213337e-03  5.865496e-01
      vertex   3.495000e-01 -6.878912e-03  5.869650e-01
    endloop
  endfacet
  facet normal  3.182562e-03 -2.487211e-01 -9.685699e-01
    outer loop
      vertex   3.495000e-01 -6.878912e-03  5.869650e-01
      vertex   3.532500e-01 -5.213337e-03  5.865496e-01
      vertex   3.532500e-01 -7.212057e-03  5.870629e-01
    endloop
  endfacet
  facet normal -3.899699e-03 -3.220236e-01 -9.467236e-01
    outer loop
      vertex   3.495000e-01 -6.878912e-03  5.869650e-01
      vertex   3.532500e-01 -7.212057e-03  5.870629e-01
      vertex   3.495000e-01 -9.202325e-03  5.877553e-01
    endloop
  endfacet
  facet normal  0.000000e+00 -3.285884e-01 -9.444733e-01
    outer loop
      vertex   3.495000e-01 -9.202325e-03  5.877553e-01
      vertex   3.532500e-01 -7.212057e-03  5.870629e-01
      vertex   3.532500e-01 -9.202325e-03  5.877553e-01
    endloop
  endfacet
  facet normal  0.000000e+00 -4.076256e-01 -9.131491e-01
    outer loop
      vertex   3.495000e-01 -9.202325e-03  5.877553e-01
      vertex   3.532500e-01 -9.202325e-03  5.877553e-01
      vertex   3.532500e-01 -1.116073e-02  5.886295e-01
    endloop
  endfacet
  facet normal  0.000000e+00 -4.076256e-01 -9.131491e-01
    outer loop
      vertex   3.532500e-01 -1.116073e-02  5.886295e-01
      vertex   3.532500e-01 -9.202325e-03  5.877553e-01
      vertex   3.570000e-01 -9.202325e-03  5.877553e-01
    endloop
  endfacet
  facet normal  4.131398e-03 -4.142080e-01 -9.101729e-01
    outer loop
      vertex   3.532500e-01 -1.116073e-02  5.886295e-01
      vertex   3.570000e-01 -9.202325e-03  5.877553e-01
      vertex   3.570000e-01 -1.148232e-02  5.887929e-01
    endloop
  endfacet
  facet normal -4.501276e-03  9.989781e-01 -4.497247e-02
    outer loop
      vertex   3.570000e-01  2.500005e-02  6.110000e-01
      vertex   3.570000e-01  2.489892e-02  6.087536e-01
      vertex   3.532500e-01  2.486734e-02  6.084275e-01
    endloop
  endfacet
  facet normal  3.488973e-03  9.906951e-01 -1.360553e-01
    outer loop
      vertex   3.532500e-01  2.486734e-02  6.084275e-01
      vertex   3.570000e-01  2.489892e-02  6.087536e-01
      vertex   3.570000e-01  2.458268e-02  6.064509e-01
    endloop
  endfacet
  facet normal -7.214374e-03  9.877408e-01 -1.559361e-01
    outer loop
      vertex   3.532500e-01  2.486734e-02  6.084275e-01
      vertex   3.570000e-01  2.458268e-02  6.064509e-01
      vertex   3.532500e-01  2.445042e-02  6.057866e-01
    endloop
  endfacet
  facet normal  6.200216e-03  9.734496e-01 -2.288172e-01
    outer loop
      vertex   3.532500e-01  2.445042e-02  6.057866e-01
      vertex   3.570000e-01  2.458268e-02  6.064509e-01
      vertex   3.570000e-01  2.403502e-02  6.041210e-01
    endloop
  endfacet
  facet normal -9.570321e-03  9.649640e-01 -2.622075e-01
    outer loop
      vertex   3.532500e-01  2.445042e-02  6.057866e-01
      vertex   3.570000e-01  2.403502e-02  6.041210e-01
      vertex   3.532500e-01  2.372648e-02  6.031224e-01
    endloop
  endfacet
  facet normal  7.856856e-03  9.467042e-01 -3.220081e-01
    outer loop
      vertex   3.532500e-01  2.372648e-02  6.031224e-01
      vertex   3.570000e-01  2.403502e-02  6.041210e-01
      vertex   3.570000e-01  2.324475e-02  6.017976e-01
    endloop
  endfacet
  facet normal -1.072155e-02  9.296125e-01 -3.683825e-01
    outer loop
      vertex   3.532500e-01  2.372648e-02  6.031224e-01
      vertex   3.570000e-01  2.324475e-02  6.017976e-01
      vertex   3.532500e-01  2.268213e-02  6.004870e-01
    endloop
  endfacet
  facet normal  8.212488e-03  9.101485e-01 -4.142008e-01
    outer loop
      vertex   3.532500e-01  2.268213e-02  6.004870e-01
      vertex   3.570000e-01  2.324475e-02  6.017976e-01
      vertex   3.570000e-01  2.220715e-02  5.995176e-01
    endloop
  endfacet
  facet normal -1.044411e-02  8.813859e-01 -4.722814e-01
    outer loop
      vertex   3.532500e-01  2.268213e-02  6.004870e-01
      vertex   3.570000e-01  2.220715e-02  5.995176e-01
      vertex   3.532500e-01  2.131576e-02  5.979370e-01
    endloop
  endfacet
  facet normal  7.076948e-03  8.637351e-01 -5.038962e-01
    outer loop
      vertex   3.532500e-01  2.131576e-02  5.979370e-01
      vertex   3.570000e-01  2.220715e-02  5.995176e-01
      vertex   3.570000e-01  2.092493e-02  5.973198e-01
    endloop
  endfacet
  facet normal -8.579377e-03  8.204740e-01 -5.716195e-01
    outer loop
      vertex   3.532500e-01  2.131576e-02  5.979370e-01
      vertex   3.570000e-01  2.092493e-02  5.973198e-01
      vertex   3.532500e-01  1.963914e-02  5.955305e-01
    endloop
  endfacet
  facet normal  4.331549e-03  8.077377e-01 -5.895261e-01
    outer loop
      vertex   3.532500e-01  1.963914e-02  5.955305e-01
      vertex   3.570000e-01  2.092493e-02  5.973198e-01
      vertex   3.570000e-01  1.940887e-02  5.952426e-01
    endloop
  endfacet
  facet normal -5.084870e-03  7.476333e-01 -6.640922e-01
    outer loop
      vertex   3.532500e-01  1.963914e-02  5.955305e-01
      vertex   3.570000e-01  1.940887e-02  5.952426e-01
      vertex   3.532500e-01  1.767771e-02  5.933223e-01
    endloop
  endfacet
  facet normal  0.000000e+00  7.427245e-01 -6.695970e-01
    outer loop
      vertex   3.532500e-01  1.767771e-02  5.933223e-01
      vertex   3.570000e-01  1.940887e-02  5.952426e-01
      vertex   3.570000e-01  1.767771e-02  5.933223e-01
    endloop
  endfacet
  facet normal  0.000000e+00  6.695977e-01 -7.427240e-01
    outer loop
      vertex   3.532500e-01  1.767771e-02  5.933223e-01
      vertex   3.570000e-01  1.767771e-02  5.933223e-01
      vertex   3.570000e-01  1.575750e-02  5.915912e-01
    endloop
  endfacet
  facet normal -5.086582e-03  6.640911e-01 -7.476344e-01
    outer loop
      vertex   3.532500e-01  1.767771e-02  5.933223e-01
      vertex   3.570000e-01  1.575750e-02  5.915912e-01
      vertex   3.532500e-01  1.546956e-02  5.913609e-01
    endloop
  endfacet
  facet normal  4.329366e-03  5.895252e-01 -8.077384e-01
    outer loop
      vertex   3.532500e-01  1.546956e-02  5.913609e-01
      vertex   3.570000e-01  1.575750e-02  5.915912e-01
      vertex   3.570000e-01  1.368029e-02  5.900751e-01
    endloop
  endfacet
  facet normal -8.576527e-03  5.716256e-01 -8.204697e-01
    outer loop
      vertex   3.532500e-01  1.546956e-02  5.913609e-01
      vertex   3.570000e-01  1.368029e-02  5.900751e-01
      vertex   3.532500e-01  1.306297e-02  5.896842e-01
    endloop
  endfacet
  facet normal  7.083407e-03  5.038934e-01 -8.637368e-01
    outer loop
      vertex   3.532500e-01  1.306297e-02  5.896842e-01
      vertex   3.570000e-01  1.368029e-02  5.900751e-01
      vertex   3.570000e-01  1.148241e-02  5.887929e-01
    endloop
  endfacet
  facet normal -1.044049e-02  4.722724e-01 -8.813909e-01
    outer loop
      vertex   3.532500e-01  1.306297e-02  5.896842e-01
      vertex   3.570000e-01  1.148241e-02  5.887929e-01
      vertex   3.532500e-01  1.051305e-02  5.883179e-01
    endloop
  endfacet
  facet normal  8.214428e-03  4.141975e-01 -9.101499e-01
    outer loop
      vertex   3.532500e-01  1.051305e-02  5.883179e-01
      vertex   3.570000e-01  1.148241e-02  5.887929e-01
      vertex   3.570000e-01  9.202412e-03  5.877553e-01
    endloop
  endfacet
  facet normal -1.072008e-02  3.683775e-01 -9.296145e-01
    outer loop
      vertex   3.532500e-01  1.051305e-02  5.883179e-01
      vertex   3.570000e-01  9.202412e-03  5.877553e-01
      vertex   3.532500e-01  7.877634e-03  5.872736e-01
    endloop
  endfacet
  facet normal  7.853274e-03  3.220160e-01 -9.467016e-01
    outer loop
      vertex   3.532500e-01  7.877634e-03  5.872736e-01
      vertex   3.570000e-01  9.202412e-03  5.877553e-01
      vertex   3.570000e-01  6.878999e-03  5.869650e-01
    endloop
  endfacet
  facet normal -9.574897e-03  2.622136e-01 -9.649624e-01
    outer loop
      vertex   3.532500e-01  7.877634e-03  5.872736e-01
      vertex   3.570000e-01  6.878999e-03  5.869650e-01
      vertex   3.532500e-01  5.213423e-03  5.865496e-01
    endloop
  endfacet
  facet normal  6.200114e-03  2.288135e-01 -9.734505e-01
    outer loop
      vertex   3.532500e-01  5.213423e-03  5.865496e-01
      vertex   3.570000e-01  6.878999e-03  5.869650e-01
      vertex   3.570000e-01  4.549120e-03  5.864174e-01
    endloop
  endfacet
  facet normal -7.213003e-03  1.559414e-01 -9.877400e-01
    outer loop
      vertex   3.532500e-01  5.213423e-03  5.865496e-01
      vertex   3.570000e-01  4.549120e-03  5.864174e-01
      vertex   3.532500e-01  2.572541e-03  5.861327e-01
    endloop
  endfacet
  facet normal  3.487836e-03  1.360650e-01 -9.906937e-01
    outer loop
      vertex   3.532500e-01  2.572541e-03  5.861327e-01
      vertex   3.570000e-01  4.549120e-03  5.864174e-01
      vertex   3.570000e-01  2.246404e-03  5.861011e-01
    endloop
  endfacet
  facet normal -3.933283e-03  5.150745e-02 -9.986648e-01
    outer loop
      vertex   3.532500e-01  2.572541e-03  5.861327e-01
      vertex   3.570000e-01  2.246404e-03  5.861011e-01
      vertex   3.532500e-01  4.327917e-08  5.860000e-01
    endloop
  endfacet
  facet normal  3.394066e-09  4.495594e-02 -9.989889e-01
    outer loop
      vertex   3.532500e-01  4.327917e-08  5.860000e-01
      vertex   3.570000e-01  2.246404e-03  5.861011e-01
      vertex   3.570000e-01  4.299605e-08  5.860000e-01
    endloop
  endfacet
  facet normal -3.394066e-09 -4.495594e-02 -9.989889e-01
    outer loop
      vertex   3.532500e-01  4.327917e-08  5.860000e-01
      vertex   3.570000e-01  4.299605e-08  5.860000e-01
      vertex   3.570000e-01 -2.246318e-03  5.861011e-01
    endloop
  endfacet
  facet normal -3.933288e-03 -5.150745e-02 -9.986648e-01
    outer loop
      vertex   3.532500e-01  4.327917e-08  5.860000e-01
      vertex   3.570000e-01 -2.246318e-03  5.861011e-01
      vertex   3.532500e-01 -2.572455e-03  5.861327e-01
    endloop
  endfacet
  facet normal  3.487816e-03 -1.360650e-01 -9.906937e-01
    outer loop
      vertex   3.532500e-01 -2.572455e-03  5.861327e-01
      vertex   3.570000e-01 -2.246318e-03  5.861011e-01
      vertex   3.570000e-01 -4.549034e-03  5.864174e-01
    endloop
  endfacet
  facet normal -7.213037e-03 -1.559414e-01 -9.877400e-01
    outer loop
      vertex   3.532500e-01 -2.572455e-03  5.861327e-01
      vertex   3.570000e-01 -4.549034e-03  5.864174e-01
      vertex   3.532500e-01 -5.213337e-03  5.865496e-01
    endloop
  endfacet
  facet normal  6.200056e-03 -2.288135e-01 -9.734505e-01
    outer loop
      vertex   3.532500e-01 -5.213337e-03  5.865496e-01
      vertex   3.570000e-01 -4.549034e-03  5.864174e-01
      vertex   3.570000e-01 -6.878913e-03  5.869650e-01
    endloop
  endfacet
  facet normal -3.182628e-03 -2.487211e-01 -9.685699e-01
    outer loop
      vertex   3.532500e-01 -5.213337e-03  5.865496e-01
      vertex   3.570000e-01 -6.878913e-03  5.869650e-01
      vertex   3.532500e-01 -7.212057e-03  5.870629e-01
    endloop
  endfacet
  facet normal  3.899631e-03 -3.220237e-01 -9.467236e-01
    outer loop
      vertex   3.532500e-01 -7.212057e-03  5.870629e-01
      vertex   3.570000e-01 -6.878913e-03  5.869650e-01
      vertex   3.570000e-01 -9.202325e-03  5.877553e-01
    endloop
  endfacet
  facet normal  0.000000e+00 -3.285884e-01 -9.444733e-01
    outer loop
      vertex   3.532500e-01 -7.212057e-03  5.870629e-01
      vertex   3.570000e-01 -9.202325e-03  5.877553e-01
      vertex   3.532500e-01 -9.202325e-03  5.877553e-01
    endloop
  endfacet
  facet normal -3.486928e-03 -4.849400e-01 -8.745404e-01
    outer loop
      vertex   3.532500e-01 -1.116073e-02  5.886295e-01
      vertex   3.570000e-01 -1.148232e-02  5.887929e-01
      vertex   3.532500e-01 -1.306289e-02  5.896843e-01
    endloop
  endfacet
  facet normal  7.069677e-03 -5.038934e-01 -8.637369e-01
    outer loop
      vertex   3.532500e-01 -1.306289e-02  5.896843e-01
      vertex   3.570000e-01 -1.148232e-02  5.887929e-01
      vertex   3.570000e-01 -1.368020e-02  5.900751e-01
    endloop
  endfacet
  facet normal -5.717871e-03 -5.594731e-01 -8.288287e-01
    outer loop
      vertex   3.532500e-01 -1.306289e-02  5.896843e-01
      vertex   3.570000e-01 -1.368020e-02  5.900751e-01
      vertex   3.532500e-01 -1.488436e-02  5.909138e-01
    endloop
  endfacet
  facet normal  8.648640e-03 -5.895084e-01 -8.077160e-01
    outer loop
      vertex   3.532500e-01 -1.488436e-02  5.909138e-01
      vertex   3.570000e-01 -1.368020e-02  5.900751e-01
      vertex   3.570000e-01 -1.575741e-02  5.915912e-01
    endloop
  endfacet
  facet normal -6.524629e-03 -6.303164e-01 -7.763110e-01
    outer loop
      vertex   3.532500e-01 -1.488436e-02  5.909138e-01
      vertex   3.570000e-01 -1.575741e-02  5.915912e-01
      vertex   3.532500e-01 -1.660157e-02  5.923081e-01
    endloop
  endfacet
  facet normal  8.738806e-03 -6.695722e-01 -7.426957e-01
    outer loop
      vertex   3.532500e-01 -1.660157e-02  5.923081e-01
      vertex   3.570000e-01 -1.575741e-02  5.915912e-01
      vertex   3.570000e-01 -1.767763e-02  5.933223e-01
    endloop
  endfacet
  facet normal -5.832984e-03 -6.965716e-01 -7.174636e-01
    outer loop
      vertex   3.532500e-01 -1.660157e-02  5.923081e-01
      vertex   3.570000e-01 -1.767763e-02  5.933223e-01
      vertex   3.532500e-01 -1.819280e-02  5.938530e-01
    endloop
  endfacet
  facet normal  7.280878e-03 -7.427049e-01 -6.695793e-01
    outer loop
      vertex   3.532500e-01 -1.819280e-02  5.938530e-01
      vertex   3.570000e-01 -1.767763e-02  5.933223e-01
      vertex   3.570000e-01 -1.940879e-02  5.952426e-01
    endloop
  endfacet
  facet normal -3.632319e-03 -7.573771e-01 -6.529675e-01
    outer loop
      vertex   3.532500e-01 -1.819280e-02  5.938530e-01
      vertex   3.570000e-01 -1.940879e-02  5.952426e-01
      vertex   3.532500e-01 -1.963906e-02  5.955305e-01
    endloop
  endfacet
  facet normal  4.331549e-03 -8.077377e-01 -5.895261e-01
    outer loop
      vertex   3.532500e-01 -1.963906e-02  5.955305e-01
      vertex   3.570000e-01 -1.940879e-02  5.952426e-01
      vertex   3.570000e-01 -2.092485e-02  5.973198e-01
    endloop
  endfacet
  facet normal  0.000000e+00 -8.120694e-01 -5.835608e-01
    outer loop
      vertex   3.532500e-01 -1.963906e-02  5.955305e-01
      vertex   3.570000e-01 -2.092485e-02  5.973198e-01
      vertex   3.532500e-01 -2.092485e-02  5.973198e-01
    endloop
  endfacet
  facet normal  0.000000e+00 -8.600935e-01 -5.101362e-01
    outer loop
      vertex   3.532500e-01 -2.092485e-02  5.973198e-01
      vertex   3.570000e-01 -2.092485e-02  5.973198e-01
      vertex   3.532500e-01 -2.203870e-02  5.991977e-01
    endloop
  endfacet
  facet normal -4.272135e-07 -8.600935e-01 -5.101362e-01
    outer loop
      vertex   3.532500e-01 -2.092485e-02  5.973198e-01
      vertex   3.532500e-01 -2.203870e-02  5.991977e-01
      vertex   3.495000e-01 -2.092484e-02  5.973198e-01
    endloop
  endfacet
  facet normal -4.207829e-03 -8.637498e-01 -5.039033e-01
    outer loop
      vertex   3.495000e-01 -2.092484e-02  5.973198e-01
      vertex   3.532500e-01 -2.203870e-02  5.991977e-01
      vertex   3.495000e-01 -2.220706e-02  5.995176e-01
    endloop
  endfacet
  facet normal  3.460687e-03 -9.010737e-01 -4.336522e-01
    outer loop
      vertex   3.495000e-01 -2.220706e-02  5.995176e-01
      vertex   3.532500e-01 -2.203870e-02  5.991977e-01
      vertex   3.532500e-01 -2.297347e-02  6.011401e-01
    endloop
  endfacet
  facet normal -6.809772e-03 -9.101580e-01 -4.142051e-01
    outer loop
      vertex   3.495000e-01 -2.220706e-02  5.995176e-01
      vertex   3.532500e-01 -2.297347e-02  6.011401e-01
      vertex   3.495000e-01 -2.324466e-02  6.017976e-01
    endloop
  endfacet
  facet normal  5.345101e-03 -9.348278e-01 -3.550613e-01
    outer loop
      vertex   3.495000e-01 -2.324466e-02  6.017976e-01
      vertex   3.532500e-01 -2.297347e-02  6.011401e-01
      vertex   3.532500e-01 -2.372639e-02  6.031224e-01
    endloop
  endfacet
  facet normal -7.857322e-03 -9.467042e-01 -3.220081e-01
    outer loop
      vertex   3.495000e-01 -2.324466e-02  6.017976e-01
      vertex   3.532500e-01 -2.372639e-02  6.031224e-01
      vertex   3.495000e-01 -2.403493e-02  6.041210e-01
    endloop
  endfacet
  facet normal  5.765582e-03 -9.613217e-01 -2.753679e-01
    outer loop
      vertex   3.495000e-01 -2.403493e-02  6.041210e-01
      vertex   3.532500e-01 -2.372639e-02  6.031224e-01
      vertex   3.532500e-01 -2.429883e-02  6.051208e-01
    endloop
  endfacet
  facet normal -7.498972e-03 -9.734410e-01 -2.288152e-01
    outer loop
      vertex   3.495000e-01 -2.403493e-02  6.041210e-01
      vertex   3.532500e-01 -2.429883e-02  6.051208e-01
      vertex   3.495000e-01 -2.458259e-02  6.064509e-01
    endloop
  endfacet
  facet normal  4.872715e-03 -9.806951e-01 -1.954823e-01
    outer loop
      vertex   3.495000e-01 -2.458259e-02  6.064509e-01
      vertex   3.532500e-01 -2.429883e-02  6.051208e-01
      vertex   3.532500e-01 -2.469593e-02  6.071130e-01
    endloop
  endfacet
  facet normal -5.921715e-03 -9.906838e-01 -1.360538e-01
    outer loop
      vertex   3.495000e-01 -2.458259e-02  6.064509e-01
      vertex   3.532500e-01 -2.469593e-02  6.071130e-01
      vertex   3.495000e-01 -2.489883e-02  6.087536e-01
    endloop
  endfacet
  facet normal  2.875745e-03 -9.932148e-01 -1.162583e-01
    outer loop
      vertex   3.495000e-01 -2.489883e-02  6.087536e-01
      vertex   3.532500e-01 -2.469593e-02  6.071130e-01
      vertex   3.532500e-01 -2.492601e-02  6.090786e-01
    endloop
  endfacet
  facet normal -3.344618e-03 -9.989826e-01 -4.497267e-02
    outer loop
      vertex   3.495000e-01 -2.489883e-02  6.087536e-01
      vertex   3.532500e-01 -2.492601e-02  6.090786e-01
      vertex   3.495000e-01 -2.499996e-02  6.110000e-01
    endloop
  endfacet
  facet normal -2.481692e-07 -9.992602e-01 -3.845600e-02
    outer loop
      vertex   3.495000e-01 -2.499996e-02  6.110000e-01
      vertex   3.532500e-01 -2.492601e-02  6.090786e-01
      vertex   3.570000e-01 -2.499996e-02  6.110000e-01
    endloop
  endfacet
  facet normal  3.344122e-03 -9.989826e-01 -4.497267e-02
    outer loop
      vertex   3.570000e-01 -2.499996e-02  6.110000e-01
      vertex   3.532500e-01 -2.492601e-02  6.090786e-01
      vertex   3.570000e-01 -2.489883e-02  6.087536e-01
    endloop
  endfacet
  facet normal -2.876239e-03 -9.932148e-01 -1.162583e-01
    outer loop
      vertex   3.570000e-01 -2.489883e-02  6.087536e-01
      vertex   3.532500e-01 -2.492601e-02  6.090786e-01
      vertex   3.532500e-01 -2.469593e-02  6.071130e-01
    endloop
  endfacet
  facet normal  5.921222e-03 -9.906838e-01 -1.360538e-01
    outer loop
      vertex   3.570000e-01 -2.489883e-02  6.087536e-01
      vertex   3.532500e-01 -2.469593e-02  6.071130e-01
      vertex   3.570000e-01 -2.458259e-02  6.064509e-01
    endloop
  endfacet
  facet normal -4.873204e-03 -9.806951e-01 -1.954823e-01
    outer loop
      vertex   3.570000e-01 -2.458259e-02  6.064509e-01
      vertex   3.532500e-01 -2.469593e-02  6.071130e-01
      vertex   3.532500e-01 -2.429883e-02  6.051208e-01
    endloop
  endfacet
  facet normal  7.498484e-03 -9.734410e-01 -2.288152e-01
    outer loop
      vertex   3.570000e-01 -2.458259e-02  6.064509e-01
      vertex   3.532500e-01 -2.429883e-02  6.051208e-01
      vertex   3.570000e-01 -2.403493e-02  6.041210e-01
    endloop
  endfacet
  facet normal -5.766056e-03 -9.613217e-01 -2.753679e-01
    outer loop
      vertex   3.570000e-01 -2.403493e-02  6.041210e-01
      vertex   3.532500e-01 -2.429883e-02  6.051208e-01
      vertex   3.532500e-01 -2.372639e-02  6.031224e-01
    endloop
  endfacet
  facet normal  7.856859e-03 -9.467042e-01 -3.220081e-01
    outer loop
      vertex   3.570000e-01 -2.403493e-02  6.041210e-01
      vertex   3.532500e-01 -2.372639e-02  6.031224e-01
      vertex   3.570000e-01 -2.324466e-02  6.017976e-01
    endloop
  endfacet
  facet normal -5.345566e-03 -9.348278e-01 -3.550613e-01
    outer loop
      vertex   3.570000e-01 -2.324466e-02  6.017976e-01
      vertex   3.532500e-01 -2.372639e-02  6.031224e-01
      vertex   3.532500e-01 -2.297347e-02  6.011401e-01
    endloop
  endfacet
  facet normal  6.809325e-03 -9.101580e-01 -4.142051e-01
    outer loop
      vertex   3.570000e-01 -2.324466e-02  6.017976e-01
      vertex   3.532500e-01 -2.297347e-02  6.011401e-01
      vertex   3.570000e-01 -2.220706e-02  5.995176e-01
    endloop
  endfacet
  facet normal -3.461134e-03 -9.010737e-01 -4.336523e-01
    outer loop
      vertex   3.570000e-01 -2.220706e-02  5.995176e-01
      vertex   3.532500e-01 -2.297347e-02  6.011401e-01
      vertex   3.532500e-01 -2.203870e-02  5.991977e-01
    endloop
  endfacet
  facet normal  4.207406e-03 -8.637498e-01 -5.039033e-01
    outer loop
      vertex   3.570000e-01 -2.220706e-02  5.995176e-01
      vertex   3.532500e-01 -2.203870e-02  5.991977e-01
      vertex   3.570000e-01 -2.092485e-02  5.973198e-01
    endloop
  endfacet
  facet normal -4.033596e-07 -8.120694e-01 -5.835608e-01
    outer loop
      vertex   3.532500e-01 -2.092485e-02  5.973198e-01
      vertex   3.495000e-01 -2.092484e-02  5.973198e-01
      vertex   3.532500e-01 -1.963906e-02  5.955305e-01
    endloop
  endfacet
  facet normal -4.331949e-03 -8.077377e-01 -5.895261e-01
    outer loop
      vertex   3.532500e-01 -1.963906e-02  5.955305e-01
      vertex   3.495000e-01 -2.092484e-02  5.973198e-01
      vertex   3.495000e-01 -1.940879e-02  5.952426e-01
    endloop
  endfacet
  facet normal  3.631936e-03 -7.573771e-01 -6.529675e-01
    outer loop
      vertex   3.532500e-01 -1.963906e-02  5.955305e-01
      vertex   3.495000e-01 -1.940879e-02  5.952426e-01
      vertex   3.532500e-01 -1.819280e-02  5.938530e-01
    endloop
  endfacet
  facet normal -7.281253e-03 -7.427049e-01 -6.695793e-01
    outer loop
      vertex   3.532500e-01 -1.819280e-02  5.938530e-01
      vertex   3.495000e-01 -1.940879e-02  5.952426e-01
      vertex   3.495000e-01 -1.767763e-02  5.933223e-01
    endloop
  endfacet
  facet normal  5.832629e-03 -6.965716e-01 -7.174636e-01
    outer loop
      vertex   3.532500e-01 -1.819280e-02  5.938530e-01
      vertex   3.495000e-01 -1.767763e-02  5.933223e-01
      vertex   3.532500e-01 -1.660157e-02  5.923081e-01
    endloop
  endfacet
  facet normal -8.739140e-03 -6.695722e-01 -7.426957e-01
    outer loop
      vertex   3.532500e-01 -1.660157e-02  5.923081e-01
      vertex   3.495000e-01 -1.767763e-02  5.933223e-01
      vertex   3.495000e-01 -1.575741e-02  5.915912e-01
    endloop
  endfacet
  facet normal  6.524314e-03 -6.303164e-01 -7.763110e-01
    outer loop
      vertex   3.532500e-01 -1.660157e-02  5.923081e-01
      vertex   3.495000e-01 -1.575741e-02  5.915912e-01
      vertex   3.532500e-01 -1.488436e-02  5.909138e-01
    endloop
  endfacet
  facet normal -8.648811e-03 -5.895087e-01 -8.077157e-01
    outer loop
      vertex   3.532500e-01 -1.488436e-02  5.909138e-01
      vertex   3.495000e-01 -1.575741e-02  5.915912e-01
      vertex   3.495000e-01 -1.368020e-02  5.900751e-01
    endloop
  endfacet
  facet normal  5.717871e-03 -5.594731e-01 -8.288287e-01
    outer loop
      vertex   3.532500e-01 -1.488436e-02  5.909138e-01
      vertex   3.495000e-01 -1.368020e-02  5.900751e-01
      vertex   3.532500e-01 -1.306289e-02  5.896843e-01
    endloop
  endfacet
  facet normal -7.069677e-03 -5.038934e-01 -8.637369e-01
    outer loop
      vertex   3.532500e-01 -1.306289e-02  5.896843e-01
      vertex   3.495000e-01 -1.368020e-02  5.900751e-01
      vertex   3.495000e-01 -1.148232e-02  5.887929e-01
    endloop
  endfacet
  facet normal  3.486921e-03 -4.849400e-01 -8.745404e-01
    outer loop
      vertex   3.532500e-01 -1.306289e-02  5.896843e-01
      vertex   3.495000e-01 -1.148232e-02  5.887929e-01
      vertex   3.532500e-01 -1.116073e-02  5.886295e-01
    endloop
  endfacet
  facet normal -4.131398e-03 -4.142080e-01 -9.101729e-01
    outer loop
      vertex   3.532500e-01 -1.116073e-02  5.886295e-01
      vertex   3.495000e-01 -1.148232e-02  5.887929e-01
      vertex   3.495000e-01 -9.202325e-03  5.877553e-01
    endloop
  endfacet
  facet normal  3.344122e-03  9.989826e-01  4.497267e-02
    outer loop
      vertex   3.570000e-01  2.489892e-02  6.132464e-01
      vertex   3.570000e-01  2.500005e-02  6.110000e-01
      vertex   3.532500e-01  2.492610e-02  6.129214e-01
    endloop
  endfacet
  facet normal  2.483309e-07  9.992602e-01  3.845697e-02
    outer loop
      vertex   3.532500e-01  2.492610e-02  6.129214e-01
      vertex   3.570000e-01  2.500005e-02  6.110000e-01
      vertex   3.495000e-01  2.500005e-02  6.110000e-01
    endloop
  endfacet
  facet normal -3.343626e-03  9.989826e-01  4.497267e-02
    outer loop
      vertex   3.532500e-01  2.492610e-02  6.129214e-01
      vertex   3.495000e-01  2.500005e-02  6.110000e-01
      vertex   3.495000e-01  2.489892e-02  6.132464e-01
    endloop
  endfacet
  facet normal  2.876732e-03  9.932148e-01  1.162583e-01
    outer loop
      vertex   3.532500e-01  2.492610e-02  6.129214e-01
      vertex   3.495000e-01  2.489892e-02  6.132464e-01
      vertex   3.532500e-01  2.469602e-02  6.148870e-01
    endloop
  endfacet
  facet normal -5.920731e-03  9.906838e-01  1.360538e-01
    outer loop
      vertex   3.532500e-01  2.469602e-02  6.148870e-01
      vertex   3.495000e-01  2.489892e-02  6.132464e-01
      vertex   3.495000e-01  2.458268e-02  6.155491e-01
    endloop
  endfacet
  facet normal  4.873691e-03  9.806951e-01  1.954823e-01
    outer loop
      vertex   3.532500e-01  2.469602e-02  6.148870e-01
      vertex   3.495000e-01  2.458268e-02  6.155491e-01
      vertex   3.532500e-01  2.429892e-02  6.168792e-01
    endloop
  endfacet
  facet normal -7.498003e-03  9.734410e-01  2.288152e-01
    outer loop
      vertex   3.532500e-01  2.429892e-02  6.168792e-01
      vertex   3.495000e-01  2.458268e-02  6.155491e-01
      vertex   3.495000e-01  2.403502e-02  6.178790e-01
    endloop
  endfacet
  facet normal  5.766538e-03  9.613217e-01  2.753679e-01
    outer loop
      vertex   3.532500e-01  2.429892e-02  6.168792e-01
      vertex   3.495000e-01  2.403502e-02  6.178790e-01
      vertex   3.532500e-01  2.372648e-02  6.188776e-01
    endloop
  endfacet
  facet normal -7.856390e-03  9.467043e-01  3.220082e-01
    outer loop
      vertex   3.532500e-01  2.372648e-02  6.188776e-01
      vertex   3.495000e-01  2.403502e-02  6.178790e-01
      vertex   3.495000e-01  2.324476e-02  6.202024e-01
    endloop
  endfacet
  facet normal  5.346037e-03  9.348277e-01  3.550613e-01
    outer loop
      vertex   3.532500e-01  2.372648e-02  6.188776e-01
      vertex   3.495000e-01  2.324476e-02  6.202024e-01
      vertex   3.532500e-01  2.297356e-02  6.208599e-01
    endloop
  endfacet
  facet normal -6.808871e-03  9.101580e-01  4.142051e-01
    outer loop
      vertex   3.532500e-01  2.297356e-02  6.208599e-01
      vertex   3.495000e-01  2.324476e-02  6.202024e-01
      vertex   3.495000e-01  2.220715e-02  6.224824e-01
    endloop
  endfacet
  facet normal  3.461580e-03  9.010737e-01  4.336523e-01
    outer loop
      vertex   3.532500e-01  2.297356e-02  6.208599e-01
      vertex   3.495000e-01  2.220715e-02  6.224824e-01
      vertex   3.532500e-01  2.203879e-02  6.228023e-01
    endloop
  endfacet
  facet normal -4.206980e-03  8.637498e-01  5.039033e-01
    outer loop
      vertex   3.532500e-01  2.203879e-02  6.228023e-01
      vertex   3.495000e-01  2.220715e-02  6.224824e-01
      vertex   3.495000e-01  2.092494e-02  6.246802e-01
    endloop
  endfacet
  facet normal  4.165423e-07  8.600935e-01  5.101362e-01
    outer loop
      vertex   3.532500e-01  2.203879e-02  6.228023e-01
      vertex   3.495000e-01  2.092494e-02  6.246802e-01
      vertex   3.532500e-01  2.092494e-02  6.246802e-01
    endloop
  endfacet
  facet normal  4.033596e-07  8.120694e-01  5.835608e-01
    outer loop
      vertex   3.532500e-01  2.092494e-02  6.246802e-01
      vertex   3.495000e-01  2.092494e-02  6.246802e-01
      vertex   3.532500e-01  1.963915e-02  6.264695e-01
    endloop
  endfacet
  facet normal -0.000000e+00  8.120694e-01  5.835608e-01
    outer loop
      vertex   3.532500e-01  2.092494e-02  6.246802e-01
      vertex   3.532500e-01  1.963915e-02  6.264695e-01
      vertex   3.570000e-01  2.092494e-02  6.246802e-01
    endloop
  endfacet
  facet normal  4.331554e-03  8.077377e-01  5.895261e-01
    outer loop
      vertex   3.570000e-01  2.092494e-02  6.246802e-01
      vertex   3.532500e-01  1.963915e-02  6.264695e-01
      vertex   3.570000e-01  1.940888e-02  6.267574e-01
    endloop
  endfacet
  facet normal -3.632312e-03  7.573771e-01  6.529675e-01
    outer loop
      vertex   3.570000e-01  1.940888e-02  6.267574e-01
      vertex   3.532500e-01  1.963915e-02  6.264695e-01
      vertex   3.532500e-01  1.819289e-02  6.281470e-01
    endloop
  endfacet
  facet normal  7.280901e-03  7.427049e-01  6.695793e-01
    outer loop
      vertex   3.570000e-01  1.940888e-02  6.267574e-01
      vertex   3.532500e-01  1.819289e-02  6.281470e-01
      vertex   3.570000e-01  1.767772e-02  6.286777e-01
    endloop
  endfacet
  facet normal -5.832977e-03  6.965716e-01  7.174636e-01
    outer loop
      vertex   3.570000e-01  1.767772e-02  6.286777e-01
      vertex   3.532500e-01  1.819289e-02  6.281470e-01
      vertex   3.532500e-01  1.660166e-02  6.296919e-01
    endloop
  endfacet
  facet normal  8.738817e-03  6.695721e-01  7.426957e-01
    outer loop
      vertex   3.570000e-01  1.767772e-02  6.286777e-01
      vertex   3.532500e-01  1.660166e-02  6.296919e-01
      vertex   3.570000e-01  1.575750e-02  6.304088e-01
    endloop
  endfacet
  facet normal -6.524462e-03  6.303169e-01  7.763106e-01
    outer loop
      vertex   3.570000e-01  1.575750e-02  6.304088e-01
      vertex   3.532500e-01  1.660166e-02  6.296919e-01
      vertex   3.532500e-01  1.488445e-02  6.310862e-01
    endloop
  endfacet
  facet normal  8.648816e-03  5.895087e-01  8.077157e-01
    outer loop
      vertex   3.570000e-01  1.575750e-02  6.304088e-01
      vertex   3.532500e-01  1.488445e-02  6.310862e-01
      vertex   3.570000e-01  1.368029e-02  6.319249e-01
    endloop
  endfacet
  facet normal -5.717871e-03  5.594731e-01  8.288287e-01
    outer loop
      vertex   3.570000e-01  1.368029e-02  6.319249e-01
      vertex   3.532500e-01  1.488445e-02  6.310862e-01
      vertex   3.532500e-01  1.306298e-02  6.323157e-01
    endloop
  endfacet
  facet normal  7.069677e-03  5.038934e-01  8.637369e-01
    outer loop
      vertex   3.570000e-01  1.368029e-02  6.319249e-01
      vertex   3.532500e-01  1.306298e-02  6.323157e-01
      vertex   3.570000e-01  1.148241e-02  6.332071e-01
    endloop
  endfacet
  facet normal -3.486932e-03  4.849400e-01  8.745404e-01
    outer loop
      vertex   3.570000e-01  1.148241e-02  6.332071e-01
      vertex   3.532500e-01  1.306298e-02  6.323157e-01
      vertex   3.532500e-01  1.116082e-02  6.333705e-01
    endloop
  endfacet
  facet normal  4.131398e-03  4.142080e-01  9.101729e-01
    outer loop
      vertex   3.570000e-01  1.148241e-02  6.332071e-01
      vertex   3.532500e-01  1.116082e-02  6.333705e-01
      vertex   3.570000e-01  9.202416e-03  6.342447e-01
    endloop
  endfacet
  facet normal  0.000000e+00  4.076256e-01  9.131491e-01
    outer loop
      vertex   3.570000e-01  9.202416e-03  6.342447e-01
      vertex   3.532500e-01  1.116082e-02  6.333705e-01
      vertex   3.532500e-01  9.202416e-03  6.342447e-01
    endloop
  endfacet
  facet normal  0.000000e+00  3.285882e-01  9.444733e-01
    outer loop
      vertex   3.570000e-01  9.202416e-03  6.342447e-01
      vertex   3.532500e-01  9.202416e-03  6.342447e-01
      vertex   3.532500e-01  7.212147e-03  6.349371e-01
    endloop
  endfacet
  facet normal  0.000000e+00  3.285882e-01  9.444733e-01
    outer loop
      vertex   3.532500e-01  7.212147e-03  6.349371e-01
      vertex   3.532500e-01  9.202416e-03  6.342447e-01
      vertex   3.495000e-01  9.202416e-03  6.342447e-01
    endloop
  endfacet
  facet normal -3.899621e-03  3.220236e-01  9.467236e-01
    outer loop
      vertex   3.532500e-01  7.212147e-03  6.349371e-01
      vertex   3.495000e-01  9.202416e-03  6.342447e-01
      vertex   3.495000e-01  6.879003e-03  6.350350e-01
    endloop
  endfacet
  facet normal -4.331153e-03  8.077377e-01  5.895261e-01
    outer loop
      vertex   3.495000e-01  2.092494e-02  6.246802e-01
      vertex   3.495000e-01  1.940888e-02  6.267574e-01
      vertex   3.532500e-01  1.963915e-02  6.264695e-01
    endloop
  endfacet
  facet normal  3.632685e-03  7.573771e-01  6.529675e-01
    outer loop
      vertex   3.532500e-01  1.963915e-02  6.264695e-01
      vertex   3.495000e-01  1.940888e-02  6.267574e-01
      vertex   3.532500e-01  1.819289e-02  6.281470e-01
    endloop
  endfacet
  facet normal -7.280526e-03  7.427049e-01  6.695793e-01
    outer loop
      vertex   3.495000e-01  1.940888e-02  6.267574e-01
      vertex   3.495000e-01  1.767772e-02  6.286777e-01
      vertex   3.532500e-01  1.819289e-02  6.281470e-01
    endloop
  endfacet
  facet normal  5.833319e-03  6.965716e-01  7.174636e-01
    outer loop
      vertex   3.532500e-01  1.819289e-02  6.281470e-01
      vertex   3.495000e-01  1.767772e-02  6.286777e-01
      vertex   3.532500e-01  1.660166e-02  6.296919e-01
    endloop
  endfacet
  facet normal -8.738477e-03  6.695721e-01  7.426957e-01
    outer loop
      vertex   3.495000e-01  1.767772e-02  6.286777e-01
      vertex   3.495000e-01  1.575750e-02  6.304088e-01
      vertex   3.532500e-01  1.660166e-02  6.296919e-01
    endloop
  endfacet
  facet normal  6.524770e-03  6.303168e-01  7.763106e-01
    outer loop
      vertex   3.532500e-01  1.660166e-02  6.296919e-01
      vertex   3.495000e-01  1.575750e-02  6.304088e-01
      vertex   3.532500e-01  1.488445e-02  6.310862e-01
    endloop
  endfacet
  facet normal -8.648647e-03  5.895084e-01  8.077160e-01
    outer loop
      vertex   3.495000e-01  1.575750e-02  6.304088e-01
      vertex   3.495000e-01  1.368029e-02  6.319249e-01
      vertex   3.532500e-01  1.488445e-02  6.310862e-01
    endloop
  endfacet
  facet normal  5.717871e-03  5.594731e-01  8.288287e-01
    outer loop
      vertex   3.532500e-01  1.488445e-02  6.310862e-01
      vertex   3.495000e-01  1.368029e-02  6.319249e-01
      vertex   3.532500e-01  1.306298e-02  6.323157e-01
    endloop
  endfacet
  facet normal -7.069677e-03  5.038934e-01  8.637369e-01
    outer loop
      vertex   3.495000e-01  1.368029e-02  6.319249e-01
      vertex   3.495000e-01  1.148241e-02  6.332071e-01
      vertex   3.532500e-01  1.306298e-02  6.323157e-01
    endloop
  endfacet
  facet normal  3.486921e-03  4.849400e-01  8.745404e-01
    outer loop
      vertex   3.532500e-01  1.306298e-02  6.323157e-01
      vertex   3.495000e-01  1.148241e-02  6.332071e-01
      vertex   3.532500e-01  1.116082e-02  6.333705e-01
    endloop
  endfacet
  facet normal -4.131398e-03  4.142080e-01  9.101729e-01
    outer loop
      vertex   3.495000e-01  1.148241e-02  6.332071e-01
      vertex   3.495000e-01  9.202416e-03  6.342447e-01
      vertex   3.532500e-01  1.116082e-02  6.333705e-01
    endloop
  endfacet
  facet normal  0.000000e+00  4.076256e-01  9.131491e-01
    outer loop
      vertex   3.532500e-01  1.116082e-02  6.333705e-01
      vertex   3.495000e-01  9.202416e-03  6.342447e-01
      vertex   3.532500e-01  9.202416e-03  6.342447e-01
    endloop
  endfacet
  facet normal  3.182623e-03  2.487211e-01  9.685699e-01
    outer loop
      vertex   3.532500e-01  7.212147e-03  6.349371e-01
      vertex   3.495000e-01  6.879003e-03  6.350350e-01
      vertex   3.532500e-01  5.213427e-03  6.354504e-01
    endloop
  endfacet
  facet normal -6.200056e-03  2.288135e-01  9.734505e-01
    outer loop
      vertex   3.532500e-01  5.213427e-03  6.354504e-01
      vertex   3.495000e-01  6.879003e-03  6.350350e-01
      vertex   3.495000e-01  4.549124e-03  6.355826e-01
    endloop
  endfacet
  facet normal  7.213042e-03  1.559414e-01  9.877400e-01
    outer loop
      vertex   3.532500e-01  5.213427e-03  6.354504e-01
      vertex   3.495000e-01  4.549124e-03  6.355826e-01
      vertex   3.532500e-01  2.572545e-03  6.358673e-01
    endloop
  endfacet
  facet normal -3.487816e-03  1.360650e-01  9.906937e-01
    outer loop
      vertex   3.532500e-01  2.572545e-03  6.358673e-01
      vertex   3.495000e-01  4.549124e-03  6.355826e-01
      vertex   3.495000e-01  2.246408e-03  6.358989e-01
    endloop
  endfacet
  facet normal  3.933289e-03  5.150745e-02  9.986648e-01
    outer loop
      vertex   3.532500e-01  2.572545e-03  6.358673e-01
      vertex   3.495000e-01  2.246408e-03  6.358989e-01
      vertex   3.532500e-01  4.705406e-08  6.360000e-01
    endloop
  endfacet
  facet normal  3.394066e-09  4.495594e-02  9.989889e-01
    outer loop
      vertex   3.532500e-01  4.705406e-08  6.360000e-01
      vertex   3.495000e-01  2.246408e-03  6.358989e-01
      vertex   3.495000e-01  4.733718e-08  6.360000e-01
    endloop
  endfacet
  facet normal -3.394066e-09 -4.495594e-02  9.989889e-01
    outer loop
      vertex   3.532500e-01  4.705406e-08  6.360000e-01
      vertex   3.495000e-01  4.733718e-08  6.360000e-01
      vertex   3.495000e-01 -2.246314e-03  6.358989e-01
    endloop
  endfacet
  facet normal  3.933282e-03 -5.150745e-02  9.986648e-01
    outer loop
      vertex   3.532500e-01  4.705406e-08  6.360000e-01
      vertex   3.495000e-01 -2.246314e-03  6.358989e-01
      vertex   3.532500e-01 -2.572451e-03  6.358673e-01
    endloop
  endfacet
  facet normal -3.487836e-03 -1.360650e-01  9.906937e-01
    outer loop
      vertex   3.532500e-01 -2.572451e-03  6.358673e-01
      vertex   3.495000e-01 -2.246314e-03  6.358989e-01
      vertex   3.495000e-01 -4.549029e-03  6.355826e-01
    endloop
  endfacet
  facet normal  7.212997e-03 -1.559414e-01  9.877400e-01
    outer loop
      vertex   3.532500e-01 -2.572451e-03  6.358673e-01
      vertex   3.495000e-01 -4.549029e-03  6.355826e-01
      vertex   3.532500e-01 -5.213333e-03  6.354504e-01
    endloop
  endfacet
  facet normal -6.200114e-03 -2.288135e-01  9.734505e-01
    outer loop
      vertex   3.532500e-01 -5.213333e-03  6.354504e-01
      vertex   3.495000e-01 -4.549029e-03  6.355826e-01
      vertex   3.495000e-01 -6.878908e-03  6.350350e-01
    endloop
  endfacet
  facet normal  9.574944e-03 -2.622136e-01  9.649624e-01
    outer loop
      vertex   3.532500e-01 -5.213333e-03  6.354504e-01
      vertex   3.495000e-01 -6.878908e-03  6.350350e-01
      vertex   3.532500e-01 -7.877543e-03  6.347264e-01
    endloop
  endfacet
  facet normal -7.853228e-03 -3.220161e-01  9.467016e-01
    outer loop
      vertex   3.532500e-01 -7.877543e-03  6.347264e-01
      vertex   3.495000e-01 -6.878908e-03  6.350350e-01
      vertex   3.495000e-01 -9.202321e-03  6.342447e-01
    endloop
  endfacet
  facet normal  1.072008e-02 -3.683775e-01  9.296145e-01
    outer loop
      vertex   3.532500e-01 -7.877543e-03  6.347264e-01
      vertex   3.495000e-01 -9.202321e-03  6.342447e-01
      vertex   3.532500e-01 -1.051296e-02  6.336821e-01
    endloop
  endfacet
  facet normal -8.214428e-03 -4.141975e-01  9.101499e-01
    outer loop
      vertex   3.532500e-01 -1.051296e-02  6.336821e-01
      vertex   3.495000e-01 -9.202321e-03  6.342447e-01
      vertex   3.495000e-01 -1.148232e-02  6.332071e-01
    endloop
  endfacet
  facet normal  1.044049e-02 -4.722724e-01  8.813909e-01
    outer loop
      vertex   3.532500e-01 -1.051296e-02  6.336821e-01
      vertex   3.495000e-01 -1.148232e-02  6.332071e-01
      vertex   3.532500e-01 -1.306288e-02  6.323158e-01
    endloop
  endfacet
  facet normal -7.083407e-03 -5.038934e-01  8.637368e-01
    outer loop
      vertex   3.532500e-01 -1.306288e-02  6.323158e-01
      vertex   3.495000e-01 -1.148232e-02  6.332071e-01
      vertex   3.495000e-01 -1.368020e-02  6.319249e-01
    endloop
  endfacet
  facet normal  8.576523e-03 -5.716256e-01  8.204697e-01
    outer loop
      vertex   3.532500e-01 -1.306288e-02  6.323158e-01
      vertex   3.495000e-01 -1.368020e-02  6.319249e-01
      vertex   3.532500e-01 -1.546946e-02  6.306391e-01
    endloop
  endfacet
  facet normal -4.329366e-03 -5.895252e-01  8.077384e-01
    outer loop
      vertex   3.532500e-01 -1.546946e-02  6.306391e-01
      vertex   3.495000e-01 -1.368020e-02  6.319249e-01
      vertex   3.495000e-01 -1.575741e-02  6.304088e-01
    endloop
  endfacet
  facet normal  5.086529e-03 -6.640908e-01  7.476347e-01
    outer loop
      vertex   3.532500e-01 -1.546946e-02  6.306391e-01
      vertex   3.495000e-01 -1.575741e-02  6.304088e-01
      vertex   3.532500e-01 -1.767762e-02  6.286777e-01
    endloop
  endfacet
  facet normal -3.325931e-07 -6.695977e-01  7.427240e-01
    outer loop
      vertex   3.532500e-01 -1.767762e-02  6.286777e-01
      vertex   3.495000e-01 -1.575741e-02  6.304088e-01
      vertex   3.495000e-01 -1.767762e-02  6.286777e-01
    endloop
  endfacet
  facet normal -3.689156e-07 -7.427245e-01  6.695970e-01
    outer loop
      vertex   3.532500e-01 -1.767762e-02  6.286777e-01
      vertex   3.495000e-01 -1.767762e-02  6.286777e-01
      vertex   3.495000e-01 -1.940878e-02  6.267574e-01
    endloop
  endfacet
  facet normal  5.084506e-03 -7.476333e-01  6.640922e-01
    outer loop
      vertex   3.532500e-01 -1.767762e-02  6.286777e-01
      vertex   3.495000e-01 -1.940878e-02  6.267574e-01
      vertex   3.532500e-01 -1.963905e-02  6.264695e-01
    endloop
  endfacet
  facet normal -4.331949e-03 -8.077377e-01  5.895261e-01
    outer loop
      vertex   3.532500e-01 -1.963905e-02  6.264695e-01
      vertex   3.495000e-01 -1.940878e-02  6.267574e-01
      vertex   3.495000e-01 -2.092484e-02  6.246802e-01
    endloop
  endfacet
  facet normal  8.578964e-03 -8.204740e-01  5.716195e-01
    outer loop
      vertex   3.532500e-01 -1.963905e-02  6.264695e-01
      vertex   3.495000e-01 -2.092484e-02  6.246802e-01
      vertex   3.532500e-01 -2.131568e-02  6.240630e-01
    endloop
  endfacet
  facet normal -7.077377e-03 -8.637351e-01  5.038962e-01
    outer loop
      vertex   3.532500e-01 -2.131568e-02  6.240630e-01
      vertex   3.495000e-01 -2.092484e-02  6.246802e-01
      vertex   3.495000e-01 -2.220706e-02  6.224824e-01
    endloop
  endfacet
  facet normal  1.044366e-02 -8.813859e-01  4.722814e-01
    outer loop
      vertex   3.532500e-01 -2.131568e-02  6.240630e-01
      vertex   3.495000e-01 -2.220706e-02  6.224824e-01
      vertex   3.532500e-01 -2.268204e-02  6.215130e-01
    endloop
  endfacet
  facet normal -8.212942e-03 -9.101485e-01  4.142008e-01
    outer loop
      vertex   3.532500e-01 -2.268204e-02  6.215130e-01
      vertex   3.495000e-01 -2.220706e-02  6.224824e-01
      vertex   3.495000e-01 -2.324466e-02  6.202024e-01
    endloop
  endfacet
  facet normal  1.072109e-02 -9.296125e-01  3.683825e-01
    outer loop
      vertex   3.532500e-01 -2.268204e-02  6.215130e-01
      vertex   3.495000e-01 -2.324466e-02  6.202024e-01
      vertex   3.532500e-01 -2.372639e-02  6.188776e-01
    endloop
  endfacet
  facet normal -7.857328e-03 -9.467042e-01  3.220082e-01
    outer loop
      vertex   3.532500e-01 -2.372639e-02  6.188776e-01
      vertex   3.495000e-01 -2.324466e-02  6.202024e-01
      vertex   3.495000e-01 -2.403493e-02  6.178790e-01
    endloop
  endfacet
  facet normal  9.569839e-03 -9.649640e-01  2.622075e-01
    outer loop
      vertex   3.532500e-01 -2.372639e-02  6.188776e-01
      vertex   3.495000e-01 -2.403493e-02  6.178790e-01
      vertex   3.532500e-01 -2.445033e-02  6.162134e-01
    endloop
  endfacet
  facet normal -6.200701e-03 -9.734496e-01  2.288173e-01
    outer loop
      vertex   3.532500e-01 -2.445033e-02  6.162134e-01
      vertex   3.495000e-01 -2.403493e-02  6.178790e-01
      vertex   3.495000e-01 -2.458259e-02  6.155491e-01
    endloop
  endfacet
  facet normal  7.213884e-03 -9.877408e-01  1.559361e-01
    outer loop
      vertex   3.532500e-01 -2.445033e-02  6.162134e-01
      vertex   3.495000e-01 -2.458259e-02  6.155491e-01
      vertex   3.532500e-01 -2.486725e-02  6.135725e-01
    endloop
  endfacet
  facet normal -3.489466e-03 -9.906951e-01  1.360553e-01
    outer loop
      vertex   3.532500e-01 -2.486725e-02  6.135725e-01
      vertex   3.495000e-01 -2.458259e-02  6.155491e-01
      vertex   3.495000e-01 -2.489883e-02  6.132464e-01
    endloop
  endfacet
  facet normal  3.485977e-03 -9.983916e-01  5.658553e-02
    outer loop
      vertex   3.532500e-01 -2.486725e-02  6.135725e-01
      vertex   3.495000e-01 -2.489883e-02  6.132464e-01
      vertex   3.570000e-01 -2.499996e-02  6.110000e-01
    endloop
  endfacet
  facet normal -2.481016e-07 -9.989882e-01  4.497293e-02
    outer loop
      vertex   3.570000e-01 -2.499996e-02  6.110000e-01
      vertex   3.495000e-01 -2.489883e-02  6.132464e-01
      vertex   3.495000e-01 -2.499996e-02  6.110000e-01
    endloop
  endfacet
  facet normal -4.501276e-03 -9.989781e-01  4.497247e-02
    outer loop
      vertex   3.570000e-01 -2.499996e-02  6.110000e-01
      vertex   3.570000e-01 -2.489883e-02  6.132464e-01
      vertex   3.532500e-01 -2.486725e-02  6.135725e-01
    endloop
  endfacet
  facet normal  3.488973e-03 -9.906951e-01  1.360553e-01
    outer loop
      vertex   3.532500e-01 -2.486725e-02  6.135725e-01
      vertex   3.570000e-01 -2.489883e-02  6.132464e-01
      vertex   3.570000e-01 -2.458259e-02  6.155491e-01
    endloop
  endfacet
  facet normal -7.214374e-03 -9.877408e-01  1.559361e-01
    outer loop
      vertex   3.532500e-01 -2.486725e-02  6.135725e-01
      vertex   3.570000e-01 -2.458259e-02  6.155491e-01
      vertex   3.532500e-01 -2.445033e-02  6.162134e-01
    endloop
  endfacet
  facet normal  6.200216e-03 -9.734496e-01  2.288172e-01
    outer loop
      vertex   3.532500e-01 -2.445033e-02  6.162134e-01
      vertex   3.570000e-01 -2.458259e-02  6.155491e-01
      vertex   3.570000e-01 -2.403493e-02  6.178790e-01
    endloop
  endfacet
  facet normal -9.570321e-03 -9.649640e-01  2.622075e-01
    outer loop
      vertex   3.532500e-01 -2.445033e-02  6.162134e-01
      vertex   3.570000e-01 -2.403493e-02  6.178790e-01
      vertex   3.532500e-01 -2.372639e-02  6.188776e-01
    endloop
  endfacet
  facet normal  7.856856e-03 -9.467042e-01  3.220081e-01
    outer loop
      vertex   3.532500e-01 -2.372639e-02  6.188776e-01
      vertex   3.570000e-01 -2.403493e-02  6.178790e-01
      vertex   3.570000e-01 -2.324466e-02  6.202024e-01
    endloop
  endfacet
  facet normal -1.072155e-02 -9.296125e-01  3.683825e-01
    outer loop
      vertex   3.532500e-01 -2.372639e-02  6.188776e-01
      vertex   3.570000e-01 -2.324466e-02  6.202024e-01
      vertex   3.532500e-01 -2.268204e-02  6.215130e-01
    endloop
  endfacet
  facet normal  8.212488e-03 -9.101485e-01  4.142008e-01
    outer loop
      vertex   3.532500e-01 -2.268204e-02  6.215130e-01
      vertex   3.570000e-01 -2.324466e-02  6.202024e-01
      vertex   3.570000e-01 -2.220706e-02  6.224824e-01
    endloop
  endfacet
  facet normal -1.044411e-02 -8.813859e-01  4.722814e-01
    outer loop
      vertex   3.532500e-01 -2.268204e-02  6.215130e-01
      vertex   3.570000e-01 -2.220706e-02  6.224824e-01
      vertex   3.532500e-01 -2.131568e-02  6.240630e-01
    endloop
  endfacet
  facet normal  7.076948e-03 -8.637351e-01  5.038962e-01
    outer loop
      vertex   3.532500e-01 -2.131568e-02  6.240630e-01
      vertex   3.570000e-01 -2.220706e-02  6.224824e-01
      vertex   3.570000e-01 -2.092484e-02  6.246802e-01
    endloop
  endfacet
  facet normal -8.579377e-03 -8.204740e-01  5.716195e-01
    outer loop
      vertex   3.532500e-01 -2.131568e-02  6.240630e-01
      vertex   3.570000e-01 -2.092484e-02  6.246802e-01
      vertex   3.532500e-01 -1.963905e-02  6.264695e-01
    endloop
  endfacet
  facet normal  4.331549e-03 -8.077377e-01  5.895261e-01
    outer loop
      vertex   3.532500e-01 -1.963905e-02  6.264695e-01
      vertex   3.570000e-01 -2.092484e-02  6.246802e-01
      vertex   3.570000e-01 -1.940878e-02  6.267574e-01
    endloop
  endfacet
  facet normal -5.084870e-03 -7.476333e-01  6.640922e-01
    outer loop
      vertex   3.532500e-01 -1.963905e-02  6.264695e-01
      vertex   3.570000e-01 -1.940878e-02  6.267574e-01
      vertex   3.532500e-01 -1.767762e-02  6.286777e-01
    endloop
  endfacet
  facet normal  0.000000e+00 -7.427245e-01  6.695970e-01
    outer loop
      vertex   3.532500e-01 -1.767762e-02  6.286777e-01
      vertex   3.570000e-01 -1.940878e-02  6.267574e-01
      vertex   3.570000e-01 -1.767762e-02  6.286777e-01
    endloop
  endfacet
  facet normal  0.000000e+00 -6.695977e-01  7.427240e-01
    outer loop
      vertex   3.532500e-01 -1.767762e-02  6.286777e-01
      vertex   3.570000e-01 -1.767762e-02  6.286777e-01
      vertex   3.570000e-01 -1.575741e-02  6.304088e-01
    endloop
  endfacet
  facet normal -5.086867e-03 -6.640908e-01  7.476347e-01
    outer loop
      vertex   3.532500e-01 -1.767762e-02  6.286777e-01
      vertex   3.570000e-01 -1.575741e-02  6.304088e-01
      vertex   3.532500e-01 -1.546946e-02  6.306391e-01
    endloop
  endfacet
  facet normal  4.329113e-03 -5.895249e-01  8.077386e-01
    outer loop
      vertex   3.532500e-01 -1.546946e-02  6.306391e-01
      vertex   3.570000e-01 -1.575741e-02  6.304088e-01
      vertex   3.570000e-01 -1.368020e-02  6.319249e-01
    endloop
  endfacet
  facet normal -8.576527e-03 -5.716256e-01  8.204697e-01
    outer loop
      vertex   3.532500e-01 -1.546946e-02  6.306391e-01
      vertex   3.570000e-01 -1.368020e-02  6.319249e-01
      vertex   3.532500e-01 -1.306288e-02  6.323158e-01
    endloop
  endfacet
  facet normal  7.083407e-03 -5.038934e-01  8.637368e-01
    outer loop
      vertex   3.532500e-01 -1.306288e-02  6.323158e-01
      vertex   3.570000e-01 -1.368020e-02  6.319249e-01
      vertex   3.570000e-01 -1.148232e-02  6.332071e-01
    endloop
  endfacet
  facet normal -1.044049e-02 -4.722724e-01  8.813909e-01
    outer loop
      vertex   3.532500e-01 -1.306288e-02  6.323158e-01
      vertex   3.570000e-01 -1.148232e-02  6.332071e-01
      vertex   3.532500e-01 -1.051296e-02  6.336821e-01
    endloop
  endfacet
  facet normal  8.214428e-03 -4.141975e-01  9.101499e-01
    outer loop
      vertex   3.532500e-01 -1.051296e-02  6.336821e-01
      vertex   3.570000e-01 -1.148232e-02  6.332071e-01
      vertex   3.570000e-01 -9.202321e-03  6.342447e-01
    endloop
  endfacet
  facet normal -1.072008e-02 -3.683775e-01  9.296145e-01
    outer loop
      vertex   3.532500e-01 -1.051296e-02  6.336821e-01
      vertex   3.570000e-01 -9.202321e-03  6.342447e-01
      vertex   3.532500e-01 -7.877543e-03  6.347264e-01
    endloop
  endfacet
  facet normal  7.853181e-03 -3.220162e-01  9.467016e-01
    outer loop
      vertex   3.532500e-01 -7.877543e-03  6.347264e-01
      vertex   3.570000e-01 -9.202321e-03  6.342447e-01
      vertex   3.570000e-01 -6.878909e-03  6.350350e-01
    endloop
  endfacet
  facet normal -9.574999e-03 -2.622136e-01  9.649624e-01
    outer loop
      vertex   3.532500e-01 -7.877543e-03  6.347264e-01
      vertex   3.570000e-01 -6.878909e-03  6.350350e-01
      vertex   3.532500e-01 -5.213333e-03  6.354504e-01
    endloop
  endfacet
  facet normal  6.200056e-03 -2.288135e-01  9.734505e-01
    outer loop
      vertex   3.532500e-01 -5.213333e-03  6.354504e-01
      vertex   3.570000e-01 -6.878909e-03  6.350350e-01
      vertex   3.570000e-01 -4.549030e-03  6.355826e-01
    endloop
  endfacet
  facet normal -7.213042e-03 -1.559414e-01  9.877400e-01
    outer loop
      vertex   3.532500e-01 -5.213333e-03  6.354504e-01
      vertex   3.570000e-01 -4.549030e-03  6.355826e-01
      vertex   3.532500e-01 -2.572451e-03  6.358673e-01
    endloop
  endfacet
  facet normal  3.487816e-03 -1.360650e-01  9.906937e-01
    outer loop
      vertex   3.532500e-01 -2.572451e-03  6.358673e-01
      vertex   3.570000e-01 -4.549030e-03  6.355826e-01
      vertex   3.570000e-01 -2.246314e-03  6.358989e-01
    endloop
  endfacet
  facet normal -3.933289e-03 -5.150745e-02  9.986648e-01
    outer loop
      vertex   3.532500e-01 -2.572451e-03  6.358673e-01
      vertex   3.570000e-01 -2.246314e-03  6.358989e-01
      vertex   3.532500e-01  4.705406e-08  6.360000e-01
    endloop
  endfacet
  facet normal -3.394066e-09 -4.495594e-02  9.989889e-01
    outer loop
      vertex   3.532500e-01  4.705406e-08  6.360000e-01
      vertex   3.570000e-01 -2.246314e-03  6.358989e-01
      vertex   3.570000e-01  4.677095e-08  6.360000e-01
    endloop
  endfacet
  facet normal  3.394066e-09  4.495594e-02  9.989889e-01
    outer loop
      vertex   3.532500e-01  4.705406e-08  6.360000e-01
      vertex   3.570000e-01  4.677095e-08  6.360000e-01
      vertex   3.570000e-01  2.246408e-03  6.358989e-01
    endloop
  endfacet
  facet normal -3.933282e-03  5.150745e-02  9.986648e-01
    outer loop
      vertex   3.532500e-01  4.705406e-08  6.360000e-01
      vertex   3.570000e-01  2.246408e-03  6.358989e-01
      vertex   3.532500e-01  2.572545e-03  6.358673e-01
    endloop
  endfacet
  facet normal  3.487836e-03  1.360650e-01  9.906937e-01
    outer loop
      vertex   3.532500e-01  2.572545e-03  6.358673e-01
      vertex   3.570000e-01  2.246408e-03  6.358989e-01
      vertex   3.570000e-01  4.549123e-03  6.355826e-01
    endloop
  endfacet
  facet normal -7.212997e-03  1.559414e-01  9.877400e-01
    outer loop
      vertex   3.532500e-01  2.572545e-03  6.358673e-01
      vertex   3.570000e-01  4.549123e-03  6.355826e-01
      vertex   3.532500e-01  5.213427e-03  6.354504e-01
    endloop
  endfacet
  facet normal  6.200114e-03  2.288135e-01  9.734505e-01
    outer loop
      vertex   3.532500e-01  5.213427e-03  6.354504e-01
      vertex   3.570000e-01  4.549123e-03  6.355826e-01
      vertex   3.570000e-01  6.879002e-03  6.350350e-01
    endloop
  endfacet
  facet normal -3.182562e-03  2.487211e-01  9.685699e-01
    outer loop
      vertex   3.532500e-01  5.213427e-03  6.354504e-01
      vertex   3.570000e-01  6.879002e-03  6.350350e-01
      vertex   3.532500e-01  7.212147e-03  6.349371e-01
    endloop
  endfacet
  facet normal  3.899690e-03  3.220235e-01  9.467236e-01
    outer loop
      vertex   3.532500e-01  7.212147e-03  6.349371e-01
      vertex   3.570000e-01  6.879002e-03  6.350350e-01
      vertex   3.570000e-01  9.202416e-03  6.342447e-01
    endloop
  endfacet
  facet normal -0.000000e+00  8.600935e-01  5.101362e-01
    outer loop
      vertex   3.532500e-01  2.092494e-02  6.246802e-01
      vertex   3.570000e-01  2.092494e-02  6.246802e-01
      vertex   3.532500e-01  2.203879e-02  6.228023e-01
    endloop
  endfacet
  facet normal  4.207409e-03  8.637498e-01  5.039033e-01
    outer loop
      vertex   3.532500e-01  2.203879e-02  6.228023e-01
      vertex   3.570000e-01  2.092494e-02  6.246802e-01
      vertex   3.570000e-01  2.220715e-02  6.224824e-01
    endloop
  endfacet
  facet normal -3.461134e-03  9.010737e-01  4.336523e-01
    outer loop
      vertex   3.532500e-01  2.203879e-02  6.228023e-01
      vertex   3.570000e-01  2.220715e-02  6.224824e-01
      vertex   3.532500e-01  2.297356e-02  6.208599e-01
    endloop
  endfacet
  facet normal  6.809325e-03  9.101580e-01  4.142051e-01
    outer loop
      vertex   3.532500e-01  2.297356e-02  6.208599e-01
      vertex   3.570000e-01  2.220715e-02  6.224824e-01
      vertex   3.570000e-01  2.324475e-02  6.202024e-01
    endloop
  endfacet
  facet normal -5.345565e-03  9.348277e-01  3.550613e-01
    outer loop
      vertex   3.532500e-01  2.297356e-02  6.208599e-01
      vertex   3.570000e-01  2.324475e-02  6.202024e-01
      vertex   3.532500e-01  2.372648e-02  6.188776e-01
    endloop
  endfacet
  facet normal  7.856856e-03  9.467042e-01  3.220081e-01
    outer loop
      vertex   3.532500e-01  2.372648e-02  6.188776e-01
      vertex   3.570000e-01  2.324475e-02  6.202024e-01
      vertex   3.570000e-01  2.403502e-02  6.178790e-01
    endloop
  endfacet
  facet normal -5.766063e-03  9.613217e-01  2.753679e-01
    outer loop
      vertex   3.532500e-01  2.372648e-02  6.188776e-01
      vertex   3.570000e-01  2.403502e-02  6.178790e-01
      vertex   3.532500e-01  2.429892e-02  6.168792e-01
    endloop
  endfacet
  facet normal  7.498484e-03  9.734410e-01  2.288153e-01
    outer loop
      vertex   3.532500e-01  2.429892e-02  6.168792e-01
      vertex   3.570000e-01  2.403502e-02  6.178790e-01
      vertex   3.570000e-01  2.458268e-02  6.155491e-01
    endloop
  endfacet
  facet normal -4.873207e-03  9.806951e-01  1.954823e-01
    outer loop
      vertex   3.532500e-01  2.429892e-02  6.168792e-01
      vertex   3.570000e-01  2.458268e-02  6.155491e-01
      vertex   3.532500e-01  2.469602e-02  6.148870e-01
    endloop
  endfacet
  facet normal  5.921222e-03  9.906838e-01  1.360538e-01
    outer loop
      vertex   3.532500e-01  2.469602e-02  6.148870e-01
      vertex   3.570000e-01  2.458268e-02  6.155491e-01
      vertex   3.570000e-01  2.489892e-02  6.132464e-01
    endloop
  endfacet
  facet normal -2.876241e-03  9.932148e-01  1.162583e-01
    outer loop
      vertex   3.532500e-01  2.469602e-02  6.148870e-01
      vertex   3.570000e-01  2.489892e-02  6.132464e-01
      vertex   3.532500e-01  2.492610e-02  6.129214e-01
    endloop
  endfacet
  facet normal -4.204032e-03 -4.498120e-02 -9.989790e-01
    outer loop
      vertex   3.550000e-01  2.075684e-03  6.340066e-01
      vertex   3.550000e-01  4.677850e-08  6.341000e-01
      vertex   3.522500e-01  1.775405e-03  6.340317e-01
    endloop
  endfacet
  facet normal -2.908578e-09 -3.848007e-02 -9.992594e-01
    outer loop
      vertex   3.522500e-01  1.775405e-03  6.340317e-01
      vertex   3.550000e-01  4.677850e-08  6.341000e-01
      vertex   3.495000e-01  4.719373e-08  6.341000e-01
    endloop
  endfacet
  facet normal  4.203980e-03 -4.498120e-02 -9.989790e-01
    outer loop
      vertex   3.522500e-01  1.775405e-03  6.340317e-01
      vertex   3.495000e-01  4.719373e-08  6.341000e-01
      vertex   3.495000e-01  2.075685e-03  6.340066e-01
    endloop
  endfacet
  facet normal -3.628775e-03 -1.162331e-01 -9.932153e-01
    outer loop
      vertex   3.522500e-01  1.775405e-03  6.340317e-01
      vertex   3.495000e-01  2.075685e-03  6.340066e-01
      vertex   3.522500e-01  3.591652e-03  6.338191e-01
    endloop
  endfacet
  facet normal  7.464102e-03 -1.360418e-01 -9.906750e-01
    outer loop
      vertex   3.522500e-01  3.591652e-03  6.338191e-01
      vertex   3.495000e-01  2.075685e-03  6.340066e-01
      vertex   3.495000e-01  4.203394e-03  6.337144e-01
    endloop
  endfacet
  facet normal -6.139454e-03 -1.954851e-01 -9.806874e-01
    outer loop
      vertex   3.522500e-01  3.591652e-03  6.338191e-01
      vertex   3.495000e-01  4.203394e-03  6.337144e-01
      vertex   3.522500e-01  5.432406e-03  6.334522e-01
    endloop
  endfacet
  facet normal  9.448606e-03 -2.288150e-01 -9.734241e-01
    outer loop
      vertex   3.522500e-01  5.432406e-03  6.334522e-01
      vertex   3.495000e-01  4.203394e-03  6.337144e-01
      vertex   3.495000e-01  6.356203e-03  6.332083e-01
    endloop
  endfacet
  facet normal -7.262213e-03 -2.753638e-01 -9.613127e-01
    outer loop
      vertex   3.522500e-01  5.432406e-03  6.334522e-01
      vertex   3.495000e-01  6.356203e-03  6.332083e-01
      vertex   3.522500e-01  7.278940e-03  6.329232e-01
    endloop
  endfacet
  facet normal  9.903284e-03 -3.220029e-01 -9.466869e-01
    outer loop
      vertex   3.522500e-01  7.278940e-03  6.329232e-01
      vertex   3.495000e-01  6.356203e-03  6.332083e-01
      vertex   3.495000e-01  8.503036e-03  6.324781e-01
    endloop
  endfacet
  facet normal -6.734870e-03 -3.550653e-01 -9.348172e-01
    outer loop
      vertex   3.522500e-01  7.278940e-03  6.329232e-01
      vertex   3.495000e-01  8.503036e-03  6.324781e-01
      vertex   3.522500e-01  9.110596e-03  6.322275e-01
    endloop
  endfacet
  facet normal  8.576913e-03 -4.141965e-01 -9.101471e-01
    outer loop
      vertex   3.522500e-01  9.110596e-03  6.322275e-01
      vertex   3.495000e-01  8.503036e-03  6.324781e-01
      vertex   3.495000e-01  1.060975e-02  6.315194e-01
    endloop
  endfacet
  facet normal -4.360192e-03 -4.336423e-01 -9.010745e-01
    outer loop
      vertex   3.522500e-01  9.110596e-03  6.322275e-01
      vertex   3.495000e-01  1.060975e-02  6.315194e-01
      vertex   3.522500e-01  1.090536e-02  6.313638e-01
    endloop
  endfacet
  facet normal  5.303316e-03 -5.038972e-01 -8.637474e-01
    outer loop
      vertex   3.522500e-01  1.090536e-02  6.313638e-01
      vertex   3.495000e-01  1.060975e-02  6.315194e-01
      vertex   3.495000e-01  1.264059e-02  6.303346e-01
    endloop
  endfacet
  facet normal  0.000000e+00 -5.101352e-01 -8.600942e-01
    outer loop
      vertex   3.522500e-01  1.090536e-02  6.313638e-01
      vertex   3.495000e-01  1.264059e-02  6.303346e-01
      vertex   3.522500e-01  1.264059e-02  6.303346e-01
    endloop
  endfacet
  facet normal -0.000000e+00 -5.835723e-01 -8.120613e-01
    outer loop
      vertex   3.522500e-01  1.264059e-02  6.303346e-01
      vertex   3.495000e-01  1.264059e-02  6.303346e-01
      vertex   3.522500e-01  1.429388e-02  6.291465e-01
    endloop
  endfacet
  facet normal  0.000000e+00 -5.835723e-01 -8.120613e-01
    outer loop
      vertex   3.522500e-01  1.264059e-02  6.303346e-01
      vertex   3.522500e-01  1.429388e-02  6.291465e-01
      vertex   3.550000e-01  1.264059e-02  6.303346e-01
    endloop
  endfacet
  facet normal -5.447593e-03 -5.895231e-01 -8.077331e-01
    outer loop
      vertex   3.550000e-01  1.264059e-02  6.303346e-01
      vertex   3.522500e-01  1.429388e-02  6.291465e-01
      vertex   3.550000e-01  1.455993e-02  6.289338e-01
    endloop
  endfacet
  facet normal  4.585672e-03 -6.529631e-01 -7.573759e-01
    outer loop
      vertex   3.550000e-01  1.455993e-02  6.289338e-01
      vertex   3.522500e-01  1.429388e-02  6.291465e-01
      vertex   3.522500e-01  1.584390e-02  6.278102e-01
    endloop
  endfacet
  facet normal -9.170822e-03 -6.695739e-01 -7.426888e-01
    outer loop
      vertex   3.550000e-01  1.455993e-02  6.289338e-01
      vertex   3.522500e-01  1.584390e-02  6.278102e-01
      vertex   3.550000e-01  1.633422e-02  6.273342e-01
    endloop
  endfacet
  facet normal  7.350935e-03 -7.174582e-01 -6.965628e-01
    outer loop
      vertex   3.550000e-01  1.633422e-02  6.273342e-01
      vertex   3.522500e-01  1.584390e-02  6.278102e-01
      vertex   3.522500e-01  1.727135e-02  6.263399e-01
    endloop
  endfacet
  facet normal -1.101188e-02 -7.426845e-01 -6.695510e-01
    outer loop
      vertex   3.550000e-01  1.633422e-02  6.273342e-01
      vertex   3.522500e-01  1.727135e-02  6.263399e-01
      vertex   3.550000e-01  1.793381e-02  6.255599e-01
    endloop
  endfacet
  facet normal  8.217391e-03 -7.763010e-01 -6.303089e-01
    outer loop
      vertex   3.550000e-01  1.793381e-02  6.255599e-01
      vertex   3.522500e-01  1.727135e-02  6.263399e-01
      vertex   3.522500e-01  1.855968e-02  6.247532e-01
    endloop
  endfacet
  facet normal -1.089790e-02 -8.076937e-01 -5.895016e-01
    outer loop
      vertex   3.550000e-01  1.793381e-02  6.255599e-01
      vertex   3.522500e-01  1.855968e-02  6.247532e-01
      vertex   3.550000e-01  1.933464e-02  6.236405e-01
    endloop
  endfacet
  facet normal  7.207262e-03 -8.288204e-01 -5.594683e-01
    outer loop
      vertex   3.550000e-01  1.933464e-02  6.236405e-01
      vertex   3.522500e-01  1.855968e-02  6.247532e-01
      vertex   3.522500e-01  1.969577e-02  6.230701e-01
    endloop
  endfacet
  facet normal -8.906319e-03 -8.637259e-01 -5.038831e-01
    outer loop
      vertex   3.550000e-01  1.933464e-02  6.236405e-01
      vertex   3.522500e-01  1.969577e-02  6.230701e-01
      vertex   3.550000e-01  2.051941e-02  6.216097e-01
    endloop
  endfacet
  facet normal  4.394932e-03 -8.745390e-01 -4.849353e-01
    outer loop
      vertex   3.550000e-01  2.051941e-02  6.216097e-01
      vertex   3.522500e-01  1.969577e-02  6.230701e-01
      vertex   3.522500e-01  2.067035e-02  6.213126e-01
    endloop
  endfacet
  facet normal -5.202621e-03 -9.101677e-01 -4.142074e-01
    outer loop
      vertex   3.550000e-01  2.051941e-02  6.216097e-01
      vertex   3.522500e-01  2.067035e-02  6.213126e-01
      vertex   3.550000e-01  2.147816e-02  6.195030e-01
    endloop
  endfacet
  facet normal -6.185019e-07 -9.131464e-01 -4.076318e-01
    outer loop
      vertex   3.550000e-01  2.147816e-02  6.195030e-01
      vertex   3.522500e-01  2.067035e-02  6.213126e-01
      vertex   3.522500e-01  2.147816e-02  6.195030e-01
    endloop
  endfacet
  facet normal -6.397213e-07 -9.444743e-01 -3.285852e-01
    outer loop
      vertex   3.550000e-01  2.147816e-02  6.195030e-01
      vertex   3.522500e-01  2.147816e-02  6.195030e-01
      vertex   3.522500e-01  2.211794e-02  6.176640e-01
    endloop
  endfacet
  facet normal  0.000000e+00 -9.444743e-01 -3.285852e-01
    outer loop
      vertex   3.522500e-01  2.211794e-02  6.176640e-01
      vertex   3.522500e-01  2.147816e-02  6.195030e-01
      vertex   3.495000e-01  2.147816e-02  6.195030e-01
    endloop
  endfacet
  facet normal  4.914145e-03 -9.467207e-01 -3.220181e-01
    outer loop
      vertex   3.522500e-01  2.211794e-02  6.176640e-01
      vertex   3.495000e-01  2.147816e-02  6.195030e-01
      vertex   3.495000e-01  2.220836e-02  6.173562e-01
    endloop
  endfacet
  facet normal  5.447534e-03 -5.895231e-01 -8.077331e-01
    outer loop
      vertex   3.495000e-01  1.264059e-02  6.303346e-01
      vertex   3.495000e-01  1.455993e-02  6.289338e-01
      vertex   3.522500e-01  1.429388e-02  6.291465e-01
    endloop
  endfacet
  facet normal -4.585627e-03 -6.529631e-01 -7.573759e-01
    outer loop
      vertex   3.522500e-01  1.429388e-02  6.291465e-01
      vertex   3.495000e-01  1.455993e-02  6.289338e-01
      vertex   3.522500e-01  1.584390e-02  6.278102e-01
    endloop
  endfacet
  facet normal  9.170406e-03 -6.695735e-01 -7.426892e-01
    outer loop
      vertex   3.495000e-01  1.455993e-02  6.289338e-01
      vertex   3.495000e-01  1.633422e-02  6.273342e-01
      vertex   3.522500e-01  1.584390e-02  6.278102e-01
    endloop
  endfacet
  facet normal -7.351339e-03 -7.174582e-01 -6.965628e-01
    outer loop
      vertex   3.522500e-01  1.584390e-02  6.278102e-01
      vertex   3.495000e-01  1.633422e-02  6.273342e-01
      vertex   3.522500e-01  1.727135e-02  6.263399e-01
    endloop
  endfacet
  facet normal  1.101125e-02 -7.426845e-01 -6.695510e-01
    outer loop
      vertex   3.495000e-01  1.633422e-02  6.273342e-01
      vertex   3.495000e-01  1.793381e-02  6.255599e-01
      vertex   3.522500e-01  1.727135e-02  6.263399e-01
    endloop
  endfacet
  facet normal -8.217827e-03 -7.763010e-01 -6.303089e-01
    outer loop
      vertex   3.522500e-01  1.727135e-02  6.263399e-01
      vertex   3.495000e-01  1.793381e-02  6.255599e-01
      vertex   3.522500e-01  1.855968e-02  6.247532e-01
    endloop
  endfacet
  facet normal  1.089723e-02 -8.076937e-01 -5.895017e-01
    outer loop
      vertex   3.495000e-01  1.793381e-02  6.255599e-01
      vertex   3.495000e-01  1.933465e-02  6.236405e-01
      vertex   3.522500e-01  1.855968e-02  6.247532e-01
    endloop
  endfacet
  facet normal -7.207754e-03 -8.288204e-01 -5.594683e-01
    outer loop
      vertex   3.522500e-01  1.855968e-02  6.247532e-01
      vertex   3.495000e-01  1.933465e-02  6.236405e-01
      vertex   3.522500e-01  1.969577e-02  6.230701e-01
    endloop
  endfacet
  facet normal  8.905633e-03 -8.637259e-01 -5.038831e-01
    outer loop
      vertex   3.495000e-01  1.933465e-02  6.236405e-01
      vertex   3.495000e-01  2.051941e-02  6.216097e-01
      vertex   3.522500e-01  1.969577e-02  6.230701e-01
    endloop
  endfacet
  facet normal -4.395480e-03 -8.745390e-01 -4.849353e-01
    outer loop
      vertex   3.522500e-01  1.969577e-02  6.230701e-01
      vertex   3.495000e-01  2.051941e-02  6.216097e-01
      vertex   3.522500e-01  2.067035e-02  6.213126e-01
    endloop
  endfacet
  facet normal  5.201949e-03 -9.101677e-01 -4.142074e-01
    outer loop
      vertex   3.495000e-01  2.051941e-02  6.216097e-01
      vertex   3.495000e-01  2.147816e-02  6.195030e-01
      vertex   3.522500e-01  2.067035e-02  6.213126e-01
    endloop
  endfacet
  facet normal  0.000000e+00 -9.131463e-01 -4.076318e-01
    outer loop
      vertex   3.522500e-01  2.067035e-02  6.213126e-01
      vertex   3.495000e-01  2.147816e-02  6.195030e-01
      vertex   3.522500e-01  2.147816e-02  6.195030e-01
    endloop
  endfacet
  facet normal -4.007702e-03 -9.685662e-01 -2.487238e-01
    outer loop
      vertex   3.522500e-01  2.211794e-02  6.176640e-01
      vertex   3.495000e-01  2.220836e-02  6.173562e-01
      vertex   3.522500e-01  2.259219e-02  6.158172e-01
    endloop
  endfacet
  facet normal  7.816523e-03 -9.734396e-01 -2.288106e-01
    outer loop
      vertex   3.522500e-01  2.259219e-02  6.158172e-01
      vertex   3.495000e-01  2.220836e-02  6.173562e-01
      vertex   3.495000e-01  2.271440e-02  6.152033e-01
    endloop
  endfacet
  facet normal -9.086780e-03 -9.877261e-01 -1.559313e-01
    outer loop
      vertex   3.522500e-01  2.259219e-02  6.158172e-01
      vertex   3.495000e-01  2.271440e-02  6.152033e-01
      vertex   3.522500e-01  2.297743e-02  6.133770e-01
    endloop
  endfacet
  facet normal  4.397436e-03 -9.906916e-01 -1.360546e-01
    outer loop
      vertex   3.522500e-01  2.297743e-02  6.133770e-01
      vertex   3.495000e-01  2.271440e-02  6.152033e-01
      vertex   3.495000e-01  2.300661e-02  6.130756e-01
    endloop
  endfacet
  facet normal -4.951082e-03 -9.986597e-01 -5.151816e-02
    outer loop
      vertex   3.522500e-01  2.297743e-02  6.133770e-01
      vertex   3.495000e-01  2.300661e-02  6.130756e-01
      vertex   3.522500e-01  2.310005e-02  6.110000e-01
    endloop
  endfacet
  facet normal -0.000000e+00 -9.989882e-01 -4.497319e-02
    outer loop
      vertex   3.522500e-01  2.310005e-02  6.110000e-01
      vertex   3.495000e-01  2.300661e-02  6.130756e-01
      vertex   3.495000e-01  2.310005e-02  6.110000e-01
    endloop
  endfacet
  facet normal  0.000000e+00 -9.989882e-01  4.497319e-02
    outer loop
      vertex   3.522500e-01  2.310005e-02  6.110000e-01
      vertex   3.495000e-01  2.310005e-02  6.110000e-01
      vertex   3.495000e-01  2.300661e-02  6.089244e-01
    endloop
  endfacet
  facet normal -4.951083e-03 -9.986597e-01  5.151816e-02
    outer loop
      vertex   3.522500e-01  2.310005e-02  6.110000e-01
      vertex   3.495000e-01  2.300661e-02  6.089244e-01
      vertex   3.522500e-01  2.297743e-02  6.086230e-01
    endloop
  endfacet
  facet normal  4.397436e-03 -9.906916e-01  1.360546e-01
    outer loop
      vertex   3.522500e-01  2.297743e-02  6.086230e-01
      vertex   3.495000e-01  2.300661e-02  6.089244e-01
      vertex   3.495000e-01  2.271440e-02  6.067967e-01
    endloop
  endfacet
  facet normal -9.086780e-03 -9.877261e-01  1.559313e-01
    outer loop
      vertex   3.522500e-01  2.297743e-02  6.086230e-01
      vertex   3.495000e-01  2.271440e-02  6.067967e-01
      vertex   3.522500e-01  2.259219e-02  6.061828e-01
    endloop
  endfacet
  facet normal  7.816523e-03 -9.734396e-01  2.288106e-01
    outer loop
      vertex   3.522500e-01  2.259219e-02  6.061828e-01
      vertex   3.495000e-01  2.271440e-02  6.067967e-01
      vertex   3.495000e-01  2.220836e-02  6.046438e-01
    endloop
  endfacet
  facet normal -1.205644e-02 -9.649379e-01  2.622011e-01
    outer loop
      vertex   3.522500e-01  2.259219e-02  6.061828e-01
      vertex   3.495000e-01  2.220836e-02  6.046438e-01
      vertex   3.522500e-01  2.192327e-02  6.037211e-01
    endloop
  endfacet
  facet normal  9.899864e-03 -9.466884e-01  3.219982e-01
    outer loop
      vertex   3.522500e-01  2.192327e-02  6.037211e-01
      vertex   3.495000e-01  2.220836e-02  6.046438e-01
      vertex   3.495000e-01  2.147816e-02  6.024970e-01
    endloop
  endfacet
  facet normal -1.351266e-02 -9.295793e-01  3.683745e-01
    outer loop
      vertex   3.522500e-01  2.192327e-02  6.037211e-01
      vertex   3.495000e-01  2.147816e-02  6.024970e-01
      vertex   3.522500e-01  2.095829e-02  6.012860e-01
    endloop
  endfacet
  facet normal  1.034454e-02 -9.101269e-01  4.142005e-01
    outer loop
      vertex   3.522500e-01  2.095829e-02  6.012860e-01
      vertex   3.495000e-01  2.147816e-02  6.024970e-01
      vertex   3.495000e-01  2.051941e-02  6.003903e-01
    endloop
  endfacet
  facet normal -1.316141e-02 -8.813543e-01  4.722725e-01
    outer loop
      vertex   3.522500e-01  2.095829e-02  6.012860e-01
      vertex   3.495000e-01  2.051941e-02  6.003903e-01
      vertex   3.522500e-01  1.969577e-02  5.989299e-01
    endloop
  endfacet
  facet normal  8.906462e-03 -8.637252e-01  5.038843e-01
    outer loop
      vertex   3.522500e-01  1.969577e-02  5.989299e-01
      vertex   3.495000e-01  2.051941e-02  6.003903e-01
      vertex   3.495000e-01  1.933464e-02  5.983595e-01
    endloop
  endfacet
  facet normal -1.081825e-02 -8.204670e-01  5.715915e-01
    outer loop
      vertex   3.522500e-01  1.969577e-02  5.989299e-01
      vertex   3.495000e-01  1.933464e-02  5.983595e-01
      vertex   3.522500e-01  1.814657e-02  5.967062e-01
    endloop
  endfacet
  facet normal  5.467988e-03 -8.077295e-01  5.895278e-01
    outer loop
      vertex   3.522500e-01  1.814657e-02  5.967062e-01
      vertex   3.495000e-01  1.933464e-02  5.983595e-01
      vertex   3.495000e-01  1.793380e-02  5.964401e-01
    endloop
  endfacet
  facet normal -6.395201e-03 -7.476237e-01  6.640918e-01
    outer loop
      vertex   3.522500e-01  1.814657e-02  5.967062e-01
      vertex   3.495000e-01  1.793380e-02  5.964401e-01
      vertex   3.522500e-01  1.633421e-02  5.946658e-01
    endloop
  endfacet
  facet normal  0.000000e+00 -7.427295e-01  6.695915e-01
    outer loop
      vertex   3.522500e-01  1.633421e-02  5.946658e-01
      vertex   3.495000e-01  1.793380e-02  5.964401e-01
      vertex   3.495000e-01  1.633421e-02  5.946658e-01
    endloop
  endfacet
  facet normal  0.000000e+00 -6.696020e-01  7.427201e-01
    outer loop
      vertex   3.522500e-01  1.633421e-02  5.946658e-01
      vertex   3.495000e-01  1.633421e-02  5.946658e-01
      vertex   3.495000e-01  1.455993e-02  5.930662e-01
    endloop
  endfacet
  facet normal -6.415552e-03 -6.640847e-01  7.476298e-01
    outer loop
      vertex   3.522500e-01  1.633421e-02  5.946658e-01
      vertex   3.495000e-01  1.455993e-02  5.930662e-01
      vertex   3.522500e-01  1.429387e-02  5.928535e-01
    endloop
  endfacet
  facet normal  5.447561e-03 -5.895227e-01  8.077334e-01
    outer loop
      vertex   3.522500e-01  1.429387e-02  5.928535e-01
      vertex   3.495000e-01  1.455993e-02  5.930662e-01
      vertex   3.495000e-01  1.264059e-02  5.916654e-01
    endloop
  endfacet
  facet normal -1.082938e-02 -5.715965e-01  8.204634e-01
    outer loop
      vertex   3.522500e-01  1.429387e-02  5.928535e-01
      vertex   3.495000e-01  1.264059e-02  5.916654e-01
      vertex   3.522500e-01  1.207019e-02  5.913043e-01
    endloop
  endfacet
  facet normal  8.895682e-03 -5.038844e-01  8.637254e-01
    outer loop
      vertex   3.522500e-01  1.207019e-02  5.913043e-01
      vertex   3.495000e-01  1.264059e-02  5.916654e-01
      vertex   3.495000e-01  1.060975e-02  5.904806e-01
    endloop
  endfacet
  facet normal -1.316947e-02 -4.722769e-01  8.813518e-01
    outer loop
      vertex   3.522500e-01  1.207019e-02  5.913043e-01
      vertex   3.495000e-01  1.060975e-02  5.904806e-01
      vertex   3.522500e-01  9.714059e-03  5.900418e-01
    endloop
  endfacet
  facet normal  1.034279e-02 -4.141895e-01  9.101319e-01
    outer loop
      vertex   3.522500e-01  9.714059e-03  5.900418e-01
      vertex   3.495000e-01  1.060975e-02  5.904806e-01
      vertex   3.495000e-01  8.503032e-03  5.895219e-01
    endloop
  endfacet
  facet normal -1.350812e-02 -3.683768e-01  9.295785e-01
    outer loop
      vertex   3.522500e-01  9.714059e-03  5.900418e-01
      vertex   3.495000e-01  8.503032e-03  5.895219e-01
      vertex   3.522500e-01  7.278936e-03  5.890768e-01
    endloop
  endfacet
  facet normal  9.903284e-03 -3.220029e-01  9.466869e-01
    outer loop
      vertex   3.522500e-01  7.278936e-03  5.890768e-01
      vertex   3.495000e-01  8.503032e-03  5.895219e-01
      vertex   3.495000e-01  6.356199e-03  5.887917e-01
    endloop
  endfacet
  facet normal -1.205980e-02 -2.621869e-01  9.649417e-01
    outer loop
      vertex   3.522500e-01  7.278936e-03  5.890768e-01
      vertex   3.495000e-01  6.356199e-03  5.887917e-01
      vertex   3.522500e-01  4.817206e-03  5.884079e-01
    endloop
  endfacet
  facet normal  7.800115e-03 -2.288183e-01  9.734379e-01
    outer loop
      vertex   3.522500e-01  4.817206e-03  5.884079e-01
      vertex   3.495000e-01  6.356199e-03  5.887917e-01
      vertex   3.495000e-01  4.203390e-03  5.882856e-01
    endloop
  endfacet
  facet normal -9.104069e-03 -1.559301e-01  9.877262e-01
    outer loop
      vertex   3.522500e-01  4.817206e-03  5.884079e-01
      vertex   3.495000e-01  4.203390e-03  5.882856e-01
      vertex   3.522500e-01  2.377032e-03  5.880226e-01
    endloop
  endfacet
  facet normal  4.386353e-03 -1.360443e-01  9.906931e-01
    outer loop
      vertex   3.522500e-01  2.377032e-03  5.880226e-01
      vertex   3.495000e-01  4.203390e-03  5.882856e-01
      vertex   3.495000e-01  2.075681e-03  5.879934e-01
    endloop
  endfacet
  facet normal -4.399609e-03 -5.661251e-02  9.983866e-01
    outer loop
      vertex   3.522500e-01  2.377032e-03  5.880226e-01
      vertex   3.495000e-01  2.075681e-03  5.879934e-01
      vertex   3.550000e-01  4.329049e-08  5.879000e-01
    endloop
  endfacet
  facet normal -3.396016e-09 -4.498159e-02  9.989878e-01
    outer loop
      vertex   3.550000e-01  4.329049e-08  5.879000e-01
      vertex   3.495000e-01  2.075681e-03  5.879934e-01
      vertex   3.495000e-01  4.370573e-08  5.879000e-01
    endloop
  endfacet
  facet normal  5.680490e-03 -4.498086e-02  9.989716e-01
    outer loop
      vertex   3.550000e-01  4.329049e-08  5.879000e-01
      vertex   3.550000e-01  2.075681e-03  5.879934e-01
      vertex   3.522500e-01  2.377032e-03  5.880226e-01
    endloop
  endfacet
  facet normal -4.386424e-03 -1.360443e-01  9.906930e-01
    outer loop
      vertex   3.522500e-01  2.377032e-03  5.880226e-01
      vertex   3.550000e-01  2.075681e-03  5.879934e-01
      vertex   3.550000e-01  4.203390e-03  5.882856e-01
    endloop
  endfacet
  facet normal  9.104145e-03 -1.559301e-01  9.877261e-01
    outer loop
      vertex   3.522500e-01  2.377032e-03  5.880226e-01
      vertex   3.550000e-01  4.203390e-03  5.882856e-01
      vertex   3.522500e-01  4.817206e-03  5.884079e-01
    endloop
  endfacet
  facet normal -7.800236e-03 -2.288182e-01  9.734378e-01
    outer loop
      vertex   3.522500e-01  4.817206e-03  5.884079e-01
      vertex   3.550000e-01  4.203390e-03  5.882856e-01
      vertex   3.550000e-01  6.356198e-03  5.887917e-01
    endloop
  endfacet
  facet normal  1.205987e-02 -2.621869e-01  9.649417e-01
    outer loop
      vertex   3.522500e-01  4.817206e-03  5.884079e-01
      vertex   3.550000e-01  6.356198e-03  5.887917e-01
      vertex   3.522500e-01  7.278936e-03  5.890768e-01
    endloop
  endfacet
  facet normal -9.903426e-03 -3.220028e-01  9.466869e-01
    outer loop
      vertex   3.522500e-01  7.278936e-03  5.890768e-01
      vertex   3.550000e-01  6.356198e-03  5.887917e-01
      vertex   3.550000e-01  8.503032e-03  5.895219e-01
    endloop
  endfacet
  facet normal  1.350826e-02 -3.683768e-01  9.295784e-01
    outer loop
      vertex   3.522500e-01  7.278936e-03  5.890768e-01
      vertex   3.550000e-01  8.503032e-03  5.895219e-01
      vertex   3.522500e-01  9.714059e-03  5.900418e-01
    endloop
  endfacet
  facet normal -1.034290e-02 -4.141896e-01  9.101319e-01
    outer loop
      vertex   3.522500e-01  9.714059e-03  5.900418e-01
      vertex   3.550000e-01  8.503032e-03  5.895219e-01
      vertex   3.550000e-01  1.060975e-02  5.904806e-01
    endloop
  endfacet
  facet normal  1.316962e-02 -4.722769e-01  8.813519e-01
    outer loop
      vertex   3.522500e-01  9.714059e-03  5.900418e-01
      vertex   3.550000e-01  1.060975e-02  5.904806e-01
      vertex   3.522500e-01  1.207019e-02  5.913043e-01
    endloop
  endfacet
  facet normal -8.895778e-03 -5.038844e-01  8.637254e-01
    outer loop
      vertex   3.522500e-01  1.207019e-02  5.913043e-01
      vertex   3.550000e-01  1.060975e-02  5.904806e-01
      vertex   3.550000e-01  1.264059e-02  5.916654e-01
    endloop
  endfacet
  facet normal  1.082951e-02 -5.715964e-01  8.204634e-01
    outer loop
      vertex   3.522500e-01  1.207019e-02  5.913043e-01
      vertex   3.550000e-01  1.264059e-02  5.916654e-01
      vertex   3.522500e-01  1.429387e-02  5.928535e-01
    endloop
  endfacet
  facet normal -5.447621e-03 -5.895228e-01  8.077334e-01
    outer loop
      vertex   3.522500e-01  1.429387e-02  5.928535e-01
      vertex   3.550000e-01  1.264059e-02  5.916654e-01
      vertex   3.550000e-01  1.455993e-02  5.930662e-01
    endloop
  endfacet
  facet normal  6.415614e-03 -6.640847e-01  7.476298e-01
    outer loop
      vertex   3.522500e-01  1.429387e-02  5.928535e-01
      vertex   3.550000e-01  1.455993e-02  5.930662e-01
      vertex   3.522500e-01  1.633421e-02  5.946658e-01
    endloop
  endfacet
  facet normal -4.535422e-07 -6.696024e-01  7.427197e-01
    outer loop
      vertex   3.522500e-01  1.633421e-02  5.946658e-01
      vertex   3.550000e-01  1.455993e-02  5.930662e-01
      vertex   3.550000e-01  1.633421e-02  5.946658e-01
    endloop
  endfacet
  facet normal -5.030734e-07 -7.427295e-01  6.695915e-01
    outer loop
      vertex   3.522500e-01  1.633421e-02  5.946658e-01
      vertex   3.550000e-01  1.633421e-02  5.946658e-01
      vertex   3.550000e-01  1.793380e-02  5.964401e-01
    endloop
  endfacet
  facet normal  6.394767e-03 -7.476237e-01  6.640918e-01
    outer loop
      vertex   3.522500e-01  1.633421e-02  5.946658e-01
      vertex   3.550000e-01  1.793380e-02  5.964401e-01
      vertex   3.522500e-01  1.814657e-02  5.967062e-01
    endloop
  endfacet
  facet normal -5.468592e-03 -8.077295e-01  5.895278e-01
    outer loop
      vertex   3.522500e-01  1.814657e-02  5.967062e-01
      vertex   3.550000e-01  1.793380e-02  5.964401e-01
      vertex   3.550000e-01  1.933464e-02  5.983595e-01
    endloop
  endfacet
  facet normal  1.081778e-02 -8.204670e-01  5.715915e-01
    outer loop
      vertex   3.522500e-01  1.814657e-02  5.967062e-01
      vertex   3.550000e-01  1.933464e-02  5.983595e-01
      vertex   3.522500e-01  1.969577e-02  5.989299e-01
    endloop
  endfacet
  facet normal -8.907148e-03 -8.637252e-01  5.038843e-01
    outer loop
      vertex   3.522500e-01  1.969577e-02  5.989299e-01
      vertex   3.550000e-01  1.933464e-02  5.983595e-01
      vertex   3.550000e-01  2.051941e-02  6.003903e-01
    endloop
  endfacet
  facet normal  1.316095e-02 -8.813543e-01  4.722725e-01
    outer loop
      vertex   3.522500e-01  1.969577e-02  5.989299e-01
      vertex   3.550000e-01  2.051941e-02  6.003903e-01
      vertex   3.522500e-01  2.095829e-02  6.012860e-01
    endloop
  endfacet
  facet normal -1.034527e-02 -9.101269e-01  4.142006e-01
    outer loop
      vertex   3.522500e-01  2.095829e-02  6.012860e-01
      vertex   3.550000e-01  2.051941e-02  6.003903e-01
      vertex   3.550000e-01  2.147816e-02  6.024970e-01
    endloop
  endfacet
  facet normal  1.351217e-02 -9.295793e-01  3.683744e-01
    outer loop
      vertex   3.522500e-01  2.095829e-02  6.012860e-01
      vertex   3.550000e-01  2.147816e-02  6.024970e-01
      vertex   3.522500e-01  2.192327e-02  6.037211e-01
    endloop
  endfacet
  facet normal -9.900613e-03 -9.466885e-01  3.219982e-01
    outer loop
      vertex   3.522500e-01  2.192327e-02  6.037211e-01
      vertex   3.550000e-01  2.147816e-02  6.024970e-01
      vertex   3.550000e-01  2.220836e-02  6.046438e-01
    endloop
  endfacet
  facet normal  1.205591e-02 -9.649379e-01  2.622011e-01
    outer loop
      vertex   3.522500e-01  2.192327e-02  6.037211e-01
      vertex   3.550000e-01  2.220836e-02  6.046438e-01
      vertex   3.522500e-01  2.259219e-02  6.061828e-01
    endloop
  endfacet
  facet normal -7.817267e-03 -9.734395e-01  2.288106e-01
    outer loop
      vertex   3.522500e-01  2.259219e-02  6.061828e-01
      vertex   3.550000e-01  2.220836e-02  6.046438e-01
      vertex   3.550000e-01  2.271440e-02  6.067967e-01
    endloop
  endfacet
  facet normal  9.086209e-03 -9.877261e-01  1.559313e-01
    outer loop
      vertex   3.522500e-01  2.259219e-02  6.061828e-01
      vertex   3.550000e-01  2.271440e-02  6.067967e-01
      vertex   3.522500e-01  2.297743e-02  6.086230e-01
    endloop
  endfacet
  facet normal -4.398155e-03 -9.906916e-01  1.360546e-01
    outer loop
      vertex   3.522500e-01  2.297743e-02  6.086230e-01
      vertex   3.550000e-01  2.271440e-02  6.067967e-01
      vertex   3.550000e-01  2.300660e-02  6.089244e-01
    endloop
  endfacet
  facet normal  4.950459e-03 -9.986598e-01  5.151816e-02
    outer loop
      vertex   3.522500e-01  2.297743e-02  6.086230e-01
      vertex   3.550000e-01  2.300660e-02  6.089244e-01
      vertex   3.522500e-01  2.310005e-02  6.110000e-01
    endloop
  endfacet
  facet normal -6.766452e-07 -9.989882e-01  4.497319e-02
    outer loop
      vertex   3.522500e-01  2.310005e-02  6.110000e-01
      vertex   3.550000e-01  2.300660e-02  6.089244e-01
      vertex   3.550000e-01  2.310005e-02  6.110000e-01
    endloop
  endfacet
  facet normal -6.766452e-07 -9.989882e-01 -4.497319e-02
    outer loop
      vertex   3.522500e-01  2.310005e-02  6.110000e-01
      vertex   3.550000e-01  2.310005e-02  6.110000e-01
      vertex   3.550000e-01  2.300660e-02  6.130756e-01
    endloop
  endfacet
  facet normal  4.950459e-03 -9.986598e-01 -5.151816e-02
    outer loop
      vertex   3.522500e-01  2.310005e-02  6.110000e-01
      vertex   3.550000e-01  2.300660e-02  6.130756e-01
      vertex   3.522500e-01  2.297743e-02  6.133770e-01
    endloop
  endfacet
  facet normal -4.398155e-03 -9.906916e-01 -1.360546e-01
    outer loop
      vertex   3.522500e-01  2.297743e-02  6.133770e-01
      vertex   3.550000e-01  2.300660e-02  6.130756e-01
      vertex   3.550000e-01  2.271440e-02  6.152033e-01
    endloop
  endfacet
  facet normal  9.086209e-03 -9.877261e-01 -1.559313e-01
    outer loop
      vertex   3.522500e-01  2.297743e-02  6.133770e-01
      vertex   3.550000e-01  2.271440e-02  6.152033e-01
      vertex   3.522500e-01  2.259219e-02  6.158172e-01
    endloop
  endfacet
  facet normal -7.817267e-03 -9.734395e-01 -2.288106e-01
    outer loop
      vertex   3.522500e-01  2.259219e-02  6.158172e-01
      vertex   3.550000e-01  2.271440e-02  6.152033e-01
      vertex   3.550000e-01  2.220836e-02  6.173562e-01
    endloop
  endfacet
  facet normal  4.007095e-03 -9.685662e-01 -2.487238e-01
    outer loop
      vertex   3.522500e-01  2.259219e-02  6.158172e-01
      vertex   3.550000e-01  2.220836e-02  6.173562e-01
      vertex   3.522500e-01  2.211794e-02  6.176640e-01
    endloop
  endfacet
  facet normal -4.914841e-03 -9.467207e-01 -3.220181e-01
    outer loop
      vertex   3.522500e-01  2.211794e-02  6.176640e-01
      vertex   3.550000e-01  2.220836e-02  6.173562e-01
      vertex   3.550000e-01  2.147816e-02  6.195030e-01
    endloop
  endfacet
  facet normal  0.000000e+00 -5.101352e-01 -8.600942e-01
    outer loop
      vertex   3.522500e-01  1.264059e-02  6.303346e-01
      vertex   3.550000e-01  1.264059e-02  6.303346e-01
      vertex   3.522500e-01  1.090536e-02  6.313638e-01
    endloop
  endfacet
  facet normal -5.303374e-03 -5.038971e-01 -8.637474e-01
    outer loop
      vertex   3.522500e-01  1.090536e-02  6.313638e-01
      vertex   3.550000e-01  1.264059e-02  6.303346e-01
      vertex   3.550000e-01  1.060975e-02  6.315194e-01
    endloop
  endfacet
  facet normal  4.360255e-03 -4.336423e-01 -9.010745e-01
    outer loop
      vertex   3.522500e-01  1.090536e-02  6.313638e-01
      vertex   3.550000e-01  1.060975e-02  6.315194e-01
      vertex   3.522500e-01  9.110596e-03  6.322275e-01
    endloop
  endfacet
  facet normal -8.577006e-03 -4.141965e-01 -9.101471e-01
    outer loop
      vertex   3.522500e-01  9.110596e-03  6.322275e-01
      vertex   3.550000e-01  1.060975e-02  6.315194e-01
      vertex   3.550000e-01  8.503036e-03  6.324781e-01
    endloop
  endfacet
  facet normal  6.734943e-03 -3.550653e-01 -9.348173e-01
    outer loop
      vertex   3.522500e-01  9.110596e-03  6.322275e-01
      vertex   3.550000e-01  8.503036e-03  6.324781e-01
      vertex   3.522500e-01  7.278940e-03  6.329232e-01
    endloop
  endfacet
  facet normal -9.903426e-03 -3.220028e-01 -9.466869e-01
    outer loop
      vertex   3.522500e-01  7.278940e-03  6.329232e-01
      vertex   3.550000e-01  8.503036e-03  6.324781e-01
      vertex   3.550000e-01  6.356202e-03  6.332083e-01
    endloop
  endfacet
  facet normal  7.262237e-03 -2.753638e-01 -9.613127e-01
    outer loop
      vertex   3.522500e-01  7.278940e-03  6.329232e-01
      vertex   3.550000e-01  6.356202e-03  6.332083e-01
      vertex   3.522500e-01  5.432406e-03  6.334522e-01
    endloop
  endfacet
  facet normal -9.448748e-03 -2.288150e-01 -9.734240e-01
    outer loop
      vertex   3.522500e-01  5.432406e-03  6.334522e-01
      vertex   3.550000e-01  6.356202e-03  6.332083e-01
      vertex   3.550000e-01  4.203394e-03  6.337144e-01
    endloop
  endfacet
  facet normal  6.139493e-03 -1.954851e-01 -9.806874e-01
    outer loop
      vertex   3.522500e-01  5.432406e-03  6.334522e-01
      vertex   3.550000e-01  4.203394e-03  6.337144e-01
      vertex   3.522500e-01  3.591652e-03  6.338191e-01
    endloop
  endfacet
  facet normal -7.464208e-03 -1.360418e-01 -9.906750e-01
    outer loop
      vertex   3.522500e-01  3.591652e-03  6.338191e-01
      vertex   3.550000e-01  4.203394e-03  6.337144e-01
      vertex   3.550000e-01  2.075684e-03  6.340066e-01
    endloop
  endfacet
  facet normal  3.628792e-03 -1.162331e-01 -9.932154e-01
    outer loop
      vertex   3.522500e-01  3.591652e-03  6.338191e-01
      vertex   3.550000e-01  2.075684e-03  6.340066e-01
      vertex   3.522500e-01  1.775405e-03  6.340317e-01
    endloop
  endfacet
  facet normal -1.219064e-02  9.134813e-02  9.957443e-01
    outer loop
      vertex   3.495000e-01  2.911456e-03  6.267329e-01
      vertex   3.495000e-01  4.665770e-08  6.270000e-01
      vertex   3.522500e-01  2.487738e-03  6.268054e-01
    endloop
  endfacet
  facet normal  4.141882e-09  7.796678e-02  9.969559e-01
    outer loop
      vertex   3.522500e-01  2.487738e-03  6.268054e-01
      vertex   3.495000e-01  4.665770e-08  6.270000e-01
      vertex   3.550000e-01  4.624246e-08  6.270000e-01
    endloop
  endfacet
  facet normal  1.219079e-02  9.134815e-02  9.957444e-01
    outer loop
      vertex   3.522500e-01  2.487738e-03  6.268054e-01
      vertex   3.550000e-01  4.624246e-08  6.270000e-01
      vertex   3.550000e-01  2.911455e-03  6.267329e-01
    endloop
  endfacet
  facet normal -9.575793e-03  2.287956e-01  9.734274e-01
    outer loop
      vertex   3.550000e-01  2.911455e-03  6.267329e-01
      vertex   3.550000e-01  4.402578e-03  6.263824e-01
      vertex   3.522500e-01  2.487738e-03  6.268054e-01
    endloop
  endfacet
  facet normal -1.490837e-02  2.360558e-01  9.716252e-01
    outer loop
      vertex   3.522500e-01  2.487738e-03  6.268054e-01
      vertex   3.550000e-01  4.402578e-03  6.263824e-01
      vertex   3.522500e-01  5.041704e-03  6.261849e-01
    endloop
  endfacet
  facet normal  1.490824e-02  2.360557e-01  9.716251e-01
    outer loop
      vertex   3.522500e-01  2.487738e-03  6.268054e-01
      vertex   3.522500e-01  5.041704e-03  6.261849e-01
      vertex   3.495000e-01  4.402578e-03  6.263824e-01
    endloop
  endfacet
  facet normal -6.861506e-03  3.220266e-01  9.467057e-01
    outer loop
      vertex   3.495000e-01  4.402578e-03  6.263824e-01
      vertex   3.522500e-01  5.041704e-03  6.261849e-01
      vertex   3.495000e-01  5.889562e-03  6.258766e-01
    endloop
  endfacet
  facet normal  1.879443e-02  3.949824e-01  9.184964e-01
    outer loop
      vertex   3.495000e-01  5.889562e-03  6.258766e-01
      vertex   3.522500e-01  5.041704e-03  6.261849e-01
      vertex   3.522500e-01  7.553509e-03  6.251048e-01
    endloop
  endfacet
  facet normal  4.828106e-03  4.142031e-01  9.101717e-01
    outer loop
      vertex   3.495000e-01  5.889562e-03  6.258766e-01
      vertex   3.522500e-01  7.553509e-03  6.251048e-01
      vertex   3.495000e-01  7.348760e-03  6.252126e-01
    endloop
  endfacet
  facet normal -3.670201e-03  5.039112e-01  8.637478e-01
    outer loop
      vertex   3.495000e-01  7.348760e-03  6.252126e-01
      vertex   3.522500e-01  7.553509e-03  6.251048e-01
      vertex   3.495000e-01  8.755404e-03  6.243919e-01
    endloop
  endfacet
  facet normal  2.238546e-02  5.474067e-01  8.365672e-01
    outer loop
      vertex   3.495000e-01  8.755404e-03  6.243919e-01
      vertex   3.522500e-01  7.553509e-03  6.251048e-01
      vertex   3.522500e-01  9.900535e-03  6.235690e-01
    endloop
  endfacet
  facet normal -3.773757e-03  5.895171e-01  8.077470e-01
    outer loop
      vertex   3.495000e-01  8.755404e-03  6.243919e-01
      vertex   3.522500e-01  9.900535e-03  6.235690e-01
      vertex   3.495000e-01  1.008482e-02  6.234217e-01
    endloop
  endfacet
  facet normal  5.075999e-03  6.695856e-01  7.427174e-01
    outer loop
      vertex   3.495000e-01  1.008482e-02  6.234217e-01
      vertex   3.522500e-01  9.900535e-03  6.235690e-01
      vertex   3.495000e-01  1.131376e-02  6.223137e-01
    endloop
  endfacet
  facet normal  2.033724e-02  6.857843e-01  7.275206e-01
    outer loop
      vertex   3.495000e-01  1.131376e-02  6.223137e-01
      vertex   3.522500e-01  9.900535e-03  6.235690e-01
      vertex   3.522500e-01  1.196285e-02  6.216250e-01
    endloop
  endfacet
  facet normal -7.615552e-03  7.427155e-01  6.695638e-01
    outer loop
      vertex   3.495000e-01  1.131376e-02  6.223137e-01
      vertex   3.522500e-01  1.196285e-02  6.216250e-01
      vertex   3.495000e-01  1.242170e-02  6.210847e-01
    endloop
  endfacet
  facet normal  1.701481e-02  8.031571e-01  5.955244e-01
    outer loop
      vertex   3.495000e-01  1.242170e-02  6.210847e-01
      vertex   3.522500e-01  1.196285e-02  6.216250e-01
      vertex   3.522500e-01  1.364211e-02  6.193603e-01
    endloop
  endfacet
  facet normal  1.123687e-02  8.076814e-01  5.895122e-01
    outer loop
      vertex   3.495000e-01  1.242170e-02  6.210847e-01
      vertex   3.522500e-01  1.364211e-02  6.193603e-01
      vertex   3.495000e-01  1.339198e-02  6.197554e-01
    endloop
  endfacet
  facet normal -6.165057e-03  8.637469e-01  5.038880e-01
    outer loop
      vertex   3.495000e-01  1.339198e-02  6.197554e-01
      vertex   3.522500e-01  1.364211e-02  6.193603e-01
      vertex   3.495000e-01  1.421259e-02  6.183487e-01
    endloop
  endfacet
  facet normal  2.115280e-02  8.943449e-01  4.468778e-01
    outer loop
      vertex   3.495000e-01  1.421259e-02  6.183487e-01
      vertex   3.522500e-01  1.364211e-02  6.193603e-01
      vertex   3.522500e-01  1.487666e-02  6.168895e-01
    endloop
  endfacet
  facet normal  0.000000e+00  9.101776e-01  4.142182e-01
    outer loop
      vertex   3.495000e-01  1.421259e-02  6.183487e-01
      vertex   3.522500e-01  1.487666e-02  6.168895e-01
      vertex   3.495000e-01  1.487666e-02  6.168895e-01
    endloop
  endfacet
  facet normal -0.000000e+00  9.467369e-01  3.220083e-01
    outer loop
      vertex   3.495000e-01  1.487666e-02  6.168895e-01
      vertex   3.522500e-01  1.487666e-02  6.168895e-01
      vertex   3.495000e-01  1.538243e-02  6.154025e-01
    endloop
  endfacet
  facet normal  1.960308e-02  9.570490e-01  2.892627e-01
    outer loop
      vertex   3.495000e-01  1.538243e-02  6.154025e-01
      vertex   3.522500e-01  1.487666e-02  6.168895e-01
      vertex   3.522500e-01  1.564828e-02  6.143366e-01
    endloop
  endfacet
  facet normal -5.412288e-03  9.734539e-01  2.288190e-01
    outer loop
      vertex   3.495000e-01  1.538243e-02  6.154025e-01
      vertex   3.522500e-01  1.564828e-02  6.143366e-01
      vertex   3.495000e-01  1.573293e-02  6.139114e-01
    endloop
  endfacet
  facet normal  6.295155e-03  9.877467e-01  1.559388e-01
    outer loop
      vertex   3.495000e-01  1.573293e-02  6.139114e-01
      vertex   3.522500e-01  1.564828e-02  6.143366e-01
      vertex   3.522500e-01  1.591511e-02  6.126464e-01
    endloop
  endfacet
  facet normal -2.393656e-02  9.955322e-01  9.133822e-02
    outer loop
      vertex   3.495000e-01  1.573293e-02  6.139114e-01
      vertex   3.522500e-01  1.591511e-02  6.126464e-01
      vertex   3.495000e-01  1.600005e-02  6.110000e-01
    endloop
  endfacet
  facet normal -0.000000e+00  9.986721e-01  5.151854e-02
    outer loop
      vertex   3.495000e-01  1.600005e-02  6.110000e-01
      vertex   3.522500e-01  1.591511e-02  6.126464e-01
      vertex   3.522500e-01  1.600005e-02  6.110000e-01
    endloop
  endfacet
  facet normal  0.000000e+00  9.986721e-01 -5.151854e-02
    outer loop
      vertex   3.495000e-01  1.600005e-02  6.110000e-01
      vertex   3.522500e-01  1.600005e-02  6.110000e-01
      vertex   3.522500e-01  1.591511e-02  6.093536e-01
    endloop
  endfacet
  facet normal  6.770678e-07  9.986721e-01 -5.151854e-02
    outer loop
      vertex   3.522500e-01  1.591511e-02  6.093536e-01
      vertex   3.522500e-01  1.600005e-02  6.110000e-01
      vertex   3.550000e-01  1.600005e-02  6.110000e-01
    endloop
  endfacet
  facet normal  2.393750e-02  9.955323e-01 -9.133822e-02
    outer loop
      vertex   3.522500e-01  1.591511e-02  6.093536e-01
      vertex   3.550000e-01  1.600005e-02  6.110000e-01
      vertex   3.550000e-01  1.573293e-02  6.080886e-01
    endloop
  endfacet
  facet normal  6.861633e-03  3.220266e-01  9.467057e-01
    outer loop
      vertex   3.550000e-01  4.402578e-03  6.263824e-01
      vertex   3.550000e-01  5.889562e-03  6.258766e-01
      vertex   3.522500e-01  5.041704e-03  6.261849e-01
    endloop
  endfacet
  facet normal -1.879456e-02  3.949824e-01  9.184964e-01
    outer loop
      vertex   3.522500e-01  5.041704e-03  6.261849e-01
      vertex   3.550000e-01  5.889562e-03  6.258766e-01
      vertex   3.522500e-01  7.553509e-03  6.251048e-01
    endloop
  endfacet
  facet normal -4.828081e-03  4.142031e-01  9.101717e-01
    outer loop
      vertex   3.550000e-01  5.889562e-03  6.258766e-01
      vertex   3.550000e-01  7.348760e-03  6.252126e-01
      vertex   3.522500e-01  7.553509e-03  6.251048e-01
    endloop
  endfacet
  facet normal  3.670316e-03  5.039110e-01  8.637478e-01
    outer loop
      vertex   3.522500e-01  7.553509e-03  6.251048e-01
      vertex   3.550000e-01  7.348760e-03  6.252126e-01
      vertex   3.550000e-01  8.755404e-03  6.243919e-01
    endloop
  endfacet
  facet normal -2.238570e-02  5.474067e-01  8.365672e-01
    outer loop
      vertex   3.522500e-01  7.553509e-03  6.251048e-01
      vertex   3.550000e-01  8.755404e-03  6.243919e-01
      vertex   3.522500e-01  9.900535e-03  6.235690e-01
    endloop
  endfacet
  facet normal  3.773789e-03  5.895171e-01  8.077471e-01
    outer loop
      vertex   3.522500e-01  9.900535e-03  6.235690e-01
      vertex   3.550000e-01  8.755404e-03  6.243919e-01
      vertex   3.550000e-01  1.008482e-02  6.234217e-01
    endloop
  endfacet
  facet normal -5.076054e-03  6.695857e-01  7.427174e-01
    outer loop
      vertex   3.522500e-01  9.900535e-03  6.235690e-01
      vertex   3.550000e-01  1.008482e-02  6.234217e-01
      vertex   3.550000e-01  1.131376e-02  6.223137e-01
    endloop
  endfacet
  facet normal -2.033743e-02  6.857843e-01  7.275206e-01
    outer loop
      vertex   3.522500e-01  9.900535e-03  6.235690e-01
      vertex   3.550000e-01  1.131376e-02  6.223137e-01
      vertex   3.522500e-01  1.196285e-02  6.216250e-01
    endloop
  endfacet
  facet normal  7.615635e-03  7.427155e-01  6.695637e-01
    outer loop
      vertex   3.522500e-01  1.196285e-02  6.216250e-01
      vertex   3.550000e-01  1.131376e-02  6.223137e-01
      vertex   3.550000e-01  1.242170e-02  6.210847e-01
    endloop
  endfacet
  facet normal -1.701498e-02  8.031570e-01  5.955244e-01
    outer loop
      vertex   3.522500e-01  1.196285e-02  6.216250e-01
      vertex   3.550000e-01  1.242170e-02  6.210847e-01
      vertex   3.522500e-01  1.364211e-02  6.193603e-01
    endloop
  endfacet
  facet normal -1.123700e-02  8.076813e-01  5.895122e-01
    outer loop
      vertex   3.522500e-01  1.364211e-02  6.193603e-01
      vertex   3.550000e-01  1.242170e-02  6.210847e-01
      vertex   3.550000e-01  1.339198e-02  6.197554e-01
    endloop
  endfacet
  facet normal  6.165122e-03  8.637471e-01  5.038881e-01
    outer loop
      vertex   3.522500e-01  1.364211e-02  6.193603e-01
      vertex   3.550000e-01  1.339198e-02  6.197554e-01
      vertex   3.550000e-01  1.421259e-02  6.183487e-01
    endloop
  endfacet
  facet normal -2.115303e-02  8.943449e-01  4.468778e-01
    outer loop
      vertex   3.522500e-01  1.364211e-02  6.193603e-01
      vertex   3.550000e-01  1.421259e-02  6.183487e-01
      vertex   3.522500e-01  1.487666e-02  6.168895e-01
    endloop
  endfacet
  facet normal -0.000000e+00  9.101776e-01  4.142181e-01
    outer loop
      vertex   3.522500e-01  1.487666e-02  6.168895e-01
      vertex   3.550000e-01  1.421259e-02  6.183487e-01
      vertex   3.550000e-01  1.487666e-02  6.168895e-01
    endloop
  endfacet
  facet normal -0.000000e+00  9.467369e-01  3.220082e-01
    outer loop
      vertex   3.522500e-01  1.487666e-02  6.168895e-01
      vertex   3.550000e-01  1.487666e-02  6.168895e-01
      vertex   3.550000e-01  1.538243e-02  6.154025e-01
    endloop
  endfacet
  facet normal -1.960330e-02  9.570490e-01  2.892628e-01
    outer loop
      vertex   3.522500e-01  1.487666e-02  6.168895e-01
      vertex   3.550000e-01  1.538243e-02  6.154025e-01
      vertex   3.522500e-01  1.564828e-02  6.143366e-01
    endloop
  endfacet
  facet normal  5.412819e-03  9.734542e-01  2.288179e-01
    outer loop
      vertex   3.522500e-01  1.564828e-02  6.143366e-01
      vertex   3.550000e-01  1.538243e-02  6.154025e-01
      vertex   3.550000e-01  1.573293e-02  6.139114e-01
    endloop
  endfacet
  facet normal -6.294553e-03  9.877466e-01  1.559388e-01
    outer loop
      vertex   3.522500e-01  1.564828e-02  6.143366e-01
      vertex   3.550000e-01  1.573293e-02  6.139114e-01
      vertex   3.522500e-01  1.591511e-02  6.126464e-01
    endloop
  endfacet
  facet normal  2.393750e-02  9.955323e-01  9.133822e-02
    outer loop
      vertex   3.522500e-01  1.591511e-02  6.126464e-01
      vertex   3.550000e-01  1.573293e-02  6.139114e-01
      vertex   3.550000e-01  1.600005e-02  6.110000e-01
    endloop
  endfacet
  facet normal  6.770678e-07  9.986721e-01  5.151854e-02
    outer loop
      vertex   3.522500e-01  1.591511e-02  6.126464e-01
      vertex   3.550000e-01  1.600005e-02  6.110000e-01
      vertex   3.522500e-01  1.600005e-02  6.110000e-01
    endloop
  endfacet
  facet normal -6.294551e-03  9.877466e-01 -1.559388e-01
    outer loop
      vertex   3.522500e-01  1.591511e-02  6.093536e-01
      vertex   3.550000e-01  1.573293e-02  6.080886e-01
      vertex   3.522500e-01  1.564828e-02  6.076635e-01
    endloop
  endfacet
  facet normal  5.412819e-03  9.734542e-01 -2.288179e-01
    outer loop
      vertex   3.522500e-01  1.564828e-02  6.076635e-01
      vertex   3.550000e-01  1.573293e-02  6.080886e-01
      vertex   3.550000e-01  1.538243e-02  6.065975e-01
    endloop
  endfacet
  facet normal -8.349970e-03  9.649752e-01 -2.622083e-01
    outer loop
      vertex   3.522500e-01  1.564828e-02  6.076635e-01
      vertex   3.550000e-01  1.538243e-02  6.065975e-01
      vertex   3.522500e-01  1.518496e-02  6.059583e-01
    endloop
  endfacet
  facet normal  6.857985e-03  9.467146e-01 -3.220007e-01
    outer loop
      vertex   3.522500e-01  1.518496e-02  6.059583e-01
      vertex   3.550000e-01  1.538243e-02  6.065975e-01
      vertex   3.550000e-01  1.487666e-02  6.051105e-01
    endloop
  endfacet
  facet normal -9.358535e-03  9.296268e-01 -3.683835e-01
    outer loop
      vertex   3.522500e-01  1.518496e-02  6.059583e-01
      vertex   3.550000e-01  1.487666e-02  6.051105e-01
      vertex   3.522500e-01  1.451658e-02  6.042717e-01
    endloop
  endfacet
  facet normal  7.169078e-03  9.101539e-01 -4.142084e-01
    outer loop
      vertex   3.522500e-01  1.451658e-02  6.042717e-01
      vertex   3.550000e-01  1.487666e-02  6.051105e-01
      vertex   3.550000e-01  1.421259e-02  6.036513e-01
    endloop
  endfacet
  facet normal -9.114945e-03  8.813913e-01 -4.722989e-01
    outer loop
      vertex   3.522500e-01  1.451658e-02  6.042717e-01
      vertex   3.550000e-01  1.421259e-02  6.036513e-01
      vertex   3.522500e-01  1.364211e-02  6.026397e-01
    endloop
  endfacet
  facet normal  6.165122e-03  8.637471e-01 -5.038881e-01
    outer loop
      vertex   3.522500e-01  1.364211e-02  6.026397e-01
      vertex   3.550000e-01  1.421259e-02  6.036513e-01
      vertex   3.550000e-01  1.339197e-02  6.022446e-01
    endloop
  endfacet
  facet normal -7.499485e-03  8.204917e-01 -5.716093e-01
    outer loop
      vertex   3.522500e-01  1.364211e-02  6.026397e-01
      vertex   3.550000e-01  1.339197e-02  6.022446e-01
      vertex   3.522500e-01  1.256907e-02  6.010995e-01
    endloop
  endfacet
  facet normal  3.789142e-03  8.077265e-01 -5.895452e-01
    outer loop
      vertex   3.522500e-01  1.256907e-02  6.010995e-01
      vertex   3.550000e-01  1.339197e-02  6.022446e-01
      vertex   3.550000e-01  1.242170e-02  6.009153e-01
    endloop
  endfacet
  facet normal -4.425773e-03  7.476347e-01 -6.640954e-01
    outer loop
      vertex   3.522500e-01  1.256907e-02  6.010995e-01
      vertex   3.550000e-01  1.242170e-02  6.009153e-01
      vertex   3.522500e-01  1.131375e-02  5.996863e-01
    endloop
  endfacet
  facet normal  0.000000e+00  7.427371e-01 -6.695832e-01
    outer loop
      vertex   3.522500e-01  1.131375e-02  5.996863e-01
      vertex   3.550000e-01  1.242170e-02  6.009153e-01
      vertex   3.550000e-01  1.131375e-02  5.996863e-01
    endloop
  endfacet
  facet normal  0.000000e+00  6.695943e-01 -7.427270e-01
    outer loop
      vertex   3.522500e-01  1.131375e-02  5.996863e-01
      vertex   3.550000e-01  1.131375e-02  5.996863e-01
      vertex   3.550000e-01  1.008482e-02  5.985783e-01
    endloop
  endfacet
  facet normal -4.443434e-03  6.640845e-01 -7.476444e-01
    outer loop
      vertex   3.522500e-01  1.131375e-02  5.996863e-01
      vertex   3.550000e-01  1.008482e-02  5.985783e-01
      vertex   3.522500e-01  9.900533e-03  5.984310e-01
    endloop
  endfacet
  facet normal  3.773789e-03  5.895171e-01 -8.077471e-01
    outer loop
      vertex   3.522500e-01  9.900533e-03  5.984310e-01
      vertex   3.550000e-01  1.008482e-02  5.985783e-01
      vertex   3.550000e-01  8.755402e-03  5.976081e-01
    endloop
  endfacet
  facet normal -7.486222e-03  5.716265e-01 -8.204798e-01
    outer loop
      vertex   3.522500e-01  9.900533e-03  5.984310e-01
      vertex   3.550000e-01  8.755402e-03  5.976081e-01
      vertex   3.522500e-01  8.360321e-03  5.973579e-01
    endloop
  endfacet
  facet normal  6.178176e-03  5.039048e-01 -8.637372e-01
    outer loop
      vertex   3.522500e-01  8.360321e-03  5.973579e-01
      vertex   3.550000e-01  8.755402e-03  5.976081e-01
      vertex   3.550000e-01  7.348758e-03  5.967875e-01
    endloop
  endfacet
  facet normal -9.116760e-03  4.722851e-01 -8.813987e-01
    outer loop
      vertex   3.522500e-01  8.360321e-03  5.973579e-01
      vertex   3.550000e-01  7.348758e-03  5.967875e-01
      vertex   3.522500e-01  6.728366e-03  5.964835e-01
    endloop
  endfacet
  facet normal  7.166927e-03  4.141973e-01 -9.101589e-01
    outer loop
      vertex   3.522500e-01  6.728366e-03  5.964835e-01
      vertex   3.550000e-01  7.348758e-03  5.967875e-01
      vertex   3.550000e-01  5.889560e-03  5.961234e-01
    endloop
  endfacet
  facet normal -9.351052e-03  3.683985e-01 -9.296210e-01
    outer loop
      vertex   3.522500e-01  6.728366e-03  5.964835e-01
      vertex   3.550000e-01  5.889560e-03  5.961234e-01
      vertex   3.522500e-01  5.041702e-03  5.958151e-01
    endloop
  endfacet
  facet normal  6.861634e-03  3.220267e-01 -9.467057e-01
    outer loop
      vertex   3.522500e-01  5.041702e-03  5.958151e-01
      vertex   3.550000e-01  5.889560e-03  5.961234e-01
      vertex   3.550000e-01  4.402576e-03  5.956176e-01
    endloop
  endfacet
  facet normal -8.354123e-03  2.622027e-01 -9.649766e-01
    outer loop
      vertex   3.522500e-01  5.041702e-03  5.958151e-01
      vertex   3.550000e-01  4.402576e-03  5.956176e-01
      vertex   3.522500e-01  3.336607e-03  5.953518e-01
    endloop
  endfacet
  facet normal  5.412509e-03  2.288027e-01 -9.734578e-01
    outer loop
      vertex   3.522500e-01  3.336607e-03  5.953518e-01
      vertex   3.550000e-01  4.402576e-03  5.956176e-01
      vertex   3.550000e-01  2.911453e-03  5.952671e-01
    endloop
  endfacet
  facet normal -6.290559e-03  1.559492e-01 -9.877450e-01
    outer loop
      vertex   3.522500e-01  3.336607e-03  5.953518e-01
      vertex   3.550000e-01  2.911453e-03  5.952671e-01
      vertex   3.522500e-01  1.646443e-03  5.950849e-01
    endloop
  endfacet
  facet normal  2.395133e-02  9.132872e-02 -9.955328e-01
    outer loop
      vertex   3.522500e-01  1.646443e-03  5.950849e-01
      vertex   3.550000e-01  2.911453e-03  5.952671e-01
      vertex   3.550000e-01  4.382652e-08  5.950000e-01
    endloop
  endfacet
  facet normal  4.701844e-09  5.148476e-02 -9.986737e-01
    outer loop
      vertex   3.522500e-01  1.646443e-03  5.950849e-01
      vertex   3.550000e-01  4.382652e-08  5.950000e-01
      vertex   3.495000e-01  4.424177e-08  5.950000e-01
    endloop
  endfacet
  facet normal -2.395105e-02  9.132872e-02 -9.955327e-01
    outer loop
      vertex   3.495000e-01  4.424177e-08  5.950000e-01
      vertex   3.495000e-01  2.911453e-03  5.952671e-01
      vertex   3.522500e-01  1.646443e-03  5.950849e-01
    endloop
  endfacet
  facet normal  6.290515e-03  1.559492e-01 -9.877450e-01
    outer loop
      vertex   3.522500e-01  1.646443e-03  5.950849e-01
      vertex   3.495000e-01  2.911453e-03  5.952671e-01
      vertex   3.522500e-01  3.336607e-03  5.953518e-01
    endloop
  endfacet
  facet normal -5.412410e-03  2.288027e-01 -9.734578e-01
    outer loop
      vertex   3.495000e-01  2.911453e-03  5.952671e-01
      vertex   3.495000e-01  4.402576e-03  5.956176e-01
      vertex   3.522500e-01  3.336607e-03  5.953518e-01
    endloop
  endfacet
  facet normal  8.354080e-03  2.622027e-01 -9.649767e-01
    outer loop
      vertex   3.522500e-01  3.336607e-03  5.953518e-01
      vertex   3.495000e-01  4.402576e-03  5.956176e-01
      vertex   3.522500e-01  5.041702e-03  5.958151e-01
    endloop
  endfacet
  facet normal -6.861506e-03  3.220266e-01 -9.467057e-01
    outer loop
      vertex   3.495000e-01  4.402576e-03  5.956176e-01
      vertex   3.495000e-01  5.889561e-03  5.961234e-01
      vertex   3.522500e-01  5.041702e-03  5.958151e-01
    endloop
  endfacet
  facet normal  9.351007e-03  3.683984e-01 -9.296209e-01
    outer loop
      vertex   3.522500e-01  5.041702e-03  5.958151e-01
      vertex   3.495000e-01  5.889561e-03  5.961234e-01
      vertex   3.522500e-01  6.728366e-03  5.964835e-01
    endloop
  endfacet
  facet normal -7.166775e-03  4.141973e-01 -9.101589e-01
    outer loop
      vertex   3.495000e-01  5.889561e-03  5.961234e-01
      vertex   3.495000e-01  7.348759e-03  5.967875e-01
      vertex   3.522500e-01  6.728366e-03  5.964835e-01
    endloop
  endfacet
  facet normal  9.116749e-03  4.722851e-01 -8.813986e-01
    outer loop
      vertex   3.522500e-01  6.728366e-03  5.964835e-01
      vertex   3.495000e-01  7.348759e-03  5.967875e-01
      vertex   3.522500e-01  8.360321e-03  5.973579e-01
    endloop
  endfacet
  facet normal -6.178088e-03  5.039049e-01 -8.637370e-01
    outer loop
      vertex   3.495000e-01  7.348759e-03  5.967875e-01
      vertex   3.495000e-01  8.755402e-03  5.976081e-01
      vertex   3.522500e-01  8.360321e-03  5.973579e-01
    endloop
  endfacet
  facet normal  7.486152e-03  5.716265e-01 -8.204798e-01
    outer loop
      vertex   3.522500e-01  8.360321e-03  5.973579e-01
      vertex   3.495000e-01  8.755402e-03  5.976081e-01
      vertex   3.522500e-01  9.900533e-03  5.984310e-01
    endloop
  endfacet
  facet normal -3.773757e-03  5.895171e-01 -8.077470e-01
    outer loop
      vertex   3.495000e-01  8.755402e-03  5.976081e-01
      vertex   3.495000e-01  1.008482e-02  5.985783e-01
      vertex   3.522500e-01  9.900533e-03  5.984310e-01
    endloop
  endfacet
  facet normal  4.443375e-03  6.640844e-01 -7.476444e-01
    outer loop
      vertex   3.522500e-01  9.900533e-03  5.984310e-01
      vertex   3.495000e-01  1.008482e-02  5.985783e-01
      vertex   3.522500e-01  1.131375e-02  5.996863e-01
    endloop
  endfacet
  facet normal  0.000000e+00  6.695943e-01 -7.427270e-01
    outer loop
      vertex   3.495000e-01  1.008482e-02  5.985783e-01
      vertex   3.495000e-01  1.131375e-02  5.996863e-01
      vertex   3.522500e-01  1.131375e-02  5.996863e-01
    endloop
  endfacet
  facet normal  0.000000e+00  7.427371e-01 -6.695831e-01
    outer loop
      vertex   3.522500e-01  1.131375e-02  5.996863e-01
      vertex   3.495000e-01  1.131375e-02  5.996863e-01
      vertex   3.495000e-01  1.242170e-02  6.009153e-01
    endloop
  endfacet
  facet normal  4.425731e-03  7.476348e-01 -6.640954e-01
    outer loop
      vertex   3.522500e-01  1.131375e-02  5.996863e-01
      vertex   3.495000e-01  1.242170e-02  6.009153e-01
      vertex   3.522500e-01  1.256907e-02  6.010995e-01
    endloop
  endfacet
  facet normal -3.789101e-03  8.077265e-01 -5.895451e-01
    outer loop
      vertex   3.522500e-01  1.256907e-02  6.010995e-01
      vertex   3.495000e-01  1.242170e-02  6.009153e-01
      vertex   3.495000e-01  1.339197e-02  6.022446e-01
    endloop
  endfacet
  facet normal  7.499420e-03  8.204917e-01 -5.716092e-01
    outer loop
      vertex   3.522500e-01  1.256907e-02  6.010995e-01
      vertex   3.495000e-01  1.339197e-02  6.022446e-01
      vertex   3.522500e-01  1.364211e-02  6.026397e-01
    endloop
  endfacet
  facet normal -6.165055e-03  8.637469e-01 -5.038881e-01
    outer loop
      vertex   3.522500e-01  1.364211e-02  6.026397e-01
      vertex   3.495000e-01  1.339197e-02  6.022446e-01
      vertex   3.495000e-01  1.421259e-02  6.036513e-01
    endloop
  endfacet
  facet normal  9.114836e-03  8.813913e-01 -4.722989e-01
    outer loop
      vertex   3.522500e-01  1.364211e-02  6.026397e-01
      vertex   3.495000e-01  1.421259e-02  6.036513e-01
      vertex   3.522500e-01  1.451658e-02  6.042717e-01
    endloop
  endfacet
  facet normal -7.168999e-03  9.101538e-01 -4.142084e-01
    outer loop
      vertex   3.522500e-01  1.451658e-02  6.042717e-01
      vertex   3.495000e-01  1.421259e-02  6.036513e-01
      vertex   3.495000e-01  1.487666e-02  6.051105e-01
    endloop
  endfacet
  facet normal  9.358433e-03  9.296268e-01 -3.683835e-01
    outer loop
      vertex   3.522500e-01  1.451658e-02  6.042717e-01
      vertex   3.495000e-01  1.487666e-02  6.051105e-01
      vertex   3.522500e-01  1.518496e-02  6.059583e-01
    endloop
  endfacet
  facet normal -6.857910e-03  9.467146e-01 -3.220007e-01
    outer loop
      vertex   3.522500e-01  1.518496e-02  6.059583e-01
      vertex   3.495000e-01  1.487666e-02  6.051105e-01
      vertex   3.495000e-01  1.538243e-02  6.065975e-01
    endloop
  endfacet
  facet normal  8.349880e-03  9.649752e-01 -2.622083e-01
    outer loop
      vertex   3.522500e-01  1.518496e-02  6.059583e-01
      vertex   3.495000e-01  1.538243e-02  6.065975e-01
      vertex   3.522500e-01  1.564828e-02  6.076635e-01
    endloop
  endfacet
  facet normal -5.412288e-03  9.734539e-01 -2.288190e-01
    outer loop
      vertex   3.522500e-01  1.564828e-02  6.076635e-01
      vertex   3.495000e-01  1.538243e-02  6.065975e-01
      vertex   3.495000e-01  1.573293e-02  6.080886e-01
    endloop
  endfacet
  facet normal  6.295155e-03  9.877467e-01 -1.559388e-01
    outer loop
      vertex   3.522500e-01  1.564828e-02  6.076635e-01
      vertex   3.495000e-01  1.573293e-02  6.080886e-01
      vertex   3.522500e-01  1.591511e-02  6.093536e-01
    endloop
  endfacet
  facet normal -2.393656e-02  9.955322e-01 -9.133822e-02
    outer loop
      vertex   3.522500e-01  1.591511e-02  6.093536e-01
      vertex   3.495000e-01  1.573293e-02  6.080886e-01
      vertex   3.495000e-01  1.600005e-02  6.110000e-01
    endloop
  endfacet
  facet normal  9.575730e-03  2.287956e-01  9.734275e-01
    outer loop
      vertex   3.495000e-01  4.402578e-03  6.263824e-01
      vertex   3.495000e-01  2.911456e-03  6.267329e-01
      vertex   3.522500e-01  2.487738e-03  6.268054e-01
    endloop
  endfacet
  facet normal  0.000000e+00  9.989883e-01  4.497163e-02
    outer loop
      vertex   3.630000e-01  2.250005e-02  6.110000e-01
      vertex   3.570000e-01  2.250005e-02  6.110000e-01
      vertex   3.630000e-01  2.240903e-02  6.130217e-01
    endloop
  endfacet
  facet normal  0.000000e+00  9.989883e-01  4.497163e-02
    outer loop
      vertex   3.630000e-01  2.240903e-02  6.130217e-01
      vertex   3.570000e-01  2.250005e-02  6.110000e-01
      vertex   3.570000e-01  2.240903e-02  6.130217e-01
    endloop
  endfacet
  facet normal  0.000000e+00  9.924394e-01  1.227354e-01
    outer loop
      vertex   3.630000e-01  2.240903e-02  6.130217e-01
      vertex   3.570000e-01  2.240903e-02  6.130217e-01
      vertex   3.600000e-01  2.222642e-02  6.144983e-01
    endloop
  endfacet
  facet normal -6.661844e-03  9.906792e-01  1.360528e-01
    outer loop
      vertex   3.600000e-01  2.222642e-02  6.144983e-01
      vertex   3.570000e-01  2.240903e-02  6.130217e-01
      vertex   3.570000e-01  2.212442e-02  6.150942e-01
    endloop
  endfacet
  facet normal  5.481212e-03  9.806924e-01  1.954799e-01
    outer loop
      vertex   3.600000e-01  2.222642e-02  6.144983e-01
      vertex   3.570000e-01  2.212442e-02  6.150942e-01
      vertex   3.600000e-01  2.186903e-02  6.162913e-01
    endloop
  endfacet
  facet normal -8.438143e-03  9.734335e-01  2.288143e-01
    outer loop
      vertex   3.600000e-01  2.186903e-02  6.162913e-01
      vertex   3.570000e-01  2.212442e-02  6.150942e-01
      vertex   3.570000e-01  2.163152e-02  6.171911e-01
    endloop
  endfacet
  facet normal  6.483934e-03  9.613170e-01  2.753682e-01
    outer loop
      vertex   3.600000e-01  2.186903e-02  6.162913e-01
      vertex   3.570000e-01  2.163152e-02  6.171911e-01
      vertex   3.600000e-01  2.135384e-02  6.180899e-01
    endloop
  endfacet
  facet normal -8.841549e-03  9.466965e-01  3.220057e-01
    outer loop
      vertex   3.600000e-01  2.135384e-02  6.180899e-01
      vertex   3.570000e-01  2.163152e-02  6.171911e-01
      vertex   3.570000e-01  2.092028e-02  6.192821e-01
    endloop
  endfacet
  facet normal  6.016266e-03  9.348195e-01  3.550723e-01
    outer loop
      vertex   3.600000e-01  2.135384e-02  6.180899e-01
      vertex   3.570000e-01  2.092028e-02  6.192821e-01
      vertex   3.600000e-01  2.067621e-02  6.198739e-01
    endloop
  endfacet
  facet normal -7.653576e-03  9.101534e-01  4.142007e-01
    outer loop
      vertex   3.600000e-01  2.067621e-02  6.198739e-01
      vertex   3.570000e-01  2.092028e-02  6.192821e-01
      vertex   3.570000e-01  1.998644e-02  6.213341e-01
    endloop
  endfacet
  facet normal  3.889977e-03  9.010820e-01  4.336313e-01
    outer loop
      vertex   3.600000e-01  2.067621e-02  6.198739e-01
      vertex   3.570000e-01  1.998644e-02  6.213341e-01
      vertex   3.600000e-01  1.983491e-02  6.216221e-01
    endloop
  endfacet
  facet normal -4.739900e-03  8.637503e-01  5.038977e-01
    outer loop
      vertex   3.600000e-01  1.983491e-02  6.216221e-01
      vertex   3.570000e-01  1.998644e-02  6.213341e-01
      vertex   3.570000e-01  1.883245e-02  6.233122e-01
    endloop
  endfacet
  facet normal  0.000000e+00  8.600910e-01  5.101406e-01
    outer loop
      vertex   3.600000e-01  1.983491e-02  6.216221e-01
      vertex   3.570000e-01  1.883245e-02  6.233122e-01
      vertex   3.600000e-01  1.883245e-02  6.233122e-01
    endloop
  endfacet
  facet normal  0.000000e+00  8.120688e-01  5.835617e-01
    outer loop
      vertex   3.600000e-01  1.883245e-02  6.233122e-01
      vertex   3.570000e-01  1.883245e-02  6.233122e-01
      vertex   3.600000e-01  1.767524e-02  6.249226e-01
    endloop
  endfacet
  facet normal -0.000000e+00  8.120688e-01  5.835617e-01
    outer loop
      vertex   3.600000e-01  1.883245e-02  6.233122e-01
      vertex   3.600000e-01  1.767524e-02  6.249226e-01
      vertex   3.630000e-01  1.883245e-02  6.233122e-01
    endloop
  endfacet
  facet normal  4.872081e-03  8.077358e-01  5.895244e-01
    outer loop
      vertex   3.630000e-01  1.883245e-02  6.233122e-01
      vertex   3.600000e-01  1.767524e-02  6.249226e-01
      vertex   3.630000e-01  1.746799e-02  6.251817e-01
    endloop
  endfacet
  facet normal -4.088735e-03  7.573681e-01  6.529754e-01
    outer loop
      vertex   3.630000e-01  1.746799e-02  6.251817e-01
      vertex   3.600000e-01  1.767524e-02  6.249226e-01
      vertex   3.600000e-01  1.637361e-02  6.264323e-01
    endloop
  endfacet
  facet normal  8.185199e-03  7.426955e-01  6.695793e-01
    outer loop
      vertex   3.630000e-01  1.746799e-02  6.251817e-01
      vertex   3.600000e-01  1.637361e-02  6.264323e-01
      vertex   3.630000e-01  1.590995e-02  6.269099e-01
    endloop
  endfacet
  facet normal -6.567232e-03  6.965666e-01  7.174619e-01
    outer loop
      vertex   3.630000e-01  1.590995e-02  6.269099e-01
      vertex   3.600000e-01  1.637361e-02  6.264323e-01
      vertex   3.600000e-01  1.494150e-02  6.278227e-01
    endloop
  endfacet
  facet normal  9.830042e-03  6.695564e-01  7.426962e-01
    outer loop
      vertex   3.630000e-01  1.590995e-02  6.269099e-01
      vertex   3.600000e-01  1.494150e-02  6.278227e-01
      vertex   3.630000e-01  1.418175e-02  6.284679e-01
    endloop
  endfacet
  facet normal -7.335457e-03  6.303166e-01  7.763035e-01
    outer loop
      vertex   3.630000e-01  1.418175e-02  6.284679e-01
      vertex   3.600000e-01  1.494150e-02  6.278227e-01
      vertex   3.600000e-01  1.339601e-02  6.290776e-01
    endloop
  endfacet
  facet normal  9.732564e-03  5.895113e-01  8.077015e-01
    outer loop
      vertex   3.630000e-01  1.418175e-02  6.284679e-01
      vertex   3.600000e-01  1.339601e-02  6.290776e-01
      vertex   3.630000e-01  1.231227e-02  6.298324e-01
    endloop
  endfacet
  facet normal -6.425451e-03  5.594878e-01  8.288137e-01
    outer loop
      vertex   3.630000e-01  1.231227e-02  6.298324e-01
      vertex   3.600000e-01  1.339601e-02  6.290776e-01
      vertex   3.600000e-01  1.175668e-02  6.301842e-01
    endloop
  endfacet
  facet normal  7.964408e-03  5.038937e-01  8.637290e-01
    outer loop
      vertex   3.630000e-01  1.231227e-02  6.298324e-01
      vertex   3.600000e-01  1.175668e-02  6.301842e-01
      vertex   3.630000e-01  1.033418e-02  6.309864e-01
    endloop
  endfacet
  facet normal -3.919726e-03  4.849297e-01  8.745444e-01
    outer loop
      vertex   3.630000e-01  1.033418e-02  6.309864e-01
      vertex   3.600000e-01  1.175668e-02  6.301842e-01
      vertex   3.600000e-01  1.004474e-02  6.311334e-01
    endloop
  endfacet
  facet normal  4.650182e-03  4.142028e-01  9.101727e-01
    outer loop
      vertex   3.630000e-01  1.033418e-02  6.309864e-01
      vertex   3.600000e-01  1.004474e-02  6.311334e-01
      vertex   3.630000e-01  8.282178e-03  6.319202e-01
    endloop
  endfacet
  facet normal  0.000000e+00  4.076180e-01  9.131525e-01
    outer loop
      vertex   3.630000e-01  8.282178e-03  6.319202e-01
      vertex   3.600000e-01  1.004474e-02  6.311334e-01
      vertex   3.600000e-01  8.282178e-03  6.319202e-01
    endloop
  endfacet
  facet normal  0.000000e+00  3.285799e-01  9.444762e-01
    outer loop
      vertex   3.630000e-01  8.282178e-03  6.319202e-01
      vertex   3.600000e-01  8.282178e-03  6.319202e-01
      vertex   3.600000e-01  6.490937e-03  6.325434e-01
    endloop
  endfacet
  facet normal  9.990726e-08  3.285799e-01  9.444762e-01
    outer loop
      vertex   3.600000e-01  6.490937e-03  6.325434e-01
      vertex   3.600000e-01  8.282178e-03  6.319202e-01
      vertex   3.570000e-01  8.282179e-03  6.319202e-01
    endloop
  endfacet
  facet normal -4.383043e-03  3.220205e-01  9.467225e-01
    outer loop
      vertex   3.600000e-01  6.490937e-03  6.325434e-01
      vertex   3.570000e-01  8.282179e-03  6.319202e-01
      vertex   3.570000e-01  6.191107e-03  6.326315e-01
    endloop
  endfacet
  facet normal -4.872033e-03  8.077357e-01  5.895245e-01
    outer loop
      vertex   3.570000e-01  1.883245e-02  6.233122e-01
      vertex   3.570000e-01  1.746799e-02  6.251817e-01
      vertex   3.600000e-01  1.767524e-02  6.249226e-01
    endloop
  endfacet
  facet normal  4.088690e-03  7.573680e-01  6.529754e-01
    outer loop
      vertex   3.600000e-01  1.767524e-02  6.249226e-01
      vertex   3.570000e-01  1.746799e-02  6.251817e-01
      vertex   3.600000e-01  1.637361e-02  6.264323e-01
    endloop
  endfacet
  facet normal -8.185117e-03  7.426955e-01  6.695793e-01
    outer loop
      vertex   3.570000e-01  1.746799e-02  6.251817e-01
      vertex   3.570000e-01  1.590995e-02  6.269099e-01
      vertex   3.600000e-01  1.637361e-02  6.264323e-01
    endloop
  endfacet
  facet normal  6.567172e-03  6.965667e-01  7.174619e-01
    outer loop
      vertex   3.600000e-01  1.637361e-02  6.264323e-01
      vertex   3.570000e-01  1.590995e-02  6.269099e-01
      vertex   3.600000e-01  1.494150e-02  6.278227e-01
    endloop
  endfacet
  facet normal -9.829833e-03  6.695566e-01  7.426960e-01
    outer loop
      vertex   3.570000e-01  1.590995e-02  6.269099e-01
      vertex   3.570000e-01  1.418176e-02  6.284679e-01
      vertex   3.600000e-01  1.494150e-02  6.278227e-01
    endloop
  endfacet
  facet normal  7.335583e-03  6.303166e-01  7.763036e-01
    outer loop
      vertex   3.600000e-01  1.494150e-02  6.278227e-01
      vertex   3.570000e-01  1.418176e-02  6.284679e-01
      vertex   3.600000e-01  1.339601e-02  6.290776e-01
    endloop
  endfacet
  facet normal -9.732287e-03  5.895113e-01  8.077015e-01
    outer loop
      vertex   3.570000e-01  1.418176e-02  6.284679e-01
      vertex   3.570000e-01  1.231227e-02  6.298324e-01
      vertex   3.600000e-01  1.339601e-02  6.290776e-01
    endloop
  endfacet
  facet normal  6.425645e-03  5.594876e-01  8.288138e-01
    outer loop
      vertex   3.600000e-01  1.339601e-02  6.290776e-01
      vertex   3.570000e-01  1.231227e-02  6.298324e-01
      vertex   3.600000e-01  1.175668e-02  6.301842e-01
    endloop
  endfacet
  facet normal -7.964331e-03  5.038937e-01  8.637289e-01
    outer loop
      vertex   3.570000e-01  1.231227e-02  6.298324e-01
      vertex   3.570000e-01  1.033418e-02  6.309864e-01
      vertex   3.600000e-01  1.175668e-02  6.301842e-01
    endloop
  endfacet
  facet normal  3.919920e-03  4.849297e-01  8.745443e-01
    outer loop
      vertex   3.600000e-01  1.175668e-02  6.301842e-01
      vertex   3.570000e-01  1.033418e-02  6.309864e-01
      vertex   3.600000e-01  1.004474e-02  6.311334e-01
    endloop
  endfacet
  facet normal -4.650102e-03  4.142028e-01  9.101727e-01
    outer loop
      vertex   3.570000e-01  1.033418e-02  6.309864e-01
      vertex   3.570000e-01  8.282179e-03  6.319202e-01
      vertex   3.600000e-01  1.004474e-02  6.311334e-01
    endloop
  endfacet
  facet normal  1.177988e-07  4.076180e-01  9.131526e-01
    outer loop
      vertex   3.600000e-01  1.004474e-02  6.311334e-01
      vertex   3.570000e-01  8.282179e-03  6.319202e-01
      vertex   3.600000e-01  8.282178e-03  6.319202e-01
    endloop
  endfacet
  facet normal  3.583975e-03  2.487238e-01  9.685678e-01
    outer loop
      vertex   3.600000e-01  6.490937e-03  6.325434e-01
      vertex   3.570000e-01  6.191107e-03  6.326315e-01
      vertex   3.600000e-01  4.692088e-03  6.330053e-01
    endloop
  endfacet
  facet normal -6.975906e-03  2.288070e-01  9.734468e-01
    outer loop
      vertex   3.600000e-01  4.692088e-03  6.330053e-01
      vertex   3.570000e-01  6.191107e-03  6.326315e-01
      vertex   3.570000e-01  4.094216e-03  6.331244e-01
    endloop
  endfacet
  facet normal  8.110167e-03  1.559524e-01  9.877313e-01
    outer loop
      vertex   3.600000e-01  4.692088e-03  6.330053e-01
      vertex   3.570000e-01  4.094216e-03  6.331244e-01
      vertex   3.600000e-01  2.315294e-03  6.333806e-01
    endloop
  endfacet
  facet normal -3.942367e-03  1.360536e-01  9.906936e-01
    outer loop
      vertex   3.600000e-01  2.315294e-03  6.333806e-01
      vertex   3.570000e-01  4.094216e-03  6.331244e-01
      vertex   3.570000e-01  2.021772e-03  6.334090e-01
    endloop
  endfacet
  facet normal  4.406118e-03  5.149708e-02  9.986634e-01
    outer loop
      vertex   3.600000e-01  2.315294e-03  6.333806e-01
      vertex   3.570000e-01  2.021772e-03  6.334090e-01
      vertex   3.600000e-01  4.635571e-08  6.335000e-01
    endloop
  endfacet
  facet normal  3.395457e-09  4.497357e-02  9.989882e-01
    outer loop
      vertex   3.600000e-01  4.635571e-08  6.335000e-01
      vertex   3.570000e-01  2.021772e-03  6.334090e-01
      vertex   3.570000e-01  4.658220e-08  6.335000e-01
    endloop
  endfacet
  facet normal -3.395458e-09 -4.497358e-02  9.989882e-01
    outer loop
      vertex   3.600000e-01  4.635571e-08  6.335000e-01
      vertex   3.570000e-01  4.658220e-08  6.335000e-01
      vertex   3.570000e-01 -2.021678e-03  6.334090e-01
    endloop
  endfacet
  facet normal  4.406110e-03 -5.149708e-02  9.986634e-01
    outer loop
      vertex   3.600000e-01  4.635571e-08  6.335000e-01
      vertex   3.570000e-01 -2.021678e-03  6.334090e-01
      vertex   3.600000e-01 -2.315202e-03  6.333806e-01
    endloop
  endfacet
  facet normal -3.942389e-03 -1.360536e-01  9.906936e-01
    outer loop
      vertex   3.600000e-01 -2.315202e-03  6.333806e-01
      vertex   3.570000e-01 -2.021678e-03  6.334090e-01
      vertex   3.570000e-01 -4.094122e-03  6.331244e-01
    endloop
  endfacet
  facet normal  8.110164e-03 -1.559525e-01  9.877313e-01
    outer loop
      vertex   3.600000e-01 -2.315202e-03  6.333806e-01
      vertex   3.570000e-01 -4.094122e-03  6.331244e-01
      vertex   3.600000e-01 -4.691995e-03  6.330053e-01
    endloop
  endfacet
  facet normal -6.975906e-03 -2.288070e-01  9.734468e-01
    outer loop
      vertex   3.600000e-01 -4.691995e-03  6.330053e-01
      vertex   3.570000e-01 -4.094122e-03  6.331244e-01
      vertex   3.570000e-01 -6.191014e-03  6.326315e-01
    endloop
  endfacet
  facet normal  1.076889e-02 -2.622015e-01  9.649530e-01
    outer loop
      vertex   3.600000e-01 -4.691995e-03  6.330053e-01
      vertex   3.570000e-01 -6.191014e-03  6.326315e-01
      vertex   3.600000e-01 -7.089784e-03  6.323538e-01
    endloop
  endfacet
  facet normal -8.839685e-03 -3.220112e-01  9.466946e-01
    outer loop
      vertex   3.600000e-01 -7.089784e-03  6.323538e-01
      vertex   3.570000e-01 -6.191014e-03  6.326315e-01
      vertex   3.570000e-01 -8.282084e-03  6.319202e-01
    endloop
  endfacet
  facet normal  1.205701e-02 -3.683738e-01  9.295996e-01
    outer loop
      vertex   3.600000e-01 -7.089784e-03  6.323538e-01
      vertex   3.570000e-01 -8.282084e-03  6.319202e-01
      vertex   3.600000e-01 -9.461657e-03  6.314139e-01
    endloop
  endfacet
  facet normal -9.241171e-03 -4.141896e-01  9.101437e-01
    outer loop
      vertex   3.600000e-01 -9.461657e-03  6.314139e-01
      vertex   3.570000e-01 -8.282084e-03  6.319202e-01
      vertex   3.570000e-01 -1.033408e-02  6.309864e-01
    endloop
  endfacet
  facet normal  1.174874e-02 -4.722708e-01  8.813752e-01
    outer loop
      vertex   3.600000e-01 -9.461657e-03  6.314139e-01
      vertex   3.570000e-01 -1.033408e-02  6.309864e-01
      vertex   3.600000e-01 -1.175659e-02  6.301842e-01
    endloop
  endfacet
  facet normal -7.964645e-03 -5.038937e-01  8.637289e-01
    outer loop
      vertex   3.600000e-01 -1.175659e-02  6.301842e-01
      vertex   3.570000e-01 -1.033408e-02  6.309864e-01
      vertex   3.570000e-01 -1.231217e-02  6.298324e-01
    endloop
  endfacet
  facet normal  9.647500e-03 -5.716049e-01  8.204723e-01
    outer loop
      vertex   3.600000e-01 -1.175659e-02  6.301842e-01
      vertex   3.570000e-01 -1.231217e-02  6.298324e-01
      vertex   3.600000e-01 -1.392251e-02  6.286752e-01
    endloop
  endfacet
  facet normal -4.876447e-03 -5.895150e-01  8.077427e-01
    outer loop
      vertex   3.600000e-01 -1.392251e-02  6.286752e-01
      vertex   3.570000e-01 -1.231217e-02  6.298324e-01
      vertex   3.570000e-01 -1.418166e-02  6.284680e-01
    endloop
  endfacet
  facet normal  5.719272e-03 -6.640971e-01  7.476243e-01
    outer loop
      vertex   3.600000e-01 -1.392251e-02  6.286752e-01
      vertex   3.570000e-01 -1.418166e-02  6.284680e-01
      vertex   3.600000e-01 -1.590986e-02  6.269099e-01
    endloop
  endfacet
  facet normal  0.000000e+00 -6.696030e-01  7.427192e-01
    outer loop
      vertex   3.600000e-01 -1.590986e-02  6.269099e-01
      vertex   3.570000e-01 -1.418166e-02  6.284680e-01
      vertex   3.570000e-01 -1.590986e-02  6.269099e-01
    endloop
  endfacet
  facet normal  0.000000e+00 -7.427204e-01  6.696017e-01
    outer loop
      vertex   3.600000e-01 -1.590986e-02  6.269099e-01
      vertex   3.570000e-01 -1.590986e-02  6.269099e-01
      vertex   3.570000e-01 -1.746790e-02  6.251817e-01
    endloop
  endfacet
  facet normal  5.722042e-03 -7.476279e-01  6.640931e-01
    outer loop
      vertex   3.600000e-01 -1.590986e-02  6.269099e-01
      vertex   3.570000e-01 -1.746790e-02  6.251817e-01
      vertex   3.600000e-01 -1.767514e-02  6.249226e-01
    endloop
  endfacet
  facet normal -4.871946e-03 -8.077351e-01  5.895256e-01
    outer loop
      vertex   3.600000e-01 -1.767514e-02  6.249226e-01
      vertex   3.570000e-01 -1.746790e-02  6.251817e-01
      vertex   3.570000e-01 -1.883236e-02  6.233122e-01
    endloop
  endfacet
  facet normal  9.657771e-03 -8.204696e-01  5.716085e-01
    outer loop
      vertex   3.600000e-01 -1.767514e-02  6.249226e-01
      vertex   3.570000e-01 -1.883236e-02  6.233122e-01
      vertex   3.600000e-01 -1.918410e-02  6.227567e-01
    endloop
  endfacet
  facet normal -7.956223e-03 -8.637326e-01  5.038875e-01
    outer loop
      vertex   3.600000e-01 -1.918410e-02  6.227567e-01
      vertex   3.570000e-01 -1.883236e-02  6.233122e-01
      vertex   3.570000e-01 -1.998635e-02  6.213341e-01
    endloop
  endfacet
  facet normal  1.175178e-02 -8.813736e-01  4.722736e-01
    outer loop
      vertex   3.600000e-01 -1.918410e-02  6.227567e-01
      vertex   3.570000e-01 -1.998635e-02  6.213341e-01
      vertex   3.600000e-01 -2.041383e-02  6.204617e-01
    endloop
  endfacet
  facet normal -9.237369e-03 -9.101412e-01  4.141951e-01
    outer loop
      vertex   3.600000e-01 -2.041383e-02  6.204617e-01
      vertex   3.570000e-01 -1.998635e-02  6.213341e-01
      vertex   3.570000e-01 -2.092019e-02  6.192821e-01
    endloop
  endfacet
  facet normal  1.206029e-02 -9.295967e-01  3.683810e-01
    outer loop
      vertex   3.600000e-01 -2.041383e-02  6.204617e-01
      vertex   3.570000e-01 -2.092019e-02  6.192821e-01
      vertex   3.600000e-01 -2.135375e-02  6.180899e-01
    endloop
  endfacet
  facet normal -8.841638e-03 -9.466965e-01  3.220057e-01
    outer loop
      vertex   3.600000e-01 -2.135375e-02  6.180899e-01
      vertex   3.570000e-01 -2.092019e-02  6.192821e-01
      vertex   3.570000e-01 -2.163143e-02  6.171911e-01
    endloop
  endfacet
  facet normal  1.076582e-02 -9.649535e-01  2.621996e-01
    outer loop
      vertex   3.600000e-01 -2.135375e-02  6.180899e-01
      vertex   3.570000e-01 -2.163143e-02  6.171911e-01
      vertex   3.600000e-01 -2.200529e-02  6.156920e-01
    endloop
  endfacet
  facet normal -6.973234e-03 -9.734445e-01  2.288169e-01
    outer loop
      vertex   3.600000e-01 -2.200529e-02  6.156920e-01
      vertex   3.570000e-01 -2.163143e-02  6.171911e-01
      vertex   3.570000e-01 -2.212433e-02  6.150942e-01
    endloop
  endfacet
  facet normal  8.117417e-03 -9.877338e-01  1.559357e-01
    outer loop
      vertex   3.600000e-01 -2.200529e-02  6.156920e-01
      vertex   3.570000e-01 -2.212433e-02  6.150942e-01
      vertex   3.600000e-01 -2.238052e-02  6.133152e-01
    endloop
  endfacet
  facet normal -3.924532e-03 -9.906935e-01  1.360547e-01
    outer loop
      vertex   3.600000e-01 -2.238052e-02  6.133152e-01
      vertex   3.570000e-01 -2.212433e-02  6.150942e-01
      vertex   3.570000e-01 -2.240894e-02  6.130217e-01
    endloop
  endfacet
  facet normal  3.922847e-03 -9.983900e-01  5.658676e-02
    outer loop
      vertex   3.600000e-01 -2.238052e-02  6.133152e-01
      vertex   3.570000e-01 -2.240894e-02  6.130217e-01
      vertex   3.630000e-01 -2.249996e-02  6.110000e-01
    endloop
  endfacet
  facet normal  0.000000e+00 -9.989883e-01  4.497163e-02
    outer loop
      vertex   3.630000e-01 -2.249996e-02  6.110000e-01
      vertex   3.570000e-01 -2.240894e-02  6.130217e-01
      vertex   3.570000e-01 -2.249996e-02  6.110000e-01
    endloop
  endfacet
  facet normal -5.064726e-03 -9.989755e-01  4.497105e-02
    outer loop
      vertex   3.630000e-01 -2.249996e-02  6.110000e-01
      vertex   3.630000e-01 -2.240894e-02  6.130217e-01
      vertex   3.600000e-01 -2.238052e-02  6.133152e-01
    endloop
  endfacet
  facet normal  3.924493e-03 -9.906936e-01  1.360548e-01
    outer loop
      vertex   3.600000e-01 -2.238052e-02  6.133152e-01
      vertex   3.630000e-01 -2.240894e-02  6.130217e-01
      vertex   3.630000e-01 -2.212433e-02  6.150942e-01
    endloop
  endfacet
  facet normal -8.117336e-03 -9.877338e-01  1.559357e-01
    outer loop
      vertex   3.600000e-01 -2.238052e-02  6.133152e-01
      vertex   3.630000e-01 -2.212433e-02  6.150942e-01
      vertex   3.600000e-01 -2.200529e-02  6.156920e-01
    endloop
  endfacet
  facet normal  6.973164e-03 -9.734445e-01  2.288169e-01
    outer loop
      vertex   3.600000e-01 -2.200529e-02  6.156920e-01
      vertex   3.630000e-01 -2.212433e-02  6.150942e-01
      vertex   3.630000e-01 -2.163143e-02  6.171911e-01
    endloop
  endfacet
  facet normal -1.076572e-02 -9.649536e-01  2.621996e-01
    outer loop
      vertex   3.600000e-01 -2.200529e-02  6.156920e-01
      vertex   3.630000e-01 -2.163143e-02  6.171911e-01
      vertex   3.600000e-01 -2.135375e-02  6.180899e-01
    endloop
  endfacet
  facet normal  8.841549e-03 -9.466965e-01  3.220057e-01
    outer loop
      vertex   3.600000e-01 -2.135375e-02  6.180899e-01
      vertex   3.630000e-01 -2.163143e-02  6.171911e-01
      vertex   3.630000e-01 -2.092019e-02  6.192821e-01
    endloop
  endfacet
  facet normal -1.206018e-02 -9.295967e-01  3.683810e-01
    outer loop
      vertex   3.600000e-01 -2.135375e-02  6.180899e-01
      vertex   3.630000e-01 -2.092019e-02  6.192821e-01
      vertex   3.600000e-01 -2.041383e-02  6.204617e-01
    endloop
  endfacet
  facet normal  9.237277e-03 -9.101413e-01  4.141951e-01
    outer loop
      vertex   3.600000e-01 -2.041383e-02  6.204617e-01
      vertex   3.630000e-01 -2.092019e-02  6.192821e-01
      vertex   3.630000e-01 -1.998635e-02  6.213341e-01
    endloop
  endfacet
  facet normal -1.175166e-02 -8.813737e-01  4.722736e-01
    outer loop
      vertex   3.600000e-01 -2.041383e-02  6.204617e-01
      vertex   3.630000e-01 -1.998635e-02  6.213341e-01
      vertex   3.600000e-01 -1.918410e-02  6.227567e-01
    endloop
  endfacet
  facet normal  7.956143e-03 -8.637327e-01  5.038874e-01
    outer loop
      vertex   3.600000e-01 -1.918410e-02  6.227567e-01
      vertex   3.630000e-01 -1.998635e-02  6.213341e-01
      vertex   3.630000e-01 -1.883236e-02  6.233122e-01
    endloop
  endfacet
  facet normal -9.657674e-03 -8.204696e-01  5.716085e-01
    outer loop
      vertex   3.600000e-01 -1.918410e-02  6.227567e-01
      vertex   3.630000e-01 -1.883236e-02  6.233122e-01
      vertex   3.600000e-01 -1.767514e-02  6.249226e-01
    endloop
  endfacet
  facet normal  4.871897e-03 -8.077350e-01  5.895255e-01
    outer loop
      vertex   3.600000e-01 -1.767514e-02  6.249226e-01
      vertex   3.630000e-01 -1.883236e-02  6.233122e-01
      vertex   3.630000e-01 -1.746790e-02  6.251817e-01
    endloop
  endfacet
  facet normal -5.721964e-03 -7.476280e-01  6.640931e-01
    outer loop
      vertex   3.600000e-01 -1.767514e-02  6.249226e-01
      vertex   3.630000e-01 -1.746790e-02  6.251817e-01
      vertex   3.600000e-01 -1.590986e-02  6.269099e-01
    endloop
  endfacet
  facet normal  0.000000e+00 -7.427204e-01  6.696017e-01
    outer loop
      vertex   3.600000e-01 -1.590986e-02  6.269099e-01
      vertex   3.630000e-01 -1.746790e-02  6.251817e-01
      vertex   3.630000e-01 -1.590986e-02  6.269099e-01
    endloop
  endfacet
  facet normal  0.000000e+00 -6.696032e-01  7.427190e-01
    outer loop
      vertex   3.600000e-01 -1.590986e-02  6.269099e-01
      vertex   3.630000e-01 -1.590986e-02  6.269099e-01
      vertex   3.630000e-01 -1.418166e-02  6.284680e-01
    endloop
  endfacet
  facet normal -5.719404e-03 -6.640972e-01  7.476243e-01
    outer loop
      vertex   3.600000e-01 -1.590986e-02  6.269099e-01
      vertex   3.630000e-01 -1.418166e-02  6.284680e-01
      vertex   3.600000e-01 -1.392251e-02  6.286752e-01
    endloop
  endfacet
  facet normal  4.876215e-03 -5.895150e-01  8.077427e-01
    outer loop
      vertex   3.600000e-01 -1.392251e-02  6.286752e-01
      vertex   3.630000e-01 -1.418166e-02  6.284680e-01
      vertex   3.630000e-01 -1.231217e-02  6.298324e-01
    endloop
  endfacet
  facet normal -9.647584e-03 -5.716048e-01  8.204722e-01
    outer loop
      vertex   3.600000e-01 -1.392251e-02  6.286752e-01
      vertex   3.630000e-01 -1.231217e-02  6.298324e-01
      vertex   3.600000e-01 -1.175659e-02  6.301842e-01
    endloop
  endfacet
  facet normal  7.964409e-03 -5.038937e-01  8.637290e-01
    outer loop
      vertex   3.600000e-01 -1.175659e-02  6.301842e-01
      vertex   3.630000e-01 -1.231217e-02  6.298324e-01
      vertex   3.630000e-01 -1.033408e-02  6.309864e-01
    endloop
  endfacet
  facet normal -1.174876e-02 -4.722708e-01  8.813752e-01
    outer loop
      vertex   3.600000e-01 -1.175659e-02  6.301842e-01
      vertex   3.630000e-01 -1.033408e-02  6.309864e-01
      vertex   3.600000e-01 -9.461657e-03  6.314139e-01
    endloop
  endfacet
  facet normal  9.240950e-03 -4.141896e-01  9.101437e-01
    outer loop
      vertex   3.600000e-01 -9.461657e-03  6.314139e-01
      vertex   3.630000e-01 -1.033408e-02  6.309864e-01
      vertex   3.630000e-01 -8.282085e-03  6.319202e-01
    endloop
  endfacet
  facet normal -1.205701e-02 -3.683738e-01  9.295996e-01
    outer loop
      vertex   3.600000e-01 -9.461657e-03  6.314139e-01
      vertex   3.630000e-01 -8.282085e-03  6.319202e-01
      vertex   3.600000e-01 -7.089784e-03  6.323538e-01
    endloop
  endfacet
  facet normal  8.839528e-03 -3.220112e-01  9.466946e-01
    outer loop
      vertex   3.600000e-01 -7.089784e-03  6.323538e-01
      vertex   3.630000e-01 -8.282085e-03  6.319202e-01
      vertex   3.630000e-01 -6.191014e-03  6.326315e-01
    endloop
  endfacet
  facet normal -1.076883e-02 -2.622015e-01  9.649531e-01
    outer loop
      vertex   3.600000e-01 -7.089784e-03  6.323538e-01
      vertex   3.630000e-01 -6.191014e-03  6.326315e-01
      vertex   3.600000e-01 -4.691995e-03  6.330053e-01
    endloop
  endfacet
  facet normal  6.975802e-03 -2.288070e-01  9.734468e-01
    outer loop
      vertex   3.600000e-01 -4.691995e-03  6.330053e-01
      vertex   3.630000e-01 -6.191014e-03  6.326315e-01
      vertex   3.630000e-01 -4.094123e-03  6.331244e-01
    endloop
  endfacet
  facet normal -8.110102e-03 -1.559524e-01  9.877313e-01
    outer loop
      vertex   3.600000e-01 -4.691995e-03  6.330053e-01
      vertex   3.630000e-01 -4.094123e-03  6.331244e-01
      vertex   3.600000e-01 -2.315202e-03  6.333806e-01
    endloop
  endfacet
  facet normal  3.942328e-03 -1.360536e-01  9.906936e-01
    outer loop
      vertex   3.600000e-01 -2.315202e-03  6.333806e-01
      vertex   3.630000e-01 -4.094123e-03  6.331244e-01
      vertex   3.630000e-01 -2.021679e-03  6.334090e-01
    endloop
  endfacet
  facet normal -4.406075e-03 -5.149709e-02  9.986634e-01
    outer loop
      vertex   3.600000e-01 -2.315202e-03  6.333806e-01
      vertex   3.630000e-01 -2.021679e-03  6.334090e-01
      vertex   3.600000e-01  4.635571e-08  6.335000e-01
    endloop
  endfacet
  facet normal -3.395370e-09 -4.497357e-02  9.989881e-01
    outer loop
      vertex   3.600000e-01  4.635571e-08  6.335000e-01
      vertex   3.630000e-01 -2.021679e-03  6.334090e-01
      vertex   3.630000e-01  4.612921e-08  6.335000e-01
    endloop
  endfacet
  facet normal  3.395370e-09  4.497357e-02  9.989882e-01
    outer loop
      vertex   3.600000e-01  4.635571e-08  6.335000e-01
      vertex   3.630000e-01  4.612921e-08  6.335000e-01
      vertex   3.630000e-01  2.021771e-03  6.334090e-01
    endloop
  endfacet
  facet normal -4.406067e-03  5.149709e-02  9.986634e-01
    outer loop
      vertex   3.600000e-01  4.635571e-08  6.335000e-01
      vertex   3.630000e-01  2.021771e-03  6.334090e-01
      vertex   3.600000e-01  2.315294e-03  6.333806e-01
    endloop
  endfacet
  facet normal  3.942349e-03  1.360536e-01  9.906936e-01
    outer loop
      vertex   3.600000e-01  2.315294e-03  6.333806e-01
      vertex   3.630000e-01  2.021771e-03  6.334090e-01
      vertex   3.630000e-01  4.094215e-03  6.331244e-01
    endloop
  endfacet
  facet normal -8.110058e-03  1.559524e-01  9.877313e-01
    outer loop
      vertex   3.600000e-01  2.315294e-03  6.333806e-01
      vertex   3.630000e-01  4.094215e-03  6.331244e-01
      vertex   3.600000e-01  4.692088e-03  6.330053e-01
    endloop
  endfacet
  facet normal  6.975874e-03  2.288070e-01  9.734468e-01
    outer loop
      vertex   3.600000e-01  4.692088e-03  6.330053e-01
      vertex   3.630000e-01  4.094215e-03  6.331244e-01
      vertex   3.630000e-01  6.191107e-03  6.326315e-01
    endloop
  endfacet
  facet normal -3.583901e-03  2.487238e-01  9.685678e-01
    outer loop
      vertex   3.600000e-01  4.692088e-03  6.330053e-01
      vertex   3.630000e-01  6.191107e-03  6.326315e-01
      vertex   3.600000e-01  6.490937e-03  6.325434e-01
    endloop
  endfacet
  facet normal  4.383056e-03  3.220205e-01  9.467225e-01
    outer loop
      vertex   3.600000e-01  6.490937e-03  6.325434e-01
      vertex   3.630000e-01  6.191107e-03  6.326315e-01
      vertex   3.630000e-01  8.282178e-03  6.319202e-01
    endloop
  endfacet
  facet normal -0.000000e+00  8.600910e-01  5.101406e-01
    outer loop
      vertex   3.600000e-01  1.883245e-02  6.233122e-01
      vertex   3.630000e-01  1.883245e-02  6.233122e-01
      vertex   3.600000e-01  1.983491e-02  6.216221e-01
    endloop
  endfacet
  facet normal  4.739947e-03  8.637503e-01  5.038977e-01
    outer loop
      vertex   3.600000e-01  1.983491e-02  6.216221e-01
      vertex   3.630000e-01  1.883245e-02  6.233122e-01
      vertex   3.630000e-01  1.998644e-02  6.213341e-01
    endloop
  endfacet
  facet normal -3.890016e-03  9.010819e-01  4.336313e-01
    outer loop
      vertex   3.600000e-01  1.983491e-02  6.216221e-01
      vertex   3.630000e-01  1.998644e-02  6.213341e-01
      vertex   3.600000e-01  2.067621e-02  6.198739e-01
    endloop
  endfacet
  facet normal  7.653653e-03  9.101534e-01  4.142007e-01
    outer loop
      vertex   3.600000e-01  2.067621e-02  6.198739e-01
      vertex   3.630000e-01  1.998644e-02  6.213341e-01
      vertex   3.630000e-01  2.092028e-02  6.192821e-01
    endloop
  endfacet
  facet normal -6.016326e-03  9.348195e-01  3.550723e-01
    outer loop
      vertex   3.600000e-01  2.067621e-02  6.198739e-01
      vertex   3.630000e-01  2.092028e-02  6.192821e-01
      vertex   3.600000e-01  2.135384e-02  6.180899e-01
    endloop
  endfacet
  facet normal  8.841638e-03  9.466965e-01  3.220057e-01
    outer loop
      vertex   3.600000e-01  2.135384e-02  6.180899e-01
      vertex   3.630000e-01  2.092028e-02  6.192821e-01
      vertex   3.630000e-01  2.163152e-02  6.171911e-01
    endloop
  endfacet
  facet normal -6.483999e-03  9.613170e-01  2.753681e-01
    outer loop
      vertex   3.600000e-01  2.135384e-02  6.180899e-01
      vertex   3.630000e-01  2.163152e-02  6.171911e-01
      vertex   3.600000e-01  2.186903e-02  6.162913e-01
    endloop
  endfacet
  facet normal  8.438228e-03  9.734335e-01  2.288143e-01
    outer loop
      vertex   3.600000e-01  2.186903e-02  6.162913e-01
      vertex   3.630000e-01  2.163152e-02  6.171911e-01
      vertex   3.630000e-01  2.212442e-02  6.150942e-01
    endloop
  endfacet
  facet normal -5.481268e-03  9.806924e-01  1.954799e-01
    outer loop
      vertex   3.600000e-01  2.186903e-02  6.162913e-01
      vertex   3.630000e-01  2.212442e-02  6.150942e-01
      vertex   3.600000e-01  2.222642e-02  6.144983e-01
    endloop
  endfacet
  facet normal  6.661911e-03  9.906792e-01  1.360528e-01
    outer loop
      vertex   3.600000e-01  2.222642e-02  6.144983e-01
      vertex   3.630000e-01  2.212442e-02  6.150942e-01
      vertex   3.630000e-01  2.240903e-02  6.130217e-01
    endloop
  endfacet
  facet normal  3.394594e-09  4.496255e-02  9.989886e-01
    outer loop
      vertex   3.630000e-01  4.594047e-08  6.310000e-01
      vertex   3.678000e-01  4.557808e-08  6.310000e-01
      vertex   3.630000e-01  1.797135e-03  6.309191e-01
    endloop
  endfacet
  facet normal  3.271462e-09  4.496255e-02  9.989886e-01
    outer loop
      vertex   3.630000e-01  1.797135e-03  6.309191e-01
      vertex   3.678000e-01  4.557808e-08  6.310000e-01
      vertex   3.678000e-01  1.797135e-03  6.309191e-01
    endloop
  endfacet
  facet normal  8.929258e-09  1.227226e-01  9.924410e-01
    outer loop
      vertex   3.630000e-01  1.797135e-03  6.309191e-01
      vertex   3.678000e-01  1.797135e-03  6.309191e-01
      vertex   3.654000e-01  3.109661e-03  6.307568e-01
    endloop
  endfacet
  facet normal  7.400767e-03  1.360370e-01  9.906762e-01
    outer loop
      vertex   3.654000e-01  3.109661e-03  6.307568e-01
      vertex   3.678000e-01  1.797135e-03  6.309191e-01
      vertex   3.678000e-01  3.639307e-03  6.306661e-01
    endloop
  endfacet
  facet normal -1.372731e-02  2.288139e-01  9.733734e-01
    outer loop
      vertex   3.654000e-01  3.109661e-03  6.307568e-01
      vertex   3.678000e-01  3.639307e-03  6.306661e-01
      vertex   3.678000e-01  5.503211e-03  6.302280e-01
    endloop
  endfacet
  facet normal -2.134134e-02  2.360367e-01  9.715097e-01
    outer loop
      vertex   3.654000e-01  3.109661e-03  6.307568e-01
      vertex   3.678000e-01  5.503211e-03  6.302280e-01
      vertex   3.654000e-01  6.302117e-03  6.299812e-01
    endloop
  endfacet
  facet normal  9.828326e-03  3.220051e-01  9.466869e-01
    outer loop
      vertex   3.654000e-01  6.302117e-03  6.299812e-01
      vertex   3.678000e-01  5.503211e-03  6.302280e-01
      vertex   3.678000e-01  7.361941e-03  6.295958e-01
    endloop
  endfacet
  facet normal -6.682641e-03  3.550769e-01  9.348131e-01
    outer loop
      vertex   3.654000e-01  6.302117e-03  6.299812e-01
      vertex   3.678000e-01  7.361941e-03  6.295958e-01
      vertex   3.654000e-01  7.887966e-03  6.293788e-01
    endloop
  endfacet
  facet normal  8.502184e-03  4.141868e-01  9.101522e-01
    outer loop
      vertex   3.654000e-01  7.887966e-03  6.293788e-01
      vertex   3.678000e-01  7.361941e-03  6.295958e-01
      vertex   3.678000e-01  9.185938e-03  6.287657e-01
    endloop
  endfacet
  facet normal -4.332822e-03  4.336336e-01  9.010788e-01
    outer loop
      vertex   3.654000e-01  7.887966e-03  6.293788e-01
      vertex   3.678000e-01  9.185938e-03  6.287657e-01
      vertex   3.654000e-01  9.441874e-03  6.286310e-01
    endloop
  endfacet
  facet normal  5.256818e-03  5.039076e-01  8.637416e-01
    outer loop
      vertex   3.654000e-01  9.441874e-03  6.286310e-01
      vertex   3.678000e-01  9.185938e-03  6.287657e-01
      vertex   3.678000e-01  1.094424e-02  6.277399e-01
    endloop
  endfacet
  facet normal  0.000000e+00  5.101402e-01  8.600912e-01
    outer loop
      vertex   3.654000e-01  9.441874e-03  6.286310e-01
      vertex   3.678000e-01  1.094424e-02  6.277399e-01
      vertex   3.654000e-01  1.094424e-02  6.277399e-01
    endloop
  endfacet
  facet normal -0.000000e+00  5.835495e-01  8.120776e-01
    outer loop
      vertex   3.654000e-01  1.094424e-02  6.277399e-01
      vertex   3.678000e-01  1.094424e-02  6.277399e-01
      vertex   3.654000e-01  1.237566e-02  6.267113e-01
    endloop
  endfacet
  facet normal  0.000000e+00  5.835494e-01  8.120775e-01
    outer loop
      vertex   3.654000e-01  1.094424e-02  6.277399e-01
      vertex   3.654000e-01  1.237566e-02  6.267113e-01
      vertex   3.630000e-01  1.094424e-02  6.277399e-01
    endloop
  endfacet
  facet normal -5.423758e-03  5.895221e-01  8.077341e-01
    outer loop
      vertex   3.630000e-01  1.094424e-02  6.277399e-01
      vertex   3.654000e-01  1.237566e-02  6.267113e-01
      vertex   3.630000e-01  1.260601e-02  6.265271e-01
    endloop
  endfacet
  facet normal  4.533588e-03  6.529779e-01  7.573635e-01
    outer loop
      vertex   3.630000e-01  1.260601e-02  6.265271e-01
      vertex   3.654000e-01  1.237566e-02  6.267113e-01
      vertex   3.654000e-01  1.371767e-02  6.255543e-01
    endloop
  endfacet
  facet normal -9.095531e-03  6.695668e-01  7.426962e-01
    outer loop
      vertex   3.630000e-01  1.260601e-02  6.265271e-01
      vertex   3.654000e-01  1.371767e-02  6.255543e-01
      vertex   3.630000e-01  1.414218e-02  6.251422e-01
    endloop
  endfacet
  facet normal  7.299209e-03  7.174639e-01  6.965575e-01
    outer loop
      vertex   3.630000e-01  1.414218e-02  6.251422e-01
      vertex   3.654000e-01  1.371767e-02  6.255543e-01
      vertex   3.654000e-01  1.495355e-02  6.242813e-01
    endloop
  endfacet
  facet normal -1.091267e-02  7.426829e-01  6.695543e-01
    outer loop
      vertex   3.630000e-01  1.414218e-02  6.251422e-01
      vertex   3.654000e-01  1.495355e-02  6.242813e-01
      vertex   3.630000e-01  1.552711e-02  6.236060e-01
    endloop
  endfacet
  facet normal  8.161088e-03  7.762952e-01  6.303167e-01
    outer loop
      vertex   3.630000e-01  1.552711e-02  6.236060e-01
      vertex   3.654000e-01  1.495355e-02  6.242813e-01
      vertex   3.654000e-01  1.606899e-02  6.229075e-01
    endloop
  endfacet
  facet normal -1.080871e-02  8.076983e-01  5.894969e-01
    outer loop
      vertex   3.630000e-01  1.552711e-02  6.236060e-01
      vertex   3.654000e-01  1.606899e-02  6.229075e-01
      vertex   3.630000e-01  1.673996e-02  6.219442e-01
    endloop
  endfacet
  facet normal  7.143123e-03  8.288134e-01  5.594795e-01
    outer loop
      vertex   3.630000e-01  1.673996e-02  6.219442e-01
      vertex   3.654000e-01  1.606899e-02  6.229075e-01
      vertex   3.654000e-01  1.705262e-02  6.214504e-01
    endloop
  endfacet
  facet normal -8.842538e-03  8.637216e-01  5.038916e-01
    outer loop
      vertex   3.630000e-01  1.673996e-02  6.219442e-01
      vertex   3.654000e-01  1.705262e-02  6.214504e-01
      vertex   3.630000e-01  1.776573e-02  6.201859e-01
    endloop
  endfacet
  facet normal  4.369843e-03  8.745478e-01  4.849196e-01
    outer loop
      vertex   3.630000e-01  1.776573e-02  6.201859e-01
      vertex   3.654000e-01  1.705262e-02  6.214504e-01
      vertex   3.654000e-01  1.789641e-02  6.199286e-01
    endloop
  endfacet
  facet normal -5.151553e-03  9.101695e-01  4.142041e-01
    outer loop
      vertex   3.630000e-01  1.776573e-02  6.201859e-01
      vertex   3.654000e-01  1.789641e-02  6.199286e-01
      vertex   3.630000e-01  1.859581e-02  6.183619e-01
    endloop
  endfacet
  facet normal -0.000000e+00  9.131427e-01  4.076400e-01
    outer loop
      vertex   3.630000e-01  1.859581e-02  6.183619e-01
      vertex   3.654000e-01  1.789641e-02  6.199286e-01
      vertex   3.654000e-01  1.859581e-02  6.183619e-01
    endloop
  endfacet
  facet normal -0.000000e+00  9.467337e-01  3.220176e-01
    outer loop
      vertex   3.630000e-01  1.859581e-02  6.183619e-01
      vertex   3.654000e-01  1.859581e-02  6.183619e-01
      vertex   3.630000e-01  1.922802e-02  6.165032e-01
    endloop
  endfacet
  facet normal  2.807475e-02  9.568541e-01  2.892096e-01
    outer loop
      vertex   3.630000e-01  1.922802e-02  6.165032e-01
      vertex   3.654000e-01  1.859581e-02  6.183619e-01
      vertex   3.654000e-01  1.956034e-02  6.151707e-01
    endloop
  endfacet
  facet normal -7.751161e-03  9.734385e-01  2.288175e-01
    outer loop
      vertex   3.630000e-01  1.922802e-02  6.165032e-01
      vertex   3.654000e-01  1.956034e-02  6.151707e-01
      vertex   3.630000e-01  1.966615e-02  6.146393e-01
    endloop
  endfacet
  facet normal  9.018217e-03  9.877268e-01  1.559311e-01
    outer loop
      vertex   3.630000e-01  1.966615e-02  6.146393e-01
      vertex   3.654000e-01  1.956034e-02  6.151707e-01
      vertex   3.654000e-01  1.989388e-02  6.130580e-01
    endloop
  endfacet
  facet normal -4.361142e-03  9.906921e-01  1.360521e-01
    outer loop
      vertex   3.630000e-01  1.966615e-02  6.146393e-01
      vertex   3.654000e-01  1.989388e-02  6.130580e-01
      vertex   3.630000e-01  1.991914e-02  6.127971e-01
    endloop
  endfacet
  facet normal  4.911972e-03  9.986600e-01  5.151822e-02
    outer loop
      vertex   3.630000e-01  1.991914e-02  6.127971e-01
      vertex   3.654000e-01  1.989388e-02  6.130580e-01
      vertex   3.654000e-01  2.000005e-02  6.110000e-01
    endloop
  endfacet
  facet normal  0.000000e+00  9.989882e-01  4.497311e-02
    outer loop
      vertex   3.630000e-01  1.991914e-02  6.127971e-01
      vertex   3.654000e-01  2.000005e-02  6.110000e-01
      vertex   3.630000e-01  2.000005e-02  6.110000e-01
    endloop
  endfacet
  facet normal  0.000000e+00  9.989882e-01 -4.497311e-02
    outer loop
      vertex   3.630000e-01  2.000005e-02  6.110000e-01
      vertex   3.654000e-01  2.000005e-02  6.110000e-01
      vertex   3.630000e-01  1.991914e-02  6.092029e-01
    endloop
  endfacet
  facet normal  4.910855e-03  9.986601e-01 -5.151673e-02
    outer loop
      vertex   3.630000e-01  1.991914e-02  6.092029e-01
      vertex   3.654000e-01  2.000005e-02  6.110000e-01
      vertex   3.654000e-01  1.989388e-02  6.089420e-01
    endloop
  endfacet
  facet normal -4.364518e-03  9.906921e-01 -1.360521e-01
    outer loop
      vertex   3.630000e-01  1.991914e-02  6.092029e-01
      vertex   3.654000e-01  1.989388e-02  6.089420e-01
      vertex   3.630000e-01  1.966615e-02  6.073607e-01
    endloop
  endfacet
  facet normal  9.017237e-03  9.877261e-01 -1.559354e-01
    outer loop
      vertex   3.630000e-01  1.966615e-02  6.073607e-01
      vertex   3.654000e-01  1.989388e-02  6.089420e-01
      vertex   3.654000e-01  1.956034e-02  6.068293e-01
    endloop
  endfacet
  facet normal -7.751164e-03  9.734385e-01 -2.288175e-01
    outer loop
      vertex   3.630000e-01  1.966615e-02  6.073607e-01
      vertex   3.654000e-01  1.956034e-02  6.068293e-01
      vertex   3.630000e-01  1.922802e-02  6.054968e-01
    endloop
  endfacet
  facet normal  1.196182e-02  9.649383e-01 -2.622038e-01
    outer loop
      vertex   3.630000e-01  1.922802e-02  6.054968e-01
      vertex   3.654000e-01  1.956034e-02  6.068293e-01
      vertex   3.654000e-01  1.898119e-02  6.046979e-01
    endloop
  endfacet
  facet normal -9.820211e-03  9.466881e-01 -3.220021e-01
    outer loop
      vertex   3.630000e-01  1.922802e-02  6.054968e-01
      vertex   3.654000e-01  1.898119e-02  6.046979e-01
      vertex   3.630000e-01  1.859581e-02  6.036381e-01
    endloop
  endfacet
  facet normal  1.340299e-02  9.295823e-01 -3.683708e-01
    outer loop
      vertex   3.630000e-01  1.859581e-02  6.036381e-01
      vertex   3.654000e-01  1.898119e-02  6.046979e-01
      vertex   3.654000e-01  1.814571e-02  6.025896e-01
    endloop
  endfacet
  facet normal -1.026104e-02  9.101337e-01 -4.141878e-01
    outer loop
      vertex   3.630000e-01  1.859581e-02  6.036381e-01
      vertex   3.654000e-01  1.814571e-02  6.025896e-01
      vertex   3.630000e-01  1.776573e-02  6.018141e-01
    endloop
  endfacet
  facet normal  1.306125e-02  8.813600e-01 -4.722647e-01
    outer loop
      vertex   3.630000e-01  1.776573e-02  6.018141e-01
      vertex   3.654000e-01  1.814571e-02  6.025896e-01
      vertex   3.654000e-01  1.705262e-02  6.005496e-01
    endloop
  endfacet
  facet normal -8.842538e-03  8.637216e-01 -5.038916e-01
    outer loop
      vertex   3.630000e-01  1.776573e-02  6.018141e-01
      vertex   3.654000e-01  1.705262e-02  6.005496e-01
      vertex   3.630000e-01  1.673996e-02  6.000558e-01
    endloop
  endfacet
  facet normal  1.072726e-02  8.204570e-01 -5.716076e-01
    outer loop
      vertex   3.630000e-01  1.673996e-02  6.000558e-01
      vertex   3.654000e-01  1.705262e-02  6.005496e-01
      vertex   3.654000e-01  1.571132e-02  5.986244e-01
    endloop
  endfacet
  facet normal -5.411493e-03  8.077332e-01 -5.895233e-01
    outer loop
      vertex   3.630000e-01  1.673996e-02  6.000558e-01
      vertex   3.654000e-01  1.571132e-02  5.986244e-01
      vertex   3.630000e-01  1.552711e-02  5.983940e-01
    endloop
  endfacet
  facet normal  6.358558e-03  7.476323e-01 -6.640824e-01
    outer loop
      vertex   3.630000e-01  1.552711e-02  5.983940e-01
      vertex   3.654000e-01  1.571132e-02  5.986244e-01
      vertex   3.654000e-01  1.414218e-02  5.968578e-01
    endloop
  endfacet
  facet normal  0.000000e+00  7.427272e-01 -6.695942e-01
    outer loop
      vertex   3.630000e-01  1.552711e-02  5.983940e-01
      vertex   3.654000e-01  1.414218e-02  5.968578e-01
      vertex   3.630000e-01  1.414218e-02  5.968578e-01
    endloop
  endfacet
  facet normal  0.000000e+00  6.695945e-01 -7.427270e-01
    outer loop
      vertex   3.630000e-01  1.414218e-02  5.968578e-01
      vertex   3.654000e-01  1.414218e-02  5.968578e-01
      vertex   3.630000e-01  1.260601e-02  5.954729e-01
    endloop
  endfacet
  facet normal  6.347988e-03  6.640918e-01 -7.476240e-01
    outer loop
      vertex   3.630000e-01  1.260601e-02  5.954729e-01
      vertex   3.654000e-01  1.414218e-02  5.968578e-01
      vertex   3.654000e-01  1.237565e-02  5.952887e-01
    endloop
  endfacet
  facet normal -5.423758e-03  5.895221e-01 -8.077341e-01
    outer loop
      vertex   3.630000e-01  1.260601e-02  5.954729e-01
      vertex   3.654000e-01  1.237565e-02  5.952887e-01
      vertex   3.630000e-01  1.094424e-02  5.942601e-01
    endloop
  endfacet
  facet normal  1.072348e-02  5.715968e-01 -8.204646e-01
    outer loop
      vertex   3.630000e-01  1.094424e-02  5.942601e-01
      vertex   3.654000e-01  1.237565e-02  5.952887e-01
      vertex   3.654000e-01  1.045039e-02  5.939474e-01
    endloop
  endfacet
  facet normal -8.843307e-03  5.038949e-01 -8.637198e-01
    outer loop
      vertex   3.630000e-01  1.094424e-02  5.942601e-01
      vertex   3.654000e-01  1.045039e-02  5.939474e-01
      vertex   3.630000e-01  9.185936e-03  5.932343e-01
    endloop
  endfacet
  facet normal  1.305947e-02  4.722696e-01 -8.813574e-01
    outer loop
      vertex   3.630000e-01  9.185936e-03  5.932343e-01
      vertex   3.654000e-01  1.045039e-02  5.939474e-01
      vertex   3.654000e-01  8.410446e-03  5.928543e-01
    endloop
  endfacet
  facet normal -1.026731e-02  4.141798e-01 -9.101372e-01
    outer loop
      vertex   3.630000e-01  9.185936e-03  5.932343e-01
      vertex   3.654000e-01  8.410446e-03  5.928543e-01
      vertex   3.630000e-01  7.361938e-03  5.924042e-01
    endloop
  endfacet
  facet normal  1.339282e-02  3.683700e-01 -9.295828e-01
    outer loop
      vertex   3.630000e-01  7.361938e-03  5.924042e-01
      vertex   3.654000e-01  8.410446e-03  5.928543e-01
      vertex   3.654000e-01  6.302115e-03  5.920188e-01
    endloop
  endfacet
  facet normal -9.828443e-03  3.220051e-01 -9.466869e-01
    outer loop
      vertex   3.630000e-01  7.361938e-03  5.924042e-01
      vertex   3.654000e-01  6.302115e-03  5.920188e-01
      vertex   3.630000e-01  5.503208e-03  5.917720e-01
    endloop
  endfacet
  facet normal  1.196142e-02  2.621868e-01 -9.649431e-01
    outer loop
      vertex   3.630000e-01  5.503208e-03  5.917720e-01
      vertex   3.654000e-01  6.302115e-03  5.920188e-01
      vertex   3.654000e-01  4.170747e-03  5.914397e-01
    endloop
  endfacet
  facet normal -7.734785e-03  2.288287e-01 -9.734360e-01
    outer loop
      vertex   3.630000e-01  5.503208e-03  5.917720e-01
      vertex   3.654000e-01  4.170747e-03  5.914397e-01
      vertex   3.630000e-01  3.639305e-03  5.913339e-01
    endloop
  endfacet
  facet normal  9.035856e-03  1.559391e-01 -9.877253e-01
    outer loop
      vertex   3.630000e-01  3.639305e-03  5.913339e-01
      vertex   3.654000e-01  4.170747e-03  5.914397e-01
      vertex   3.654000e-01  2.058041e-03  5.911062e-01
    endloop
  endfacet
  facet normal -4.357025e-03  1.360394e-01 -9.906938e-01
    outer loop
      vertex   3.630000e-01  3.639305e-03  5.913339e-01
      vertex   3.654000e-01  2.058041e-03  5.911062e-01
      vertex   3.630000e-01  1.797132e-03  5.910809e-01
    endloop
  endfacet
  facet normal  5.631479e-03  4.496184e-02 -9.989728e-01
    outer loop
      vertex   3.630000e-01  1.797132e-03  5.910809e-01
      vertex   3.654000e-01  2.058041e-03  5.911062e-01
      vertex   3.630000e-01  4.292055e-08  5.910000e-01
    endloop
  endfacet
  facet normal -4.361628e-03  5.658537e-02 -9.983883e-01
    outer loop
      vertex   3.630000e-01  4.292055e-08  5.910000e-01
      vertex   3.654000e-01  2.058041e-03  5.911062e-01
      vertex   3.678000e-01  1.797131e-03  5.910809e-01
    endloop
  endfacet
  facet normal  3.394560e-09  4.496255e-02 -9.989886e-01
    outer loop
      vertex   3.630000e-01  4.292055e-08  5.910000e-01
      vertex   3.678000e-01  1.797131e-03  5.910809e-01
      vertex   3.678000e-01  4.255816e-08  5.910000e-01
    endloop
  endfacet
  facet normal  5.423691e-03  5.895221e-01  8.077341e-01
    outer loop
      vertex   3.678000e-01  1.094424e-02  6.277399e-01
      vertex   3.678000e-01  1.260601e-02  6.265271e-01
      vertex   3.654000e-01  1.237566e-02  6.267113e-01
    endloop
  endfacet
  facet normal -4.533528e-03  6.529778e-01  7.573634e-01
    outer loop
      vertex   3.654000e-01  1.237566e-02  6.267113e-01
      vertex   3.678000e-01  1.260601e-02  6.265271e-01
      vertex   3.654000e-01  1.371767e-02  6.255543e-01
    endloop
  endfacet
  facet normal  9.095418e-03  6.695668e-01  7.426962e-01
    outer loop
      vertex   3.678000e-01  1.260601e-02  6.265271e-01
      vertex   3.678000e-01  1.414218e-02  6.251422e-01
      vertex   3.654000e-01  1.371767e-02  6.255543e-01
    endloop
  endfacet
  facet normal -7.299119e-03  7.174639e-01  6.965575e-01
    outer loop
      vertex   3.654000e-01  1.371767e-02  6.255543e-01
      vertex   3.678000e-01  1.414218e-02  6.251422e-01
      vertex   3.654000e-01  1.495355e-02  6.242813e-01
    endloop
  endfacet
  facet normal  1.091253e-02  7.426829e-01  6.695543e-01
    outer loop
      vertex   3.678000e-01  1.414218e-02  6.251422e-01
      vertex   3.678000e-01  1.552711e-02  6.236060e-01
      vertex   3.654000e-01  1.495355e-02  6.242813e-01
    endloop
  endfacet
  facet normal -8.160979e-03  7.762952e-01  6.303167e-01
    outer loop
      vertex   3.654000e-01  1.495355e-02  6.242813e-01
      vertex   3.678000e-01  1.552711e-02  6.236060e-01
      vertex   3.654000e-01  1.606899e-02  6.229075e-01
    endloop
  endfacet
  facet normal  1.080858e-02  8.076984e-01  5.894969e-01
    outer loop
      vertex   3.678000e-01  1.552711e-02  6.236060e-01
      vertex   3.678000e-01  1.673996e-02  6.219442e-01
      vertex   3.654000e-01  1.606899e-02  6.229075e-01
    endloop
  endfacet
  facet normal -7.143028e-03  8.288134e-01  5.594795e-01
    outer loop
      vertex   3.654000e-01  1.606899e-02  6.229075e-01
      vertex   3.678000e-01  1.673996e-02  6.219442e-01
      vertex   3.654000e-01  1.705262e-02  6.214504e-01
    endloop
  endfacet
  facet normal  8.842428e-03  8.637217e-01  5.038916e-01
    outer loop
      vertex   3.678000e-01  1.673996e-02  6.219442e-01
      vertex   3.678000e-01  1.776573e-02  6.201859e-01
      vertex   3.654000e-01  1.705262e-02  6.214504e-01
    endloop
  endfacet
  facet normal -4.369802e-03  8.745478e-01  4.849196e-01
    outer loop
      vertex   3.654000e-01  1.705262e-02  6.214504e-01
      vertex   3.678000e-01  1.776573e-02  6.201859e-01
      vertex   3.654000e-01  1.789641e-02  6.199286e-01
    endloop
  endfacet
  facet normal  5.151489e-03  9.101694e-01  4.142042e-01
    outer loop
      vertex   3.678000e-01  1.776573e-02  6.201859e-01
      vertex   3.678000e-01  1.859581e-02  6.183619e-01
      vertex   3.654000e-01  1.789641e-02  6.199286e-01
    endloop
  endfacet
  facet normal  0.000000e+00  9.131427e-01  4.076400e-01
    outer loop
      vertex   3.654000e-01  1.789641e-02  6.199286e-01
      vertex   3.678000e-01  1.859581e-02  6.183619e-01
      vertex   3.654000e-01  1.859581e-02  6.183619e-01
    endloop
  endfacet
  facet normal  0.000000e+00  9.467337e-01  3.220176e-01
    outer loop
      vertex   3.678000e-01  1.859581e-02  6.183619e-01
      vertex   3.678000e-01  1.922802e-02  6.165032e-01
      vertex   3.654000e-01  1.859581e-02  6.183619e-01
    endloop
  endfacet
  facet normal -2.807441e-02  9.568540e-01  2.892096e-01
    outer loop
      vertex   3.654000e-01  1.859581e-02  6.183619e-01
      vertex   3.678000e-01  1.922802e-02  6.165032e-01
      vertex   3.654000e-01  1.956034e-02  6.151707e-01
    endloop
  endfacet
  facet normal  7.751065e-03  9.734386e-01  2.288175e-01
    outer loop
      vertex   3.678000e-01  1.922802e-02  6.165032e-01
      vertex   3.678000e-01  1.966615e-02  6.146393e-01
      vertex   3.654000e-01  1.956034e-02  6.151707e-01
    endloop
  endfacet
  facet normal -9.018105e-03  9.877267e-01  1.559311e-01
    outer loop
      vertex   3.654000e-01  1.956034e-02  6.151707e-01
      vertex   3.678000e-01  1.966615e-02  6.146393e-01
      vertex   3.654000e-01  1.989388e-02  6.130580e-01
    endloop
  endfacet
  facet normal  4.361088e-03  9.906921e-01  1.360521e-01
    outer loop
      vertex   3.678000e-01  1.966615e-02  6.146393e-01
      vertex   3.678000e-01  1.991914e-02  6.127971e-01
      vertex   3.654000e-01  1.989388e-02  6.130580e-01
    endloop
  endfacet
  facet normal -4.911911e-03  9.986600e-01  5.151821e-02
    outer loop
      vertex   3.654000e-01  1.989388e-02  6.130580e-01
      vertex   3.678000e-01  1.991914e-02  6.127971e-01
      vertex   3.654000e-01  2.000005e-02  6.110000e-01
    endloop
  endfacet
  facet normal  0.000000e+00  9.989882e-01  4.497311e-02
    outer loop
      vertex   3.678000e-01  1.991914e-02  6.127971e-01
      vertex   3.678000e-01  2.000005e-02  6.110000e-01
      vertex   3.654000e-01  2.000005e-02  6.110000e-01
    endloop
  endfacet
  facet normal  0.000000e+00  9.989882e-01 -4.497311e-02
    outer loop
      vertex   3.654000e-01  2.000005e-02  6.110000e-01
      vertex   3.678000e-01  2.000005e-02  6.110000e-01
      vertex   3.678000e-01  1.991914e-02  6.092029e-01
    endloop
  endfacet
  facet normal -4.910792e-03  9.986601e-01 -5.151673e-02
    outer loop
      vertex   3.654000e-01  2.000005e-02  6.110000e-01
      vertex   3.678000e-01  1.991914e-02  6.092029e-01
      vertex   3.654000e-01  1.989388e-02  6.089420e-01
    endloop
  endfacet
  facet normal  4.364464e-03  9.906921e-01 -1.360521e-01
    outer loop
      vertex   3.654000e-01  1.989388e-02  6.089420e-01
      vertex   3.678000e-01  1.991914e-02  6.092029e-01
      vertex   3.678000e-01  1.966615e-02  6.073607e-01
    endloop
  endfacet
  facet normal -9.017130e-03  9.877261e-01 -1.559354e-01
    outer loop
      vertex   3.654000e-01  1.989388e-02  6.089420e-01
      vertex   3.678000e-01  1.966615e-02  6.073607e-01
      vertex   3.654000e-01  1.956034e-02  6.068293e-01
    endloop
  endfacet
  facet normal  7.751071e-03  9.734386e-01 -2.288175e-01
    outer loop
      vertex   3.654000e-01  1.956034e-02  6.068293e-01
      vertex   3.678000e-01  1.966615e-02  6.073607e-01
      vertex   3.678000e-01  1.922802e-02  6.054968e-01
    endloop
  endfacet
  facet normal -1.196168e-02  9.649385e-01 -2.622038e-01
    outer loop
      vertex   3.654000e-01  1.956034e-02  6.068293e-01
      vertex   3.678000e-01  1.922802e-02  6.054968e-01
      vertex   3.654000e-01  1.898119e-02  6.046979e-01
    endloop
  endfacet
  facet normal  9.820090e-03  9.466881e-01 -3.220021e-01
    outer loop
      vertex   3.654000e-01  1.898119e-02  6.046979e-01
      vertex   3.678000e-01  1.922802e-02  6.054968e-01
      vertex   3.678000e-01  1.859581e-02  6.036381e-01
    endloop
  endfacet
  facet normal -1.340283e-02  9.295823e-01 -3.683709e-01
    outer loop
      vertex   3.654000e-01  1.898119e-02  6.046979e-01
      vertex   3.678000e-01  1.859581e-02  6.036381e-01
      vertex   3.654000e-01  1.814571e-02  6.025896e-01
    endloop
  endfacet
  facet normal  1.026092e-02  9.101337e-01 -4.141878e-01
    outer loop
      vertex   3.654000e-01  1.814571e-02  6.025896e-01
      vertex   3.678000e-01  1.859581e-02  6.036381e-01
      vertex   3.678000e-01  1.776573e-02  6.018141e-01
    endloop
  endfacet
  facet normal -1.306110e-02  8.813600e-01 -4.722647e-01
    outer loop
      vertex   3.654000e-01  1.814571e-02  6.025896e-01
      vertex   3.678000e-01  1.776573e-02  6.018141e-01
      vertex   3.654000e-01  1.705262e-02  6.005496e-01
    endloop
  endfacet
  facet normal  8.842428e-03  8.637217e-01 -5.038916e-01
    outer loop
      vertex   3.654000e-01  1.705262e-02  6.005496e-01
      vertex   3.678000e-01  1.776573e-02  6.018141e-01
      vertex   3.678000e-01  1.673996e-02  6.000558e-01
    endloop
  endfacet
  facet normal -1.072712e-02  8.204570e-01 -5.716076e-01
    outer loop
      vertex   3.654000e-01  1.705262e-02  6.005496e-01
      vertex   3.678000e-01  1.673996e-02  6.000558e-01
      vertex   3.654000e-01  1.571132e-02  5.986244e-01
    endloop
  endfacet
  facet normal  5.411414e-03  8.077332e-01 -5.895233e-01
    outer loop
      vertex   3.654000e-01  1.571132e-02  5.986244e-01
      vertex   3.678000e-01  1.673996e-02  6.000558e-01
      vertex   3.678000e-01  1.552711e-02  5.983940e-01
    endloop
  endfacet
  facet normal -6.358480e-03  7.476323e-01 -6.640824e-01
    outer loop
      vertex   3.654000e-01  1.571132e-02  5.986244e-01
      vertex   3.678000e-01  1.552711e-02  5.983940e-01
      vertex   3.654000e-01  1.414218e-02  5.968578e-01
    endloop
  endfacet
  facet normal  0.000000e+00  7.427272e-01 -6.695942e-01
    outer loop
      vertex   3.654000e-01  1.414218e-02  5.968578e-01
      vertex   3.678000e-01  1.552711e-02  5.983940e-01
      vertex   3.678000e-01  1.414218e-02  5.968578e-01
    endloop
  endfacet
  facet normal  0.000000e+00  6.695945e-01 -7.427269e-01
    outer loop
      vertex   3.654000e-01  1.414218e-02  5.968578e-01
      vertex   3.678000e-01  1.414218e-02  5.968578e-01
      vertex   3.678000e-01  1.260601e-02  5.954729e-01
    endloop
  endfacet
  facet normal -6.347919e-03  6.640918e-01 -7.476240e-01
    outer loop
      vertex   3.654000e-01  1.414218e-02  5.968578e-01
      vertex   3.678000e-01  1.260601e-02  5.954729e-01
      vertex   3.654000e-01  1.237565e-02  5.952887e-01
    endloop
  endfacet
  facet normal  5.423691e-03  5.895221e-01 -8.077341e-01
    outer loop
      vertex   3.654000e-01  1.237565e-02  5.952887e-01
      vertex   3.678000e-01  1.260601e-02  5.954729e-01
      vertex   3.678000e-01  1.094424e-02  5.942601e-01
    endloop
  endfacet
  facet normal -1.072332e-02  5.715967e-01 -8.204646e-01
    outer loop
      vertex   3.654000e-01  1.237565e-02  5.952887e-01
      vertex   3.678000e-01  1.094424e-02  5.942601e-01
      vertex   3.654000e-01  1.045039e-02  5.939474e-01
    endloop
  endfacet
  facet normal  8.843203e-03  5.038949e-01 -8.637197e-01
    outer loop
      vertex   3.654000e-01  1.045039e-02  5.939474e-01
      vertex   3.678000e-01  1.094424e-02  5.942601e-01
      vertex   3.678000e-01  9.185936e-03  5.932343e-01
    endloop
  endfacet
  facet normal -1.305930e-02  4.722696e-01 -8.813574e-01
    outer loop
      vertex   3.654000e-01  1.045039e-02  5.939474e-01
      vertex   3.678000e-01  9.185936e-03  5.932343e-01
      vertex   3.654000e-01  8.410446e-03  5.928543e-01
    endloop
  endfacet
  facet normal  1.026717e-02  4.141797e-01 -9.101372e-01
    outer loop
      vertex   3.654000e-01  8.410446e-03  5.928543e-01
      vertex   3.678000e-01  9.185936e-03  5.932343e-01
      vertex   3.678000e-01  7.361938e-03  5.924042e-01
    endloop
  endfacet
  facet normal -1.339267e-02  3.683700e-01 -9.295828e-01
    outer loop
      vertex   3.654000e-01  8.410446e-03  5.928543e-01
      vertex   3.678000e-01  7.361938e-03  5.924042e-01
      vertex   3.654000e-01  6.302115e-03  5.920188e-01
    endloop
  endfacet
  facet normal  9.828326e-03  3.220051e-01 -9.466869e-01
    outer loop
      vertex   3.654000e-01  6.302115e-03  5.920188e-01
      vertex   3.678000e-01  7.361938e-03  5.924042e-01
      vertex   3.678000e-01  5.503208e-03  5.917720e-01
    endloop
  endfacet
  facet normal -1.196128e-02  2.621868e-01 -9.649431e-01
    outer loop
      vertex   3.654000e-01  6.302115e-03  5.920188e-01
      vertex   3.678000e-01  5.503208e-03  5.917720e-01
      vertex   3.654000e-01  4.170747e-03  5.914397e-01
    endloop
  endfacet
  facet normal  7.734725e-03  2.288287e-01 -9.734359e-01
    outer loop
      vertex   3.654000e-01  4.170747e-03  5.914397e-01
      vertex   3.678000e-01  5.503208e-03  5.917720e-01
      vertex   3.678000e-01  3.639304e-03  5.913339e-01
    endloop
  endfacet
  facet normal -9.035713e-03  1.559391e-01 -9.877253e-01
    outer loop
      vertex   3.654000e-01  4.170747e-03  5.914397e-01
      vertex   3.678000e-01  3.639304e-03  5.913339e-01
      vertex   3.654000e-01  2.058041e-03  5.911062e-01
    endloop
  endfacet
  facet normal  4.356990e-03  1.360394e-01 -9.906939e-01
    outer loop
      vertex   3.654000e-01  2.058041e-03  5.911062e-01
      vertex   3.678000e-01  3.639304e-03  5.913339e-01
      vertex   3.678000e-01  1.797131e-03  5.910809e-01
    endloop
  endfacet
  facet normal  0.000000e+00  5.101402e-01  8.600912e-01
    outer loop
      vertex   3.654000e-01  1.094424e-02  6.277399e-01
      vertex   3.630000e-01  1.094424e-02  6.277399e-01
      vertex   3.654000e-01  9.441874e-03  6.286310e-01
    endloop
  endfacet
  facet normal -5.256882e-03  5.039076e-01  8.637416e-01
    outer loop
      vertex   3.654000e-01  9.441874e-03  6.286310e-01
      vertex   3.630000e-01  1.094424e-02  6.277399e-01
      vertex   3.630000e-01  9.185938e-03  6.287657e-01
    endloop
  endfacet
  facet normal  4.332873e-03  4.336336e-01  9.010789e-01
    outer loop
      vertex   3.654000e-01  9.441874e-03  6.286310e-01
      vertex   3.630000e-01  9.185938e-03  6.287657e-01
      vertex   3.654000e-01  7.887966e-03  6.293788e-01
    endloop
  endfacet
  facet normal -8.502291e-03  4.141868e-01  9.101522e-01
    outer loop
      vertex   3.654000e-01  7.887966e-03  6.293788e-01
      vertex   3.630000e-01  9.185938e-03  6.287657e-01
      vertex   3.630000e-01  7.361941e-03  6.295958e-01
    endloop
  endfacet
  facet normal  6.682725e-03  3.550770e-01  9.348133e-01
    outer loop
      vertex   3.654000e-01  7.887966e-03  6.293788e-01
      vertex   3.630000e-01  7.361941e-03  6.295958e-01
      vertex   3.654000e-01  6.302117e-03  6.299812e-01
    endloop
  endfacet
  facet normal -9.828449e-03  3.220051e-01  9.466869e-01
    outer loop
      vertex   3.654000e-01  6.302117e-03  6.299812e-01
      vertex   3.630000e-01  7.361941e-03  6.295958e-01
      vertex   3.630000e-01  5.503211e-03  6.302280e-01
    endloop
  endfacet
  facet normal  2.134160e-02  2.360368e-01  9.715098e-01
    outer loop
      vertex   3.654000e-01  6.302117e-03  6.299812e-01
      vertex   3.630000e-01  5.503211e-03  6.302280e-01
      vertex   3.654000e-01  3.109661e-03  6.307568e-01
    endloop
  endfacet
  facet normal  1.372754e-02  2.288140e-01  9.733734e-01
    outer loop
      vertex   3.654000e-01  3.109661e-03  6.307568e-01
      vertex   3.630000e-01  5.503211e-03  6.302280e-01
      vertex   3.630000e-01  3.639307e-03  6.306661e-01
    endloop
  endfacet
  facet normal -7.400834e-03  1.360369e-01  9.906762e-01
    outer loop
      vertex   3.654000e-01  3.109661e-03  6.307568e-01
      vertex   3.630000e-01  3.639307e-03  6.306661e-01
      vertex   3.630000e-01  1.797135e-03  6.309191e-01
    endloop
  endfacet
  facet normal  7.066962e-01  3.181177e-02  7.068015e-01
    outer loop
      vertex   3.678000e-01  4.557808e-08  6.310000e-01
      vertex   3.680000e-01  4.554788e-08  6.308000e-01
      vertex   3.678000e-01  1.797135e-03  6.309191e-01
    endloop
  endfacet
  facet normal  7.067567e-01  3.182253e-02  7.067407e-01
    outer loop
      vertex   3.678000e-01  1.797135e-03  6.309191e-01
      vertex   3.680000e-01  4.554788e-08  6.308000e-01
      vertex   3.680000e-01  1.779163e-03  6.307199e-01
    endloop
  endfacet
  facet normal  7.069207e-01  8.682815e-02  7.019430e-01
    outer loop
      vertex   3.678000e-01  1.797135e-03  6.309191e-01
      vertex   3.680000e-01  1.779163e-03  6.307199e-01
      vertex   3.679000e-01  3.094113e-03  6.306580e-01
    endloop
  endfacet
  facet normal  7.616267e-01  8.816560e-02  6.419904e-01
    outer loop
      vertex   3.679000e-01  3.094113e-03  6.306580e-01
      vertex   3.680000e-01  1.779163e-03  6.307199e-01
      vertex   3.680000e-01  3.602914e-03  6.304694e-01
    endloop
  endfacet
  facet normal  5.571429e-01  1.900167e-01  8.083845e-01
    outer loop
      vertex   3.679000e-01  3.094113e-03  6.306580e-01
      vertex   3.680000e-01  3.602914e-03  6.304694e-01
      vertex   3.680000e-01  5.448179e-03  6.300357e-01
    endloop
  endfacet
  facet normal  4.395879e-01  2.120419e-01  8.728119e-01
    outer loop
      vertex   3.679000e-01  3.094113e-03  6.306580e-01
      vertex   3.680000e-01  5.448179e-03  6.300357e-01
      vertex   3.679000e-01  6.270607e-03  6.298863e-01
    endloop
  endfacet
  facet normal  7.768000e-01  2.027929e-01  5.962020e-01
    outer loop
      vertex   3.679000e-01  6.270607e-03  6.298863e-01
      vertex   3.680000e-01  5.448179e-03  6.300357e-01
      vertex   3.680000e-01  7.288321e-03  6.294098e-01
    endloop
  endfacet
  facet normal  6.434523e-01  2.718014e-01  7.156068e-01
    outer loop
      vertex   3.679000e-01  6.270607e-03  6.298863e-01
      vertex   3.680000e-01  7.288321e-03  6.294098e-01
      vertex   3.679000e-01  7.848527e-03  6.292869e-01
    endloop
  endfacet
  facet normal  7.687726e-01  2.648954e-01  5.820817e-01
    outer loop
      vertex   3.679000e-01  7.848527e-03  6.292869e-01
      vertex   3.680000e-01  7.288321e-03  6.294098e-01
      vertex   3.680000e-01  9.094079e-03  6.285880e-01
    endloop
  endfacet
  facet normal  6.674254e-01  3.229351e-01  6.710114e-01
    outer loop
      vertex   3.679000e-01  7.848527e-03  6.292869e-01
      vertex   3.680000e-01  9.094079e-03  6.285880e-01
      vertex   3.679000e-01  9.394666e-03  6.285428e-01
    endloop
  endfacet
  facet normal  7.471758e-01  3.349017e-01  5.740812e-01
    outer loop
      vertex   3.679000e-01  9.394666e-03  6.285428e-01
      vertex   3.680000e-01  9.094079e-03  6.285880e-01
      vertex   3.680000e-01  1.083480e-02  6.275725e-01
    endloop
  endfacet
  facet normal  7.066657e-01  3.609442e-01  6.085580e-01
    outer loop
      vertex   3.679000e-01  9.394666e-03  6.285428e-01
      vertex   3.680000e-01  1.083480e-02  6.275725e-01
      vertex   3.679000e-01  1.088952e-02  6.276562e-01
    endloop
  endfacet
  facet normal  7.066621e-01  4.128957e-01  5.745832e-01
    outer loop
      vertex   3.679000e-01  1.088952e-02  6.276562e-01
      vertex   3.680000e-01  1.083480e-02  6.275725e-01
      vertex   3.679000e-01  1.231378e-02  6.266328e-01
    endloop
  endfacet
  facet normal  7.067674e-01  4.128342e-01  5.744977e-01
    outer loop
      vertex   3.679000e-01  1.088952e-02  6.276562e-01
      vertex   3.679000e-01  1.231378e-02  6.266328e-01
      vertex   3.678000e-01  1.094424e-02  6.277399e-01
    endloop
  endfacet
  facet normal  6.560605e-01  4.449237e-01  6.096126e-01
    outer loop
      vertex   3.678000e-01  1.094424e-02  6.277399e-01
      vertex   3.679000e-01  1.231378e-02  6.266328e-01
      vertex   3.678000e-01  1.260601e-02  6.265271e-01
    endloop
  endfacet
  facet normal  7.423424e-01  4.375045e-01  5.074620e-01
    outer loop
      vertex   3.678000e-01  1.260601e-02  6.265271e-01
      vertex   3.679000e-01  1.231378e-02  6.266328e-01
      vertex   3.679000e-01  1.364908e-02  6.254815e-01
    endloop
  endfacet
  facet normal  6.157026e-01  5.276261e-01  5.852529e-01
    outer loop
      vertex   3.678000e-01  1.260601e-02  6.265271e-01
      vertex   3.679000e-01  1.364908e-02  6.254815e-01
      vertex   3.678000e-01  1.414218e-02  6.251422e-01
    endloop
  endfacet
  facet normal  7.612710e-01  4.652378e-01  4.516860e-01
    outer loop
      vertex   3.678000e-01  1.414218e-02  6.251422e-01
      vertex   3.679000e-01  1.364908e-02  6.254815e-01
      vertex   3.679000e-01  1.487878e-02  6.242149e-01
    endloop
  endfacet
  facet normal  5.937399e-01  5.976406e-01  5.387936e-01
    outer loop
      vertex   3.678000e-01  1.414218e-02  6.251422e-01
      vertex   3.679000e-01  1.487878e-02  6.242149e-01
      vertex   3.678000e-01  1.552711e-02  6.236060e-01
    endloop
  endfacet
  facet normal  7.668217e-01  4.982916e-01  4.045862e-01
    outer loop
      vertex   3.678000e-01  1.552711e-02  6.236060e-01
      vertex   3.679000e-01  1.487878e-02  6.242149e-01
      vertex   3.679000e-01  1.598864e-02  6.228480e-01
    endloop
  endfacet
  facet normal  5.950825e-01  6.491566e-01  4.737855e-01
    outer loop
      vertex   3.678000e-01  1.552711e-02  6.236060e-01
      vertex   3.679000e-01  1.598864e-02  6.228480e-01
      vertex   3.678000e-01  1.673996e-02  6.219442e-01
    endloop
  endfacet
  facet normal  7.602735e-01  5.384153e-01  3.634462e-01
    outer loop
      vertex   3.678000e-01  1.673996e-02  6.219442e-01
      vertex   3.679000e-01  1.598864e-02  6.228480e-01
      vertex   3.679000e-01  1.696736e-02  6.213981e-01
    endloop
  endfacet
  facet normal  6.186948e-01  6.785933e-01  3.958885e-01
    outer loop
      vertex   3.678000e-01  1.673996e-02  6.219442e-01
      vertex   3.679000e-01  1.696736e-02  6.213981e-01
      vertex   3.678000e-01  1.776573e-02  6.201859e-01
    endloop
  endfacet
  facet normal  7.410867e-01  5.871835e-01  3.255855e-01
    outer loop
      vertex   3.678000e-01  1.776573e-02  6.201859e-01
      vertex   3.679000e-01  1.696736e-02  6.213981e-01
      vertex   3.679000e-01  1.780693e-02  6.198840e-01
    endloop
  endfacet
  facet normal  6.587589e-01  6.847788e-01  3.116323e-01
    outer loop
      vertex   3.678000e-01  1.776573e-02  6.201859e-01
      vertex   3.679000e-01  1.780693e-02  6.198840e-01
      vertex   3.678000e-01  1.859581e-02  6.183619e-01
    endloop
  endfacet
  facet normal  7.066702e-01  6.460850e-01  2.884290e-01
    outer loop
      vertex   3.678000e-01  1.859581e-02  6.183619e-01
      vertex   3.679000e-01  1.780693e-02  6.198840e-01
      vertex   3.679000e-01  1.850283e-02  6.183251e-01
    endloop
  endfacet
  facet normal  7.065796e-01  6.699405e-01  2.278705e-01
    outer loop
      vertex   3.678000e-01  1.859581e-02  6.183619e-01
      vertex   3.679000e-01  1.850283e-02  6.183251e-01
      vertex   3.678000e-01  1.922802e-02  6.165032e-01
    endloop
  endfacet
  facet normal  8.579825e-01  4.917102e-01  1.486174e-01
    outer loop
      vertex   3.678000e-01  1.922802e-02  6.165032e-01
      vertex   3.679000e-01  1.850283e-02  6.183251e-01
      vertex   3.679000e-01  1.946254e-02  6.151499e-01
    endloop
  endfacet
  facet normal  6.311249e-01  7.551007e-01  1.774947e-01
    outer loop
      vertex   3.678000e-01  1.922802e-02  6.165032e-01
      vertex   3.679000e-01  1.946254e-02  6.151499e-01
      vertex   3.678000e-01  1.966615e-02  6.146393e-01
    endloop
  endfacet
  facet normal  7.720646e-01  6.277689e-01  9.910739e-02
    outer loop
      vertex   3.678000e-01  1.966615e-02  6.146393e-01
      vertex   3.679000e-01  1.946254e-02  6.151499e-01
      vertex   3.679000e-01  1.979441e-02  6.130477e-01
    endloop
  endfacet
  facet normal  6.667271e-01  7.383718e-01  1.014009e-01
    outer loop
      vertex   3.678000e-01  1.966615e-02  6.146393e-01
      vertex   3.679000e-01  1.979441e-02  6.130477e-01
      vertex   3.678000e-01  1.991914e-02  6.127971e-01
    endloop
  endfacet
  facet normal  7.448580e-01  6.663369e-01  3.437391e-02
    outer loop
      vertex   3.678000e-01  1.991914e-02  6.127971e-01
      vertex   3.679000e-01  1.979441e-02  6.130477e-01
      vertex   3.679000e-01  1.990005e-02  6.110000e-01
    endloop
  endfacet
  facet normal  7.066895e-01  7.068080e-01  3.181955e-02
    outer loop
      vertex   3.678000e-01  1.991914e-02  6.127971e-01
      vertex   3.679000e-01  1.990005e-02  6.110000e-01
      vertex   3.678000e-01  2.000005e-02  6.110000e-01
    endloop
  endfacet
  facet normal  7.066895e-01  7.068080e-01 -3.181955e-02
    outer loop
      vertex   3.678000e-01  2.000005e-02  6.110000e-01
      vertex   3.679000e-01  1.990005e-02  6.110000e-01
      vertex   3.678000e-01  1.991914e-02  6.092029e-01
    endloop
  endfacet
  facet normal  7.448580e-01  6.663369e-01 -3.437391e-02
    outer loop
      vertex   3.678000e-01  1.991914e-02  6.092029e-01
      vertex   3.679000e-01  1.990005e-02  6.110000e-01
      vertex   3.679000e-01  1.979441e-02  6.089523e-01
    endloop
  endfacet
  facet normal  6.667270e-01  7.383718e-01 -1.014009e-01
    outer loop
      vertex   3.678000e-01  1.991914e-02  6.092029e-01
      vertex   3.679000e-01  1.979441e-02  6.089523e-01
      vertex   3.678000e-01  1.966615e-02  6.073607e-01
    endloop
  endfacet
  facet normal  7.720646e-01  6.277689e-01 -9.910739e-02
    outer loop
      vertex   3.678000e-01  1.966615e-02  6.073607e-01
      vertex   3.679000e-01  1.979441e-02  6.089523e-01
      vertex   3.679000e-01  1.946254e-02  6.068501e-01
    endloop
  endfacet
  facet normal  6.311249e-01  7.551007e-01 -1.774948e-01
    outer loop
      vertex   3.678000e-01  1.966615e-02  6.073607e-01
      vertex   3.679000e-01  1.946254e-02  6.068501e-01
      vertex   3.678000e-01  1.922802e-02  6.054968e-01
    endloop
  endfacet
  facet normal  7.892606e-01  5.925716e-01 -1.610169e-01
    outer loop
      vertex   3.678000e-01  1.922802e-02  6.054968e-01
      vertex   3.679000e-01  1.946254e-02  6.068501e-01
      vertex   3.679000e-01  1.888628e-02  6.047294e-01
    endloop
  endfacet
  facet normal  6.071171e-01  7.522864e-01 -2.558792e-01
    outer loop
      vertex   3.678000e-01  1.922802e-02  6.054968e-01
      vertex   3.679000e-01  1.888628e-02  6.047294e-01
      vertex   3.678000e-01  1.859581e-02  6.036381e-01
    endloop
  endfacet
  facet normal  7.970363e-01  5.614544e-01 -2.224910e-01
    outer loop
      vertex   3.678000e-01  1.859581e-02  6.036381e-01
      vertex   3.679000e-01  1.888628e-02  6.047294e-01
      vertex   3.679000e-01  1.805498e-02  6.026316e-01
    endloop
  endfacet
  facet normal  6.017572e-01  7.269428e-01 -3.308205e-01
    outer loop
      vertex   3.678000e-01  1.859581e-02  6.036381e-01
      vertex   3.679000e-01  1.805498e-02  6.026316e-01
      vertex   3.678000e-01  1.776573e-02  6.018141e-01
    endloop
  endfacet
  facet normal  7.952186e-01  5.344311e-01 -2.863751e-01
    outer loop
      vertex   3.678000e-01  1.776573e-02  6.018141e-01
      vertex   3.679000e-01  1.805498e-02  6.026316e-01
      vertex   3.679000e-01  1.696736e-02  6.006019e-01
    endloop
  endfacet
  facet normal  6.186948e-01  6.785933e-01 -3.958886e-01
    outer loop
      vertex   3.678000e-01  1.776573e-02  6.018141e-01
      vertex   3.679000e-01  1.696736e-02  6.006019e-01
      vertex   3.678000e-01  1.673996e-02  6.000558e-01
    endloop
  endfacet
  facet normal  7.822316e-01  5.111669e-01 -3.561211e-01
    outer loop
      vertex   3.678000e-01  1.673996e-02  6.000558e-01
      vertex   3.679000e-01  1.696736e-02  6.006019e-01
      vertex   3.679000e-01  1.563277e-02  5.986863e-01
    endloop
  endfacet
  facet normal  6.560414e-01  6.096253e-01 -4.449344e-01
    outer loop
      vertex   3.678000e-01  1.673996e-02  6.000558e-01
      vertex   3.679000e-01  1.563277e-02  5.986863e-01
      vertex   3.678000e-01  1.552711e-02  5.983940e-01
    endloop
  endfacet
  facet normal  7.547878e-01  4.904276e-01 -4.356330e-01
    outer loop
      vertex   3.678000e-01  1.552711e-02  5.983940e-01
      vertex   3.679000e-01  1.563277e-02  5.986863e-01
      vertex   3.679000e-01  1.407147e-02  5.969286e-01
    endloop
  endfacet
  facet normal  7.066670e-01  5.255139e-01 -4.737689e-01
    outer loop
      vertex   3.678000e-01  1.552711e-02  5.983940e-01
      vertex   3.679000e-01  1.407147e-02  5.969286e-01
      vertex   3.678000e-01  1.414218e-02  5.968578e-01
    endloop
  endfacet
  facet normal  7.066777e-01  4.737620e-01 -5.255058e-01
    outer loop
      vertex   3.678000e-01  1.414218e-02  5.968578e-01
      vertex   3.679000e-01  1.407147e-02  5.969286e-01
      vertex   3.678000e-01  1.260601e-02  5.954729e-01
    endloop
  endfacet
  facet normal  7.548228e-01  4.356043e-01 -4.903992e-01
    outer loop
      vertex   3.678000e-01  1.260601e-02  5.954729e-01
      vertex   3.679000e-01  1.407147e-02  5.969286e-01
      vertex   3.679000e-01  1.231378e-02  5.953673e-01
    endloop
  endfacet
  facet normal  6.560605e-01  4.449237e-01 -6.096126e-01
    outer loop
      vertex   3.678000e-01  1.260601e-02  5.954729e-01
      vertex   3.679000e-01  1.231378e-02  5.953673e-01
      vertex   3.678000e-01  1.094424e-02  5.942601e-01
    endloop
  endfacet
  facet normal  7.823298e-01  3.560425e-01 -5.110711e-01
    outer loop
      vertex   3.678000e-01  1.094424e-02  5.942601e-01
      vertex   3.679000e-01  1.231378e-02  5.953673e-01
      vertex   3.679000e-01  1.039814e-02  5.940327e-01
    endloop
  endfacet
  facet normal  6.188799e-01  3.958177e-01 -6.784660e-01
    outer loop
      vertex   3.678000e-01  1.094424e-02  5.942601e-01
      vertex   3.679000e-01  1.039814e-02  5.940327e-01
      vertex   3.678000e-01  9.185936e-03  5.932343e-01
    endloop
  endfacet
  facet normal  7.953198e-01  2.863181e-01 -5.343112e-01
    outer loop
      vertex   3.678000e-01  9.185936e-03  5.932343e-01
      vertex   3.679000e-01  1.039814e-02  5.940327e-01
      vertex   3.679000e-01  8.368394e-03  5.929450e-01
    endloop
  endfacet
  facet normal  6.018168e-01  3.307956e-01 -7.269050e-01
    outer loop
      vertex   3.678000e-01  9.185936e-03  5.932343e-01
      vertex   3.679000e-01  8.368394e-03  5.929450e-01
      vertex   3.678000e-01  7.361938e-03  5.924042e-01
    endloop
  endfacet
  facet normal  7.970706e-01  2.224747e-01 -5.614121e-01
    outer loop
      vertex   3.678000e-01  7.361938e-03  5.924042e-01
      vertex   3.679000e-01  8.368394e-03  5.929450e-01
      vertex   3.679000e-01  6.270605e-03  5.921137e-01
    endloop
  endfacet
  facet normal  6.071149e-01  2.558821e-01 -7.522871e-01
    outer loop
      vertex   3.678000e-01  7.361938e-03  5.924042e-01
      vertex   3.679000e-01  6.270605e-03  5.921137e-01
      vertex   3.678000e-01  5.503208e-03  5.917720e-01
    endloop
  endfacet
  facet normal  7.892940e-01  1.610073e-01 -5.925299e-01
    outer loop
      vertex   3.678000e-01  5.503208e-03  5.917720e-01
      vertex   3.679000e-01  6.270605e-03  5.921137e-01
      vertex   3.679000e-01  4.149893e-03  5.915375e-01
    endloop
  endfacet
  facet normal  6.311834e-01  1.774925e-01 -7.550522e-01
    outer loop
      vertex   3.678000e-01  5.503208e-03  5.917720e-01
      vertex   3.679000e-01  4.149893e-03  5.915375e-01
      vertex   3.678000e-01  3.639304e-03  5.913339e-01
    endloop
  endfacet
  facet normal  7.721792e-01  9.907077e-02 -6.276339e-01
    outer loop
      vertex   3.678000e-01  3.639304e-03  5.913339e-01
      vertex   3.679000e-01  4.149893e-03  5.915375e-01
      vertex   3.679000e-01  2.047751e-03  5.912057e-01
    endloop
  endfacet
  facet normal  6.669457e-01  1.013648e-01 -7.381793e-01
    outer loop
      vertex   3.678000e-01  3.639304e-03  5.913339e-01
      vertex   3.679000e-01  2.047751e-03  5.912057e-01
      vertex   3.678000e-01  1.797131e-03  5.910809e-01
    endloop
  endfacet
  facet normal  7.499523e-01  2.974237e-02 -6.608230e-01
    outer loop
      vertex   3.678000e-01  1.797131e-03  5.910809e-01
      vertex   3.679000e-01  2.047751e-03  5.912057e-01
      vertex   3.678000e-01  4.255816e-08  5.910000e-01
    endloop
  endfacet
  facet normal  6.669173e-01  4.214358e-02 -7.439390e-01
    outer loop
      vertex   3.678000e-01  4.255816e-08  5.910000e-01
      vertex   3.679000e-01  2.047751e-03  5.912057e-01
      vertex   3.680000e-01  1.779160e-03  5.912801e-01
    endloop
  endfacet
  facet normal  7.066960e-01  3.182526e-02 -7.068013e-01
    outer loop
      vertex   3.678000e-01  4.255816e-08  5.910000e-01
      vertex   3.680000e-01  1.779160e-03  5.912801e-01
      vertex   3.680000e-01  4.255816e-08  5.912000e-01
    endloop
  endfacet
  facet normal  7.482740e-01  3.910949e-01  5.358459e-01
    outer loop
      vertex   3.680000e-01  1.083480e-02  6.275725e-01
      vertex   3.680000e-01  1.247995e-02  6.263718e-01
      vertex   3.679000e-01  1.231378e-02  6.266328e-01
    endloop
  endfacet
  facet normal  6.653160e-01  4.874857e-01  5.654311e-01
    outer loop
      vertex   3.679000e-01  1.231378e-02  6.266328e-01
      vertex   3.680000e-01  1.247995e-02  6.263718e-01
      vertex   3.679000e-01  1.364908e-02  6.254815e-01
    endloop
  endfacet
  facet normal  7.723943e-01  4.252920e-01  4.717349e-01
    outer loop
      vertex   3.680000e-01  1.247995e-02  6.263718e-01
      vertex   3.680000e-01  1.400076e-02  6.250007e-01
      vertex   3.679000e-01  1.364908e-02  6.254815e-01
    endloop
  endfacet
  facet normal  6.367607e-01  5.532206e-01  5.371060e-01
    outer loop
      vertex   3.679000e-01  1.364908e-02  6.254815e-01
      vertex   3.680000e-01  1.400076e-02  6.250007e-01
      vertex   3.679000e-01  1.487878e-02  6.242149e-01
    endloop
  endfacet
  facet normal  7.831835e-01  4.618185e-01  4.163499e-01
    outer loop
      vertex   3.680000e-01  1.400076e-02  6.250007e-01
      vertex   3.680000e-01  1.537184e-02  6.234799e-01
      vertex   3.679000e-01  1.487878e-02  6.242149e-01
    endloop
  endfacet
  facet normal  6.271823e-01  6.046575e-01  4.909497e-01
    outer loop
      vertex   3.679000e-01  1.487878e-02  6.242149e-01
      vertex   3.680000e-01  1.537184e-02  6.234799e-01
      vertex   3.679000e-01  1.598864e-02  6.228480e-01
    endloop
  endfacet
  facet normal  7.825478e-01  5.028933e-01  3.670385e-01
    outer loop
      vertex   3.680000e-01  1.537184e-02  6.234799e-01
      vertex   3.680000e-01  1.657256e-02  6.218348e-01
      vertex   3.679000e-01  1.598864e-02  6.228480e-01
    endloop
  endfacet
  facet normal  6.383400e-01  6.380013e-01  4.306697e-01
    outer loop
      vertex   3.679000e-01  1.598864e-02  6.228480e-01
      vertex   3.680000e-01  1.657256e-02  6.218348e-01
      vertex   3.679000e-01  1.696736e-02  6.213981e-01
    endloop
  endfacet
  facet normal  7.707942e-01  5.502851e-01  3.210336e-01
    outer loop
      vertex   3.680000e-01  1.657256e-02  6.218348e-01
      vertex   3.680000e-01  1.758807e-02  6.200941e-01
      vertex   3.679000e-01  1.696736e-02  6.213981e-01
    endloop
  endfacet
  facet normal  6.670179e-01  6.515791e-01  3.612919e-01
    outer loop
      vertex   3.679000e-01  1.696736e-02  6.213981e-01
      vertex   3.680000e-01  1.758807e-02  6.200941e-01
      vertex   3.679000e-01  1.780693e-02  6.198840e-01
    endloop
  endfacet
  facet normal  7.464867e-01  6.056347e-01  2.756158e-01
    outer loop
      vertex   3.680000e-01  1.758807e-02  6.200941e-01
      vertex   3.680000e-01  1.840986e-02  6.182883e-01
      vertex   3.679000e-01  1.780693e-02  6.198840e-01
    endloop
  endfacet
  facet normal  7.068617e-01  6.459103e-01  2.883511e-01
    outer loop
      vertex   3.679000e-01  1.780693e-02  6.198840e-01
      vertex   3.680000e-01  1.840986e-02  6.182883e-01
      vertex   3.679000e-01  1.850283e-02  6.183251e-01
    endloop
  endfacet
  facet normal  7.067528e-01  6.697787e-01  2.278087e-01
    outer loop
      vertex   3.680000e-01  1.840986e-02  6.182883e-01
      vertex   3.680000e-01  1.903575e-02  6.164481e-01
      vertex   3.679000e-01  1.850283e-02  6.183251e-01
    endloop
  endfacet
  facet normal  3.128593e-01  9.091790e-01  2.747957e-01
    outer loop
      vertex   3.679000e-01  1.850283e-02  6.183251e-01
      vertex   3.680000e-01  1.903575e-02  6.164481e-01
      vertex   3.679000e-01  1.946254e-02  6.151499e-01
    endloop
  endfacet
  facet normal  7.640170e-01  6.280774e-01  1.476374e-01
    outer loop
      vertex   3.680000e-01  1.903575e-02  6.164481e-01
      vertex   3.680000e-01  1.946949e-02  6.146029e-01
      vertex   3.679000e-01  1.946254e-02  6.151499e-01
    endloop
  endfacet
  facet normal  6.172031e-01  7.771785e-01  1.226950e-01
    outer loop
      vertex   3.679000e-01  1.946254e-02  6.151499e-01
      vertex   3.680000e-01  1.946949e-02  6.146029e-01
      vertex   3.679000e-01  1.979441e-02  6.130477e-01
    endloop
  endfacet
  facet normal  7.409226e-01  6.653453e-01  9.137502e-02
    outer loop
      vertex   3.680000e-01  1.946949e-02  6.146029e-01
      vertex   3.680000e-01  1.971995e-02  6.127791e-01
      vertex   3.679000e-01  1.979441e-02  6.130477e-01
    endloop
  endfacet
  facet normal  6.615091e-01  7.489412e-01  3.863517e-02
    outer loop
      vertex   3.679000e-01  1.979441e-02  6.130477e-01
      vertex   3.680000e-01  1.971995e-02  6.127791e-01
      vertex   3.679000e-01  1.990005e-02  6.110000e-01
    endloop
  endfacet
  facet normal  7.067950e-01  7.067027e-01  3.181452e-02
    outer loop
      vertex   3.680000e-01  1.971995e-02  6.127791e-01
      vertex   3.680000e-01  1.980005e-02  6.110000e-01
      vertex   3.679000e-01  1.990005e-02  6.110000e-01
    endloop
  endfacet
  facet normal  7.067950e-01  7.067028e-01 -3.181453e-02
    outer loop
      vertex   3.679000e-01  1.990005e-02  6.110000e-01
      vertex   3.680000e-01  1.980005e-02  6.110000e-01
      vertex   3.680000e-01  1.971995e-02  6.092209e-01
    endloop
  endfacet
  facet normal  6.615092e-01  7.489413e-01 -3.863517e-02
    outer loop
      vertex   3.679000e-01  1.990005e-02  6.110000e-01
      vertex   3.680000e-01  1.971995e-02  6.092209e-01
      vertex   3.679000e-01  1.979441e-02  6.089523e-01
    endloop
  endfacet
  facet normal  7.409226e-01  6.653453e-01 -9.137503e-02
    outer loop
      vertex   3.679000e-01  1.979441e-02  6.089523e-01
      vertex   3.680000e-01  1.971995e-02  6.092209e-01
      vertex   3.680000e-01  1.946949e-02  6.073971e-01
    endloop
  endfacet
  facet normal  6.172031e-01  7.771784e-01 -1.226950e-01
    outer loop
      vertex   3.679000e-01  1.979441e-02  6.089523e-01
      vertex   3.680000e-01  1.946949e-02  6.073971e-01
      vertex   3.679000e-01  1.946254e-02  6.068501e-01
    endloop
  endfacet
  facet normal  7.640067e-01  6.280903e-01 -1.476357e-01
    outer loop
      vertex   3.679000e-01  1.946254e-02  6.068501e-01
      vertex   3.680000e-01  1.946949e-02  6.073971e-01
      vertex   3.680000e-01  1.903575e-02  6.055518e-01
    endloop
  endfacet
  facet normal  5.812623e-01  7.852433e-01 -2.133708e-01
    outer loop
      vertex   3.679000e-01  1.946254e-02  6.068501e-01
      vertex   3.680000e-01  1.903575e-02  6.055518e-01
      vertex   3.679000e-01  1.888628e-02  6.047294e-01
    endloop
  endfacet
  facet normal  7.768049e-01  5.961973e-01 -2.027883e-01
    outer loop
      vertex   3.679000e-01  1.888628e-02  6.047294e-01
      vertex   3.680000e-01  1.903575e-02  6.055518e-01
      vertex   3.680000e-01  1.840986e-02  6.037117e-01
    endloop
  endfacet
  facet normal  5.623532e-01  7.687379e-01 -3.046325e-01
    outer loop
      vertex   3.679000e-01  1.888628e-02  6.047294e-01
      vertex   3.680000e-01  1.840986e-02  6.037117e-01
      vertex   3.679000e-01  1.805498e-02  6.026316e-01
    endloop
  endfacet
  facet normal  7.794114e-01  5.702398e-01 -2.595081e-01
    outer loop
      vertex   3.679000e-01  1.805498e-02  6.026316e-01
      vertex   3.680000e-01  1.840986e-02  6.037117e-01
      vertex   3.680000e-01  1.758807e-02  6.019059e-01
    endloop
  endfacet
  facet normal  5.668525e-01  7.261391e-01 -3.891019e-01
    outer loop
      vertex   3.679000e-01  1.805498e-02  6.026316e-01
      vertex   3.680000e-01  1.758807e-02  6.019059e-01
      vertex   3.679000e-01  1.696736e-02  6.006019e-01
    endloop
  endfacet
  facet normal  7.707942e-01  5.502851e-01 -3.210336e-01
    outer loop
      vertex   3.679000e-01  1.696736e-02  6.006019e-01
      vertex   3.680000e-01  1.758807e-02  6.019059e-01
      vertex   3.680000e-01  1.657256e-02  6.001652e-01
    endloop
  endfacet
  facet normal  5.965805e-01  6.585018e-01 -4.587669e-01
    outer loop
      vertex   3.679000e-01  1.696736e-02  6.006019e-01
      vertex   3.680000e-01  1.657256e-02  6.001652e-01
      vertex   3.679000e-01  1.563277e-02  5.986863e-01
    endloop
  endfacet
  facet normal  7.483223e-01  5.358044e-01 -3.910593e-01
    outer loop
      vertex   3.679000e-01  1.563277e-02  5.986863e-01
      vertex   3.680000e-01  1.657256e-02  6.001652e-01
      vertex   3.680000e-01  1.537184e-02  5.985201e-01
    endloop
  endfacet
  facet normal  6.464658e-01  5.704054e-01 -5.066751e-01
    outer loop
      vertex   3.679000e-01  1.563277e-02  5.986863e-01
      vertex   3.680000e-01  1.537184e-02  5.985201e-01
      vertex   3.679000e-01  1.407147e-02  5.969286e-01
    endloop
  endfacet
  facet normal  7.066361e-01  5.255342e-01 -4.737924e-01
    outer loop
      vertex   3.679000e-01  1.407147e-02  5.969286e-01
      vertex   3.680000e-01  1.537184e-02  5.985201e-01
      vertex   3.680000e-01  1.400076e-02  5.969993e-01
    endloop
  endfacet
  facet normal  7.066308e-01  4.737971e-01 -5.255370e-01
    outer loop
      vertex   3.679000e-01  1.407147e-02  5.969286e-01
      vertex   3.680000e-01  1.400076e-02  5.969993e-01
      vertex   3.680000e-01  1.247995e-02  5.956282e-01
    endloop
  endfacet
  facet normal  6.464350e-01  5.066922e-01 -5.704250e-01
    outer loop
      vertex   3.679000e-01  1.407147e-02  5.969286e-01
      vertex   3.680000e-01  1.247995e-02  5.956282e-01
      vertex   3.679000e-01  1.231378e-02  5.953673e-01
    endloop
  endfacet
  facet normal  7.482740e-01  3.910949e-01 -5.358459e-01
    outer loop
      vertex   3.679000e-01  1.231378e-02  5.953673e-01
      vertex   3.680000e-01  1.247995e-02  5.956282e-01
      vertex   3.680000e-01  1.083480e-02  5.944275e-01
    endloop
  endfacet
  facet normal  5.963533e-01  4.588530e-01 -6.586477e-01
    outer loop
      vertex   3.679000e-01  1.231378e-02  5.953673e-01
      vertex   3.680000e-01  1.083480e-02  5.944275e-01
      vertex   3.679000e-01  1.039814e-02  5.940327e-01
    endloop
  endfacet
  facet normal  7.706438e-01  3.211149e-01 -5.504482e-01
    outer loop
      vertex   3.679000e-01  1.039814e-02  5.940327e-01
      vertex   3.680000e-01  1.083480e-02  5.944275e-01
      vertex   3.680000e-01  9.094077e-03  5.934120e-01
    endloop
  endfacet
  facet normal  5.668441e-01  3.891123e-01 -7.261401e-01
    outer loop
      vertex   3.679000e-01  1.039814e-02  5.940327e-01
      vertex   3.680000e-01  9.094077e-03  5.934120e-01
      vertex   3.679000e-01  8.368394e-03  5.929450e-01
    endloop
  endfacet
  facet normal  7.793965e-01  2.595142e-01 -5.702574e-01
    outer loop
      vertex   3.679000e-01  8.368394e-03  5.929450e-01
      vertex   3.680000e-01  9.094077e-03  5.934120e-01
      vertex   3.680000e-01  7.288319e-03  5.925902e-01
    endloop
  endfacet
  facet normal  5.624471e-01  3.046096e-01 -7.686783e-01
    outer loop
      vertex   3.679000e-01  8.368394e-03  5.929450e-01
      vertex   3.680000e-01  7.288319e-03  5.925902e-01
      vertex   3.679000e-01  6.270605e-03  5.921137e-01
    endloop
  endfacet
  facet normal  7.768000e-01  2.027929e-01 -5.962020e-01
    outer loop
      vertex   3.679000e-01  6.270605e-03  5.921137e-01
      vertex   3.680000e-01  7.288319e-03  5.925902e-01
      vertex   3.680000e-01  5.448176e-03  5.919643e-01
    endloop
  endfacet
  facet normal  5.813294e-01  2.133603e-01 -7.851965e-01
    outer loop
      vertex   3.679000e-01  6.270605e-03  5.921137e-01
      vertex   3.680000e-01  5.448176e-03  5.919643e-01
      vertex   3.679000e-01  4.149893e-03  5.915375e-01
    endloop
  endfacet
  facet normal  7.640017e-01  1.476385e-01 -6.280956e-01
    outer loop
      vertex   3.679000e-01  4.149893e-03  5.915375e-01
      vertex   3.680000e-01  5.448176e-03  5.919643e-01
      vertex   3.680000e-01  3.602911e-03  5.915306e-01
    endloop
  endfacet
  facet normal  6.171893e-01  1.226782e-01 -7.771920e-01
    outer loop
      vertex   3.679000e-01  4.149893e-03  5.915375e-01
      vertex   3.680000e-01  3.602911e-03  5.915306e-01
      vertex   3.679000e-01  2.047751e-03  5.912057e-01
    endloop
  endfacet
  facet normal  7.407864e-01  9.139344e-02 -6.654944e-01
    outer loop
      vertex   3.679000e-01  2.047751e-03  5.912057e-01
      vertex   3.680000e-01  3.602911e-03  5.915306e-01
      vertex   3.680000e-01  1.779160e-03  5.912801e-01
    endloop
  endfacet
  facet normal  7.067711e-01  3.608905e-01  6.084675e-01
    outer loop
      vertex   3.679000e-01  1.088952e-02  6.276562e-01
      vertex   3.678000e-01  1.094424e-02  6.277399e-01
      vertex   3.679000e-01  9.394666e-03  6.285428e-01
    endloop
  endfacet
  facet normal  6.577708e-01  3.795576e-01  6.505948e-01
    outer loop
      vertex   3.679000e-01  9.394666e-03  6.285428e-01
      vertex   3.678000e-01  1.094424e-02  6.277399e-01
      vertex   3.678000e-01  9.185938e-03  6.287657e-01
    endloop
  endfacet
  facet normal  7.408926e-01  2.912550e-01  6.051847e-01
    outer loop
      vertex   3.679000e-01  9.394666e-03  6.285428e-01
      vertex   3.678000e-01  9.185938e-03  6.287657e-01
      vertex   3.679000e-01  7.848527e-03  6.292869e-01
    endloop
  endfacet
  facet normal  6.225032e-01  3.241615e-01  7.123266e-01
    outer loop
      vertex   3.679000e-01  7.848527e-03  6.292869e-01
      vertex   3.678000e-01  9.185938e-03  6.287657e-01
      vertex   3.678000e-01  7.361941e-03  6.295958e-01
    endloop
  endfacet
  facet normal  7.572212e-01  2.319172e-01  6.105986e-01
    outer loop
      vertex   3.679000e-01  7.848527e-03  6.292869e-01
      vertex   3.678000e-01  7.361941e-03  6.295958e-01
      vertex   3.679000e-01  6.270607e-03  6.298863e-01
    endloop
  endfacet
  facet normal  6.071148e-01  2.558822e-01  7.522871e-01
    outer loop
      vertex   3.679000e-01  6.270607e-03  6.298863e-01
      vertex   3.678000e-01  7.361941e-03  6.295958e-01
      vertex   3.678000e-01  5.503211e-03  6.302280e-01
    endloop
  endfacet
  facet normal  8.335972e-01  1.304011e-01  5.367599e-01
    outer loop
      vertex   3.679000e-01  6.270607e-03  6.298863e-01
      vertex   3.678000e-01  5.503211e-03  6.302280e-01
      vertex   3.679000e-01  3.094113e-03  6.306580e-01
    endloop
  endfacet
  facet normal  7.986836e-01  1.377021e-01  5.857838e-01
    outer loop
      vertex   3.679000e-01  3.094113e-03  6.306580e-01
      vertex   3.678000e-01  5.503211e-03  6.302280e-01
      vertex   3.678000e-01  3.639307e-03  6.306661e-01
    endloop
  endfacet
  facet normal  6.353227e-01  1.050570e-01  7.650673e-01
    outer loop
      vertex   3.679000e-01  3.094113e-03  6.306580e-01
      vertex   3.678000e-01  3.639307e-03  6.306661e-01
      vertex   3.678000e-01  1.797135e-03  6.309191e-01
    endloop
  endfacet
  facet normal  7.702084e-01 -5.827320e-02  6.351246e-01
    outer loop
      vertex   3.678000e-01  1.819674e-03  6.011670e-01
      vertex   3.678000e-01  4.331314e-08  6.010000e-01
      vertex   3.679000e-01  1.570399e-03  6.010228e-01
    endloop
  endfacet
  facet normal  7.060805e-01 -5.522006e-02  7.059753e-01
    outer loop
      vertex   3.679000e-01  1.570399e-03  6.010228e-01
      vertex   3.678000e-01  4.331314e-08  6.010000e-01
      vertex   3.680000e-01  4.328294e-08  6.008000e-01
    endloop
  endfacet
  facet normal  6.171761e-01 -7.188939e-02  7.835340e-01
    outer loop
      vertex   3.679000e-01  1.570399e-03  6.010228e-01
      vertex   3.680000e-01  4.328294e-08  6.008000e-01
      vertex   3.680000e-01  1.856066e-03  6.009703e-01
    endloop
  endfacet
  facet normal  7.642516e-01 -1.522467e-01  6.266901e-01
    outer loop
      vertex   3.679000e-01  1.570399e-03  6.010228e-01
      vertex   3.680000e-01  1.856066e-03  6.009703e-01
      vertex   3.679000e-01  3.182590e-03  6.014145e-01
    endloop
  endfacet
  facet normal  5.166418e-01 -2.366100e-01  8.228590e-01
    outer loop
      vertex   3.679000e-01  3.182590e-03  6.014145e-01
      vertex   3.680000e-01  1.856066e-03  6.009703e-01
      vertex   3.680000e-01  3.754609e-03  6.015162e-01
    endloop
  endfacet
  facet normal  7.982984e-01 -2.379334e-01  5.532697e-01
    outer loop
      vertex   3.679000e-01  3.182590e-03  6.014145e-01
      vertex   3.680000e-01  3.754609e-03  6.015162e-01
      vertex   3.679000e-01  4.768168e-03  6.020964e-01
    endloop
  endfacet
  facet normal  4.395312e-01 -4.131744e-01  7.975583e-01
    outer loop
      vertex   3.679000e-01  4.768168e-03  6.020964e-01
      vertex   3.680000e-01  3.754609e-03  6.015162e-01
      vertex   3.680000e-01  5.581583e-03  6.024626e-01
    endloop
  endfacet
  facet normal  8.114602e-01 -3.199781e-01  4.890259e-01
    outer loop
      vertex   3.679000e-01  4.768168e-03  6.020964e-01
      vertex   3.680000e-01  5.581583e-03  6.024626e-01
      vertex   3.679000e-01  6.249727e-03  6.030658e-01
    endloop
  endfacet
  facet normal  4.244363e-01 -5.708933e-01  7.028049e-01
    outer loop
      vertex   3.679000e-01  6.249727e-03  6.030658e-01
      vertex   3.680000e-01  5.581583e-03  6.024626e-01
      vertex   3.680000e-01  7.212534e-03  6.037875e-01
    endloop
  endfacet
  facet normal  8.040428e-01 -4.078299e-01  4.326546e-01
    outer loop
      vertex   3.679000e-01  6.249727e-03  6.030658e-01
      vertex   3.680000e-01  7.212534e-03  6.037875e-01
      vertex   3.679000e-01  7.551563e-03  6.042929e-01
    endloop
  endfacet
  facet normal  4.854812e-01 -6.785746e-01  5.512210e-01
    outer loop
      vertex   3.679000e-01  7.551563e-03  6.042929e-01
      vertex   3.680000e-01  7.212534e-03  6.037875e-01
      vertex   3.680000e-01  8.537400e-03  6.054184e-01
    endloop
  endfacet
  facet normal  7.722088e-01 -5.103825e-01  3.784223e-01
    outer loop
      vertex   3.679000e-01  7.551563e-03  6.042929e-01
      vertex   3.680000e-01  8.537400e-03  6.054184e-01
      vertex   3.679000e-01  8.611595e-03  6.057226e-01
    endloop
  endfacet
  facet normal  5.949475e-01 -7.136810e-01  3.697256e-01
    outer loop
      vertex   3.679000e-01  8.611595e-03  6.057226e-01
      vertex   3.680000e-01  8.537400e-03  6.054184e-01
      vertex   3.680000e-01  9.483886e-03  6.072454e-01
    endloop
  endfacet
  facet normal  7.056705e-01 -6.338180e-01  3.167076e-01
    outer loop
      vertex   3.679000e-01  8.611595e-03  6.057226e-01
      vertex   3.680000e-01  9.483886e-03  6.072454e-01
      vertex   3.679000e-01  9.390907e-03  6.072822e-01
    endloop
  endfacet
  facet normal  7.057794e-01 -6.781349e-01  2.049600e-01
    outer loop
      vertex   3.679000e-01  9.390907e-03  6.072822e-01
      vertex   3.680000e-01  9.483886e-03  6.072454e-01
      vertex   3.679000e-01  9.877996e-03  6.088938e-01
    endloop
  endfacet
  facet normal  7.059494e-01 -6.779727e-01  2.049109e-01
    outer loop
      vertex   3.679000e-01  9.390907e-03  6.072822e-01
      vertex   3.679000e-01  9.877996e-03  6.088938e-01
      vertex   3.678000e-01  9.297928e-03  6.073191e-01
    endloop
  endfacet
  facet normal  7.742903e-01 -6.081908e-01  1.748673e-01
    outer loop
      vertex   3.678000e-01  9.297928e-03  6.073191e-01
      vertex   3.679000e-01  9.877996e-03  6.088938e-01
      vertex   3.678000e-01  9.833099e-03  6.091804e-01
    endloop
  endfacet
  facet normal  5.984885e-01 -7.967160e-01  8.399552e-02
    outer loop
      vertex   3.678000e-01  9.833099e-03  6.091804e-01
      vertex   3.679000e-01  9.877996e-03  6.088938e-01
      vertex   3.679000e-01  1.010005e-02  6.110000e-01
    endloop
  endfacet
  facet normal  7.056696e-01 -7.055776e-01  6.473551e-02
    outer loop
      vertex   3.678000e-01  9.833099e-03  6.091804e-01
      vertex   3.679000e-01  1.010005e-02  6.110000e-01
      vertex   3.678000e-01  1.000005e-02  6.110000e-01
    endloop
  endfacet
  facet normal  7.056696e-01 -7.055776e-01 -6.473551e-02
    outer loop
      vertex   3.678000e-01  1.000005e-02  6.110000e-01
      vertex   3.679000e-01  1.010005e-02  6.110000e-01
      vertex   3.678000e-01  9.833099e-03  6.128196e-01
    endloop
  endfacet
  facet normal  5.984885e-01 -7.967160e-01 -8.399552e-02
    outer loop
      vertex   3.678000e-01  9.833099e-03  6.128196e-01
      vertex   3.679000e-01  1.010005e-02  6.110000e-01
      vertex   3.679000e-01  9.877996e-03  6.131062e-01
    endloop
  endfacet
  facet normal  7.742903e-01 -6.081908e-01 -1.748673e-01
    outer loop
      vertex   3.678000e-01  9.833099e-03  6.128196e-01
      vertex   3.679000e-01  9.877996e-03  6.131062e-01
      vertex   3.678000e-01  9.297928e-03  6.146809e-01
    endloop
  endfacet
  facet normal  4.601664e-01 -8.421890e-01 -2.810063e-01
    outer loop
      vertex   3.678000e-01  9.297928e-03  6.146809e-01
      vertex   3.679000e-01  9.877996e-03  6.131062e-01
      vertex   3.679000e-01  9.163606e-03  6.152472e-01
    endloop
  endfacet
  facet normal  8.161597e-01 -5.130653e-01 -2.657957e-01
    outer loop
      vertex   3.678000e-01  9.297928e-03  6.146809e-01
      vertex   3.679000e-01  9.163606e-03  6.152472e-01
      vertex   3.678000e-01  8.370000e-03  6.164721e-01
    endloop
  endfacet
  facet normal  3.342282e-01 -8.031991e-01 -4.931156e-01
    outer loop
      vertex   3.678000e-01  8.370000e-03  6.164721e-01
      vertex   3.679000e-01  9.163606e-03  6.152472e-01
      vertex   3.679000e-01  7.934242e-03  6.172497e-01
    endloop
  endfacet
  facet normal  8.354970e-01 -4.265051e-01 -3.464652e-01
    outer loop
      vertex   3.678000e-01  8.370000e-03  6.164721e-01
      vertex   3.679000e-01  7.934242e-03  6.172497e-01
      vertex   3.678000e-01  7.071113e-03  6.180711e-01
    endloop
  endfacet
  facet normal  2.830710e-01 -6.781917e-01 -6.781790e-01
    outer loop
      vertex   3.678000e-01  7.071113e-03  6.180711e-01
      vertex   3.679000e-01  7.934242e-03  6.172497e-01
      vertex   3.679000e-01  6.249728e-03  6.189342e-01
    endloop
  endfacet
  facet normal  8.355282e-01 -3.464360e-01 -4.264677e-01
    outer loop
      vertex   3.678000e-01  7.071113e-03  6.180711e-01
      vertex   3.679000e-01  6.249728e-03  6.189342e-01
      vertex   3.678000e-01  5.472143e-03  6.193700e-01
    endloop
  endfacet
  facet normal  3.342611e-01 -4.931023e-01 -8.031934e-01
    outer loop
      vertex   3.678000e-01  5.472143e-03  6.193700e-01
      vertex   3.679000e-01  6.249728e-03  6.189342e-01
      vertex   3.679000e-01  4.247298e-03  6.201636e-01
    endloop
  endfacet
  facet normal  8.161215e-01 -2.658232e-01 -5.131119e-01
    outer loop
      vertex   3.678000e-01  5.472143e-03  6.193700e-01
      vertex   3.679000e-01  4.247298e-03  6.201636e-01
      vertex   3.678000e-01  3.680992e-03  6.202979e-01
    endloop
  endfacet
  facet normal  4.600526e-01 -2.810375e-01 -8.422408e-01
    outer loop
      vertex   3.678000e-01  3.680992e-03  6.202979e-01
      vertex   3.679000e-01  4.247298e-03  6.201636e-01
      vertex   3.679000e-01  2.106250e-03  6.208780e-01
    endloop
  endfacet
  facet normal  7.743865e-01 -1.748239e-01 -6.080808e-01
    outer loop
      vertex   3.678000e-01  3.680992e-03  6.202979e-01
      vertex   3.679000e-01  2.106250e-03  6.208780e-01
      vertex   3.678000e-01  1.819675e-03  6.208330e-01
    endloop
  endfacet
  facet normal  5.786334e-01 -7.451785e-02 -8.121764e-01
    outer loop
      vertex   3.678000e-01  1.819675e-03  6.208330e-01
      vertex   3.679000e-01  2.106250e-03  6.208780e-01
      vertex   3.678000e-01  4.482310e-08  6.210000e-01
    endloop
  endfacet
  facet normal  7.730134e-01 -7.320106e-02 -6.301522e-01
    outer loop
      vertex   3.678000e-01  4.482310e-08  6.210000e-01
      vertex   3.679000e-01  2.106250e-03  6.208780e-01
      vertex   3.680000e-01  1.856068e-03  6.210297e-01
    endloop
  endfacet
  facet normal  7.056761e-01 -6.473627e-02 -7.055710e-01
    outer loop
      vertex   3.678000e-01  4.482310e-08  6.210000e-01
      vertex   3.680000e-01  1.856068e-03  6.210297e-01
      vertex   3.680000e-01  4.482310e-08  6.212000e-01
    endloop
  endfacet
  facet normal  6.086808e-01 -7.625218e-01  2.192446e-01
    outer loop
      vertex   3.680000e-01  9.483886e-03  6.072454e-01
      vertex   3.680000e-01  1.002976e-02  6.091440e-01
      vertex   3.679000e-01  9.877996e-03  6.088938e-01
    endloop
  endfacet
  facet normal  7.800868e-01 -6.222228e-01  6.559920e-02
    outer loop
      vertex   3.679000e-01  9.877996e-03  6.088938e-01
      vertex   3.680000e-01  1.002976e-02  6.091440e-01
      vertex   3.679000e-01  1.010005e-02  6.110000e-01
    endloop
  endfacet
  facet normal  7.055641e-01 -7.056823e-01  6.474380e-02
    outer loop
      vertex   3.680000e-01  1.002976e-02  6.091440e-01
      vertex   3.680000e-01  1.020005e-02  6.110000e-01
      vertex   3.679000e-01  1.010005e-02  6.110000e-01
    endloop
  endfacet
  facet normal  7.055640e-01 -7.056823e-01 -6.474380e-02
    outer loop
      vertex   3.679000e-01  1.010005e-02  6.110000e-01
      vertex   3.680000e-01  1.020005e-02  6.110000e-01
      vertex   3.680000e-01  1.002976e-02  6.128560e-01
    endloop
  endfacet
  facet normal  7.800869e-01 -6.222228e-01 -6.559920e-02
    outer loop
      vertex   3.679000e-01  1.010005e-02  6.110000e-01
      vertex   3.680000e-01  1.002976e-02  6.128560e-01
      vertex   3.679000e-01  9.877996e-03  6.131062e-01
    endloop
  endfacet
  facet normal  6.086807e-01 -7.625219e-01 -2.192446e-01
    outer loop
      vertex   3.679000e-01  9.877996e-03  6.131062e-01
      vertex   3.680000e-01  1.002976e-02  6.128560e-01
      vertex   3.680000e-01  9.483886e-03  6.147546e-01
    endloop
  endfacet
  facet normal  8.283231e-01 -5.314480e-01 -1.773239e-01
    outer loop
      vertex   3.679000e-01  9.877996e-03  6.131062e-01
      vertex   3.680000e-01  9.483886e-03  6.147546e-01
      vertex   3.679000e-01  9.163606e-03  6.152472e-01
    endloop
  endfacet
  facet normal  5.000306e-01 -7.689480e-01 -3.983570e-01
    outer loop
      vertex   3.679000e-01  9.163606e-03  6.152472e-01
      vertex   3.680000e-01  9.483886e-03  6.147546e-01
      vertex   3.680000e-01  8.537400e-03  6.165816e-01
    endloop
  endfacet
  facet normal  8.544023e-01 -4.428173e-01 -2.718630e-01
    outer loop
      vertex   3.679000e-01  9.163606e-03  6.152472e-01
      vertex   3.680000e-01  8.537400e-03  6.165816e-01
      vertex   3.679000e-01  7.934242e-03  6.172497e-01
    endloop
  endfacet
  facet normal  4.245254e-01 -7.027573e-01 -5.708855e-01
    outer loop
      vertex   3.679000e-01  7.934242e-03  6.172497e-01
      vertex   3.680000e-01  8.537400e-03  6.165816e-01
      vertex   3.680000e-01  7.212535e-03  6.182125e-01
    endloop
  endfacet
  facet normal  8.624983e-01 -3.578418e-01 -3.578351e-01
    outer loop
      vertex   3.679000e-01  7.934242e-03  6.172497e-01
      vertex   3.680000e-01  7.212535e-03  6.182125e-01
      vertex   3.679000e-01  6.249728e-03  6.189342e-01
    endloop
  endfacet
  facet normal  4.242893e-01 -5.709522e-01 -7.028458e-01
    outer loop
      vertex   3.679000e-01  6.249728e-03  6.189342e-01
      vertex   3.680000e-01  7.212535e-03  6.182125e-01
      vertex   3.680000e-01  5.581584e-03  6.195374e-01
    endloop
  endfacet
  facet normal  8.543665e-01 -2.718898e-01 -4.428698e-01
    outer loop
      vertex   3.679000e-01  6.249728e-03  6.189342e-01
      vertex   3.680000e-01  5.581584e-03  6.195374e-01
      vertex   3.679000e-01  4.247298e-03  6.201636e-01
    endloop
  endfacet
  facet normal  4.999200e-01 -3.983832e-01 -7.690064e-01
    outer loop
      vertex   3.679000e-01  4.247298e-03  6.201636e-01
      vertex   3.680000e-01  5.581584e-03  6.195374e-01
      vertex   3.680000e-01  3.754611e-03  6.204838e-01
    endloop
  endfacet
  facet normal  8.282705e-01 -1.773564e-01 -5.315192e-01
    outer loop
      vertex   3.679000e-01  4.247298e-03  6.201636e-01
      vertex   3.680000e-01  3.754611e-03  6.204838e-01
      vertex   3.679000e-01  2.106250e-03  6.208780e-01
    endloop
  endfacet
  facet normal  6.085659e-01 -2.192835e-01 -7.626023e-01
    outer loop
      vertex   3.679000e-01  2.106250e-03  6.208780e-01
      vertex   3.680000e-01  3.754611e-03  6.204838e-01
      vertex   3.680000e-01  1.856068e-03  6.210297e-01
    endloop
  endfacet
  facet normal  7.058738e-01 -6.336369e-01  3.166172e-01
    outer loop
      vertex   3.679000e-01  9.390907e-03  6.072822e-01
      vertex   3.678000e-01  9.297928e-03  6.073191e-01
      vertex   3.679000e-01  8.611595e-03  6.057226e-01
    endloop
  endfacet
  facet normal  7.807737e-01 -5.547866e-01  2.874095e-01
    outer loop
      vertex   3.679000e-01  8.611595e-03  6.057226e-01
      vertex   3.678000e-01  9.297928e-03  6.073191e-01
      vertex   3.678000e-01  8.370000e-03  6.055279e-01
    endloop
  endfacet
  facet normal  6.155270e-01 -6.330817e-01  4.693975e-01
    outer loop
      vertex   3.679000e-01  8.611595e-03  6.057226e-01
      vertex   3.678000e-01  8.370000e-03  6.055279e-01
      vertex   3.679000e-01  7.551563e-03  6.042929e-01
    endloop
  endfacet
  facet normal  8.202944e-01 -4.439274e-01  3.606182e-01
    outer loop
      vertex   3.679000e-01  7.551563e-03  6.042929e-01
      vertex   3.678000e-01  8.370000e-03  6.055279e-01
      vertex   3.678000e-01  7.071112e-03  6.039289e-01
    endloop
  endfacet
  facet normal  5.431186e-01 -5.759389e-01  6.109964e-01
    outer loop
      vertex   3.679000e-01  7.551563e-03  6.042929e-01
      vertex   3.678000e-01  7.071112e-03  6.039289e-01
      vertex   3.679000e-01  6.249727e-03  6.030658e-01
    endloop
  endfacet
  facet normal  8.355282e-01 -3.464360e-01  4.264677e-01
    outer loop
      vertex   3.679000e-01  6.249727e-03  6.030658e-01
      vertex   3.678000e-01  7.071112e-03  6.039289e-01
      vertex   3.678000e-01  5.472142e-03  6.026300e-01
    endloop
  endfacet
  facet normal  5.214344e-01 -4.671989e-01  7.140248e-01
    outer loop
      vertex   3.679000e-01  6.249727e-03  6.030658e-01
      vertex   3.678000e-01  5.472142e-03  6.026300e-01
      vertex   3.679000e-01  4.768168e-03  6.020964e-01
    endloop
  endfacet
  facet normal  8.320916e-01 -2.551318e-01  4.924747e-01
    outer loop
      vertex   3.679000e-01  4.768168e-03  6.020964e-01
      vertex   3.678000e-01  5.472142e-03  6.026300e-01
      vertex   3.678000e-01  3.680991e-03  6.017021e-01
    endloop
  endfacet
  facet normal  5.583611e-01 -3.277462e-01  7.621124e-01
    outer loop
      vertex   3.679000e-01  4.768168e-03  6.020964e-01
      vertex   3.678000e-01  3.680991e-03  6.017021e-01
      vertex   3.679000e-01  3.182590e-03  6.014145e-01
    endloop
  endfacet
  facet normal  8.111613e-01 -1.615913e-01  5.620548e-01
    outer loop
      vertex   3.679000e-01  3.182590e-03  6.014145e-01
      vertex   3.678000e-01  3.680991e-03  6.017021e-01
      vertex   3.678000e-01  1.819674e-03  6.011670e-01
    endloop
  endfacet
  facet normal  6.304266e-01 -1.832501e-01  7.543088e-01
    outer loop
      vertex   3.679000e-01  3.182590e-03  6.014145e-01
      vertex   3.678000e-01  1.819674e-03  6.011670e-01
      vertex   3.679000e-01  1.570399e-03  6.010228e-01
    endloop
  endfacet
  facet normal  1.494472e-03 -9.133460e-02  9.958192e-01
    outer loop
      vertex   3.610000e-01  4.549533e-04  6.242917e-01
      vertex   3.610000e-01  4.558185e-08  6.242500e-01
      vertex   3.645000e-01  3.887472e-04  6.242804e-01
    endloop
  endfacet
  facet normal -5.857793e-09 -7.796678e-02  9.969560e-01
    outer loop
      vertex   3.645000e-01  3.887472e-04  6.242804e-01
      vertex   3.610000e-01  4.558185e-08  6.242500e-01
      vertex   3.680000e-01  4.505337e-08  6.242500e-01
    endloop
  endfacet
  facet normal -1.494473e-03 -9.133460e-02  9.958192e-01
    outer loop
      vertex   3.645000e-01  3.887472e-04  6.242804e-01
      vertex   3.680000e-01  4.505337e-08  6.242500e-01
      vertex   3.680000e-01  4.549527e-04  6.242917e-01
    endloop
  endfacet
  facet normal  1.322652e-03 -2.361418e-01  9.717177e-01
    outer loop
      vertex   3.645000e-01  3.887472e-04  6.242804e-01
      vertex   3.680000e-01  4.549527e-04  6.242917e-01
      vertex   3.645000e-01  7.878043e-04  6.243774e-01
    endloop
  endfacet
  facet normal -2.763585e-03 -2.763642e-01  9.610490e-01
    outer loop
      vertex   3.645000e-01  7.878043e-04  6.243774e-01
      vertex   3.680000e-01  4.549527e-04  6.242917e-01
      vertex   3.680000e-01  9.202819e-04  6.244255e-01
    endloop
  endfacet
  facet normal  2.309215e-03 -3.949849e-01  9.186847e-01
    outer loop
      vertex   3.645000e-01  7.878043e-04  6.243774e-01
      vertex   3.680000e-01  9.202819e-04  6.244255e-01
      vertex   3.645000e-01  1.180274e-03  6.245461e-01
    endloop
  endfacet
  facet normal -3.579922e-03 -4.599939e-01  8.879148e-01
    outer loop
      vertex   3.645000e-01  1.180274e-03  6.245461e-01
      vertex   3.680000e-01  9.202819e-04  6.244255e-01
      vertex   3.680000e-01  1.368070e-03  6.246575e-01
    endloop
  endfacet
  facet normal  2.745728e-03 -5.475479e-01  8.367698e-01
    outer loop
      vertex   3.645000e-01  1.180274e-03  6.245461e-01
      vertex   3.680000e-01  1.368070e-03  6.246575e-01
      vertex   3.645000e-01  1.546997e-03  6.247861e-01
    endloop
  endfacet
  facet normal -3.721607e-03 -6.305126e-01  7.761701e-01
    outer loop
      vertex   3.645000e-01  1.546997e-03  6.247861e-01
      vertex   3.680000e-01  1.368070e-03  6.246575e-01
      vertex   3.680000e-01  1.767812e-03  6.249822e-01
    endloop
  endfacet
  facet normal  2.491792e-03 -6.859175e-01  7.276750e-01
    outer loop
      vertex   3.645000e-01  1.546997e-03  6.247861e-01
      vertex   3.680000e-01  1.767812e-03  6.249822e-01
      vertex   3.645000e-01  1.869233e-03  6.250898e-01
    endloop
  endfacet
  facet normal -3.111758e-03 -7.761956e-01  6.304845e-01
    outer loop
      vertex   3.645000e-01  1.869233e-03  6.250898e-01
      vertex   3.680000e-01  1.767812e-03  6.249822e-01
      vertex   3.680000e-01  2.092534e-03  6.253820e-01
    endloop
  endfacet
  facet normal  1.528084e-03 -8.032781e-01  5.956022e-01
    outer loop
      vertex   3.645000e-01  1.869233e-03  6.250898e-01
      vertex   3.680000e-01  2.092534e-03  6.253820e-01
      vertex   3.645000e-01  2.131617e-03  6.254437e-01
    endloop
  endfacet
  facet normal -1.806505e-03 -8.879027e-01  4.600277e-01
    outer loop
      vertex   3.645000e-01  2.131617e-03  6.254437e-01
      vertex   3.680000e-01  2.092534e-03  6.253820e-01
      vertex   3.680000e-01  2.324516e-03  6.258298e-01
    endloop
  endfacet
  facet normal -6.115241e-08 -8.945484e-01  4.469710e-01
    outer loop
      vertex   3.645000e-01  2.131617e-03  6.254437e-01
      vertex   3.680000e-01  2.324516e-03  6.258298e-01
      vertex   3.645000e-01  2.324516e-03  6.258298e-01
    endloop
  endfacet
  facet normal -6.367817e-08 -9.572389e-01  2.892988e-01
    outer loop
      vertex   3.645000e-01  2.324516e-03  6.258298e-01
      vertex   3.680000e-01  2.324516e-03  6.258298e-01
      vertex   3.645000e-01  2.445083e-03  6.262287e-01
    endloop
  endfacet
  facet normal -6.367871e-08 -9.572388e-01  2.892988e-01
    outer loop
      vertex   3.645000e-01  2.324516e-03  6.258298e-01
      vertex   3.645000e-01  2.445083e-03  6.262287e-01
      vertex   3.610000e-01  2.324516e-03  6.258298e-01
    endloop
  endfacet
  facet normal  1.610425e-03 -9.610628e-01  2.763252e-01
    outer loop
      vertex   3.610000e-01  2.324516e-03  6.258298e-01
      vertex   3.645000e-01  2.445083e-03  6.262287e-01
      vertex   3.610000e-01  2.458309e-03  6.262951e-01
    endloop
  endfacet
  facet normal -1.768964e-03 -9.944862e-01  1.048521e-01
    outer loop
      vertex   3.610000e-01  2.458309e-03  6.262951e-01
      vertex   3.645000e-01  2.445083e-03  6.262287e-01
      vertex   3.645000e-01  2.500046e-03  6.267500e-01
    endloop
  endfacet
  facet normal -6.666173e-08 -9.958175e-01  9.136452e-02
    outer loop
      vertex   3.610000e-01  2.458309e-03  6.262951e-01
      vertex   3.645000e-01  2.500046e-03  6.267500e-01
      vertex   3.610000e-01  2.500046e-03  6.267500e-01
    endloop
  endfacet
  facet normal -6.624509e-08 -9.958175e-01 -9.136452e-02
    outer loop
      vertex   3.610000e-01  2.500046e-03  6.267500e-01
      vertex   3.645000e-01  2.500046e-03  6.267500e-01
      vertex   3.610000e-01  2.458309e-03  6.272049e-01
    endloop
  endfacet
  facet normal -1.767408e-03 -9.944875e-01 -1.048403e-01
    outer loop
      vertex   3.610000e-01  2.458309e-03  6.272049e-01
      vertex   3.645000e-01  2.500046e-03  6.267500e-01
      vertex   3.645000e-01  2.445083e-03  6.272714e-01
    endloop
  endfacet
  facet normal  1.615131e-03 -9.610628e-01 -2.763252e-01
    outer loop
      vertex   3.610000e-01  2.458309e-03  6.272049e-01
      vertex   3.645000e-01  2.445083e-03  6.272714e-01
      vertex   3.610000e-01  2.324516e-03  6.276702e-01
    endloop
  endfacet
  facet normal -3.395353e-03 -9.485806e-01 -3.165175e-01
    outer loop
      vertex   3.610000e-01  2.324516e-03  6.276702e-01
      vertex   3.645000e-01  2.445083e-03  6.272714e-01
      vertex   3.645000e-01  2.268254e-03  6.278013e-01
    endloop
  endfacet
  facet normal  2.952118e-03 -8.879255e-01 -4.599778e-01
    outer loop
      vertex   3.610000e-01  2.324516e-03  6.276702e-01
      vertex   3.645000e-01  2.268254e-03  6.278013e-01
      vertex   3.610000e-01  2.092535e-03  6.281180e-01
    endloop
  endfacet
  facet normal -4.560597e-03 -8.522102e-01 -5.231798e-01
    outer loop
      vertex   3.610000e-01  2.092535e-03  6.281180e-01
      vertex   3.645000e-01  2.268254e-03  6.278013e-01
      vertex   3.645000e-01  1.963956e-03  6.282970e-01
    endloop
  endfacet
  facet normal  3.722358e-03 -7.761481e-01 -6.305396e-01
    outer loop
      vertex   3.610000e-01  2.092535e-03  6.281180e-01
      vertex   3.645000e-01  1.963956e-03  6.282970e-01
      vertex   3.610000e-01  1.767813e-03  6.285177e-01
    endloop
  endfacet
  facet normal -4.978993e-03 -7.070771e-01 -7.071188e-01
    outer loop
      vertex   3.610000e-01  1.767813e-03  6.285177e-01
      vertex   3.645000e-01  1.963956e-03  6.282970e-01
      vertex   3.645000e-01  1.546997e-03  6.287139e-01
    endloop
  endfacet
  facet normal  3.721525e-03 -6.305127e-01 -7.761700e-01
    outer loop
      vertex   3.610000e-01  1.767813e-03  6.285177e-01
      vertex   3.645000e-01  1.546997e-03  6.287139e-01
      vertex   3.610000e-01  1.368070e-03  6.288425e-01
    endloop
  endfacet
  facet normal -4.559057e-03 -5.231761e-01 -8.522125e-01
    outer loop
      vertex   3.610000e-01  1.368070e-03  6.288425e-01
      vertex   3.645000e-01  1.546997e-03  6.287139e-01
      vertex   3.645000e-01  1.051346e-03  6.290182e-01
    endloop
  endfacet
  facet normal  2.950922e-03 -4.599949e-01 -8.879167e-01
    outer loop
      vertex   3.610000e-01  1.368070e-03  6.288425e-01
      vertex   3.645000e-01  1.051346e-03  6.290182e-01
      vertex   3.610000e-01  9.202827e-04  6.290745e-01
    endloop
  endfacet
  facet normal -3.396275e-03 -3.165367e-01 -9.485742e-01
    outer loop
      vertex   3.610000e-01  9.202827e-04  6.290745e-01
      vertex   3.645000e-01  1.051346e-03  6.290182e-01
      vertex   3.645000e-01  5.213837e-04  6.291950e-01
    endloop
  endfacet
  facet normal  1.612027e-03 -2.763649e-01 -9.610514e-01
    outer loop
      vertex   3.610000e-01  9.202827e-04  6.290745e-01
      vertex   3.645000e-01  5.213837e-04  6.291950e-01
      vertex   3.610000e-01  4.549536e-04  6.292083e-01
    endloop
  endfacet
  facet normal -2.031307e-03 -9.133451e-02 -9.958181e-01
    outer loop
      vertex   3.610000e-01  4.549536e-04  6.292083e-01
      vertex   3.645000e-01  5.213837e-04  6.291950e-01
      vertex   3.610000e-01  4.595934e-08  6.292500e-01
    endloop
  endfacet
  facet normal  1.568203e-03 -1.152381e-01 -9.933367e-01
    outer loop
      vertex   3.610000e-01  4.595934e-08  6.292500e-01
      vertex   3.645000e-01  5.213837e-04  6.291950e-01
      vertex   3.680000e-01  4.549531e-04  6.292083e-01
    endloop
  endfacet
  facet normal -6.895607e-09 -9.133470e-02 -9.958202e-01
    outer loop
      vertex   3.610000e-01  4.595934e-08  6.292500e-01
      vertex   3.680000e-01  4.549531e-04  6.292083e-01
      vertex   3.680000e-01  4.543086e-08  6.292500e-01
    endloop
  endfacet
  facet normal -1.610540e-03 -9.610628e-01  2.763252e-01
    outer loop
      vertex   3.680000e-01  2.324516e-03  6.258298e-01
      vertex   3.680000e-01  2.458309e-03  6.262951e-01
      vertex   3.645000e-01  2.445083e-03  6.262287e-01
    endloop
  endfacet
  facet normal  1.768816e-03 -9.944863e-01  1.048521e-01
    outer loop
      vertex   3.645000e-01  2.445083e-03  6.262287e-01
      vertex   3.680000e-01  2.458309e-03  6.262951e-01
      vertex   3.645000e-01  2.500046e-03  6.267500e-01
    endloop
  endfacet
  facet normal -6.555015e-08 -9.958175e-01  9.136452e-02
    outer loop
      vertex   3.680000e-01  2.458309e-03  6.262951e-01
      vertex   3.680000e-01  2.500045e-03  6.267500e-01
      vertex   3.645000e-01  2.500046e-03  6.267500e-01
    endloop
  endfacet
  facet normal -6.624454e-08 -9.958175e-01 -9.136452e-02
    outer loop
      vertex   3.645000e-01  2.500046e-03  6.267500e-01
      vertex   3.680000e-01  2.500045e-03  6.267500e-01
      vertex   3.680000e-01  2.458309e-03  6.272049e-01
    endloop
  endfacet
  facet normal  1.767261e-03 -9.944876e-01 -1.048403e-01
    outer loop
      vertex   3.645000e-01  2.500046e-03  6.267500e-01
      vertex   3.680000e-01  2.458309e-03  6.272049e-01
      vertex   3.645000e-01  2.445083e-03  6.272714e-01
    endloop
  endfacet
  facet normal -1.615245e-03 -9.610628e-01 -2.763252e-01
    outer loop
      vertex   3.645000e-01  2.445083e-03  6.272714e-01
      vertex   3.680000e-01  2.458309e-03  6.272049e-01
      vertex   3.680000e-01  2.324516e-03  6.276702e-01
    endloop
  endfacet
  facet normal  3.395198e-03 -9.485806e-01 -3.165175e-01
    outer loop
      vertex   3.645000e-01  2.445083e-03  6.272714e-01
      vertex   3.680000e-01  2.324516e-03  6.276702e-01
      vertex   3.645000e-01  2.268254e-03  6.278013e-01
    endloop
  endfacet
  facet normal -2.952212e-03 -8.879255e-01 -4.599778e-01
    outer loop
      vertex   3.645000e-01  2.268254e-03  6.278013e-01
      vertex   3.680000e-01  2.324516e-03  6.276702e-01
      vertex   3.680000e-01  2.092534e-03  6.281180e-01
    endloop
  endfacet
  facet normal  4.560445e-03 -8.522102e-01 -5.231798e-01
    outer loop
      vertex   3.645000e-01  2.268254e-03  6.278013e-01
      vertex   3.680000e-01  2.092534e-03  6.281180e-01
      vertex   3.645000e-01  1.963956e-03  6.282970e-01
    endloop
  endfacet
  facet normal -3.722441e-03 -7.761480e-01 -6.305397e-01
    outer loop
      vertex   3.645000e-01  1.963956e-03  6.282970e-01
      vertex   3.680000e-01  2.092534e-03  6.281180e-01
      vertex   3.680000e-01  1.767812e-03  6.285177e-01
    endloop
  endfacet
  facet normal  4.978830e-03 -7.070772e-01 -7.071189e-01
    outer loop
      vertex   3.645000e-01  1.963956e-03  6.282970e-01
      vertex   3.680000e-01  1.767812e-03  6.285177e-01
      vertex   3.645000e-01  1.546997e-03  6.287139e-01
    endloop
  endfacet
  facet normal -3.721596e-03 -6.305127e-01 -7.761700e-01
    outer loop
      vertex   3.645000e-01  1.546997e-03  6.287139e-01
      vertex   3.680000e-01  1.767812e-03  6.285177e-01
      vertex   3.680000e-01  1.368070e-03  6.288425e-01
    endloop
  endfacet
  facet normal  4.558929e-03 -5.231761e-01 -8.522124e-01
    outer loop
      vertex   3.645000e-01  1.546997e-03  6.287139e-01
      vertex   3.680000e-01  1.368070e-03  6.288425e-01
      vertex   3.645000e-01  1.051346e-03  6.290182e-01
    endloop
  endfacet
  facet normal -2.950969e-03 -4.599949e-01 -8.879167e-01
    outer loop
      vertex   3.645000e-01  1.051346e-03  6.290182e-01
      vertex   3.680000e-01  1.368070e-03  6.288425e-01
      vertex   3.680000e-01  9.202822e-04  6.290745e-01
    endloop
  endfacet
  facet normal  3.396199e-03 -3.165366e-01 -9.485742e-01
    outer loop
      vertex   3.645000e-01  1.051346e-03  6.290182e-01
      vertex   3.680000e-01  9.202822e-04  6.290745e-01
      vertex   3.645000e-01  5.213837e-04  6.291950e-01
    endloop
  endfacet
  facet normal -1.612055e-03 -2.763649e-01 -9.610514e-01
    outer loop
      vertex   3.645000e-01  5.213837e-04  6.291950e-01
      vertex   3.680000e-01  9.202822e-04  6.290745e-01
      vertex   3.680000e-01  4.549531e-04  6.292083e-01
    endloop
  endfacet
  facet normal -5.950834e-08 -8.945484e-01  4.469710e-01
    outer loop
      vertex   3.645000e-01  2.324516e-03  6.258298e-01
      vertex   3.610000e-01  2.324516e-03  6.258298e-01
      vertex   3.645000e-01  2.131617e-03  6.254437e-01
    endloop
  endfacet
  facet normal  1.806402e-03 -8.879027e-01  4.600277e-01
    outer loop
      vertex   3.645000e-01  2.131617e-03  6.254437e-01
      vertex   3.610000e-01  2.324516e-03  6.258298e-01
      vertex   3.610000e-01  2.092534e-03  6.253820e-01
    endloop
  endfacet
  facet normal -1.528206e-03 -8.032781e-01  5.956022e-01
    outer loop
      vertex   3.645000e-01  2.131617e-03  6.254437e-01
      vertex   3.610000e-01  2.092534e-03  6.253820e-01
      vertex   3.645000e-01  1.869233e-03  6.250898e-01
    endloop
  endfacet
  facet normal  3.111662e-03 -7.761957e-01  6.304843e-01
    outer loop
      vertex   3.645000e-01  1.869233e-03  6.250898e-01
      vertex   3.610000e-01  2.092534e-03  6.253820e-01
      vertex   3.610000e-01  1.767813e-03  6.249822e-01
    endloop
  endfacet
  facet normal -2.491928e-03 -6.859175e-01  7.276751e-01
    outer loop
      vertex   3.645000e-01  1.869233e-03  6.250898e-01
      vertex   3.610000e-01  1.767813e-03  6.249822e-01
      vertex   3.645000e-01  1.546997e-03  6.247861e-01
    endloop
  endfacet
  facet normal  3.721535e-03 -6.305126e-01  7.761701e-01
    outer loop
      vertex   3.645000e-01  1.546997e-03  6.247861e-01
      vertex   3.610000e-01  1.767813e-03  6.249822e-01
      vertex   3.610000e-01  1.368070e-03  6.246575e-01
    endloop
  endfacet
  facet normal -2.745842e-03 -5.475479e-01  8.367698e-01
    outer loop
      vertex   3.645000e-01  1.546997e-03  6.247861e-01
      vertex   3.610000e-01  1.368070e-03  6.246575e-01
      vertex   3.645000e-01  1.180274e-03  6.245461e-01
    endloop
  endfacet
  facet normal  3.579879e-03 -4.599939e-01  8.879148e-01
    outer loop
      vertex   3.645000e-01  1.180274e-03  6.245461e-01
      vertex   3.610000e-01  1.368070e-03  6.246575e-01
      vertex   3.610000e-01  9.202824e-04  6.244255e-01
    endloop
  endfacet
  facet normal -2.309294e-03 -3.949849e-01  9.186848e-01
    outer loop
      vertex   3.645000e-01  1.180274e-03  6.245461e-01
      vertex   3.610000e-01  9.202824e-04  6.244255e-01
      vertex   3.645000e-01  7.878043e-04  6.243774e-01
    endloop
  endfacet
  facet normal  2.763567e-03 -2.763642e-01  9.610490e-01
    outer loop
      vertex   3.645000e-01  7.878043e-04  6.243774e-01
      vertex   3.610000e-01  9.202824e-04  6.244255e-01
      vertex   3.610000e-01  4.549533e-04  6.242917e-01
    endloop
  endfacet
  facet normal -1.322699e-03 -2.361418e-01  9.717178e-01
    outer loop
      vertex   3.645000e-01  7.878043e-04  6.243774e-01
      vertex   3.610000e-01  4.549533e-04  6.242917e-01
      vertex   3.645000e-01  3.887472e-04  6.242804e-01
    endloop
  endfacet
  facet normal  1.104372e-03 -9.133440e-02  9.958197e-01
    outer loop
      vertex   3.600000e-01 -1.075476e-02  6.200720e-01
      vertex   3.600000e-01 -1.113689e-02  6.200370e-01
      vertex   3.640000e-01 -1.081038e-02  6.200625e-01
    endloop
  endfacet
  facet normal  0.000000e+00 -7.789420e-02  9.969616e-01
    outer loop
      vertex   3.640000e-01 -1.081038e-02  6.200625e-01
      vertex   3.600000e-01 -1.113689e-02  6.200370e-01
      vertex   3.680000e-01 -1.113689e-02  6.200370e-01
    endloop
  endfacet
  facet normal -1.104372e-03 -9.133440e-02  9.958197e-01
    outer loop
      vertex   3.640000e-01 -1.081038e-02  6.200625e-01
      vertex   3.680000e-01 -1.113689e-02  6.200370e-01
      vertex   3.680000e-01 -1.075476e-02  6.200720e-01
    endloop
  endfacet
  facet normal  9.647807e-04 -2.360314e-01  9.717450e-01
    outer loop
      vertex   3.640000e-01 -1.081038e-02  6.200625e-01
      vertex   3.680000e-01 -1.075476e-02  6.200720e-01
      vertex   3.640000e-01 -1.047517e-02  6.201439e-01
    endloop
  endfacet
  facet normal -2.038525e-03 -2.762566e-01  9.610817e-01
    outer loop
      vertex   3.640000e-01 -1.047517e-02  6.201439e-01
      vertex   3.680000e-01 -1.075476e-02  6.200720e-01
      vertex   3.680000e-01 -1.036389e-02  6.201844e-01
    endloop
  endfacet
  facet normal  1.697850e-03 -3.951201e-01  9.186279e-01
    outer loop
      vertex   3.640000e-01 -1.047517e-02  6.201439e-01
      vertex   3.680000e-01 -1.036389e-02  6.201844e-01
      vertex   3.640000e-01 -1.014550e-02  6.202857e-01
    endloop
  endfacet
  facet normal -2.627566e-03 -4.600752e-01  8.878761e-01
    outer loop
      vertex   3.640000e-01 -1.014550e-02  6.202857e-01
      vertex   3.680000e-01 -1.036389e-02  6.201844e-01
      vertex   3.680000e-01 -9.987746e-03  6.203793e-01
    endloop
  endfacet
  facet normal  2.018668e-03 -5.475658e-01  8.367601e-01
    outer loop
      vertex   3.640000e-01 -1.014550e-02  6.202857e-01
      vertex   3.680000e-01 -9.987746e-03  6.203793e-01
      vertex   3.640000e-01 -9.837448e-03  6.204873e-01
    endloop
  endfacet
  facet normal -2.732435e-03 -6.304880e-01  7.761941e-01
    outer loop
      vertex   3.640000e-01 -9.837448e-03  6.204873e-01
      vertex   3.680000e-01 -9.987746e-03  6.203793e-01
      vertex   3.680000e-01 -9.651963e-03  6.206520e-01
    endloop
  endfacet
  facet normal  1.831638e-03 -6.858646e-01  7.277270e-01
    outer loop
      vertex   3.640000e-01 -9.837448e-03  6.204873e-01
      vertex   3.680000e-01 -9.651963e-03  6.206520e-01
      vertex   3.640000e-01 -9.566769e-03  6.207424e-01
    endloop
  endfacet
  facet normal -2.286663e-03 -7.761499e-01  6.305443e-01
    outer loop
      vertex   3.640000e-01 -9.566769e-03  6.207424e-01
      vertex   3.680000e-01 -9.651963e-03  6.206520e-01
      vertex   3.680000e-01 -9.379197e-03  6.209878e-01
    endloop
  endfacet
  facet normal  1.128419e-03 -8.032734e-01  5.956094e-01
    outer loop
      vertex   3.640000e-01 -9.566769e-03  6.207424e-01
      vertex   3.680000e-01 -9.379197e-03  6.209878e-01
      vertex   3.640000e-01 -9.346366e-03  6.210396e-01
    endloop
  endfacet
  facet normal -1.324771e-03 -8.879304e-01  4.599759e-01
    outer loop
      vertex   3.640000e-01 -9.346366e-03  6.210396e-01
      vertex   3.680000e-01 -9.379197e-03  6.209878e-01
      vertex   3.680000e-01 -9.184332e-03  6.213639e-01
    endloop
  endfacet
  facet normal  0.000000e+00 -8.945597e-01  4.469485e-01
    outer loop
      vertex   3.640000e-01 -9.346366e-03  6.210396e-01
      vertex   3.680000e-01 -9.184332e-03  6.213639e-01
      vertex   3.640000e-01 -9.184332e-03  6.213639e-01
    endloop
  endfacet
  facet normal  0.000000e+00 -9.572372e-01  2.893038e-01
    outer loop
      vertex   3.640000e-01 -9.184332e-03  6.213639e-01
      vertex   3.680000e-01 -9.184332e-03  6.213639e-01
      vertex   3.640000e-01 -9.083056e-03  6.216990e-01
    endloop
  endfacet
  facet normal  0.000000e+00 -9.572372e-01  2.893038e-01
    outer loop
      vertex   3.640000e-01 -9.184332e-03  6.213639e-01
      vertex   3.640000e-01 -9.083056e-03  6.216990e-01
      vertex   3.600000e-01 -9.184332e-03  6.213639e-01
    endloop
  endfacet
  facet normal  1.184470e-03 -9.610645e-01  2.763216e-01
    outer loop
      vertex   3.600000e-01 -9.184332e-03  6.213639e-01
      vertex   3.640000e-01 -9.083056e-03  6.216990e-01
      vertex   3.600000e-01 -9.071945e-03  6.217548e-01
    endloop
  endfacet
  facet normal -1.300008e-03 -9.944876e-01  1.048466e-01
    outer loop
      vertex   3.600000e-01 -9.071945e-03  6.217548e-01
      vertex   3.640000e-01 -9.083056e-03  6.216990e-01
      vertex   3.640000e-01 -9.036887e-03  6.221370e-01
    endloop
  endfacet
  facet normal  0.000000e+00 -9.958179e-01  9.136049e-02
    outer loop
      vertex   3.600000e-01 -9.071945e-03  6.217548e-01
      vertex   3.640000e-01 -9.036887e-03  6.221370e-01
      vertex   3.600000e-01 -9.036887e-03  6.221370e-01
    endloop
  endfacet
  facet normal  0.000000e+00 -9.958179e-01 -9.136049e-02
    outer loop
      vertex   3.600000e-01 -9.036887e-03  6.221370e-01
      vertex   3.640000e-01 -9.036887e-03  6.221370e-01
      vertex   3.600000e-01 -9.071945e-03  6.225191e-01
    endloop
  endfacet
  facet normal -1.300008e-03 -9.944876e-01 -1.048466e-01
    outer loop
      vertex   3.600000e-01 -9.071945e-03  6.225191e-01
      vertex   3.640000e-01 -9.036887e-03  6.221370e-01
      vertex   3.640000e-01 -9.083056e-03  6.225749e-01
    endloop
  endfacet
  facet normal  1.184470e-03 -9.610645e-01 -2.763216e-01
    outer loop
      vertex   3.600000e-01 -9.071945e-03  6.225191e-01
      vertex   3.640000e-01 -9.083056e-03  6.225749e-01
      vertex   3.600000e-01 -9.184332e-03  6.229100e-01
    endloop
  endfacet
  facet normal -2.497028e-03 -9.485902e-01 -3.164971e-01
    outer loop
      vertex   3.600000e-01 -9.184332e-03  6.229100e-01
      vertex   3.640000e-01 -9.083056e-03  6.225749e-01
      vertex   3.640000e-01 -9.231593e-03  6.230201e-01
    endloop
  endfacet
  facet normal  2.170492e-03 -8.878993e-01 -4.600327e-01
    outer loop
      vertex   3.600000e-01 -9.184332e-03  6.229100e-01
      vertex   3.640000e-01 -9.231593e-03  6.230201e-01
      vertex   3.600000e-01 -9.379197e-03  6.232861e-01
    endloop
  endfacet
  facet normal -3.348102e-03 -8.521998e-01 -5.232058e-01
    outer loop
      vertex   3.600000e-01 -9.379197e-03  6.232861e-01
      vertex   3.640000e-01 -9.231593e-03  6.230201e-01
      vertex   3.640000e-01 -9.487202e-03  6.234364e-01
    endloop
  endfacet
  facet normal  2.735181e-03 -7.762038e-01 -6.304761e-01
    outer loop
      vertex   3.600000e-01 -9.379197e-03  6.232861e-01
      vertex   3.640000e-01 -9.487202e-03  6.234364e-01
      vertex   3.600000e-01 -9.651963e-03  6.236219e-01
    endloop
  endfacet
  facet normal -3.665180e-03 -7.070935e-01 -7.071105e-01
    outer loop
      vertex   3.600000e-01 -9.651963e-03  6.236219e-01
      vertex   3.640000e-01 -9.487202e-03  6.234364e-01
      vertex   3.640000e-01 -9.837448e-03  6.237866e-01
    endloop
  endfacet
  facet normal  2.732436e-03 -6.304880e-01 -7.761942e-01
    outer loop
      vertex   3.600000e-01 -9.651963e-03  6.236219e-01
      vertex   3.640000e-01 -9.837448e-03  6.237866e-01
      vertex   3.600000e-01 -9.987746e-03  6.238946e-01
    endloop
  endfacet
  facet normal -3.353311e-03 -5.231608e-01 -8.522274e-01
    outer loop
      vertex   3.600000e-01 -9.987746e-03  6.238946e-01
      vertex   3.640000e-01 -9.837448e-03  6.237866e-01
      vertex   3.640000e-01 -1.025379e-02  6.240422e-01
    endloop
  endfacet
  facet normal  2.167393e-03 -4.599648e-01 -8.879346e-01
    outer loop
      vertex   3.600000e-01 -9.987746e-03  6.238946e-01
      vertex   3.640000e-01 -1.025379e-02  6.240422e-01
      vertex   3.600000e-01 -1.036389e-02  6.240895e-01
    endloop
  endfacet
  facet normal -2.497796e-03 -3.165054e-01 -9.485874e-01
    outer loop
      vertex   3.600000e-01 -1.036389e-02  6.240895e-01
      vertex   3.640000e-01 -1.025379e-02  6.240422e-01
      vertex   3.640000e-01 -1.069896e-02  6.241907e-01
    endloop
  endfacet
  facet normal  1.177781e-03 -2.763924e-01 -9.610441e-01
    outer loop
      vertex   3.600000e-01 -1.036389e-02  6.240895e-01
      vertex   3.640000e-01 -1.069896e-02  6.241907e-01
      vertex   3.600000e-01 -1.075476e-02  6.242019e-01
    endloop
  endfacet
  facet normal -1.500724e-03 -9.133435e-02 -9.958192e-01
    outer loop
      vertex   3.600000e-01 -1.075476e-02  6.242019e-01
      vertex   3.640000e-01 -1.069896e-02  6.241907e-01
      vertex   3.600000e-01 -1.113689e-02  6.242369e-01
    endloop
  endfacet
  facet normal  1.158588e-03 -1.153612e-01 -9.933230e-01
    outer loop
      vertex   3.600000e-01 -1.113689e-02  6.242369e-01
      vertex   3.640000e-01 -1.069896e-02  6.241907e-01
      vertex   3.680000e-01 -1.075476e-02  6.242019e-01
    endloop
  endfacet
  facet normal  0.000000e+00 -9.133445e-02 -9.958203e-01
    outer loop
      vertex   3.600000e-01 -1.113689e-02  6.242369e-01
      vertex   3.680000e-01 -1.075476e-02  6.242019e-01
      vertex   3.680000e-01 -1.113689e-02  6.242369e-01
    endloop
  endfacet
  facet normal -1.184470e-03 -9.610645e-01  2.763216e-01
    outer loop
      vertex   3.680000e-01 -9.184332e-03  6.213639e-01
      vertex   3.680000e-01 -9.071945e-03  6.217548e-01
      vertex   3.640000e-01 -9.083056e-03  6.216990e-01
    endloop
  endfacet
  facet normal  1.300008e-03 -9.944876e-01  1.048466e-01
    outer loop
      vertex   3.640000e-01 -9.083056e-03  6.216990e-01
      vertex   3.680000e-01 -9.071945e-03  6.217548e-01
      vertex   3.640000e-01 -9.036887e-03  6.221370e-01
    endloop
  endfacet
  facet normal  0.000000e+00 -9.958179e-01  9.136049e-02
    outer loop
      vertex   3.680000e-01 -9.071945e-03  6.217548e-01
      vertex   3.680000e-01 -9.036887e-03  6.221370e-01
      vertex   3.640000e-01 -9.036887e-03  6.221370e-01
    endloop
  endfacet
  facet normal  0.000000e+00 -9.958179e-01 -9.136049e-02
    outer loop
      vertex   3.640000e-01 -9.036887e-03  6.221370e-01
      vertex   3.680000e-01 -9.036887e-03  6.221370e-01
      vertex   3.680000e-01 -9.071945e-03  6.225191e-01
    endloop
  endfacet
  facet normal  1.300008e-03 -9.944876e-01 -1.048466e-01
    outer loop
      vertex   3.640000e-01 -9.036887e-03  6.221370e-01
      vertex   3.680000e-01 -9.071945e-03  6.225191e-01
      vertex   3.640000e-01 -9.083056e-03  6.225749e-01
    endloop
  endfacet
  facet normal -1.184470e-03 -9.610645e-01 -2.763216e-01
    outer loop
      vertex   3.640000e-01 -9.083056e-03  6.225749e-01
      vertex   3.680000e-01 -9.071945e-03  6.225191e-01
      vertex   3.680000e-01 -9.184332e-03  6.229100e-01
    endloop
  endfacet
  facet normal  2.497028e-03 -9.485902e-01 -3.164971e-01
    outer loop
      vertex   3.640000e-01 -9.083056e-03  6.225749e-01
      vertex   3.680000e-01 -9.184332e-03  6.229100e-01
      vertex   3.640000e-01 -9.231593e-03  6.230201e-01
    endloop
  endfacet
  facet normal -2.170492e-03 -8.878994e-01 -4.600327e-01
    outer loop
      vertex   3.640000e-01 -9.231593e-03  6.230201e-01
      vertex   3.680000e-01 -9.184332e-03  6.229100e-01
      vertex   3.680000e-01 -9.379197e-03  6.232861e-01
    endloop
  endfacet
  facet normal  3.348101e-03 -8.521998e-01 -5.232058e-01
    outer loop
      vertex   3.640000e-01 -9.231593e-03  6.230201e-01
      vertex   3.680000e-01 -9.379197e-03  6.232861e-01
      vertex   3.640000e-01 -9.487202e-03  6.234364e-01
    endloop
  endfacet
  facet normal -2.735182e-03 -7.762038e-01 -6.304761e-01
    outer loop
      vertex   3.640000e-01 -9.487202e-03  6.234364e-01
      vertex   3.680000e-01 -9.379197e-03  6.232861e-01
      vertex   3.680000e-01 -9.651963e-03  6.236219e-01
    endloop
  endfacet
  facet normal  3.665181e-03 -7.070935e-01 -7.071105e-01
    outer loop
      vertex   3.640000e-01 -9.487202e-03  6.234364e-01
      vertex   3.680000e-01 -9.651963e-03  6.236219e-01
      vertex   3.640000e-01 -9.837448e-03  6.237866e-01
    endloop
  endfacet
  facet normal -2.732435e-03 -6.304880e-01 -7.761941e-01
    outer loop
      vertex   3.640000e-01 -9.837448e-03  6.237866e-01
      vertex   3.680000e-01 -9.651963e-03  6.236219e-01
      vertex   3.680000e-01 -9.987746e-03  6.238946e-01
    endloop
  endfacet
  facet normal  3.353311e-03 -5.231608e-01 -8.522274e-01
    outer loop
      vertex   3.640000e-01 -9.837448e-03  6.237866e-01
      vertex   3.680000e-01 -9.987746e-03  6.238946e-01
      vertex   3.640000e-01 -1.025379e-02  6.240422e-01
    endloop
  endfacet
  facet normal -2.167394e-03 -4.599648e-01 -8.879346e-01
    outer loop
      vertex   3.640000e-01 -1.025379e-02  6.240422e-01
      vertex   3.680000e-01 -9.987746e-03  6.238946e-01
      vertex   3.680000e-01 -1.036389e-02  6.240895e-01
    endloop
  endfacet
  facet normal  2.497795e-03 -3.165054e-01 -9.485874e-01
    outer loop
      vertex   3.640000e-01 -1.025379e-02  6.240422e-01
      vertex   3.680000e-01 -1.036389e-02  6.240895e-01
      vertex   3.640000e-01 -1.069896e-02  6.241907e-01
    endloop
  endfacet
  facet normal -1.177782e-03 -2.763923e-01 -9.610441e-01
    outer loop
      vertex   3.640000e-01 -1.069896e-02  6.241907e-01
      vertex   3.680000e-01 -1.036389e-02  6.240895e-01
      vertex   3.680000e-01 -1.075476e-02  6.242019e-01
    endloop
  endfacet
  facet normal  0.000000e+00 -8.945597e-01  4.469485e-01
    outer loop
      vertex   3.640000e-01 -9.184332e-03  6.213639e-01
      vertex   3.600000e-01 -9.184332e-03  6.213639e-01
      vertex   3.640000e-01 -9.346366e-03  6.210396e-01
    endloop
  endfacet
  facet normal  1.324771e-03 -8.879304e-01  4.599759e-01
    outer loop
      vertex   3.640000e-01 -9.346366e-03  6.210396e-01
      vertex   3.600000e-01 -9.184332e-03  6.213639e-01
      vertex   3.600000e-01 -9.379197e-03  6.209878e-01
    endloop
  endfacet
  facet normal -1.128420e-03 -8.032734e-01  5.956094e-01
    outer loop
      vertex   3.640000e-01 -9.346366e-03  6.210396e-01
      vertex   3.600000e-01 -9.379197e-03  6.209878e-01
      vertex   3.640000e-01 -9.566769e-03  6.207424e-01
    endloop
  endfacet
  facet normal  2.286663e-03 -7.761499e-01  6.305443e-01
    outer loop
      vertex   3.640000e-01 -9.566769e-03  6.207424e-01
      vertex   3.600000e-01 -9.379197e-03  6.209878e-01
      vertex   3.600000e-01 -9.651963e-03  6.206520e-01
    endloop
  endfacet
  facet normal -1.831638e-03 -6.858646e-01  7.277270e-01
    outer loop
      vertex   3.640000e-01 -9.566769e-03  6.207424e-01
      vertex   3.600000e-01 -9.651963e-03  6.206520e-01
      vertex   3.640000e-01 -9.837448e-03  6.204873e-01
    endloop
  endfacet
  facet normal  2.732435e-03 -6.304880e-01  7.761941e-01
    outer loop
      vertex   3.640000e-01 -9.837448e-03  6.204873e-01
      vertex   3.600000e-01 -9.651963e-03  6.206520e-01
      vertex   3.600000e-01 -9.987746e-03  6.203793e-01
    endloop
  endfacet
  facet normal -2.018669e-03 -5.475658e-01  8.367601e-01
    outer loop
      vertex   3.640000e-01 -9.837448e-03  6.204873e-01
      vertex   3.600000e-01 -9.987746e-03  6.203793e-01
      vertex   3.640000e-01 -1.014550e-02  6.202857e-01
    endloop
  endfacet
  facet normal  2.627566e-03 -4.600752e-01  8.878761e-01
    outer loop
      vertex   3.640000e-01 -1.014550e-02  6.202857e-01
      vertex   3.600000e-01 -9.987746e-03  6.203793e-01
      vertex   3.600000e-01 -1.036389e-02  6.201844e-01
    endloop
  endfacet
  facet normal -1.697851e-03 -3.951201e-01  9.186279e-01
    outer loop
      vertex   3.640000e-01 -1.014550e-02  6.202857e-01
      vertex   3.600000e-01 -1.036389e-02  6.201844e-01
      vertex   3.640000e-01 -1.047517e-02  6.201439e-01
    endloop
  endfacet
  facet normal  2.038525e-03 -2.762566e-01  9.610817e-01
    outer loop
      vertex   3.640000e-01 -1.047517e-02  6.201439e-01
      vertex   3.600000e-01 -1.036389e-02  6.201844e-01
      vertex   3.600000e-01 -1.075476e-02  6.200720e-01
    endloop
  endfacet
  facet normal -9.647801e-04 -2.360314e-01  9.717450e-01
    outer loop
      vertex   3.640000e-01 -1.047517e-02  6.201439e-01
      vertex   3.600000e-01 -1.075476e-02  6.200720e-01
      vertex   3.640000e-01 -1.081038e-02  6.200625e-01
    endloop
  endfacet
  facet normal  1.089533e-03 -9.133440e-02  9.958197e-01
    outer loop
      vertex   3.600000e-01 -1.075477e-02  5.977981e-01
      vertex   3.600000e-01 -1.113689e-02  5.977631e-01
      vertex   3.640000e-01 -1.081038e-02  5.977886e-01
    endloop
  endfacet
  facet normal  0.000000e+00 -7.807509e-02  9.969475e-01
    outer loop
      vertex   3.640000e-01 -1.081038e-02  5.977886e-01
      vertex   3.600000e-01 -1.113689e-02  5.977631e-01
      vertex   3.680000e-01 -1.113689e-02  5.977631e-01
    endloop
  endfacet
  facet normal -1.089533e-03 -9.133440e-02  9.958197e-01
    outer loop
      vertex   3.640000e-01 -1.081038e-02  5.977886e-01
      vertex   3.680000e-01 -1.113689e-02  5.977631e-01
      vertex   3.680000e-01 -1.075477e-02  5.977981e-01
    endloop
  endfacet
  facet normal  9.792609e-04 -2.360314e-01  9.717450e-01
    outer loop
      vertex   3.640000e-01 -1.081038e-02  5.977886e-01
      vertex   3.680000e-01 -1.075477e-02  5.977981e-01
      vertex   3.640000e-01 -1.047517e-02  5.978701e-01
    endloop
  endfacet
  facet normal -2.034366e-03 -2.763920e-01  9.610429e-01
    outer loop
      vertex   3.640000e-01 -1.047517e-02  5.978701e-01
      vertex   3.680000e-01 -1.075477e-02  5.977981e-01
      vertex   3.680000e-01 -1.036389e-02  5.979105e-01
    endloop
  endfacet
  facet normal  1.693340e-03 -3.949800e-01  9.186882e-01
    outer loop
      vertex   3.640000e-01 -1.047517e-02  5.978701e-01
      vertex   3.680000e-01 -1.036389e-02  5.979105e-01
      vertex   3.640000e-01 -1.014550e-02  5.980118e-01
    endloop
  endfacet
  facet normal -2.633285e-03 -4.599642e-01  8.879336e-01
    outer loop
      vertex   3.640000e-01 -1.014550e-02  5.980118e-01
      vertex   3.680000e-01 -1.036389e-02  5.979105e-01
      vertex   3.680000e-01 -9.987748e-03  5.981054e-01
    endloop
  endfacet
  facet normal  2.018668e-03 -5.475658e-01  8.367601e-01
    outer loop
      vertex   3.640000e-01 -1.014550e-02  5.980118e-01
      vertex   3.680000e-01 -9.987748e-03  5.981054e-01
      vertex   3.640000e-01 -9.837450e-03  5.982134e-01
    endloop
  endfacet
  facet normal -2.732435e-03 -6.304880e-01  7.761941e-01
    outer loop
      vertex   3.640000e-01 -9.837450e-03  5.982134e-01
      vertex   3.680000e-01 -9.987748e-03  5.981054e-01
      vertex   3.680000e-01 -9.651965e-03  5.983781e-01
    endloop
  endfacet
  facet normal  1.838867e-03 -6.859493e-01  7.276470e-01
    outer loop
      vertex   3.640000e-01 -9.837450e-03  5.982134e-01
      vertex   3.680000e-01 -9.651965e-03  5.983781e-01
      vertex   3.640000e-01 -9.566771e-03  5.984685e-01
    endloop
  endfacet
  facet normal -2.279958e-03 -7.762046e-01  6.304768e-01
    outer loop
      vertex   3.640000e-01 -9.566771e-03  5.984685e-01
      vertex   3.680000e-01 -9.651965e-03  5.983781e-01
      vertex   3.680000e-01 -9.379199e-03  5.987139e-01
    endloop
  endfacet
  facet normal  1.128419e-03 -8.032734e-01  5.956094e-01
    outer loop
      vertex   3.640000e-01 -9.566771e-03  5.984685e-01
      vertex   3.680000e-01 -9.379199e-03  5.987139e-01
      vertex   3.640000e-01 -9.346368e-03  5.987658e-01
    endloop
  endfacet
  facet normal -1.324771e-03 -8.879304e-01  4.599759e-01
    outer loop
      vertex   3.640000e-01 -9.346368e-03  5.987658e-01
      vertex   3.680000e-01 -9.379199e-03  5.987139e-01
      vertex   3.680000e-01 -9.184333e-03  5.990901e-01
    endloop
  endfacet
  facet normal  0.000000e+00 -8.945597e-01  4.469485e-01
    outer loop
      vertex   3.640000e-01 -9.346368e-03  5.987658e-01
      vertex   3.680000e-01 -9.184333e-03  5.990901e-01
      vertex   3.640000e-01 -9.184333e-03  5.990901e-01
    endloop
  endfacet
  facet normal  0.000000e+00 -9.572231e-01  2.893509e-01
    outer loop
      vertex   3.640000e-01 -9.184333e-03  5.990901e-01
      vertex   3.680000e-01 -9.184333e-03  5.990901e-01
      vertex   3.640000e-01 -9.083058e-03  5.994251e-01
    endloop
  endfacet
  facet normal  0.000000e+00 -9.572231e-01  2.893509e-01
    outer loop
      vertex   3.640000e-01 -9.184333e-03  5.990901e-01
      vertex   3.640000e-01 -9.083058e-03  5.994251e-01
      vertex   3.600000e-01 -9.184333e-03  5.990901e-01
    endloop
  endfacet
  facet normal  1.185045e-03 -9.610533e-01  2.763605e-01
    outer loop
      vertex   3.600000e-01 -9.184333e-03  5.990901e-01
      vertex   3.640000e-01 -9.083058e-03  5.994251e-01
      vertex   3.600000e-01 -9.071947e-03  5.994809e-01
    endloop
  endfacet
  facet normal -1.300008e-03 -9.944876e-01  1.048466e-01
    outer loop
      vertex   3.600000e-01 -9.071947e-03  5.994809e-01
      vertex   3.640000e-01 -9.083058e-03  5.994251e-01
      vertex   3.640000e-01 -9.036889e-03  5.998631e-01
    endloop
  endfacet
  facet normal  0.000000e+00 -9.958179e-01  9.136049e-02
    outer loop
      vertex   3.600000e-01 -9.071947e-03  5.994809e-01
      vertex   3.640000e-01 -9.036889e-03  5.998631e-01
      vertex   3.600000e-01 -9.036889e-03  5.998631e-01
    endloop
  endfacet
  facet normal  0.000000e+00 -9.958179e-01 -9.136049e-02
    outer loop
      vertex   3.600000e-01 -9.036889e-03  5.998631e-01
      vertex   3.640000e-01 -9.036889e-03  5.998631e-01
      vertex   3.600000e-01 -9.071947e-03  6.002452e-01
    endloop
  endfacet
  facet normal -1.300008e-03 -9.944876e-01 -1.048466e-01
    outer loop
      vertex   3.600000e-01 -9.071947e-03  6.002452e-01
      vertex   3.640000e-01 -9.036889e-03  5.998631e-01
      vertex   3.640000e-01 -9.083058e-03  6.003010e-01
    endloop
  endfacet
  facet normal  1.184470e-03 -9.610645e-01 -2.763216e-01
    outer loop
      vertex   3.600000e-01 -9.071947e-03  6.002452e-01
      vertex   3.640000e-01 -9.083058e-03  6.003010e-01
      vertex   3.600000e-01 -9.184333e-03  6.006361e-01
    endloop
  endfacet
  facet normal -2.497028e-03 -9.485902e-01 -3.164971e-01
    outer loop
      vertex   3.600000e-01 -9.184333e-03  6.006361e-01
      vertex   3.640000e-01 -9.083058e-03  6.003010e-01
      vertex   3.640000e-01 -9.231594e-03  6.007462e-01
    endloop
  endfacet
  facet normal  2.168558e-03 -8.879291e-01 -4.599752e-01
    outer loop
      vertex   3.600000e-01 -9.184333e-03  6.006361e-01
      vertex   3.640000e-01 -9.231594e-03  6.007462e-01
      vertex   3.600000e-01 -9.379199e-03  6.010122e-01
    endloop
  endfacet
  facet normal -3.355897e-03 -8.521997e-01 -5.232057e-01
    outer loop
      vertex   3.600000e-01 -9.379199e-03  6.010122e-01
      vertex   3.640000e-01 -9.231594e-03  6.007462e-01
      vertex   3.640000e-01 -9.487204e-03  6.011625e-01
    endloop
  endfacet
  facet normal  2.729798e-03 -7.761490e-01 -6.305436e-01
    outer loop
      vertex   3.600000e-01 -9.379199e-03  6.010122e-01
      vertex   3.640000e-01 -9.487204e-03  6.011625e-01
      vertex   3.600000e-01 -9.651965e-03  6.013480e-01
    endloop
  endfacet
  facet normal -3.665180e-03 -7.070935e-01 -7.071105e-01
    outer loop
      vertex   3.600000e-01 -9.651965e-03  6.013480e-01
      vertex   3.640000e-01 -9.487204e-03  6.011625e-01
      vertex   3.640000e-01 -9.837450e-03  6.015127e-01
    endloop
  endfacet
  facet normal  2.732436e-03 -6.304880e-01 -7.761942e-01
    outer loop
      vertex   3.600000e-01 -9.651965e-03  6.013480e-01
      vertex   3.640000e-01 -9.837450e-03  6.015127e-01
      vertex   3.600000e-01 -9.987748e-03  6.016207e-01
    endloop
  endfacet
  facet normal -3.348513e-03 -5.232493e-01 -8.521730e-01
    outer loop
      vertex   3.600000e-01 -9.987748e-03  6.016207e-01
      vertex   3.640000e-01 -9.837450e-03  6.015127e-01
      vertex   3.640000e-01 -1.025380e-02  6.017684e-01
    endloop
  endfacet
  facet normal  2.171125e-03 -4.600757e-01 -8.878770e-01
    outer loop
      vertex   3.600000e-01 -9.987748e-03  6.016207e-01
      vertex   3.640000e-01 -1.025380e-02  6.017684e-01
      vertex   3.600000e-01 -1.036389e-02  6.018156e-01
    endloop
  endfacet
  facet normal -2.497796e-03 -3.165054e-01 -9.485874e-01
    outer loop
      vertex   3.600000e-01 -1.036389e-02  6.018156e-01
      vertex   3.640000e-01 -1.025380e-02  6.017684e-01
      vertex   3.640000e-01 -1.069896e-02  6.019169e-01
    endloop
  endfacet
  facet normal  1.190106e-03 -2.762570e-01 -9.610831e-01
    outer loop
      vertex   3.600000e-01 -1.036389e-02  6.018156e-01
      vertex   3.640000e-01 -1.069896e-02  6.019169e-01
      vertex   3.600000e-01 -1.075477e-02  6.019280e-01
    endloop
  endfacet
  facet normal -1.485886e-03 -9.133436e-02 -9.958192e-01
    outer loop
      vertex   3.600000e-01 -1.075477e-02  6.019280e-01
      vertex   3.640000e-01 -1.069896e-02  6.019169e-01
      vertex   3.600000e-01 -1.113689e-02  6.019630e-01
    endloop
  endfacet
  facet normal  1.147163e-03 -1.151246e-01 -9.933504e-01
    outer loop
      vertex   3.600000e-01 -1.113689e-02  6.019630e-01
      vertex   3.640000e-01 -1.069896e-02  6.019169e-01
      vertex   3.680000e-01 -1.075477e-02  6.019280e-01
    endloop
  endfacet
  facet normal  0.000000e+00 -9.133445e-02 -9.958203e-01
    outer loop
      vertex   3.600000e-01 -1.113689e-02  6.019630e-01
      vertex   3.680000e-01 -1.075477e-02  6.019280e-01
      vertex   3.680000e-01 -1.113689e-02  6.019630e-01
    endloop
  endfacet
  facet normal -1.185045e-03 -9.610533e-01  2.763605e-01
    outer loop
      vertex   3.680000e-01 -9.184333e-03  5.990901e-01
      vertex   3.680000e-01 -9.071947e-03  5.994809e-01
      vertex   3.640000e-01 -9.083058e-03  5.994251e-01
    endloop
  endfacet
  facet normal  1.300008e-03 -9.944876e-01  1.048466e-01
    outer loop
      vertex   3.640000e-01 -9.083058e-03  5.994251e-01
      vertex   3.680000e-01 -9.071947e-03  5.994809e-01
      vertex   3.640000e-01 -9.036889e-03  5.998631e-01
    endloop
  endfacet
  facet normal  0.000000e+00 -9.958179e-01  9.136049e-02
    outer loop
      vertex   3.680000e-01 -9.071947e-03  5.994809e-01
      vertex   3.680000e-01 -9.036889e-03  5.998631e-01
      vertex   3.640000e-01 -9.036889e-03  5.998631e-01
    endloop
  endfacet
  facet normal  0.000000e+00 -9.958179e-01 -9.136049e-02
    outer loop
      vertex   3.640000e-01 -9.036889e-03  5.998631e-01
      vertex   3.680000e-01 -9.036889e-03  5.998631e-01
      vertex   3.680000e-01 -9.071947e-03  6.002452e-01
    endloop
  endfacet
  facet normal  1.300008e-03 -9.944876e-01 -1.048466e-01
    outer loop
      vertex   3.640000e-01 -9.036889e-03  5.998631e-01
      vertex   3.680000e-01 -9.071947e-03  6.002452e-01
      vertex   3.640000e-01 -9.083058e-03  6.003010e-01
    endloop
  endfacet
  facet normal -1.184470e-03 -9.610645e-01 -2.763216e-01
    outer loop
      vertex   3.640000e-01 -9.083058e-03  6.003010e-01
      vertex   3.680000e-01 -9.071947e-03  6.002452e-01
      vertex   3.680000e-01 -9.184333e-03  6.006361e-01
    endloop
  endfacet
  facet normal  2.497028e-03 -9.485902e-01 -3.164971e-01
    outer loop
      vertex   3.640000e-01 -9.083058e-03  6.003010e-01
      vertex   3.680000e-01 -9.184333e-03  6.006361e-01
      vertex   3.640000e-01 -9.231594e-03  6.007462e-01
    endloop
  endfacet
  facet normal -2.168558e-03 -8.879291e-01 -4.599752e-01
    outer loop
      vertex   3.640000e-01 -9.231594e-03  6.007462e-01
      vertex   3.680000e-01 -9.184333e-03  6.006361e-01
      vertex   3.680000e-01 -9.379199e-03  6.010122e-01
    endloop
  endfacet
  facet normal  3.355900e-03 -8.521998e-01 -5.232058e-01
    outer loop
      vertex   3.640000e-01 -9.231594e-03  6.007462e-01
      vertex   3.680000e-01 -9.379199e-03  6.010122e-01
      vertex   3.640000e-01 -9.487204e-03  6.011625e-01
    endloop
  endfacet
  facet normal -2.729800e-03 -7.761490e-01 -6.305436e-01
    outer loop
      vertex   3.640000e-01 -9.487204e-03  6.011625e-01
      vertex   3.680000e-01 -9.379199e-03  6.010122e-01
      vertex   3.680000e-01 -9.651965e-03  6.013480e-01
    endloop
  endfacet
  facet normal  3.665181e-03 -7.070935e-01 -7.071105e-01
    outer loop
      vertex   3.640000e-01 -9.487204e-03  6.011625e-01
      vertex   3.680000e-01 -9.651965e-03  6.013480e-01
      vertex   3.640000e-01 -9.837450e-03  6.015127e-01
    endloop
  endfacet
  facet normal -2.732435e-03 -6.304880e-01 -7.761941e-01
    outer loop
      vertex   3.640000e-01 -9.837450e-03  6.015127e-01
      vertex   3.680000e-01 -9.651965e-03  6.013480e-01
      vertex   3.680000e-01 -9.987748e-03  6.016207e-01
    endloop
  endfacet
  facet normal  3.348512e-03 -5.232493e-01 -8.521730e-01
    outer loop
      vertex   3.640000e-01 -9.837450e-03  6.015127e-01
      vertex   3.680000e-01 -9.987748e-03  6.016207e-01
      vertex   3.640000e-01 -1.025380e-02  6.017684e-01
    endloop
  endfacet
  facet normal -2.171125e-03 -4.600757e-01 -8.878770e-01
    outer loop
      vertex   3.640000e-01 -1.025380e-02  6.017684e-01
      vertex   3.680000e-01 -9.987748e-03  6.016207e-01
      vertex   3.680000e-01 -1.036389e-02  6.018156e-01
    endloop
  endfacet
  facet normal  2.497795e-03 -3.165054e-01 -9.485874e-01
    outer loop
      vertex   3.640000e-01 -1.025380e-02  6.017684e-01
      vertex   3.680000e-01 -1.036389e-02  6.018156e-01
      vertex   3.640000e-01 -1.069896e-02  6.019169e-01
    endloop
  endfacet
  facet normal -1.190107e-03 -2.762570e-01 -9.610831e-01
    outer loop
      vertex   3.640000e-01 -1.069896e-02  6.019169e-01
      vertex   3.680000e-01 -1.036389e-02  6.018156e-01
      vertex   3.680000e-01 -1.075477e-02  6.019280e-01
    endloop
  endfacet
  facet normal  0.000000e+00 -8.945597e-01  4.469485e-01
    outer loop
      vertex   3.640000e-01 -9.184333e-03  5.990901e-01
      vertex   3.600000e-01 -9.184333e-03  5.990901e-01
      vertex   3.640000e-01 -9.346368e-03  5.987658e-01
    endloop
  endfacet
  facet normal  1.324771e-03 -8.879304e-01  4.599759e-01
    outer loop
      vertex   3.640000e-01 -9.346368e-03  5.987658e-01
      vertex   3.600000e-01 -9.184333e-03  5.990901e-01
      vertex   3.600000e-01 -9.379199e-03  5.987139e-01
    endloop
  endfacet
  facet normal -1.128420e-03 -8.032734e-01  5.956094e-01
    outer loop
      vertex   3.640000e-01 -9.346368e-03  5.987658e-01
      vertex   3.600000e-01 -9.379199e-03  5.987139e-01
      vertex   3.640000e-01 -9.566771e-03  5.984685e-01
    endloop
  endfacet
  facet normal  2.279958e-03 -7.762046e-01  6.304768e-01
    outer loop
      vertex   3.640000e-01 -9.566771e-03  5.984685e-01
      vertex   3.600000e-01 -9.379199e-03  5.987139e-01
      vertex   3.600000e-01 -9.651965e-03  5.983781e-01
    endloop
  endfacet
  facet normal -1.838866e-03 -6.859493e-01  7.276470e-01
    outer loop
      vertex   3.640000e-01 -9.566771e-03  5.984685e-01
      vertex   3.600000e-01 -9.651965e-03  5.983781e-01
      vertex   3.640000e-01 -9.837450e-03  5.982134e-01
    endloop
  endfacet
  facet normal  2.732435e-03 -6.304880e-01  7.761941e-01
    outer loop
      vertex   3.640000e-01 -9.837450e-03  5.982134e-01
      vertex   3.600000e-01 -9.651965e-03  5.983781e-01
      vertex   3.600000e-01 -9.987748e-03  5.981054e-01
    endloop
  endfacet
  facet normal -2.018669e-03 -5.475658e-01  8.367601e-01
    outer loop
      vertex   3.640000e-01 -9.837450e-03  5.982134e-01
      vertex   3.600000e-01 -9.987748e-03  5.981054e-01
      vertex   3.640000e-01 -1.014550e-02  5.980118e-01
    endloop
  endfacet
  facet normal  2.633285e-03 -4.599642e-01  8.879336e-01
    outer loop
      vertex   3.640000e-01 -1.014550e-02  5.980118e-01
      vertex   3.600000e-01 -9.987748e-03  5.981054e-01
      vertex   3.600000e-01 -1.036389e-02  5.979105e-01
    endloop
  endfacet
  facet normal -1.693342e-03 -3.949800e-01  9.186882e-01
    outer loop
      vertex   3.640000e-01 -1.014550e-02  5.980118e-01
      vertex   3.600000e-01 -1.036389e-02  5.979105e-01
      vertex   3.640000e-01 -1.047517e-02  5.978701e-01
    endloop
  endfacet
  facet normal  2.034366e-03 -2.763920e-01  9.610429e-01
    outer loop
      vertex   3.640000e-01 -1.047517e-02  5.978701e-01
      vertex   3.600000e-01 -1.036389e-02  5.979105e-01
      vertex   3.600000e-01 -1.075477e-02  5.977981e-01
    endloop
  endfacet
  facet normal -9.792607e-04 -2.360314e-01  9.717450e-01
    outer loop
      vertex   3.640000e-01 -1.047517e-02  5.978701e-01
      vertex   3.600000e-01 -1.075477e-02  5.977981e-01
      vertex   3.640000e-01 -1.081038e-02  5.977886e-01
    endloop
  endfacet
  facet normal  1.089548e-03 -9.133483e-02  9.958196e-01
    outer loop
      vertex   3.600000e-01  1.151910e-02  5.977981e-01
      vertex   3.600000e-01  1.113698e-02  5.977631e-01
      vertex   3.640000e-01  1.146349e-02  5.977886e-01
    endloop
  endfacet
  facet normal  0.000000e+00 -7.807531e-02  9.969475e-01
    outer loop
      vertex   3.640000e-01  1.146349e-02  5.977886e-01
      vertex   3.600000e-01  1.113698e-02  5.977631e-01
      vertex   3.680000e-01  1.113698e-02  5.977631e-01
    endloop
  endfacet
  facet normal -1.089548e-03 -9.133483e-02  9.958196e-01
    outer loop
      vertex   3.640000e-01  1.146349e-02  5.977886e-01
      vertex   3.680000e-01  1.113698e-02  5.977631e-01
      vertex   3.680000e-01  1.151910e-02  5.977981e-01
    endloop
  endfacet
  facet normal  9.792059e-04 -2.360314e-01  9.717450e-01
    outer loop
      vertex   3.640000e-01  1.146349e-02  5.977886e-01
      vertex   3.680000e-01  1.151910e-02  5.977981e-01
      vertex   3.640000e-01  1.179869e-02  5.978701e-01
    endloop
  endfacet
  facet normal -2.034384e-03 -2.763914e-01  9.610430e-01
    outer loop
      vertex   3.640000e-01  1.179869e-02  5.978701e-01
      vertex   3.680000e-01  1.151910e-02  5.977981e-01
      vertex   3.680000e-01  1.190998e-02  5.979105e-01
    endloop
  endfacet
  facet normal  1.693340e-03 -3.949800e-01  9.186882e-01
    outer loop
      vertex   3.640000e-01  1.179869e-02  5.978701e-01
      vertex   3.680000e-01  1.190998e-02  5.979105e-01
      vertex   3.640000e-01  1.212837e-02  5.980118e-01
    endloop
  endfacet
  facet normal -2.633346e-03 -4.599651e-01  8.879331e-01
    outer loop
      vertex   3.640000e-01  1.212837e-02  5.980118e-01
      vertex   3.680000e-01  1.190998e-02  5.979105e-01
      vertex   3.680000e-01  1.228612e-02  5.981054e-01
    endloop
  endfacet
  facet normal  2.018604e-03 -5.475670e-01  8.367594e-01
    outer loop
      vertex   3.640000e-01  1.212837e-02  5.980118e-01
      vertex   3.680000e-01  1.228612e-02  5.981054e-01
      vertex   3.640000e-01  1.243642e-02  5.982134e-01
    endloop
  endfacet
  facet normal -2.732435e-03 -6.304880e-01  7.761941e-01
    outer loop
      vertex   3.640000e-01  1.243642e-02  5.982134e-01
      vertex   3.680000e-01  1.228612e-02  5.981054e-01
      vertex   3.680000e-01  1.262190e-02  5.983781e-01
    endloop
  endfacet
  facet normal  1.838761e-03 -6.859481e-01  7.276482e-01
    outer loop
      vertex   3.640000e-01  1.243642e-02  5.982134e-01
      vertex   3.680000e-01  1.262190e-02  5.983781e-01
      vertex   3.640000e-01  1.270709e-02  5.984685e-01
    endloop
  endfacet
  facet normal -2.280087e-03 -7.762036e-01  6.304782e-01
    outer loop
      vertex   3.640000e-01  1.270709e-02  5.984685e-01
      vertex   3.680000e-01  1.262190e-02  5.983781e-01
      vertex   3.680000e-01  1.289467e-02  5.987139e-01
    endloop
  endfacet
  facet normal  1.128577e-03 -8.032746e-01  5.956078e-01
    outer loop
      vertex   3.640000e-01  1.270709e-02  5.984685e-01
      vertex   3.680000e-01  1.289467e-02  5.987139e-01
      vertex   3.640000e-01  1.292750e-02  5.987658e-01
    endloop
  endfacet
  facet normal -1.323576e-03 -8.879007e-01  4.600334e-01
    outer loop
      vertex   3.640000e-01  1.292750e-02  5.987658e-01
      vertex   3.680000e-01  1.289467e-02  5.987139e-01
      vertex   3.680000e-01  1.308953e-02  5.990900e-01
    endloop
  endfacet
  facet normal  0.000000e+00 -8.945258e-01  4.470163e-01
    outer loop
      vertex   3.640000e-01  1.292750e-02  5.987658e-01
      vertex   3.680000e-01  1.308953e-02  5.990900e-01
      vertex   3.640000e-01  1.308953e-02  5.990900e-01
    endloop
  endfacet
  facet normal  0.000000e+00 -9.572372e-01  2.893038e-01
    outer loop
      vertex   3.640000e-01  1.308953e-02  5.990900e-01
      vertex   3.680000e-01  1.308953e-02  5.990900e-01
      vertex   3.640000e-01  1.319081e-02  5.994251e-01
    endloop
  endfacet
  facet normal  0.000000e+00 -9.572374e-01  2.893038e-01
    outer loop
      vertex   3.640000e-01  1.308953e-02  5.990900e-01
      vertex   3.640000e-01  1.319081e-02  5.994251e-01
      vertex   3.600000e-01  1.308953e-02  5.990900e-01
    endloop
  endfacet
  facet normal  1.184479e-03 -9.610645e-01  2.763216e-01
    outer loop
      vertex   3.600000e-01  1.308953e-02  5.990900e-01
      vertex   3.640000e-01  1.319081e-02  5.994251e-01
      vertex   3.600000e-01  1.320192e-02  5.994809e-01
    endloop
  endfacet
  facet normal -1.300018e-03 -9.944875e-01  1.048466e-01
    outer loop
      vertex   3.600000e-01  1.320192e-02  5.994809e-01
      vertex   3.640000e-01  1.319081e-02  5.994251e-01
      vertex   3.640000e-01  1.323698e-02  5.998631e-01
    endloop
  endfacet
  facet normal  0.000000e+00 -9.958178e-01  9.136048e-02
    outer loop
      vertex   3.600000e-01  1.320192e-02  5.994809e-01
      vertex   3.640000e-01  1.323698e-02  5.998631e-01
      vertex   3.600000e-01  1.323698e-02  5.998631e-01
    endloop
  endfacet
  facet normal  0.000000e+00 -9.958178e-01 -9.136048e-02
    outer loop
      vertex   3.600000e-01  1.323698e-02  5.998631e-01
      vertex   3.640000e-01  1.323698e-02  5.998631e-01
      vertex   3.600000e-01  1.320192e-02  6.002452e-01
    endloop
  endfacet
  facet normal -1.300018e-03 -9.944875e-01 -1.048466e-01
    outer loop
      vertex   3.600000e-01  1.320192e-02  6.002452e-01
      vertex   3.640000e-01  1.323698e-02  5.998631e-01
      vertex   3.640000e-01  1.319081e-02  6.003010e-01
    endloop
  endfacet
  facet normal  1.184479e-03 -9.610645e-01 -2.763216e-01
    outer loop
      vertex   3.600000e-01  1.320192e-02  6.002452e-01
      vertex   3.640000e-01  1.319081e-02  6.003010e-01
      vertex   3.600000e-01  1.308953e-02  6.006361e-01
    endloop
  endfacet
  facet normal -2.496881e-03 -9.485908e-01 -3.164952e-01
    outer loop
      vertex   3.600000e-01  1.308953e-02  6.006361e-01
      vertex   3.640000e-01  1.319081e-02  6.003010e-01
      vertex   3.640000e-01  1.304227e-02  6.007462e-01
    endloop
  endfacet
  facet normal  2.168782e-03 -8.879291e-01 -4.599753e-01
    outer loop
      vertex   3.600000e-01  1.308953e-02  6.006361e-01
      vertex   3.640000e-01  1.304227e-02  6.007462e-01
      vertex   3.600000e-01  1.289467e-02  6.010122e-01
    endloop
  endfacet
  facet normal -3.355971e-03 -8.521982e-01 -5.232086e-01
    outer loop
      vertex   3.600000e-01  1.289467e-02  6.010122e-01
      vertex   3.640000e-01  1.304227e-02  6.007462e-01
      vertex   3.640000e-01  1.278666e-02  6.011625e-01
    endloop
  endfacet
  facet normal  2.729716e-03 -7.761480e-01 -6.305449e-01
    outer loop
      vertex   3.600000e-01  1.289467e-02  6.010122e-01
      vertex   3.640000e-01  1.278666e-02  6.011625e-01
      vertex   3.600000e-01  1.262190e-02  6.013480e-01
    endloop
  endfacet
  facet normal -3.665207e-03 -7.070935e-01 -7.071105e-01
    outer loop
      vertex   3.600000e-01  1.262190e-02  6.013480e-01
      vertex   3.640000e-01  1.278666e-02  6.011625e-01
      vertex   3.640000e-01  1.243642e-02  6.015127e-01
    endloop
  endfacet
  facet normal  2.732445e-03 -6.304883e-01 -7.761940e-01
    outer loop
      vertex   3.600000e-01  1.262190e-02  6.013480e-01
      vertex   3.640000e-01  1.243642e-02  6.015127e-01
      vertex   3.600000e-01  1.228612e-02  6.016207e-01
    endloop
  endfacet
  facet normal -3.348513e-03 -5.232493e-01 -8.521730e-01
    outer loop
      vertex   3.600000e-01  1.228612e-02  6.016207e-01
      vertex   3.640000e-01  1.243642e-02  6.015127e-01
      vertex   3.640000e-01  1.202007e-02  6.017684e-01
    endloop
  endfacet
  facet normal  2.171050e-03 -4.600766e-01 -8.878766e-01
    outer loop
      vertex   3.600000e-01  1.228612e-02  6.016207e-01
      vertex   3.640000e-01  1.202007e-02  6.017684e-01
      vertex   3.600000e-01  1.190998e-02  6.018156e-01
    endloop
  endfacet
  facet normal -2.497850e-03 -3.165060e-01 -9.485872e-01
    outer loop
      vertex   3.600000e-01  1.190998e-02  6.018156e-01
      vertex   3.640000e-01  1.202007e-02  6.017684e-01
      vertex   3.640000e-01  1.157490e-02  6.019169e-01
    endloop
  endfacet
  facet normal  1.190163e-03 -2.762564e-01 -9.610832e-01
    outer loop
      vertex   3.600000e-01  1.190998e-02  6.018156e-01
      vertex   3.640000e-01  1.157490e-02  6.019169e-01
      vertex   3.600000e-01  1.151910e-02  6.019280e-01
    endloop
  endfacet
  facet normal -1.485858e-03 -9.133479e-02 -9.958191e-01
    outer loop
      vertex   3.600000e-01  1.151910e-02  6.019280e-01
      vertex   3.640000e-01  1.157490e-02  6.019169e-01
      vertex   3.600000e-01  1.113698e-02  6.019630e-01
    endloop
  endfacet
  facet normal  1.147137e-03 -1.151246e-01 -9.933504e-01
    outer loop
      vertex   3.600000e-01  1.113698e-02  6.019630e-01
      vertex   3.640000e-01  1.157490e-02  6.019169e-01
      vertex   3.680000e-01  1.151910e-02  6.019280e-01
    endloop
  endfacet
  facet normal  0.000000e+00 -9.133489e-02 -9.958202e-01
    outer loop
      vertex   3.600000e-01  1.113698e-02  6.019630e-01
      vertex   3.680000e-01  1.151910e-02  6.019280e-01
      vertex   3.680000e-01  1.113698e-02  6.019630e-01
    endloop
  endfacet
  facet normal -1.184470e-03 -9.610645e-01  2.763216e-01
    outer loop
      vertex   3.680000e-01  1.308953e-02  5.990900e-01
      vertex   3.680000e-01  1.320192e-02  5.994809e-01
      vertex   3.640000e-01  1.319081e-02  5.994251e-01
    endloop
  endfacet
  facet normal  1.300008e-03 -9.944876e-01  1.048466e-01
    outer loop
      vertex   3.640000e-01  1.319081e-02  5.994251e-01
      vertex   3.680000e-01  1.320192e-02  5.994809e-01
      vertex   3.640000e-01  1.323698e-02  5.998631e-01
    endloop
  endfacet
  facet normal  0.000000e+00 -9.958179e-01  9.136049e-02
    outer loop
      vertex   3.680000e-01  1.320192e-02  5.994809e-01
      vertex   3.680000e-01  1.323698e-02  5.998631e-01
      vertex   3.640000e-01  1.323698e-02  5.998631e-01
    endloop
  endfacet
  facet normal  0.000000e+00 -9.958179e-01 -9.136049e-02
    outer loop
      vertex   3.640000e-01  1.323698e-02  5.998631e-01
      vertex   3.680000e-01  1.323698e-02  5.998631e-01
      vertex   3.680000e-01  1.320192e-02  6.002452e-01
    endloop
  endfacet
  facet normal  1.300008e-03 -9.944876e-01 -1.048466e-01
    outer loop
      vertex   3.640000e-01  1.323698e-02  5.998631e-01
      vertex   3.680000e-01  1.320192e-02  6.002452e-01
      vertex   3.640000e-01  1.319081e-02  6.003010e-01
    endloop
  endfacet
  facet normal -1.184470e-03 -9.610645e-01 -2.763216e-01
    outer loop
      vertex   3.640000e-01  1.319081e-02  6.003010e-01
      vertex   3.680000e-01  1.320192e-02  6.002452e-01
      vertex   3.680000e-01  1.308953e-02  6.006361e-01
    endloop
  endfacet
  facet normal  2.496863e-03 -9.485908e-01 -3.164953e-01
    outer loop
      vertex   3.640000e-01  1.319081e-02  6.003010e-01
      vertex   3.680000e-01  1.308953e-02  6.006361e-01
      vertex   3.640000e-01  1.304227e-02  6.007462e-01
    endloop
  endfacet
  facet normal -2.168765e-03 -8.879291e-01 -4.599752e-01
    outer loop
      vertex   3.640000e-01  1.304227e-02  6.007462e-01
      vertex   3.680000e-01  1.308953e-02  6.006361e-01
      vertex   3.680000e-01  1.289467e-02  6.010122e-01
    endloop
  endfacet
  facet normal  3.355944e-03 -8.521981e-01 -5.232086e-01
    outer loop
      vertex   3.640000e-01  1.304227e-02  6.007462e-01
      vertex   3.680000e-01  1.289467e-02  6.010122e-01
      vertex   3.640000e-01  1.278666e-02  6.011625e-01
    endloop
  endfacet
  facet normal -2.729695e-03 -7.761480e-01 -6.305449e-01
    outer loop
      vertex   3.640000e-01  1.278666e-02  6.011625e-01
      vertex   3.680000e-01  1.289467e-02  6.010122e-01
      vertex   3.680000e-01  1.262190e-02  6.013480e-01
    endloop
  endfacet
  facet normal  3.665181e-03 -7.070935e-01 -7.071105e-01
    outer loop
      vertex   3.640000e-01  1.278666e-02  6.011625e-01
      vertex   3.680000e-01  1.262190e-02  6.013480e-01
      vertex   3.640000e-01  1.243642e-02  6.015127e-01
    endloop
  endfacet
  facet normal -2.732435e-03 -6.304880e-01 -7.761941e-01
    outer loop
      vertex   3.640000e-01  1.243642e-02  6.015127e-01
      vertex   3.680000e-01  1.262190e-02  6.013480e-01
      vertex   3.680000e-01  1.228612e-02  6.016207e-01
    endloop
  endfacet
  facet normal  3.348512e-03 -5.232493e-01 -8.521730e-01
    outer loop
      vertex   3.640000e-01  1.243642e-02  6.015127e-01
      vertex   3.680000e-01  1.228612e-02  6.016207e-01
      vertex   3.640000e-01  1.202007e-02  6.017684e-01
    endloop
  endfacet
  facet normal -2.171048e-03 -4.600766e-01 -8.878766e-01
    outer loop
      vertex   3.640000e-01  1.202007e-02  6.017684e-01
      vertex   3.680000e-01  1.228612e-02  6.016207e-01
      vertex   3.680000e-01  1.190998e-02  6.018156e-01
    endloop
  endfacet
  facet normal  2.497851e-03 -3.165060e-01 -9.485872e-01
    outer loop
      vertex   3.640000e-01  1.202007e-02  6.017684e-01
      vertex   3.680000e-01  1.190998e-02  6.018156e-01
      vertex   3.640000e-01  1.157490e-02  6.019169e-01
    endloop
  endfacet
  facet normal -1.190162e-03 -2.762564e-01 -9.610832e-01
    outer loop
      vertex   3.640000e-01  1.157490e-02  6.019169e-01
      vertex   3.680000e-01  1.190998e-02  6.018156e-01
      vertex   3.680000e-01  1.151910e-02  6.019280e-01
    endloop
  endfacet
  facet normal  0.000000e+00 -8.945258e-01  4.470163e-01
    outer loop
      vertex   3.640000e-01  1.308953e-02  5.990900e-01
      vertex   3.600000e-01  1.308953e-02  5.990900e-01
      vertex   3.640000e-01  1.292750e-02  5.987658e-01
    endloop
  endfacet
  facet normal  1.323585e-03 -8.879006e-01  4.600334e-01
    outer loop
      vertex   3.640000e-01  1.292750e-02  5.987658e-01
      vertex   3.600000e-01  1.308953e-02  5.990900e-01
      vertex   3.600000e-01  1.289467e-02  5.987139e-01
    endloop
  endfacet
  facet normal -1.128585e-03 -8.032746e-01  5.956078e-01
    outer loop
      vertex   3.640000e-01  1.292750e-02  5.987658e-01
      vertex   3.600000e-01  1.289467e-02  5.987139e-01
      vertex   3.640000e-01  1.270709e-02  5.984685e-01
    endloop
  endfacet
  facet normal  2.280104e-03 -7.762037e-01  6.304782e-01
    outer loop
      vertex   3.640000e-01  1.270709e-02  5.984685e-01
      vertex   3.600000e-01  1.289467e-02  5.987139e-01
      vertex   3.600000e-01  1.262190e-02  5.983781e-01
    endloop
  endfacet
  facet normal -1.838774e-03 -6.859481e-01  7.276481e-01
    outer loop
      vertex   3.640000e-01  1.270709e-02  5.984685e-01
      vertex   3.600000e-01  1.262190e-02  5.983781e-01
      vertex   3.640000e-01  1.243642e-02  5.982134e-01
    endloop
  endfacet
  facet normal  2.732444e-03 -6.304883e-01  7.761940e-01
    outer loop
      vertex   3.640000e-01  1.243642e-02  5.982134e-01
      vertex   3.600000e-01  1.262190e-02  5.983781e-01
      vertex   3.600000e-01  1.228612e-02  5.981054e-01
    endloop
  endfacet
  facet normal -2.018604e-03 -5.475670e-01  8.367594e-01
    outer loop
      vertex   3.640000e-01  1.243642e-02  5.982134e-01
      vertex   3.600000e-01  1.228612e-02  5.981054e-01
      vertex   3.640000e-01  1.212837e-02  5.980118e-01
    endloop
  endfacet
  facet normal  2.633346e-03 -4.599651e-01  8.879331e-01
    outer loop
      vertex   3.640000e-01  1.212837e-02  5.980118e-01
      vertex   3.600000e-01  1.228612e-02  5.981054e-01
      vertex   3.600000e-01  1.190998e-02  5.979105e-01
    endloop
  endfacet
  facet normal -1.693342e-03 -3.949800e-01  9.186882e-01
    outer loop
      vertex   3.640000e-01  1.212837e-02  5.980118e-01
      vertex   3.600000e-01  1.190998e-02  5.979105e-01
      vertex   3.640000e-01  1.179869e-02  5.978701e-01
    endloop
  endfacet
  facet normal  2.034384e-03 -2.763914e-01  9.610430e-01
    outer loop
      vertex   3.640000e-01  1.179869e-02  5.978701e-01
      vertex   3.600000e-01  1.190998e-02  5.979105e-01
      vertex   3.600000e-01  1.151910e-02  5.977981e-01
    endloop
  endfacet
  facet normal -9.792065e-04 -2.360314e-01  9.717450e-01
    outer loop
      vertex   3.640000e-01  1.179869e-02  5.978701e-01
      vertex   3.600000e-01  1.151910e-02  5.977981e-01
      vertex   3.640000e-01  1.146349e-02  5.977886e-01
    endloop
  endfacet
  facet normal  1.104387e-03 -9.133483e-02  9.958196e-01
    outer loop
      vertex   3.600000e-01  1.151910e-02  6.200720e-01
      vertex   3.600000e-01  1.113698e-02  6.200370e-01
      vertex   3.640000e-01  1.146349e-02  6.200625e-01
    endloop
  endfacet
  facet normal  0.000000e+00 -7.789442e-02  9.969616e-01
    outer loop
      vertex   3.640000e-01  1.146349e-02  6.200625e-01
      vertex   3.600000e-01  1.113698e-02  6.200370e-01
      vertex   3.680000e-01  1.113698e-02  6.200370e-01
    endloop
  endfacet
  facet normal -1.104387e-03 -9.133483e-02  9.958196e-01
    outer loop
      vertex   3.640000e-01  1.146349e-02  6.200625e-01
      vertex   3.680000e-01  1.113698e-02  6.200370e-01
      vertex   3.680000e-01  1.151910e-02  6.200720e-01
    endloop
  endfacet
  facet normal  9.647257e-04 -2.360314e-01  9.717450e-01
    outer loop
      vertex   3.640000e-01  1.146349e-02  6.200625e-01
      vertex   3.680000e-01  1.151910e-02  6.200720e-01
      vertex   3.640000e-01  1.179870e-02  6.201439e-01
    endloop
  endfacet
  facet normal -2.038544e-03 -2.762560e-01  9.610819e-01
    outer loop
      vertex   3.640000e-01  1.179870e-02  6.201439e-01
      vertex   3.680000e-01  1.151910e-02  6.200720e-01
      vertex   3.680000e-01  1.190998e-02  6.201844e-01
    endloop
  endfacet
  facet normal  1.697850e-03 -3.951201e-01  9.186279e-01
    outer loop
      vertex   3.640000e-01  1.179870e-02  6.201439e-01
      vertex   3.680000e-01  1.190998e-02  6.201844e-01
      vertex   3.640000e-01  1.212837e-02  6.202857e-01
    endloop
  endfacet
  facet normal -2.627626e-03 -4.600761e-01  8.878756e-01
    outer loop
      vertex   3.640000e-01  1.212837e-02  6.202857e-01
      vertex   3.680000e-01  1.190998e-02  6.201844e-01
      vertex   3.680000e-01  1.228612e-02  6.203793e-01
    endloop
  endfacet
  facet normal  2.018604e-03 -5.475670e-01  8.367594e-01
    outer loop
      vertex   3.640000e-01  1.212837e-02  6.202857e-01
      vertex   3.680000e-01  1.228612e-02  6.203793e-01
      vertex   3.640000e-01  1.243642e-02  6.204873e-01
    endloop
  endfacet
  facet normal -2.732435e-03 -6.304880e-01  7.761941e-01
    outer loop
      vertex   3.640000e-01  1.243642e-02  6.204873e-01
      vertex   3.680000e-01  1.228612e-02  6.203793e-01
      vertex   3.680000e-01  1.262190e-02  6.206520e-01
    endloop
  endfacet
  facet normal  1.831532e-03 -6.858633e-01  7.277281e-01
    outer loop
      vertex   3.640000e-01  1.243642e-02  6.204873e-01
      vertex   3.680000e-01  1.262190e-02  6.206520e-01
      vertex   3.640000e-01  1.270710e-02  6.207424e-01
    endloop
  endfacet
  facet normal -2.286792e-03 -7.761489e-01  6.305456e-01
    outer loop
      vertex   3.640000e-01  1.270710e-02  6.207424e-01
      vertex   3.680000e-01  1.262190e-02  6.206520e-01
      vertex   3.680000e-01  1.289467e-02  6.209878e-01
    endloop
  endfacet
  facet normal  1.128577e-03 -8.032746e-01  5.956078e-01
    outer loop
      vertex   3.640000e-01  1.270710e-02  6.207424e-01
      vertex   3.680000e-01  1.289467e-02  6.209878e-01
      vertex   3.640000e-01  1.292750e-02  6.210396e-01
    endloop
  endfacet
  facet normal -1.324565e-03 -8.879304e-01  4.599759e-01
    outer loop
      vertex   3.640000e-01  1.292750e-02  6.210396e-01
      vertex   3.680000e-01  1.289467e-02  6.209878e-01
      vertex   3.680000e-01  1.308953e-02  6.213639e-01
    endloop
  endfacet
  facet normal  0.000000e+00 -8.945587e-01  4.469505e-01
    outer loop
      vertex   3.640000e-01  1.292750e-02  6.210396e-01
      vertex   3.680000e-01  1.308953e-02  6.213639e-01
      vertex   3.640000e-01  1.308953e-02  6.213639e-01
    endloop
  endfacet
  facet normal  0.000000e+00 -9.572372e-01  2.893038e-01
    outer loop
      vertex   3.640000e-01  1.308953e-02  6.213639e-01
      vertex   3.680000e-01  1.308953e-02  6.213639e-01
      vertex   3.640000e-01  1.319081e-02  6.216990e-01
    endloop
  endfacet
  facet normal  0.000000e+00 -9.572374e-01  2.893038e-01
    outer loop
      vertex   3.640000e-01  1.308953e-02  6.213639e-01
      vertex   3.640000e-01  1.319081e-02  6.216990e-01
      vertex   3.600000e-01  1.308953e-02  6.213639e-01
    endloop
  endfacet
  facet normal  1.184479e-03 -9.610645e-01  2.763216e-01
    outer loop
      vertex   3.600000e-01  1.308953e-02  6.213639e-01
      vertex   3.640000e-01  1.319081e-02  6.216990e-01
      vertex   3.600000e-01  1.320192e-02  6.217548e-01
    endloop
  endfacet
  facet normal -1.300018e-03 -9.944875e-01  1.048466e-01
    outer loop
      vertex   3.600000e-01  1.320192e-02  6.217548e-01
      vertex   3.640000e-01  1.319081e-02  6.216990e-01
      vertex   3.640000e-01  1.323698e-02  6.221370e-01
    endloop
  endfacet
  facet normal  0.000000e+00 -9.958178e-01  9.136048e-02
    outer loop
      vertex   3.600000e-01  1.320192e-02  6.217548e-01
      vertex   3.640000e-01  1.323698e-02  6.221370e-01
      vertex   3.600000e-01  1.323698e-02  6.221370e-01
    endloop
  endfacet
  facet normal  0.000000e+00 -9.958178e-01 -9.136048e-02
    outer loop
      vertex   3.600000e-01  1.323698e-02  6.221370e-01
      vertex   3.640000e-01  1.323698e-02  6.221370e-01
      vertex   3.600000e-01  1.320192e-02  6.225191e-01
    endloop
  endfacet
  facet normal -1.300018e-03 -9.944875e-01 -1.048466e-01
    outer loop
      vertex   3.600000e-01  1.320192e-02  6.225191e-01
      vertex   3.640000e-01  1.323698e-02  6.221370e-01
      vertex   3.640000e-01  1.319081e-02  6.225749e-01
    endloop
  endfacet
  facet normal  1.185053e-03 -9.610533e-01 -2.763605e-01
    outer loop
      vertex   3.600000e-01  1.320192e-02  6.225191e-01
      vertex   3.640000e-01  1.319081e-02  6.225749e-01
      vertex   3.600000e-01  1.308953e-02  6.229099e-01
    endloop
  endfacet
  facet normal -2.492165e-03 -9.485908e-01 -3.164952e-01
    outer loop
      vertex   3.600000e-01  1.308953e-02  6.229099e-01
      vertex   3.640000e-01  1.319081e-02  6.225749e-01
      vertex   3.640000e-01  1.304227e-02  6.230201e-01
    endloop
  endfacet
  facet normal  2.175635e-03 -8.879290e-01 -4.599753e-01
    outer loop
      vertex   3.600000e-01  1.308953e-02  6.229099e-01
      vertex   3.640000e-01  1.304227e-02  6.230201e-01
      vertex   3.600000e-01  1.289467e-02  6.232861e-01
    endloop
  endfacet
  facet normal -3.348175e-03 -8.521982e-01 -5.232086e-01
    outer loop
      vertex   3.600000e-01  1.289467e-02  6.232861e-01
      vertex   3.640000e-01  1.304227e-02  6.230201e-01
      vertex   3.640000e-01  1.278666e-02  6.234364e-01
    endloop
  endfacet
  facet normal  2.735099e-03 -7.762027e-01 -6.304774e-01
    outer loop
      vertex   3.600000e-01  1.289467e-02  6.232861e-01
      vertex   3.640000e-01  1.278666e-02  6.234364e-01
      vertex   3.600000e-01  1.262190e-02  6.236219e-01
    endloop
  endfacet
  facet normal -3.665207e-03 -7.070935e-01 -7.071105e-01
    outer loop
      vertex   3.600000e-01  1.262190e-02  6.236219e-01
      vertex   3.640000e-01  1.278666e-02  6.234364e-01
      vertex   3.640000e-01  1.243642e-02  6.237866e-01
    endloop
  endfacet
  facet normal  2.732445e-03 -6.304883e-01 -7.761940e-01
    outer loop
      vertex   3.600000e-01  1.262190e-02  6.236219e-01
      vertex   3.640000e-01  1.243642e-02  6.237866e-01
      vertex   3.600000e-01  1.228612e-02  6.238946e-01
    endloop
  endfacet
  facet normal -3.353311e-03 -5.231608e-01 -8.522274e-01
    outer loop
      vertex   3.600000e-01  1.228612e-02  6.238946e-01
      vertex   3.640000e-01  1.243642e-02  6.237866e-01
      vertex   3.640000e-01  1.202007e-02  6.240422e-01
    endloop
  endfacet
  facet normal  2.167315e-03 -4.599657e-01 -8.879340e-01
    outer loop
      vertex   3.600000e-01  1.228612e-02  6.238946e-01
      vertex   3.640000e-01  1.202007e-02  6.240422e-01
      vertex   3.600000e-01  1.190998e-02  6.240895e-01
    endloop
  endfacet
  facet normal -2.497850e-03 -3.165060e-01 -9.485872e-01
    outer loop
      vertex   3.600000e-01  1.190998e-02  6.240895e-01
      vertex   3.640000e-01  1.202007e-02  6.240422e-01
      vertex   3.640000e-01  1.157490e-02  6.241907e-01
    endloop
  endfacet
  facet normal  1.177837e-03 -2.763917e-01 -9.610443e-01
    outer loop
      vertex   3.600000e-01  1.190998e-02  6.240895e-01
      vertex   3.640000e-01  1.157490e-02  6.241907e-01
      vertex   3.600000e-01  1.151910e-02  6.242019e-01
    endloop
  endfacet
  facet normal -1.500697e-03 -9.133479e-02 -9.958191e-01
    outer loop
      vertex   3.600000e-01  1.151910e-02  6.242019e-01
      vertex   3.640000e-01  1.157490e-02  6.241907e-01
      vertex   3.600000e-01  1.113698e-02  6.242369e-01
    endloop
  endfacet
  facet normal  1.158561e-03 -1.153612e-01 -9.933230e-01
    outer loop
      vertex   3.600000e-01  1.113698e-02  6.242369e-01
      vertex   3.640000e-01  1.157490e-02  6.241907e-01
      vertex   3.680000e-01  1.151910e-02  6.242019e-01
    endloop
  endfacet
  facet normal  0.000000e+00 -9.133489e-02 -9.958202e-01
    outer loop
      vertex   3.600000e-01  1.113698e-02  6.242369e-01
      vertex   3.680000e-01  1.151910e-02  6.242019e-01
      vertex   3.680000e-01  1.113698e-02  6.242369e-01
    endloop
  endfacet
  facet normal -1.184470e-03 -9.610645e-01  2.763216e-01
    outer loop
      vertex   3.680000e-01  1.308953e-02  6.213639e-01
      vertex   3.680000e-01  1.320192e-02  6.217548e-01
      vertex   3.640000e-01  1.319081e-02  6.216990e-01
    endloop
  endfacet
  facet normal  1.300008e-03 -9.944876e-01  1.048466e-01
    outer loop
      vertex   3.640000e-01  1.319081e-02  6.216990e-01
      vertex   3.680000e-01  1.320192e-02  6.217548e-01
      vertex   3.640000e-01  1.323698e-02  6.221370e-01
    endloop
  endfacet
  facet normal  0.000000e+00 -9.958179e-01  9.136049e-02
    outer loop
      vertex   3.680000e-01  1.320192e-02  6.217548e-01
      vertex   3.680000e-01  1.323698e-02  6.221370e-01
      vertex   3.640000e-01  1.323698e-02  6.221370e-01
    endloop
  endfacet
  facet normal  0.000000e+00 -9.958179e-01 -9.136049e-02
    outer loop
      vertex   3.640000e-01  1.323698e-02  6.221370e-01
      vertex   3.680000e-01  1.323698e-02  6.221370e-01
      vertex   3.680000e-01  1.320192e-02  6.225191e-01
    endloop
  endfacet
  facet normal  1.300008e-03 -9.944876e-01 -1.048466e-01
    outer loop
      vertex   3.640000e-01  1.323698e-02  6.221370e-01
      vertex   3.680000e-01  1.320192e-02  6.225191e-01
      vertex   3.640000e-01  1.319081e-02  6.225749e-01
    endloop
  endfacet
  facet normal -1.185044e-03 -9.610534e-01 -2.763605e-01
    outer loop
      vertex   3.640000e-01  1.319081e-02  6.225749e-01
      vertex   3.680000e-01  1.320192e-02  6.225191e-01
      vertex   3.680000e-01  1.308953e-02  6.229099e-01
    endloop
  endfacet
  facet normal  2.492147e-03 -9.485908e-01 -3.164953e-01
    outer loop
      vertex   3.640000e-01  1.319081e-02  6.225749e-01
      vertex   3.680000e-01  1.308953e-02  6.229099e-01
      vertex   3.640000e-01  1.304227e-02  6.230201e-01
    endloop
  endfacet
  facet normal -2.175620e-03 -8.879291e-01 -4.599752e-01
    outer loop
      vertex   3.640000e-01  1.304227e-02  6.230201e-01
      vertex   3.680000e-01  1.308953e-02  6.229099e-01
      vertex   3.680000e-01  1.289467e-02  6.232861e-01
    endloop
  endfacet
  facet normal  3.348149e-03 -8.521981e-01 -5.232086e-01
    outer loop
      vertex   3.640000e-01  1.304227e-02  6.230201e-01
      vertex   3.680000e-01  1.289467e-02  6.232861e-01
      vertex   3.640000e-01  1.278666e-02  6.234364e-01
    endloop
  endfacet
  facet normal -2.735078e-03 -7.762027e-01 -6.304774e-01
    outer loop
      vertex   3.640000e-01  1.278666e-02  6.234364e-01
      vertex   3.680000e-01  1.289467e-02  6.232861e-01
      vertex   3.680000e-01  1.262190e-02  6.236219e-01
    endloop
  endfacet
  facet normal  3.665181e-03 -7.070935e-01 -7.071105e-01
    outer loop
      vertex   3.640000e-01  1.278666e-02  6.234364e-01
      vertex   3.680000e-01  1.262190e-02  6.236219e-01
      vertex   3.640000e-01  1.243642e-02  6.237866e-01
    endloop
  endfacet
  facet normal -2.732435e-03 -6.304880e-01 -7.761941e-01
    outer loop
      vertex   3.640000e-01  1.243642e-02  6.237866e-01
      vertex   3.680000e-01  1.262190e-02  6.236219e-01
      vertex   3.680000e-01  1.228612e-02  6.238946e-01
    endloop
  endfacet
  facet normal  3.353311e-03 -5.231608e-01 -8.522274e-01
    outer loop
      vertex   3.640000e-01  1.243642e-02  6.237866e-01
      vertex   3.680000e-01  1.228612e-02  6.238946e-01
      vertex   3.640000e-01  1.202007e-02  6.240422e-01
    endloop
  endfacet
  facet normal -2.167316e-03 -4.599657e-01 -8.879340e-01
    outer loop
      vertex   3.640000e-01  1.202007e-02  6.240422e-01
      vertex   3.680000e-01  1.228612e-02  6.238946e-01
      vertex   3.680000e-01  1.190998e-02  6.240895e-01
    endloop
  endfacet
  facet normal  2.497851e-03 -3.165060e-01 -9.485872e-01
    outer loop
      vertex   3.640000e-01  1.202007e-02  6.240422e-01
      vertex   3.680000e-01  1.190998e-02  6.240895e-01
      vertex   3.640000e-01  1.157490e-02  6.241907e-01
    endloop
  endfacet
  facet normal -1.177838e-03 -2.763917e-01 -9.610443e-01
    outer loop
      vertex   3.640000e-01  1.157490e-02  6.241907e-01
      vertex   3.680000e-01  1.190998e-02  6.240895e-01
      vertex   3.680000e-01  1.151910e-02  6.242019e-01
    endloop
  endfacet
  facet normal  0.000000e+00 -8.945587e-01  4.469506e-01
    outer loop
      vertex   3.640000e-01  1.308953e-02  6.213639e-01
      vertex   3.600000e-01  1.308953e-02  6.213639e-01
      vertex   3.640000e-01  1.292750e-02  6.210396e-01
    endloop
  endfacet
  facet normal  1.324575e-03 -8.879304e-01  4.599760e-01
    outer loop
      vertex   3.640000e-01  1.292750e-02  6.210396e-01
      vertex   3.600000e-01  1.308953e-02  6.213639e-01
      vertex   3.600000e-01  1.289467e-02  6.209878e-01
    endloop
  endfacet
  facet normal -1.128585e-03 -8.032746e-01  5.956078e-01
    outer loop
      vertex   3.640000e-01  1.292750e-02  6.210396e-01
      vertex   3.600000e-01  1.289467e-02  6.209878e-01
      vertex   3.640000e-01  1.270710e-02  6.207424e-01
    endloop
  endfacet
  facet normal  2.286809e-03 -7.761489e-01  6.305456e-01
    outer loop
      vertex   3.640000e-01  1.270710e-02  6.207424e-01
      vertex   3.600000e-01  1.289467e-02  6.209878e-01
      vertex   3.600000e-01  1.262190e-02  6.206520e-01
    endloop
  endfacet
  facet normal -1.831545e-03 -6.858633e-01  7.277281e-01
    outer loop
      vertex   3.640000e-01  1.270710e-02  6.207424e-01
      vertex   3.600000e-01  1.262190e-02  6.206520e-01
      vertex   3.640000e-01  1.243642e-02  6.204873e-01
    endloop
  endfacet
  facet normal  2.732444e-03 -6.304883e-01  7.761940e-01
    outer loop
      vertex   3.640000e-01  1.243642e-02  6.204873e-01
      vertex   3.600000e-01  1.262190e-02  6.206520e-01
      vertex   3.600000e-01  1.228612e-02  6.203793e-01
    endloop
  endfacet
  facet normal -2.018604e-03 -5.475670e-01  8.367594e-01
    outer loop
      vertex   3.640000e-01  1.243642e-02  6.204873e-01
      vertex   3.600000e-01  1.228612e-02  6.203793e-01
      vertex   3.640000e-01  1.212837e-02  6.202857e-01
    endloop
  endfacet
  facet normal  2.627626e-03 -4.600761e-01  8.878756e-01
    outer loop
      vertex   3.640000e-01  1.212837e-02  6.202857e-01
      vertex   3.600000e-01  1.228612e-02  6.203793e-01
      vertex   3.600000e-01  1.190998e-02  6.201844e-01
    endloop
  endfacet
  facet normal -1.697851e-03 -3.951201e-01  9.186279e-01
    outer loop
      vertex   3.640000e-01  1.212837e-02  6.202857e-01
      vertex   3.600000e-01  1.190998e-02  6.201844e-01
      vertex   3.640000e-01  1.179870e-02  6.201439e-01
    endloop
  endfacet
  facet normal  2.038544e-03 -2.762560e-01  9.610819e-01
    outer loop
      vertex   3.640000e-01  1.179870e-02  6.201439e-01
      vertex   3.600000e-01  1.190998e-02  6.201844e-01
      vertex   3.600000e-01  1.151910e-02  6.200720e-01
    endloop
  endfacet
  facet normal -9.647260e-04 -2.360314e-01  9.717450e-01
    outer loop
      vertex   3.640000e-01  1.179870e-02  6.201439e-01
      vertex   3.600000e-01  1.151910e-02  6.200720e-01
      vertex   3.640000e-01  1.146349e-02  6.200625e-01
    endloop
  endfacet
  facet normal -7.231978e-03 -9.136467e-02 -9.957913e-01
    outer loop
      vertex   3.678000e-01  1.819675e-03  6.208330e-01
      vertex   3.678000e-01  4.482310e-08  6.210000e-01
      vertex   3.649000e-01  1.554852e-03  6.208784e-01
    endloop
  endfacet
  facet normal -6.284213e-09 -7.796679e-02 -9.969559e-01
    outer loop
      vertex   3.649000e-01  1.554852e-03  6.208784e-01
      vertex   3.678000e-01  4.482310e-08  6.210000e-01
      vertex   3.620000e-01  4.526099e-08  6.210000e-01
    endloop
  endfacet
  facet normal  7.231962e-03 -9.136467e-02 -9.957913e-01
    outer loop
      vertex   3.649000e-01  1.554852e-03  6.208784e-01
      vertex   3.620000e-01  4.526099e-08  6.210000e-01
      vertex   3.620000e-01  1.819676e-03  6.208330e-01
    endloop
  endfacet
  facet normal -6.361983e-03 -2.361029e-01 -9.717072e-01
    outer loop
      vertex   3.649000e-01  1.554852e-03  6.208784e-01
      vertex   3.620000e-01  1.819676e-03  6.208330e-01
      vertex   3.649000e-01  3.151081e-03  6.204906e-01
    endloop
  endfacet
  facet normal  1.335169e-02 -2.762837e-01 -9.609834e-01
    outer loop
      vertex   3.649000e-01  3.151081e-03  6.204906e-01
      vertex   3.620000e-01  1.819676e-03  6.208330e-01
      vertex   3.620000e-01  3.680993e-03  6.202979e-01
    endloop
  endfacet
  facet normal -1.115994e-02 -3.950202e-01 -9.186046e-01
    outer loop
      vertex   3.649000e-01  3.151081e-03  6.204906e-01
      vertex   3.620000e-01  3.680993e-03  6.202979e-01
      vertex   3.649000e-01  4.720959e-03  6.198155e-01
    endloop
  endfacet
  facet normal  1.724324e-02 -4.599286e-01 -8.877885e-01
    outer loop
      vertex   3.649000e-01  4.720959e-03  6.198155e-01
      vertex   3.620000e-01  3.680993e-03  6.202979e-01
      vertex   3.620000e-01  5.472143e-03  6.193700e-01
    endloop
  endfacet
  facet normal -1.328025e-02 -5.474779e-01 -8.367148e-01
    outer loop
      vertex   3.649000e-01  4.720959e-03  6.198155e-01
      vertex   3.620000e-01  5.472143e-03  6.193700e-01
      vertex   3.649000e-01  6.187850e-03  6.188557e-01
    endloop
  endfacet
  facet normal  1.794741e-02 -6.304154e-01 -7.760504e-01
    outer loop
      vertex   3.649000e-01  6.187850e-03  6.188557e-01
      vertex   3.620000e-01  5.472143e-03  6.193700e-01
      vertex   3.620000e-01  7.071113e-03  6.180711e-01
    endloop
  endfacet
  facet normal -1.204383e-02 -6.858699e-01 -7.276246e-01
    outer loop
      vertex   3.649000e-01  6.187850e-03  6.188557e-01
      vertex   3.620000e-01  7.071113e-03  6.180711e-01
      vertex   3.649000e-01  7.476797e-03  6.176407e-01
    endloop
  endfacet
  facet normal  1.500002e-02 -7.760893e-01 -6.304446e-01
    outer loop
      vertex   3.649000e-01  7.476797e-03  6.176407e-01
      vertex   3.620000e-01  7.071113e-03  6.180711e-01
      vertex   3.620000e-01  8.370000e-03  6.164721e-01
    endloop
  endfacet
  facet normal -7.413756e-03 -8.032571e-01 -5.955864e-01
    outer loop
      vertex   3.649000e-01  7.476797e-03  6.176407e-01
      vertex   3.620000e-01  8.370000e-03  6.164721e-01
      vertex   3.649000e-01  8.526333e-03  6.162252e-01
    endloop
  endfacet
  facet normal  8.696213e-03 -8.878893e-01 -4.599748e-01
    outer loop
      vertex   3.649000e-01  8.526333e-03  6.162252e-01
      vertex   3.620000e-01  8.370000e-03  6.164721e-01
      vertex   3.620000e-01  9.297928e-03  6.146809e-01
    endloop
  endfacet
  facet normal  0.000000e+00 -8.945484e-01 -4.469710e-01
    outer loop
      vertex   3.649000e-01  8.526333e-03  6.162252e-01
      vertex   3.620000e-01  9.297928e-03  6.146809e-01
      vertex   3.649000e-01  9.297928e-03  6.146809e-01
    endloop
  endfacet
  facet normal -0.000000e+00 -9.572329e-01 -2.893187e-01
    outer loop
      vertex   3.649000e-01  9.297928e-03  6.146809e-01
      vertex   3.620000e-01  9.297928e-03  6.146809e-01
      vertex   3.649000e-01  9.780195e-03  6.130853e-01
    endloop
  endfacet
  facet normal  0.000000e+00 -9.572329e-01 -2.893187e-01
    outer loop
      vertex   3.649000e-01  9.297928e-03  6.146809e-01
      vertex   3.649000e-01  9.780195e-03  6.130853e-01
      vertex   3.678000e-01  9.297928e-03  6.146809e-01
    endloop
  endfacet
  facet normal -7.785854e-03 -9.610350e-01 -2.763171e-01
    outer loop
      vertex   3.678000e-01  9.297928e-03  6.146809e-01
      vertex   3.649000e-01  9.780195e-03  6.130853e-01
      vertex   3.678000e-01  9.833099e-03  6.128196e-01
    endloop
  endfacet
  facet normal  8.535402e-03 -9.944521e-01 -1.048425e-01
    outer loop
      vertex   3.678000e-01  9.833099e-03  6.128196e-01
      vertex   3.649000e-01  9.780195e-03  6.130853e-01
      vertex   3.649000e-01  1.000005e-02  6.110000e-01
    endloop
  endfacet
  facet normal  0.000000e+00 -9.958175e-01 -9.136452e-02
    outer loop
      vertex   3.678000e-01  9.833099e-03  6.128196e-01
      vertex   3.649000e-01  1.000005e-02  6.110000e-01
      vertex   3.678000e-01  1.000005e-02  6.110000e-01
    endloop
  endfacet
  facet normal  0.000000e+00 -9.958175e-01  9.136452e-02
    outer loop
      vertex   3.678000e-01  1.000005e-02  6.110000e-01
      vertex   3.649000e-01  1.000005e-02  6.110000e-01
      vertex   3.678000e-01  9.833099e-03  6.091804e-01
    endloop
  endfacet
  facet normal  8.535402e-03 -9.944521e-01  1.048425e-01
    outer loop
      vertex   3.678000e-01  9.833099e-03  6.091804e-01
      vertex   3.649000e-01  1.000005e-02  6.110000e-01
      vertex   3.649000e-01  9.780195e-03  6.089147e-01
    endloop
  endfacet
  facet normal -7.785860e-03 -9.610350e-01  2.763171e-01
    outer loop
      vertex   3.678000e-01  9.833099e-03  6.091804e-01
      vertex   3.649000e-01  9.780195e-03  6.089147e-01
      vertex   3.678000e-01  9.297928e-03  6.073191e-01
    endloop
  endfacet
  facet normal  1.639216e-02 -9.484640e-01  3.164608e-01
    outer loop
      vertex   3.678000e-01  9.297928e-03  6.073191e-01
      vertex   3.649000e-01  9.780195e-03  6.089147e-01
      vertex   3.649000e-01  9.072877e-03  6.067948e-01
    endloop
  endfacet
  facet normal -1.425317e-02 -8.878328e-01  4.599455e-01
    outer loop
      vertex   3.678000e-01  9.297928e-03  6.073191e-01
      vertex   3.649000e-01  9.072877e-03  6.067948e-01
      vertex   3.678000e-01  8.370000e-03  6.055279e-01
    endloop
  endfacet
  facet normal  2.201386e-02 -8.519982e-01  5.230818e-01
    outer loop
      vertex   3.678000e-01  8.370000e-03  6.055279e-01
      vertex   3.649000e-01  9.072877e-03  6.067948e-01
      vertex   3.649000e-01  7.855684e-03  6.048122e-01
    endloop
  endfacet
  facet normal -1.794322e-02 -7.760513e-01  6.304145e-01
    outer loop
      vertex   3.678000e-01  8.370000e-03  6.055279e-01
      vertex   3.649000e-01  7.855684e-03  6.048122e-01
      vertex   3.678000e-01  7.071112e-03  6.039289e-01
    endloop
  endfacet
  facet normal  2.405848e-02 -7.069066e-01  7.068976e-01
    outer loop
      vertex   3.678000e-01  7.071112e-03  6.039289e-01
      vertex   3.649000e-01  7.855684e-03  6.048122e-01
      vertex   3.649000e-01  6.187849e-03  6.031443e-01
    endloop
  endfacet
  facet normal -1.794751e-02 -6.304154e-01  7.760504e-01
    outer loop
      vertex   3.678000e-01  7.071112e-03  6.039289e-01
      vertex   3.649000e-01  6.187849e-03  6.031443e-01
      vertex   3.678000e-01  5.472142e-03  6.026300e-01
    endloop
  endfacet
  facet normal  2.201460e-02 -5.230733e-01  8.520033e-01
    outer loop
      vertex   3.678000e-01  5.472142e-03  6.026300e-01
      vertex   3.649000e-01  6.187849e-03  6.031443e-01
      vertex   3.649000e-01  4.205245e-03  6.019272e-01
    endloop
  endfacet
  facet normal -1.424457e-02 -4.599501e-01  8.878304e-01
    outer loop
      vertex   3.678000e-01  5.472142e-03  6.026300e-01
      vertex   3.649000e-01  4.205245e-03  6.019272e-01
      vertex   3.678000e-01  3.680991e-03  6.017021e-01
    endloop
  endfacet
  facet normal  1.639842e-02 -3.164719e-01  9.484602e-01
    outer loop
      vertex   3.678000e-01  3.680991e-03  6.017021e-01
      vertex   3.649000e-01  4.205245e-03  6.019272e-01
      vertex   3.649000e-01  2.085395e-03  6.012198e-01
    endloop
  endfacet
  facet normal -7.796289e-03 -2.763000e-01  9.610398e-01
    outer loop
      vertex   3.678000e-01  3.680991e-03  6.017021e-01
      vertex   3.649000e-01  2.085395e-03  6.012198e-01
      vertex   3.678000e-01  1.819674e-03  6.011670e-01
    endloop
  endfacet
  facet normal  9.782278e-03 -9.136268e-02  9.957696e-01
    outer loop
      vertex   3.678000e-01  1.819674e-03  6.011670e-01
      vertex   3.649000e-01  2.085395e-03  6.012198e-01
      vertex   3.678000e-01  4.331314e-08  6.010000e-01
    endloop
  endfacet
  facet normal -7.552399e-03 -1.152102e-01  9.933124e-01
    outer loop
      vertex   3.678000e-01  4.331314e-08  6.010000e-01
      vertex   3.649000e-01  2.085395e-03  6.012198e-01
      vertex   3.620000e-01  1.819675e-03  6.011670e-01
    endloop
  endfacet
  facet normal -6.898040e-09 -9.136705e-02  9.958172e-01
    outer loop
      vertex   3.678000e-01  4.331314e-08  6.010000e-01
      vertex   3.620000e-01  1.819675e-03  6.011670e-01
      vertex   3.620000e-01  4.375103e-08  6.010000e-01
    endloop
  endfacet
  facet normal  7.785854e-03 -9.610350e-01 -2.763171e-01
    outer loop
      vertex   3.620000e-01  9.297928e-03  6.146809e-01
      vertex   3.620000e-01  9.833099e-03  6.128196e-01
      vertex   3.649000e-01  9.780195e-03  6.130853e-01
    endloop
  endfacet
  facet normal -8.535401e-03 -9.944521e-01 -1.048425e-01
    outer loop
      vertex   3.649000e-01  9.780195e-03  6.130853e-01
      vertex   3.620000e-01  9.833099e-03  6.128196e-01
      vertex   3.649000e-01  1.000005e-02  6.110000e-01
    endloop
  endfacet
  facet normal  0.000000e+00 -9.958175e-01 -9.136452e-02
    outer loop
      vertex   3.620000e-01  9.833099e-03  6.128196e-01
      vertex   3.620000e-01  1.000005e-02  6.110000e-01
      vertex   3.649000e-01  1.000005e-02  6.110000e-01
    endloop
  endfacet
  facet normal  0.000000e+00 -9.958175e-01  9.136452e-02
    outer loop
      vertex   3.649000e-01  1.000005e-02  6.110000e-01
      vertex   3.620000e-01  1.000005e-02  6.110000e-01
      vertex   3.620000e-01  9.833099e-03  6.091804e-01
    endloop
  endfacet
  facet normal -8.535400e-03 -9.944521e-01  1.048425e-01
    outer loop
      vertex   3.649000e-01  1.000005e-02  6.110000e-01
      vertex   3.620000e-01  9.833099e-03  6.091804e-01
      vertex   3.649000e-01  9.780195e-03  6.089147e-01
    endloop
  endfacet
  facet normal  7.785862e-03 -9.610350e-01  2.763171e-01
    outer loop
      vertex   3.649000e-01  9.780195e-03  6.089147e-01
      vertex   3.620000e-01  9.833099e-03  6.091804e-01
      vertex   3.620000e-01  9.297928e-03  6.073191e-01
    endloop
  endfacet
  facet normal -1.639215e-02 -9.484640e-01  3.164608e-01
    outer loop
      vertex   3.649000e-01  9.780195e-03  6.089147e-01
      vertex   3.620000e-01  9.297928e-03  6.073191e-01
      vertex   3.649000e-01  9.072877e-03  6.067948e-01
    endloop
  endfacet
  facet normal  1.425317e-02 -8.878328e-01  4.599455e-01
    outer loop
      vertex   3.649000e-01  9.072877e-03  6.067948e-01
      vertex   3.620000e-01  9.297928e-03  6.073191e-01
      vertex   3.620000e-01  8.370000e-03  6.055279e-01
    endloop
  endfacet
  facet normal -2.201386e-02 -8.519982e-01  5.230818e-01
    outer loop
      vertex   3.649000e-01  9.072877e-03  6.067948e-01
      vertex   3.620000e-01  8.370000e-03  6.055279e-01
      vertex   3.649000e-01  7.855684e-03  6.048122e-01
    endloop
  endfacet
  facet normal  1.794316e-02 -7.760514e-01  6.304143e-01
    outer loop
      vertex   3.649000e-01  7.855684e-03  6.048122e-01
      vertex   3.620000e-01  8.370000e-03  6.055279e-01
      vertex   3.620000e-01  7.071112e-03  6.039289e-01
    endloop
  endfacet
  facet normal -2.405860e-02 -7.069067e-01  7.068976e-01
    outer loop
      vertex   3.649000e-01  7.855684e-03  6.048122e-01
      vertex   3.620000e-01  7.071112e-03  6.039289e-01
      vertex   3.649000e-01  6.187849e-03  6.031443e-01
    endloop
  endfacet
  facet normal  1.794741e-02 -6.304154e-01  7.760504e-01
    outer loop
      vertex   3.649000e-01  6.187849e-03  6.031443e-01
      vertex   3.620000e-01  7.071112e-03  6.039289e-01
      vertex   3.620000e-01  5.472142e-03  6.026300e-01
    endloop
  endfacet
  facet normal -2.201468e-02 -5.230732e-01  8.520033e-01
    outer loop
      vertex   3.649000e-01  6.187849e-03  6.031443e-01
      vertex   3.620000e-01  5.472142e-03  6.026300e-01
      vertex   3.649000e-01  4.205245e-03  6.019272e-01
    endloop
  endfacet
  facet normal  1.424452e-02 -4.599501e-01  8.878304e-01
    outer loop
      vertex   3.649000e-01  4.205245e-03  6.019272e-01
      vertex   3.620000e-01  5.472142e-03  6.026300e-01
      vertex   3.620000e-01  3.680991e-03  6.017021e-01
    endloop
  endfacet
  facet normal -1.639847e-02 -3.164718e-01  9.484602e-01
    outer loop
      vertex   3.649000e-01  4.205245e-03  6.019272e-01
      vertex   3.620000e-01  3.680991e-03  6.017021e-01
      vertex   3.649000e-01  2.085395e-03  6.012198e-01
    endloop
  endfacet
  facet normal  7.796245e-03 -2.763000e-01  9.610398e-01
    outer loop
      vertex   3.649000e-01  2.085395e-03  6.012198e-01
      vertex   3.620000e-01  3.680991e-03  6.017021e-01
      vertex   3.620000e-01  1.819675e-03  6.011670e-01
    endloop
  endfacet
  facet normal  0.000000e+00 -8.945484e-01 -4.469710e-01
    outer loop
      vertex   3.649000e-01  9.297928e-03  6.146809e-01
      vertex   3.678000e-01  9.297928e-03  6.146809e-01
      vertex   3.649000e-01  8.526333e-03  6.162252e-01
    endloop
  endfacet
  facet normal -8.696213e-03 -8.878893e-01 -4.599748e-01
    outer loop
      vertex   3.649000e-01  8.526333e-03  6.162252e-01
      vertex   3.678000e-01  9.297928e-03  6.146809e-01
      vertex   3.678000e-01  8.370000e-03  6.164721e-01
    endloop
  endfacet
  facet normal  7.413753e-03 -8.032571e-01 -5.955864e-01
    outer loop
      vertex   3.649000e-01  8.526333e-03  6.162252e-01
      vertex   3.678000e-01  8.370000e-03  6.164721e-01
      vertex   3.649000e-01  7.476797e-03  6.176407e-01
    endloop
  endfacet
  facet normal -1.500011e-02 -7.760892e-01 -6.304448e-01
    outer loop
      vertex   3.649000e-01  7.476797e-03  6.176407e-01
      vertex   3.678000e-01  8.370000e-03  6.164721e-01
      vertex   3.678000e-01  7.071113e-03  6.180711e-01
    endloop
  endfacet
  facet normal  1.204372e-02 -6.858699e-01 -7.276246e-01
    outer loop
      vertex   3.649000e-01  7.476797e-03  6.176407e-01
      vertex   3.678000e-01  7.071113e-03  6.180711e-01
      vertex   3.649000e-01  6.187850e-03  6.188557e-01
    endloop
  endfacet
  facet normal -1.794751e-02 -6.304154e-01 -7.760504e-01
    outer loop
      vertex   3.649000e-01  6.187850e-03  6.188557e-01
      vertex   3.678000e-01  7.071113e-03  6.180711e-01
      vertex   3.678000e-01  5.472143e-03  6.193700e-01
    endloop
  endfacet
  facet normal  1.328016e-02 -5.474779e-01 -8.367148e-01
    outer loop
      vertex   3.649000e-01  6.187850e-03  6.188557e-01
      vertex   3.678000e-01  5.472143e-03  6.193700e-01
      vertex   3.649000e-01  4.720959e-03  6.198155e-01
    endloop
  endfacet
  facet normal -1.724331e-02 -4.599286e-01 -8.877885e-01
    outer loop
      vertex   3.649000e-01  4.720959e-03  6.198155e-01
      vertex   3.678000e-01  5.472143e-03  6.193700e-01
      vertex   3.678000e-01  3.680992e-03  6.202979e-01
    endloop
  endfacet
  facet normal  1.115988e-02 -3.950202e-01 -9.186046e-01
    outer loop
      vertex   3.649000e-01  4.720959e-03  6.198155e-01
      vertex   3.678000e-01  3.680992e-03  6.202979e-01
      vertex   3.649000e-01  3.151081e-03  6.204906e-01
    endloop
  endfacet
  facet normal -1.335173e-02 -2.762837e-01 -9.609833e-01
    outer loop
      vertex   3.649000e-01  3.151081e-03  6.204906e-01
      vertex   3.678000e-01  3.680992e-03  6.202979e-01
      vertex   3.678000e-01  1.819675e-03  6.208330e-01
    endloop
  endfacet
  facet normal  6.361948e-03 -2.361029e-01 -9.717072e-01
    outer loop
      vertex   3.649000e-01  3.151081e-03  6.204906e-01
      vertex   3.678000e-01  1.819675e-03  6.208330e-01
      vertex   3.649000e-01  1.554852e-03  6.208784e-01
    endloop
  endfacet
  facet normal  8.541992e-01 -8.285470e-02  5.133018e-01
    outer loop
      vertex   3.594979e-01  4.588401e-08  6.267500e-01
      vertex   3.595918e-01  4.586512e-08  6.265938e-01
      vertex   3.602490e-01  3.939253e-04  6.255637e-01
    endloop
  endfacet
  facet normal  8.542075e-01 -8.294163e-02  5.132740e-01
    outer loop
      vertex   3.602490e-01  3.939253e-04  6.255637e-01
      vertex   3.595918e-01  4.586512e-08  6.265938e-01
      vertex   3.596857e-01  4.584624e-08  6.264375e-01
    endloop
  endfacet
  facet normal  8.542259e-01 -8.308743e-02  5.132198e-01
    outer loop
      vertex   3.602490e-01  3.939253e-04  6.255637e-01
      vertex   3.596857e-01  4.584624e-08  6.264375e-01
      vertex   3.598734e-01  4.580847e-08  6.261250e-01
    endloop
  endfacet
  facet normal  8.541957e-01 -8.295681e-02  5.132914e-01
    outer loop
      vertex   3.598734e-01  4.580847e-08  6.261250e-01
      vertex   3.602490e-01  4.573293e-08  6.255000e-01
      vertex   3.602490e-01  3.939253e-04  6.255637e-01
    endloop
  endfacet
  facet normal  8.599314e-01 -8.143435e-02  5.038714e-01
    outer loop
      vertex   3.602490e-01  3.939253e-04  6.255637e-01
      vertex   3.602490e-01  4.573293e-08  6.255000e-01
      vertex   3.610000e-01  4.549533e-04  6.242917e-01
    endloop
  endfacet
  facet normal  8.551998e-01 -1.432397e-01  4.981121e-01
    outer loop
      vertex   3.602490e-01  3.939253e-04  6.255637e-01
      vertex   3.610000e-01  4.549533e-04  6.242917e-01
      vertex   3.610000e-01  9.202824e-04  6.244255e-01
    endloop
  endfacet
  facet normal  8.562171e-01 -4.718501e-02  5.144569e-01
    outer loop
      vertex   3.602490e-01  4.573293e-08  6.255000e-01
      vertex   3.610000e-01  4.558185e-08  6.242500e-01
      vertex   3.610000e-01  4.549533e-04  6.242917e-01
    endloop
  endfacet
  facet normal  8.576584e-01 -2.365395e-01  4.565864e-01
    outer loop
      vertex   3.610000e-01  9.202824e-04  6.244255e-01
      vertex   3.610000e-01  1.368070e-03  6.246575e-01
      vertex   3.602490e-01  3.939253e-04  6.255637e-01
    endloop
  endfacet
  facet normal  8.589135e-01 -2.427838e-01  4.509141e-01
    outer loop
      vertex   3.602490e-01  3.939253e-04  6.255637e-01
      vertex   3.610000e-01  1.368070e-03  6.246575e-01
      vertex   3.602490e-01  7.735214e-04  6.257681e-01
    endloop
  endfacet
  facet normal  8.537001e-01 -2.468819e-01  4.585253e-01
    outer loop
      vertex   3.602490e-01  3.939253e-04  6.255637e-01
      vertex   3.602490e-01  7.735214e-04  6.257681e-01
      vertex   3.594979e-01  4.588401e-08  6.267500e-01
    endloop
  endfacet
  facet normal  8.547480e-01 -3.272655e-01  4.028685e-01
    outer loop
      vertex   3.610000e-01  1.368070e-03  6.246575e-01
      vertex   3.610000e-01  1.767813e-03  6.249822e-01
      vertex   3.602490e-01  7.735214e-04  6.257681e-01
    endloop
  endfacet
  facet normal  8.598967e-01 -3.814928e-01  3.391770e-01
    outer loop
      vertex   3.602490e-01  7.735214e-04  6.257681e-01
      vertex   3.610000e-01  1.767813e-03  6.249822e-01
      vertex   3.602490e-01  1.065832e-03  6.260968e-01
    endloop
  endfacet
  facet normal  8.535544e-01 -3.893664e-01  3.461772e-01
    outer loop
      vertex   3.602490e-01  7.735214e-04  6.257681e-01
      vertex   3.602490e-01  1.065832e-03  6.260968e-01
      vertex   3.594979e-01  4.588401e-08  6.267500e-01
    endloop
  endfacet
  facet normal  8.567333e-01 -4.003325e-01  3.251800e-01
    outer loop
      vertex   3.610000e-01  1.767813e-03  6.249822e-01
      vertex   3.610000e-01  2.092534e-03  6.253820e-01
      vertex   3.602490e-01  1.065832e-03  6.260968e-01
    endloop
  endfacet
  facet normal  8.554164e-01 -4.598818e-01  2.382675e-01
    outer loop
      vertex   3.602490e-01  1.065832e-03  6.260968e-01
      vertex   3.610000e-01  2.092534e-03  6.253820e-01
      vertex   3.610000e-01  2.324516e-03  6.258298e-01
    endloop
  endfacet
  facet normal  8.603863e-01 -4.733018e-01  1.889999e-01
    outer loop
      vertex   3.602490e-01  1.065832e-03  6.260968e-01
      vertex   3.610000e-01  2.324516e-03  6.258298e-01
      vertex   3.602490e-01  1.222564e-03  6.264893e-01
    endloop
  endfacet
  facet normal  8.555731e-01 -4.975257e-01  1.430488e-01
    outer loop
      vertex   3.602490e-01  1.222564e-03  6.264893e-01
      vertex   3.610000e-01  2.324516e-03  6.258298e-01
      vertex   3.610000e-01  2.458309e-03  6.262951e-01
    endloop
  endfacet
  facet normal  8.568612e-01 -5.133908e-01  4.710270e-02
    outer loop
      vertex   3.602490e-01  1.222564e-03  6.264893e-01
      vertex   3.610000e-01  2.458309e-03  6.262951e-01
      vertex   3.610000e-01  2.500046e-03  6.267500e-01
    endloop
  endfacet
  facet normal  8.620467e-01 -5.068288e-01 -1.131832e-07
    outer loop
      vertex   3.602490e-01  1.222564e-03  6.264893e-01
      vertex   3.610000e-01  2.500046e-03  6.267500e-01
      vertex   3.602490e-01  1.222564e-03  6.270106e-01
    endloop
  endfacet
  facet normal  8.568612e-01 -5.133907e-01 -4.710269e-02
    outer loop
      vertex   3.602490e-01  1.222564e-03  6.270106e-01
      vertex   3.610000e-01  2.500046e-03  6.267500e-01
      vertex   3.610000e-01  2.458309e-03  6.272049e-01
    endloop
  endfacet
  facet normal  8.555731e-01 -4.975257e-01 -1.430488e-01
    outer loop
      vertex   3.602490e-01  1.222564e-03  6.270106e-01
      vertex   3.610000e-01  2.458309e-03  6.272049e-01
      vertex   3.610000e-01  2.324516e-03  6.276702e-01
    endloop
  endfacet
  facet normal  8.620946e-01 -4.587803e-01 -2.152058e-01
    outer loop
      vertex   3.602490e-01  1.222564e-03  6.270106e-01
      vertex   3.610000e-01  2.324516e-03  6.276702e-01
      vertex   3.602490e-01  9.820008e-04  6.275235e-01
    endloop
  endfacet
  facet normal  8.588910e-01 -4.547606e-01 -2.355826e-01
    outer loop
      vertex   3.602490e-01  9.820008e-04  6.275235e-01
      vertex   3.610000e-01  2.324516e-03  6.276702e-01
      vertex   3.610000e-01  2.092535e-03  6.281180e-01
    endloop
  endfacet
  facet normal  8.547445e-01 -4.028617e-01 -3.272832e-01
    outer loop
      vertex   3.602490e-01  9.820008e-04  6.275235e-01
      vertex   3.610000e-01  2.092535e-03  6.281180e-01
      vertex   3.610000e-01  1.767813e-03  6.285177e-01
    endloop
  endfacet
  facet normal  8.602470e-01 -3.214865e-01 -3.957543e-01
    outer loop
      vertex   3.610000e-01  1.767813e-03  6.285177e-01
      vertex   3.610000e-01  1.368070e-03  6.288425e-01
      vertex   3.602490e-01  9.820008e-04  6.275235e-01
    endloop
  endfacet
  facet normal  8.614805e-01 -3.148472e-01 -3.984001e-01
    outer loop
      vertex   3.602490e-01  9.820008e-04  6.275235e-01
      vertex   3.610000e-01  1.368070e-03  6.288425e-01
      vertex   3.602490e-01  5.256960e-04  6.278841e-01
    endloop
  endfacet
  facet normal  8.507351e-01 -3.258863e-01 -4.123687e-01
    outer loop
      vertex   3.602490e-01  9.820008e-04  6.275235e-01
      vertex   3.602490e-01  5.256960e-04  6.278841e-01
      vertex   3.594979e-01  4.588401e-08  6.267500e-01
    endloop
  endfacet
  facet normal  8.550455e-01 -2.385328e-01 -4.604339e-01
    outer loop
      vertex   3.610000e-01  1.368070e-03  6.288425e-01
      vertex   3.610000e-01  9.202827e-04  6.290745e-01
      vertex   3.602490e-01  5.256960e-04  6.278841e-01
    endloop
  endfacet
  facet normal  8.577205e-01 -1.420838e-01 -4.940930e-01
    outer loop
      vertex   3.602490e-01  5.256960e-04  6.278841e-01
      vertex   3.610000e-01  9.202827e-04  6.290745e-01
      vertex   3.610000e-01  4.549536e-04  6.292083e-01
    endloop
  endfacet
  facet normal  8.621132e-01 -1.091324e-01 -4.948242e-01
    outer loop
      vertex   3.602490e-01  5.256960e-04  6.278841e-01
      vertex   3.610000e-01  4.549536e-04  6.292083e-01
      vertex   3.602490e-01  4.592167e-08  6.280000e-01
    endloop
  endfacet
  facet normal  8.562061e-01 -4.718667e-02 -5.144749e-01
    outer loop
      vertex   3.602490e-01  4.592167e-08  6.280000e-01
      vertex   3.610000e-01  4.549536e-04  6.292083e-01
      vertex   3.610000e-01  4.595934e-08  6.292500e-01
    endloop
  endfacet
  facet normal  8.516949e-01 -1.128632e-01 -5.117399e-01
    outer loop
      vertex   3.602490e-01  4.592167e-08  6.280000e-01
      vertex   3.598734e-01  4.590284e-08  6.273750e-01
      vertex   3.602490e-01  5.256960e-04  6.278841e-01
    endloop
  endfacet
  facet normal  8.517088e-01 -1.129044e-01 -5.117075e-01
    outer loop
      vertex   3.602490e-01  5.256960e-04  6.278841e-01
      vertex   3.598734e-01  4.590284e-08  6.273750e-01
      vertex   3.596857e-01  4.589342e-08  6.270625e-01
    endloop
  endfacet
  facet normal  8.516345e-01 -1.124881e-01 -5.119230e-01
    outer loop
      vertex   3.602490e-01  5.256960e-04  6.278841e-01
      vertex   3.596857e-01  4.589342e-08  6.270625e-01
      vertex   3.595918e-01  4.588872e-08  6.269063e-01
    endloop
  endfacet
  facet normal  8.517265e-01 -1.131655e-01 -5.116206e-01
    outer loop
      vertex   3.595918e-01  4.588872e-08  6.269063e-01
      vertex   3.594979e-01  4.588401e-08  6.267500e-01
      vertex   3.602490e-01  5.256960e-04  6.278841e-01
    endloop
  endfacet
  facet normal  8.510799e-01 -4.753379e-01 -2.229727e-01
    outer loop
      vertex   3.602490e-01  9.820008e-04  6.275235e-01
      vertex   3.594979e-01  4.588401e-08  6.267500e-01
      vertex   3.602490e-01  1.222564e-03  6.270106e-01
    endloop
  endfacet
  facet normal  8.520442e-01 -5.234699e-01 -1.168994e-07
    outer loop
      vertex   3.602490e-01  1.222564e-03  6.270106e-01
      vertex   3.594979e-01  4.588401e-08  6.267500e-01
      vertex   3.602490e-01  1.222564e-03  6.264893e-01
    endloop
  endfacet
  facet normal  8.538411e-01 -4.834164e-01  1.930389e-01
    outer loop
      vertex   3.602490e-01  1.222564e-03  6.264893e-01
      vertex   3.594979e-01  4.588401e-08  6.267500e-01
      vertex   3.602490e-01  1.065832e-03  6.260968e-01
    endloop
  endfacet
  facet normal  8.542196e-01 -8.308972e-02  5.132300e-01
    outer loop
      vertex   3.587382e-01 -1.113689e-02  6.221370e-01
      vertex   3.588171e-01 -1.113689e-02  6.220057e-01
      vertex   3.593691e-01 -1.080603e-02  6.211404e-01
    endloop
  endfacet
  facet normal  8.541704e-01 -8.257800e-02  5.133944e-01
    outer loop
      vertex   3.593691e-01 -1.080603e-02  6.211404e-01
      vertex   3.588171e-01 -1.113689e-02  6.220057e-01
      vertex   3.588960e-01 -1.113689e-02  6.218745e-01
    endloop
  endfacet
  facet normal  8.542249e-01 -8.301258e-02  5.132336e-01
    outer loop
      vertex   3.593691e-01 -1.080603e-02  6.211404e-01
      vertex   3.588960e-01 -1.113689e-02  6.218745e-01
      vertex   3.590537e-01 -1.113689e-02  6.216120e-01
    endloop
  endfacet
  facet normal  8.542087e-01 -8.294229e-02  5.132720e-01
    outer loop
      vertex   3.590537e-01 -1.113689e-02  6.216120e-01
      vertex   3.593691e-01 -1.113689e-02  6.210870e-01
      vertex   3.593691e-01 -1.080603e-02  6.211404e-01
    endloop
  endfacet
  facet normal  8.599316e-01 -8.142342e-02  5.038727e-01
    outer loop
      vertex   3.593691e-01 -1.080603e-02  6.211404e-01
      vertex   3.593691e-01 -1.113689e-02  6.210870e-01
      vertex   3.600000e-01 -1.075476e-02  6.200720e-01
    endloop
  endfacet
  facet normal  8.552058e-01 -1.431811e-01  4.981189e-01
    outer loop
      vertex   3.593691e-01 -1.080603e-02  6.211404e-01
      vertex   3.600000e-01 -1.075476e-02  6.200720e-01
      vertex   3.600000e-01 -1.036389e-02  6.201844e-01
    endloop
  endfacet
  facet normal  8.562182e-01 -4.718465e-02  5.144551e-01
    outer loop
      vertex   3.593691e-01 -1.113689e-02  6.210870e-01
      vertex   3.600000e-01 -1.113689e-02  6.200370e-01
      vertex   3.600000e-01 -1.075476e-02  6.200720e-01
    endloop
  endfacet
  facet normal  8.576670e-01 -2.365740e-01  4.565524e-01
    outer loop
      vertex   3.600000e-01 -1.036389e-02  6.201844e-01
      vertex   3.600000e-01 -9.987746e-03  6.203793e-01
      vertex   3.593691e-01 -1.080603e-02  6.211404e-01
    endloop
  endfacet
  facet normal  8.589110e-01 -2.427624e-01  4.509306e-01
    outer loop
      vertex   3.593691e-01 -1.080603e-02  6.211404e-01
      vertex   3.600000e-01 -9.987746e-03  6.203793e-01
      vertex   3.593691e-01 -1.048717e-02  6.213121e-01
    endloop
  endfacet
  facet normal  8.537043e-01 -2.468547e-01  4.585320e-01
    outer loop
      vertex   3.593691e-01 -1.080603e-02  6.211404e-01
      vertex   3.593691e-01 -1.048717e-02  6.213121e-01
      vertex   3.587382e-01 -1.113689e-02  6.221370e-01
    endloop
  endfacet
  facet normal  8.547478e-01 -3.272519e-01  4.028800e-01
    outer loop
      vertex   3.600000e-01 -9.987746e-03  6.203793e-01
      vertex   3.600000e-01 -9.651963e-03  6.206520e-01
      vertex   3.593691e-01 -1.048717e-02  6.213121e-01
    endloop
  endfacet
  facet normal  8.598999e-01 -3.815093e-01  3.391501e-01
    outer loop
      vertex   3.593691e-01 -1.048717e-02  6.213121e-01
      vertex   3.600000e-01 -9.651963e-03  6.206520e-01
      vertex   3.593691e-01 -1.024163e-02  6.215883e-01
    endloop
  endfacet
  facet normal  8.535559e-01 -3.893856e-01  3.461520e-01
    outer loop
      vertex   3.593691e-01 -1.048717e-02  6.213121e-01
      vertex   3.593691e-01 -1.024163e-02  6.215883e-01
      vertex   3.587382e-01 -1.113689e-02  6.221370e-01
    endloop
  endfacet
  facet normal  8.567464e-01 -4.002910e-01  3.251964e-01
    outer loop
      vertex   3.600000e-01 -9.651963e-03  6.206520e-01
      vertex   3.600000e-01 -9.379197e-03  6.209878e-01
      vertex   3.593691e-01 -1.024163e-02  6.215883e-01
    endloop
  endfacet
  facet normal  8.554273e-01 -4.598799e-01  2.382323e-01
    outer loop
      vertex   3.593691e-01 -1.024163e-02  6.215883e-01
      vertex   3.600000e-01 -9.379197e-03  6.209878e-01
      vertex   3.600000e-01 -9.184332e-03  6.213639e-01
    endloop
  endfacet
  facet normal  8.603923e-01 -4.732875e-01  1.890080e-01
    outer loop
      vertex   3.593691e-01 -1.024163e-02  6.215883e-01
      vertex   3.600000e-01 -9.184332e-03  6.213639e-01
      vertex   3.593691e-01 -1.010997e-02  6.219180e-01
    endloop
  endfacet
  facet normal  8.555786e-01 -4.975175e-01  1.430444e-01
    outer loop
      vertex   3.593691e-01 -1.010997e-02  6.219180e-01
      vertex   3.600000e-01 -9.184332e-03  6.213639e-01
      vertex   3.600000e-01 -9.071945e-03  6.217548e-01
    endloop
  endfacet
  facet normal  8.568680e-01 -5.133799e-01  4.709961e-02
    outer loop
      vertex   3.593691e-01 -1.010997e-02  6.219180e-01
      vertex   3.600000e-01 -9.071945e-03  6.217548e-01
      vertex   3.600000e-01 -9.036887e-03  6.221370e-01
    endloop
  endfacet
  facet normal  8.620537e-01 -5.068169e-01  0.000000e+00
    outer loop
      vertex   3.593691e-01 -1.010997e-02  6.219180e-01
      vertex   3.600000e-01 -9.036887e-03  6.221370e-01
      vertex   3.593691e-01 -1.010997e-02  6.223559e-01
    endloop
  endfacet
  facet normal  8.568692e-01 -5.133780e-01 -4.709943e-02
    outer loop
      vertex   3.593691e-01 -1.010997e-02  6.223559e-01
      vertex   3.600000e-01 -9.036887e-03  6.221370e-01
      vertex   3.600000e-01 -9.071945e-03  6.225191e-01
    endloop
  endfacet
  facet normal  8.555822e-01 -4.975117e-01 -1.430427e-01
    outer loop
      vertex   3.593691e-01 -1.010997e-02  6.223559e-01
      vertex   3.600000e-01 -9.071945e-03  6.225191e-01
      vertex   3.600000e-01 -9.184332e-03  6.229100e-01
    endloop
  endfacet
  facet normal  8.621051e-01 -4.587599e-01 -2.152074e-01
    outer loop
      vertex   3.593691e-01 -1.010997e-02  6.223559e-01
      vertex   3.600000e-01 -9.184332e-03  6.229100e-01
      vertex   3.593691e-01 -1.031204e-02  6.227866e-01
    endloop
  endfacet
  facet normal  8.588982e-01 -4.547354e-01 -2.356046e-01
    outer loop
      vertex   3.593691e-01 -1.031204e-02  6.227866e-01
      vertex   3.600000e-01 -9.184332e-03  6.229100e-01
      vertex   3.600000e-01 -9.379197e-03  6.232861e-01
    endloop
  endfacet
  facet normal  8.547556e-01 -4.028751e-01 -3.272378e-01
    outer loop
      vertex   3.593691e-01 -1.031204e-02  6.227866e-01
      vertex   3.600000e-01 -9.379197e-03  6.232861e-01
      vertex   3.600000e-01 -9.651963e-03  6.236219e-01
    endloop
  endfacet
  facet normal  8.602637e-01 -3.214552e-01 -3.957436e-01
    outer loop
      vertex   3.600000e-01 -9.651963e-03  6.236219e-01
      vertex   3.600000e-01 -9.987746e-03  6.238946e-01
      vertex   3.593691e-01 -1.031204e-02  6.227866e-01
    endloop
  endfacet
  facet normal  8.614852e-01 -3.148803e-01 -3.983636e-01
    outer loop
      vertex   3.593691e-01 -1.031204e-02  6.227866e-01
      vertex   3.600000e-01 -9.987746e-03  6.238946e-01
      vertex   3.593691e-01 -1.069534e-02  6.230896e-01
    endloop
  endfacet
  facet normal  8.507295e-01 -3.259313e-01 -4.123445e-01
    outer loop
      vertex   3.593691e-01 -1.031204e-02  6.227866e-01
      vertex   3.593691e-01 -1.069534e-02  6.230896e-01
      vertex   3.587382e-01 -1.113689e-02  6.221370e-01
    endloop
  endfacet
  facet normal  8.550466e-01 -2.385158e-01 -4.604405e-01
    outer loop
      vertex   3.600000e-01 -9.987746e-03  6.238946e-01
      vertex   3.600000e-01 -1.036389e-02  6.240895e-01
      vertex   3.593691e-01 -1.069534e-02  6.230896e-01
    endloop
  endfacet
  facet normal  8.577201e-01 -1.420981e-01 -4.940895e-01
    outer loop
      vertex   3.593691e-01 -1.069534e-02  6.230896e-01
      vertex   3.600000e-01 -1.036389e-02  6.240895e-01
      vertex   3.600000e-01 -1.075476e-02  6.242019e-01
    endloop
  endfacet
  facet normal  8.621213e-01 -1.090784e-01 -4.948218e-01
    outer loop
      vertex   3.593691e-01 -1.069534e-02  6.230896e-01
      vertex   3.600000e-01 -1.075476e-02  6.242019e-01
      vertex   3.593691e-01 -1.113689e-02  6.231869e-01
    endloop
  endfacet
  facet normal  8.562182e-01 -4.718465e-02 -5.144551e-01
    outer loop
      vertex   3.593691e-01 -1.113689e-02  6.231869e-01
      vertex   3.600000e-01 -1.075476e-02  6.242019e-01
      vertex   3.600000e-01 -1.113689e-02  6.242369e-01
    endloop
  endfacet
  facet normal  8.516903e-01 -1.128119e-01 -5.117587e-01
    outer loop
      vertex   3.593691e-01 -1.113689e-02  6.231869e-01
      vertex   3.590537e-01 -1.113689e-02  6.226619e-01
      vertex   3.593691e-01 -1.069534e-02  6.230896e-01
    endloop
  endfacet
  facet normal  8.517067e-01 -1.128606e-01 -5.117207e-01
    outer loop
      vertex   3.593691e-01 -1.069534e-02  6.230896e-01
      vertex   3.590537e-01 -1.113689e-02  6.226619e-01
      vertex   3.588960e-01 -1.113689e-02  6.223994e-01
    endloop
  endfacet
  facet normal  8.516518e-01 -1.125519e-01 -5.118802e-01
    outer loop
      vertex   3.593691e-01 -1.069534e-02  6.230896e-01
      vertex   3.588960e-01 -1.113689e-02  6.223994e-01
      vertex   3.588171e-01 -1.113689e-02  6.222682e-01
    endloop
  endfacet
  facet normal  8.517013e-01 -1.129179e-01 -5.117170e-01
    outer loop
      vertex   3.588171e-01 -1.113689e-02  6.222682e-01
      vertex   3.587382e-01 -1.113689e-02  6.221370e-01
      vertex   3.593691e-01 -1.069534e-02  6.230896e-01
    endloop
  endfacet
  facet normal  8.510734e-01 -4.753430e-01 -2.229866e-01
    outer loop
      vertex   3.593691e-01 -1.031204e-02  6.227866e-01
      vertex   3.587382e-01 -1.113689e-02  6.221370e-01
      vertex   3.593691e-01 -1.010997e-02  6.223559e-01
    endloop
  endfacet
  facet normal  8.520406e-01 -5.234758e-01  0.000000e+00
    outer loop
      vertex   3.593691e-01 -1.010997e-02  6.223559e-01
      vertex   3.587382e-01 -1.113689e-02  6.221370e-01
      vertex   3.593691e-01 -1.010997e-02  6.219180e-01
    endloop
  endfacet
  facet normal  8.538399e-01 -4.834133e-01  1.930518e-01
    outer loop
      vertex   3.593691e-01 -1.010997e-02  6.219180e-01
      vertex   3.587382e-01 -1.113689e-02  6.221370e-01
      vertex   3.593691e-01 -1.024163e-02  6.215883e-01
    endloop
  endfacet
  facet normal  8.542130e-01 -8.318146e-02  5.132261e-01
    outer loop
      vertex   3.587382e-01 -1.113689e-02  5.998631e-01
      vertex   3.588171e-01 -1.113689e-02  5.997318e-01
      vertex   3.593691e-01 -1.080603e-02  5.988666e-01
    endloop
  endfacet
  facet normal  8.541639e-01 -8.266905e-02  5.133904e-01
    outer loop
      vertex   3.593691e-01 -1.080603e-02  5.988666e-01
      vertex   3.588171e-01 -1.113689e-02  5.997318e-01
      vertex   3.588960e-01 -1.113689e-02  5.996006e-01
    endloop
  endfacet
  facet normal  8.542184e-01 -8.310433e-02  5.132296e-01
    outer loop
      vertex   3.593691e-01 -1.080603e-02  5.988666e-01
      vertex   3.588960e-01 -1.113689e-02  5.996006e-01
      vertex   3.590537e-01 -1.113689e-02  5.993381e-01
    endloop
  endfacet
  facet normal  8.542022e-01 -8.303411e-02  5.132680e-01
    outer loop
      vertex   3.590537e-01 -1.113689e-02  5.993381e-01
      vertex   3.593691e-01 -1.113689e-02  5.988131e-01
      vertex   3.593691e-01 -1.080603e-02  5.988666e-01
    endloop
  endfacet
  facet normal  8.599396e-01 -8.150974e-02  5.038452e-01
    outer loop
      vertex   3.593691e-01 -1.080603e-02  5.988666e-01
      vertex   3.593691e-01 -1.113689e-02  5.988131e-01
      vertex   3.600000e-01 -1.075477e-02  5.977981e-01
    endloop
  endfacet
  facet normal  8.552107e-01 -1.432489e-01  4.980907e-01
    outer loop
      vertex   3.593691e-01 -1.080603e-02  5.988666e-01
      vertex   3.600000e-01 -1.075477e-02  5.977981e-01
      vertex   3.600000e-01 -1.036389e-02  5.979105e-01
    endloop
  endfacet
  facet normal  8.562182e-01 -4.718465e-02  5.144551e-01
    outer loop
      vertex   3.593691e-01 -1.113689e-02  5.988131e-01
      vertex   3.600000e-01 -1.113689e-02  5.977631e-01
      vertex   3.600000e-01 -1.075477e-02  5.977981e-01
    endloop
  endfacet
  facet normal  8.576682e-01 -2.365160e-01  4.565800e-01
    outer loop
      vertex   3.600000e-01 -1.036389e-02  5.979105e-01
      vertex   3.600000e-01 -9.987748e-03  5.981054e-01
      vertex   3.593691e-01 -1.080603e-02  5.988666e-01
    endloop
  endfacet
  facet normal  8.589221e-01 -2.427535e-01  4.509141e-01
    outer loop
      vertex   3.593691e-01 -1.080603e-02  5.988666e-01
      vertex   3.600000e-01 -9.987748e-03  5.981054e-01
      vertex   3.593691e-01 -1.048717e-02  5.990382e-01
    endloop
  endfacet
  facet normal  8.536926e-01 -2.468638e-01  4.585490e-01
    outer loop
      vertex   3.593691e-01 -1.080603e-02  5.988666e-01
      vertex   3.593691e-01 -1.048717e-02  5.990382e-01
      vertex   3.587382e-01 -1.113689e-02  5.998631e-01
    endloop
  endfacet
  facet normal  8.547581e-01 -3.272412e-01  4.028668e-01
    outer loop
      vertex   3.600000e-01 -9.987748e-03  5.981054e-01
      vertex   3.600000e-01 -9.651965e-03  5.983781e-01
      vertex   3.593691e-01 -1.048717e-02  5.990382e-01
    endloop
  endfacet
  facet normal  8.599083e-01 -3.814987e-01  3.391407e-01
    outer loop
      vertex   3.593691e-01 -1.048717e-02  5.990382e-01
      vertex   3.600000e-01 -9.651965e-03  5.983781e-01
      vertex   3.593691e-01 -1.024163e-02  5.993145e-01
    endloop
  endfacet
  facet normal  8.535470e-01 -3.893965e-01  3.461616e-01
    outer loop
      vertex   3.593691e-01 -1.048717e-02  5.990382e-01
      vertex   3.593691e-01 -1.024163e-02  5.993145e-01
      vertex   3.587382e-01 -1.113689e-02  5.998631e-01
    endloop
  endfacet
  facet normal  8.567479e-01 -4.003173e-01  3.251601e-01
    outer loop
      vertex   3.600000e-01 -9.651965e-03  5.983781e-01
      vertex   3.600000e-01 -9.379199e-03  5.987139e-01
      vertex   3.593691e-01 -1.024163e-02  5.993145e-01
    endloop
  endfacet
  facet normal  8.554273e-01 -4.598799e-01  2.382323e-01
    outer loop
      vertex   3.593691e-01 -1.024163e-02  5.993145e-01
      vertex   3.600000e-01 -9.379199e-03  5.987139e-01
      vertex   3.600000e-01 -9.184333e-03  5.990901e-01
    endloop
  endfacet
  facet normal  8.603923e-01 -4.732875e-01  1.890080e-01
    outer loop
      vertex   3.593691e-01 -1.024163e-02  5.993145e-01
      vertex   3.600000e-01 -9.184333e-03  5.990901e-01
      vertex   3.593691e-01 -1.010997e-02  5.996441e-01
    endloop
  endfacet
  facet normal  8.555810e-01 -4.975078e-01  1.430634e-01
    outer loop
      vertex   3.593691e-01 -1.010997e-02  5.996441e-01
      vertex   3.600000e-01 -9.184333e-03  5.990901e-01
      vertex   3.600000e-01 -9.071947e-03  5.994809e-01
    endloop
  endfacet
  facet normal  8.568692e-01 -5.133780e-01  4.709943e-02
    outer loop
      vertex   3.593691e-01 -1.010997e-02  5.996441e-01
      vertex   3.600000e-01 -9.071947e-03  5.994809e-01
      vertex   3.600000e-01 -9.036889e-03  5.998631e-01
    endloop
  endfacet
  facet normal  8.620537e-01 -5.068169e-01  0.000000e+00
    outer loop
      vertex   3.593691e-01 -1.010997e-02  5.996441e-01
      vertex   3.600000e-01 -9.036889e-03  5.998631e-01
      vertex   3.593691e-01 -1.010997e-02  6.000820e-01
    endloop
  endfacet
  facet normal  8.568680e-01 -5.133799e-01 -4.709961e-02
    outer loop
      vertex   3.593691e-01 -1.010997e-02  6.000820e-01
      vertex   3.600000e-01 -9.036889e-03  5.998631e-01
      vertex   3.600000e-01 -9.071947e-03  6.002452e-01
    endloop
  endfacet
  facet normal  8.555786e-01 -4.975175e-01 -1.430444e-01
    outer loop
      vertex   3.593691e-01 -1.010997e-02  6.000820e-01
      vertex   3.600000e-01 -9.071947e-03  6.002452e-01
      vertex   3.600000e-01 -9.184333e-03  6.006361e-01
    endloop
  endfacet
  facet normal  8.620999e-01 -4.587680e-01 -2.152111e-01
    outer loop
      vertex   3.593691e-01 -1.010997e-02  6.000820e-01
      vertex   3.600000e-01 -9.184333e-03  6.006361e-01
      vertex   3.593691e-01 -1.031205e-02  6.005128e-01
    endloop
  endfacet
  facet normal  8.588981e-01 -4.547509e-01 -2.355753e-01
    outer loop
      vertex   3.593691e-01 -1.031205e-02  6.005128e-01
      vertex   3.600000e-01 -9.184333e-03  6.006361e-01
      vertex   3.600000e-01 -9.379199e-03  6.010122e-01
    endloop
  endfacet
  facet normal  8.547517e-01 -4.028517e-01 -3.272768e-01
    outer loop
      vertex   3.593691e-01 -1.031205e-02  6.005128e-01
      vertex   3.600000e-01 -9.379199e-03  6.010122e-01
      vertex   3.600000e-01 -9.651965e-03  6.013480e-01
    endloop
  endfacet
  facet normal  8.602540e-01 -3.214655e-01 -3.957564e-01
    outer loop
      vertex   3.600000e-01 -9.651965e-03  6.013480e-01
      vertex   3.600000e-01 -9.987748e-03  6.016207e-01
      vertex   3.593691e-01 -1.031205e-02  6.005128e-01
    endloop
  endfacet
  facet normal  8.614842e-01 -3.148434e-01 -3.983952e-01
    outer loop
      vertex   3.593691e-01 -1.031205e-02  6.005128e-01
      vertex   3.600000e-01 -9.987748e-03  6.016207e-01
      vertex   3.593691e-01 -1.069534e-02  6.008157e-01
    endloop
  endfacet
  facet normal  8.507349e-01 -3.258865e-01 -4.123689e-01
    outer loop
      vertex   3.593691e-01 -1.031205e-02  6.005128e-01
      vertex   3.593691e-01 -1.069534e-02  6.008157e-01
      vertex   3.587382e-01 -1.113689e-02  5.998631e-01
    endloop
  endfacet
  facet normal  8.550538e-01 -2.385679e-01 -4.604002e-01
    outer loop
      vertex   3.600000e-01 -9.987748e-03  6.016207e-01
      vertex   3.600000e-01 -1.036389e-02  6.018156e-01
      vertex   3.593691e-01 -1.069534e-02  6.008157e-01
    endloop
  endfacet
  facet normal  8.577312e-01 -1.420235e-01 -4.940917e-01
    outer loop
      vertex   3.593691e-01 -1.069534e-02  6.008157e-01
      vertex   3.600000e-01 -1.036389e-02  6.018156e-01
      vertex   3.600000e-01 -1.075477e-02  6.019280e-01
    endloop
  endfacet
  facet normal  8.621213e-01 -1.090784e-01 -4.948218e-01
    outer loop
      vertex   3.593691e-01 -1.069534e-02  6.008157e-01
      vertex   3.600000e-01 -1.075477e-02  6.019280e-01
      vertex   3.593691e-01 -1.113689e-02  6.009130e-01
    endloop
  endfacet
  facet normal  8.562182e-01 -4.718465e-02 -5.144551e-01
    outer loop
      vertex   3.593691e-01 -1.113689e-02  6.009130e-01
      vertex   3.600000e-01 -1.075477e-02  6.019280e-01
      vertex   3.600000e-01 -1.113689e-02  6.019630e-01
    endloop
  endfacet
  facet normal  8.516903e-01 -1.128119e-01 -5.117587e-01
    outer loop
      vertex   3.593691e-01 -1.113689e-02  6.009130e-01
      vertex   3.590537e-01 -1.113689e-02  6.003881e-01
      vertex   3.593691e-01 -1.069534e-02  6.008157e-01
    endloop
  endfacet
  facet normal  8.517067e-01 -1.128606e-01 -5.117207e-01
    outer loop
      vertex   3.593691e-01 -1.069534e-02  6.008157e-01
      vertex   3.590537e-01 -1.113689e-02  6.003881e-01
      vertex   3.588960e-01 -1.113689e-02  6.001256e-01
    endloop
  endfacet
  facet normal  8.516518e-01 -1.125519e-01 -5.118802e-01
    outer loop
      vertex   3.593691e-01 -1.069534e-02  6.008157e-01
      vertex   3.588960e-01 -1.113689e-02  6.001256e-01
      vertex   3.588171e-01 -1.113689e-02  5.999943e-01
    endloop
  endfacet
  facet normal  8.517013e-01 -1.129179e-01 -5.117170e-01
    outer loop
      vertex   3.588171e-01 -1.113689e-02  5.999943e-01
      vertex   3.587382e-01 -1.113689e-02  5.998631e-01
      vertex   3.593691e-01 -1.069534e-02  6.008157e-01
    endloop
  endfacet
  facet normal  8.510792e-01 -4.753345e-01 -2.229826e-01
    outer loop
      vertex   3.593691e-01 -1.031205e-02  6.005128e-01
      vertex   3.587382e-01 -1.113689e-02  5.998631e-01
      vertex   3.593691e-01 -1.010997e-02  6.000820e-01
    endloop
  endfacet
  facet normal  8.520406e-01 -5.234758e-01  0.000000e+00
    outer loop
      vertex   3.593691e-01 -1.010997e-02  6.000820e-01
      vertex   3.587382e-01 -1.113689e-02  5.998631e-01
      vertex   3.593691e-01 -1.010997e-02  5.996441e-01
    endloop
  endfacet
  facet normal  8.538349e-01 -4.834209e-01  1.930548e-01
    outer loop
      vertex   3.593691e-01 -1.010997e-02  5.996441e-01
      vertex   3.587382e-01 -1.113689e-02  5.998631e-01
      vertex   3.593691e-01 -1.024163e-02  5.993145e-01
    endloop
  endfacet
  facet normal  8.542129e-01 -8.318193e-02  5.132260e-01
    outer loop
      vertex   3.587382e-01  1.113698e-02  5.998631e-01
      vertex   3.588171e-01  1.113698e-02  5.997318e-01
      vertex   3.593691e-01  1.146783e-02  5.988666e-01
    endloop
  endfacet
  facet normal  8.541638e-01 -8.266953e-02  5.133906e-01
    outer loop
      vertex   3.593691e-01  1.146783e-02  5.988666e-01
      vertex   3.588171e-01  1.113698e-02  5.997318e-01
      vertex   3.588960e-01  1.113698e-02  5.996006e-01
    endloop
  endfacet
  facet normal  8.542184e-01 -8.310480e-02  5.132295e-01
    outer loop
      vertex   3.593691e-01  1.146783e-02  5.988666e-01
      vertex   3.588960e-01  1.113698e-02  5.996006e-01
      vertex   3.590537e-01  1.113698e-02  5.993381e-01
    endloop
  endfacet
  facet normal  8.542022e-01 -8.303458e-02  5.132680e-01
    outer loop
      vertex   3.590537e-01  1.113698e-02  5.993381e-01
      vertex   3.593691e-01  1.113698e-02  5.988131e-01
      vertex   3.593691e-01  1.146783e-02  5.988666e-01
    endloop
  endfacet
  facet normal  8.599397e-01 -8.151020e-02  5.038452e-01
    outer loop
      vertex   3.593691e-01  1.146783e-02  5.988666e-01
      vertex   3.593691e-01  1.113698e-02  5.988131e-01
      vertex   3.600000e-01  1.151910e-02  5.977981e-01
    endloop
  endfacet
  facet normal  8.552108e-01 -1.432485e-01  4.980908e-01
    outer loop
      vertex   3.593691e-01  1.146783e-02  5.988666e-01
      vertex   3.600000e-01  1.151910e-02  5.977981e-01
      vertex   3.600000e-01  1.190998e-02  5.979105e-01
    endloop
  endfacet
  facet normal  8.562182e-01 -4.718488e-02  5.144551e-01
    outer loop
      vertex   3.593691e-01  1.113698e-02  5.988131e-01
      vertex   3.600000e-01  1.113698e-02  5.977631e-01
      vertex   3.600000e-01  1.151910e-02  5.977981e-01
    endloop
  endfacet
  facet normal  8.576683e-01 -2.365164e-01  4.565797e-01
    outer loop
      vertex   3.600000e-01  1.190998e-02  5.979105e-01
      vertex   3.600000e-01  1.228612e-02  5.981054e-01
      vertex   3.593691e-01  1.146783e-02  5.988666e-01
    endloop
  endfacet
  facet normal  8.589220e-01 -2.427530e-01  4.509145e-01
    outer loop
      vertex   3.593691e-01  1.146783e-02  5.988666e-01
      vertex   3.600000e-01  1.228612e-02  5.981054e-01
      vertex   3.593691e-01  1.178670e-02  5.990382e-01
    endloop
  endfacet
  facet normal  8.536924e-01 -2.468634e-01  4.585495e-01
    outer loop
      vertex   3.593691e-01  1.146783e-02  5.988666e-01
      vertex   3.593691e-01  1.178670e-02  5.990382e-01
      vertex   3.587382e-01  1.113698e-02  5.998631e-01
    endloop
  endfacet
  facet normal  8.547530e-01 -3.272923e-01  4.028363e-01
    outer loop
      vertex   3.600000e-01  1.228612e-02  5.981054e-01
      vertex   3.600000e-01  1.262190e-02  5.983781e-01
      vertex   3.593691e-01  1.178670e-02  5.990382e-01
    endloop
  endfacet
  facet normal  8.598976e-01 -3.815129e-01  3.391520e-01
    outer loop
      vertex   3.593691e-01  1.178670e-02  5.990382e-01
      vertex   3.600000e-01  1.262190e-02  5.983781e-01
      vertex   3.593691e-01  1.203224e-02  5.993145e-01
    endloop
  endfacet
  facet normal  8.535468e-01 -3.893974e-01  3.461611e-01
    outer loop
      vertex   3.593691e-01  1.178670e-02  5.990382e-01
      vertex   3.593691e-01  1.203224e-02  5.993145e-01
      vertex   3.587382e-01  1.113698e-02  5.998631e-01
    endloop
  endfacet
  facet normal  8.567373e-01 -4.003305e-01  3.251719e-01
    outer loop
      vertex   3.600000e-01  1.262190e-02  5.983781e-01
      vertex   3.600000e-01  1.289467e-02  5.987139e-01
      vertex   3.593691e-01  1.203224e-02  5.993145e-01
    endloop
  endfacet
  facet normal  8.554187e-01 -4.598772e-01  2.382686e-01
    outer loop
      vertex   3.593691e-01  1.203224e-02  5.993145e-01
      vertex   3.600000e-01  1.289467e-02  5.987139e-01
      vertex   3.600000e-01  1.308953e-02  5.990900e-01
    endloop
  endfacet
  facet normal  8.603865e-01 -4.732962e-01  1.890128e-01
    outer loop
      vertex   3.593691e-01  1.203224e-02  5.993145e-01
      vertex   3.600000e-01  1.308953e-02  5.990900e-01
      vertex   3.593691e-01  1.216389e-02  5.996441e-01
    endloop
  endfacet
  facet normal  8.555714e-01 -4.975289e-01  1.430476e-01
    outer loop
      vertex   3.593691e-01  1.216389e-02  5.996441e-01
      vertex   3.600000e-01  1.308953e-02  5.990900e-01
      vertex   3.600000e-01  1.320192e-02  5.994809e-01
    endloop
  endfacet
  facet normal  8.568584e-01 -5.133957e-01  4.710101e-02
    outer loop
      vertex   3.593691e-01  1.216389e-02  5.996441e-01
      vertex   3.600000e-01  1.320192e-02  5.994809e-01
      vertex   3.600000e-01  1.323698e-02  5.998631e-01
    endloop
  endfacet
  facet normal  8.620433e-01 -5.068347e-01  0.000000e+00
    outer loop
      vertex   3.593691e-01  1.216389e-02  5.996441e-01
      vertex   3.600000e-01  1.323698e-02  5.998631e-01
      vertex   3.593691e-01  1.216389e-02  6.000820e-01
    endloop
  endfacet
  facet normal  8.568572e-01 -5.133977e-01 -4.710119e-02
    outer loop
      vertex   3.593691e-01  1.216389e-02  6.000820e-01
      vertex   3.600000e-01  1.323698e-02  5.998631e-01
      vertex   3.600000e-01  1.320192e-02  6.002452e-01
    endloop
  endfacet
  facet normal  8.555677e-01 -4.975346e-01 -1.430493e-01
    outer loop
      vertex   3.593691e-01  1.216389e-02  6.000820e-01
      vertex   3.600000e-01  1.320192e-02  6.002452e-01
      vertex   3.600000e-01  1.308953e-02  6.006361e-01
    endloop
  endfacet
  facet normal  8.620893e-01 -4.587840e-01 -2.152187e-01
    outer loop
      vertex   3.593691e-01  1.216389e-02  6.000820e-01
      vertex   3.600000e-01  1.308953e-02  6.006361e-01
      vertex   3.593691e-01  1.196182e-02  6.005128e-01
    endloop
  endfacet
  facet normal  8.588875e-01 -4.547668e-01 -2.355835e-01
    outer loop
      vertex   3.593691e-01  1.196182e-02  6.005128e-01
      vertex   3.600000e-01  1.308953e-02  6.006361e-01
      vertex   3.600000e-01  1.289467e-02  6.010122e-01
    endloop
  endfacet
  facet normal  8.547407e-01 -4.028651e-01 -3.272888e-01
    outer loop
      vertex   3.593691e-01  1.196182e-02  6.005128e-01
      vertex   3.600000e-01  1.289467e-02  6.010122e-01
      vertex   3.600000e-01  1.262190e-02  6.013480e-01
    endloop
  endfacet
  facet normal  8.602428e-01 -3.215233e-01 -3.957334e-01
    outer loop
      vertex   3.600000e-01  1.262190e-02  6.013480e-01
      vertex   3.600000e-01  1.228612e-02  6.016207e-01
      vertex   3.593691e-01  1.196182e-02  6.005128e-01
    endloop
  endfacet
  facet normal  8.614841e-01 -3.148435e-01 -3.983954e-01
    outer loop
      vertex   3.593691e-01  1.196182e-02  6.005128e-01
      vertex   3.600000e-01  1.228612e-02  6.016207e-01
      vertex   3.593691e-01  1.157852e-02  6.008157e-01
    endloop
  endfacet
  facet normal  8.507348e-01 -3.258866e-01 -4.123690e-01
    outer loop
      vertex   3.593691e-01  1.196182e-02  6.005128e-01
      vertex   3.593691e-01  1.157852e-02  6.008157e-01
      vertex   3.587382e-01  1.113698e-02  5.998631e-01
    endloop
  endfacet
  facet normal  8.550537e-01 -2.385684e-01 -4.604001e-01
    outer loop
      vertex   3.600000e-01  1.228612e-02  6.016207e-01
      vertex   3.600000e-01  1.190998e-02  6.018156e-01
      vertex   3.593691e-01  1.157852e-02  6.008157e-01
    endloop
  endfacet
  facet normal  8.577312e-01 -1.420232e-01 -4.940918e-01
    outer loop
      vertex   3.593691e-01  1.157852e-02  6.008157e-01
      vertex   3.600000e-01  1.190998e-02  6.018156e-01
      vertex   3.600000e-01  1.151910e-02  6.019280e-01
    endloop
  endfacet
  facet normal  8.621213e-01 -1.090786e-01 -4.948219e-01
    outer loop
      vertex   3.593691e-01  1.157852e-02  6.008157e-01
      vertex   3.600000e-01  1.151910e-02  6.019280e-01
      vertex   3.593691e-01  1.113698e-02  6.009130e-01
    endloop
  endfacet
  facet normal  8.562182e-01 -4.718488e-02 -5.144551e-01
    outer loop
      vertex   3.593691e-01  1.113698e-02  6.009130e-01
      vertex   3.600000e-01  1.151910e-02  6.019280e-01
      vertex   3.600000e-01  1.113698e-02  6.019630e-01
    endloop
  endfacet
  facet normal  8.516903e-01 -1.128122e-01 -5.117587e-01
    outer loop
      vertex   3.593691e-01  1.113698e-02  6.009130e-01
      vertex   3.590537e-01  1.113698e-02  6.003881e-01
      vertex   3.593691e-01  1.157852e-02  6.008157e-01
    endloop
  endfacet
  facet normal  8.517067e-01 -1.128608e-01 -5.117208e-01
    outer loop
      vertex   3.593691e-01  1.157852e-02  6.008157e-01
      vertex   3.590537e-01  1.113698e-02  6.003881e-01
      vertex   3.588960e-01  1.113698e-02  6.001256e-01
    endloop
  endfacet
  facet normal  8.516516e-01 -1.125521e-01 -5.118803e-01
    outer loop
      vertex   3.593691e-01  1.157852e-02  6.008157e-01
      vertex   3.588960e-01  1.113698e-02  6.001256e-01
      vertex   3.588171e-01  1.113698e-02  5.999943e-01
    endloop
  endfacet
  facet normal  8.517014e-01 -1.129181e-01 -5.117170e-01
    outer loop
      vertex   3.588171e-01  1.113698e-02  5.999943e-01
      vertex   3.587382e-01  1.113698e-02  5.998631e-01
      vertex   3.593691e-01  1.157852e-02  6.008157e-01
    endloop
  endfacet
  facet normal  8.510790e-01 -4.753349e-01 -2.229828e-01
    outer loop
      vertex   3.593691e-01  1.196182e-02  6.005128e-01
      vertex   3.587382e-01  1.113698e-02  5.998631e-01
      vertex   3.593691e-01  1.216389e-02  6.000820e-01
    endloop
  endfacet
  facet normal  8.520404e-01 -5.234761e-01  0.000000e+00
    outer loop
      vertex   3.593691e-01  1.216389e-02  6.000820e-01
      vertex   3.587382e-01  1.113698e-02  5.998631e-01
      vertex   3.593691e-01  1.216389e-02  5.996441e-01
    endloop
  endfacet
  facet normal  8.538347e-01 -4.834209e-01  1.930562e-01
    outer loop
      vertex   3.593691e-01  1.216389e-02  5.996441e-01
      vertex   3.587382e-01  1.113698e-02  5.998631e-01
      vertex   3.593691e-01  1.203224e-02  5.993145e-01
    endloop
  endfacet
  facet normal  8.542196e-01 -8.309019e-02  5.132300e-01
    outer loop
      vertex   3.587382e-01  1.113698e-02  6.221370e-01
      vertex   3.588171e-01  1.113698e-02  6.220057e-01
      vertex   3.593691e-01  1.146784e-02  6.211404e-01
    endloop
  endfacet
  facet normal  8.541703e-01 -8.257847e-02  5.133945e-01
    outer loop
      vertex   3.593691e-01  1.146784e-02  6.211404e-01
      vertex   3.588171e-01  1.113698e-02  6.220057e-01
      vertex   3.588960e-01  1.113698e-02  6.218745e-01
    endloop
  endfacet
  facet normal  8.542249e-01 -8.301304e-02  5.132335e-01
    outer loop
      vertex   3.593691e-01  1.146784e-02  6.211404e-01
      vertex   3.588960e-01  1.113698e-02  6.218745e-01
      vertex   3.590537e-01  1.113698e-02  6.216120e-01
    endloop
  endfacet
  facet normal  8.542086e-01 -8.294275e-02  5.132719e-01
    outer loop
      vertex   3.590537e-01  1.113698e-02  6.216120e-01
      vertex   3.593691e-01  1.113698e-02  6.210870e-01
      vertex   3.593691e-01  1.146784e-02  6.211404e-01
    endloop
  endfacet
  facet normal  8.599317e-01 -8.142387e-02  5.038726e-01
    outer loop
      vertex   3.593691e-01  1.146784e-02  6.211404e-01
      vertex   3.593691e-01  1.113698e-02  6.210870e-01
      vertex   3.600000e-01  1.151910e-02  6.200720e-01
    endloop
  endfacet
  facet normal  8.552057e-01 -1.431807e-01  4.981188e-01
    outer loop
      vertex   3.593691e-01  1.146784e-02  6.211404e-01
      vertex   3.600000e-01  1.151910e-02  6.200720e-01
      vertex   3.600000e-01  1.190998e-02  6.201844e-01
    endloop
  endfacet
  facet normal  8.562182e-01 -4.718488e-02  5.144551e-01
    outer loop
      vertex   3.593691e-01  1.113698e-02  6.210870e-01
      vertex   3.600000e-01  1.113698e-02  6.200370e-01
      vertex   3.600000e-01  1.151910e-02  6.200720e-01
    endloop
  endfacet
  facet normal  8.576671e-01 -2.365744e-01  4.565520e-01
    outer loop
      vertex   3.600000e-01  1.190998e-02  6.201844e-01
      vertex   3.600000e-01  1.228612e-02  6.203793e-01
      vertex   3.593691e-01  1.146784e-02  6.211404e-01
    endloop
  endfacet
  facet normal  8.589108e-01 -2.427619e-01  4.509310e-01
    outer loop
      vertex   3.593691e-01  1.146784e-02  6.211404e-01
      vertex   3.600000e-01  1.228612e-02  6.203793e-01
      vertex   3.593691e-01  1.178670e-02  6.213121e-01
    endloop
  endfacet
  facet normal  8.537042e-01 -2.468543e-01  4.585326e-01
    outer loop
      vertex   3.593691e-01  1.146784e-02  6.211404e-01
      vertex   3.593691e-01  1.178670e-02  6.213121e-01
      vertex   3.587382e-01  1.113698e-02  6.221370e-01
    endloop
  endfacet
  facet normal  8.547427e-01 -3.273029e-01  4.028494e-01
    outer loop
      vertex   3.600000e-01  1.228612e-02  6.203793e-01
      vertex   3.600000e-01  1.262190e-02  6.206520e-01
      vertex   3.593691e-01  1.178670e-02  6.213121e-01
    endloop
  endfacet
  facet normal  8.598892e-01 -3.815234e-01  3.391613e-01
    outer loop
      vertex   3.593691e-01  1.178670e-02  6.213121e-01
      vertex   3.600000e-01  1.262190e-02  6.206520e-01
      vertex   3.593691e-01  1.203224e-02  6.215883e-01
    endloop
  endfacet
  facet normal  8.535556e-01 -3.893866e-01  3.461515e-01
    outer loop
      vertex   3.593691e-01  1.178670e-02  6.213121e-01
      vertex   3.593691e-01  1.203224e-02  6.215883e-01
      vertex   3.587382e-01  1.113698e-02  6.221370e-01
    endloop
  endfacet
  facet normal  8.567358e-01 -4.003041e-01  3.252082e-01
    outer loop
      vertex   3.600000e-01  1.262190e-02  6.206520e-01
      vertex   3.600000e-01  1.289467e-02  6.209878e-01
      vertex   3.593691e-01  1.203224e-02  6.215883e-01
    endloop
  endfacet
  facet normal  8.554167e-01 -4.598954e-01  2.382403e-01
    outer loop
      vertex   3.593691e-01  1.203224e-02  6.215883e-01
      vertex   3.600000e-01  1.289467e-02  6.209878e-01
      vertex   3.600000e-01  1.308953e-02  6.213639e-01
    endloop
  endfacet
  facet normal  8.603818e-01 -4.733035e-01  1.890157e-01
    outer loop
      vertex   3.593691e-01  1.203224e-02  6.215883e-01
      vertex   3.600000e-01  1.308953e-02  6.213639e-01
      vertex   3.593691e-01  1.216389e-02  6.219180e-01
    endloop
  endfacet
  facet normal  8.555677e-01 -4.975346e-01  1.430493e-01
    outer loop
      vertex   3.593691e-01  1.216389e-02  6.219180e-01
      vertex   3.600000e-01  1.308953e-02  6.213639e-01
      vertex   3.600000e-01  1.320192e-02  6.217548e-01
    endloop
  endfacet
  facet normal  8.568572e-01 -5.133977e-01  4.710119e-02
    outer loop
      vertex   3.593691e-01  1.216389e-02  6.219180e-01
      vertex   3.600000e-01  1.320192e-02  6.217548e-01
      vertex   3.600000e-01  1.323698e-02  6.221370e-01
    endloop
  endfacet
  facet normal  8.620433e-01 -5.068347e-01  0.000000e+00
    outer loop
      vertex   3.593691e-01  1.216389e-02  6.219180e-01
      vertex   3.600000e-01  1.323698e-02  6.221370e-01
      vertex   3.593691e-01  1.216389e-02  6.223559e-01
    endloop
  endfacet
  facet normal  8.568584e-01 -5.133957e-01 -4.710101e-02
    outer loop
      vertex   3.593691e-01  1.216389e-02  6.223559e-01
      vertex   3.600000e-01  1.323698e-02  6.221370e-01
      vertex   3.600000e-01  1.320192e-02  6.225191e-01
    endloop
  endfacet
  facet normal  8.555702e-01 -4.975250e-01 -1.430683e-01
    outer loop
      vertex   3.593691e-01  1.216389e-02  6.223559e-01
      vertex   3.600000e-01  1.320192e-02  6.225191e-01
      vertex   3.600000e-01  1.308953e-02  6.229099e-01
    endloop
  endfacet
  facet normal  8.620893e-01 -4.587840e-01 -2.152187e-01
    outer loop
      vertex   3.593691e-01  1.216389e-02  6.223559e-01
      vertex   3.600000e-01  1.308953e-02  6.229099e-01
      vertex   3.593691e-01  1.196182e-02  6.227866e-01
    endloop
  endfacet
  facet normal  8.588875e-01 -4.547668e-01 -2.355835e-01
    outer loop
      vertex   3.593691e-01  1.196182e-02  6.227866e-01
      vertex   3.600000e-01  1.308953e-02  6.229099e-01
      vertex   3.600000e-01  1.289467e-02  6.232861e-01
    endloop
  endfacet
  facet normal  8.547446e-01 -4.028886e-01 -3.272498e-01
    outer loop
      vertex   3.593691e-01  1.196182e-02  6.227866e-01
      vertex   3.600000e-01  1.289467e-02  6.232861e-01
      vertex   3.600000e-01  1.262190e-02  6.236219e-01
    endloop
  endfacet
  facet normal  8.602526e-01 -3.215129e-01 -3.957207e-01
    outer loop
      vertex   3.600000e-01  1.262190e-02  6.236219e-01
      vertex   3.600000e-01  1.228612e-02  6.238946e-01
      vertex   3.593691e-01  1.196182e-02  6.227866e-01
    endloop
  endfacet
  facet normal  8.614938e-01 -3.148333e-01 -3.983824e-01
    outer loop
      vertex   3.593691e-01  1.196182e-02  6.227866e-01
      vertex   3.600000e-01  1.228612e-02  6.238946e-01
      vertex   3.593691e-01  1.157852e-02  6.230896e-01
    endloop
  endfacet
  facet normal  8.507240e-01 -3.258974e-01 -4.123827e-01
    outer loop
      vertex   3.593691e-01  1.196182e-02  6.227866e-01
      vertex   3.593691e-01  1.157852e-02  6.230896e-01
      vertex   3.587382e-01  1.113698e-02  6.221370e-01
    endloop
  endfacet
  facet normal  8.550584e-01 -2.385074e-01 -4.604232e-01
    outer loop
      vertex   3.600000e-01  1.228612e-02  6.238946e-01
      vertex   3.600000e-01  1.190998e-02  6.240895e-01
      vertex   3.593691e-01  1.157852e-02  6.230896e-01
    endloop
  endfacet
  facet normal  8.577324e-01 -1.420921e-01 -4.940697e-01
    outer loop
      vertex   3.593691e-01  1.157852e-02  6.230896e-01
      vertex   3.600000e-01  1.190998e-02  6.240895e-01
      vertex   3.600000e-01  1.151910e-02  6.242019e-01
    endloop
  endfacet
  facet normal  8.621255e-01 -1.091408e-01 -4.948010e-01
    outer loop
      vertex   3.593691e-01  1.157852e-02  6.230896e-01
      vertex   3.600000e-01  1.151910e-02  6.242019e-01
      vertex   3.593691e-01  1.113698e-02  6.231869e-01
    endloop
  endfacet
  facet normal  8.562182e-01 -4.718488e-02 -5.144551e-01
    outer loop
      vertex   3.593691e-01  1.113698e-02  6.231869e-01
      vertex   3.600000e-01  1.151910e-02  6.242019e-01
      vertex   3.600000e-01  1.113698e-02  6.242369e-01
    endloop
  endfacet
  facet normal  8.516837e-01 -1.128804e-01 -5.117548e-01
    outer loop
      vertex   3.593691e-01  1.113698e-02  6.231869e-01
      vertex   3.590537e-01  1.113698e-02  6.226619e-01
      vertex   3.593691e-01  1.157852e-02  6.230896e-01
    endloop
  endfacet
  facet normal  8.517001e-01 -1.129289e-01 -5.117167e-01
    outer loop
      vertex   3.593691e-01  1.157852e-02  6.230896e-01
      vertex   3.590537e-01  1.113698e-02  6.226619e-01
      vertex   3.588960e-01  1.113698e-02  6.223994e-01
    endloop
  endfacet
  facet normal  8.516451e-01 -1.126198e-01 -5.118764e-01
    outer loop
      vertex   3.593691e-01  1.157852e-02  6.230896e-01
      vertex   3.588960e-01  1.113698e-02  6.223994e-01
      vertex   3.588171e-01  1.113698e-02  6.222682e-01
    endloop
  endfacet
  facet normal  8.516947e-01 -1.129864e-01 -5.117130e-01
    outer loop
      vertex   3.588171e-01  1.113698e-02  6.222682e-01
      vertex   3.587382e-01  1.113698e-02  6.221370e-01
      vertex   3.593691e-01  1.157852e-02  6.230896e-01
    endloop
  endfacet
  facet normal  8.510732e-01 -4.753433e-01 -2.229868e-01
    outer loop
      vertex   3.593691e-01  1.196182e-02  6.227866e-01
      vertex   3.587382e-01  1.113698e-02  6.221370e-01
      vertex   3.593691e-01  1.216389e-02  6.223559e-01
    endloop
  endfacet
  facet normal  8.520404e-01 -5.234761e-01  0.000000e+00
    outer loop
      vertex   3.593691e-01  1.216389e-02  6.223559e-01
      vertex   3.587382e-01  1.113698e-02  6.221370e-01
      vertex   3.593691e-01  1.216389e-02  6.219180e-01
    endloop
  endfacet
  facet normal  8.538396e-01 -4.834133e-01  1.930532e-01
    outer loop
      vertex   3.593691e-01  1.216389e-02  6.219180e-01
      vertex   3.587382e-01  1.113698e-02  6.221370e-01
      vertex   3.593691e-01  1.203224e-02  6.215883e-01
    endloop
  endfacet
  facet normal  1.000000e+00  0.000000e+00 -0.000000e+00
    outer loop
      vertex   3.630000e-01  2.240903e-02  6.089783e-01
      vertex   3.630000e-01  2.250005e-02  6.110000e-01
      vertex   3.630000e-01  2.000005e-02  6.110000e-01
    endloop
  endfacet
  facet normal  1.000000e+00  0.000000e+00  0.000000e+00
    outer loop
      vertex   3.630000e-01  2.000005e-02  6.110000e-01
      vertex   3.630000e-01  2.250005e-02  6.110000e-01
      vertex   3.630000e-01  2.240903e-02  6.130217e-01
    endloop
  endfacet
  facet normal  1.000000e+00  0.000000e+00 -0.000000e+00
    outer loop
      vertex   3.630000e-01  2.000005e-02  6.110000e-01
      vertex   3.630000e-01  2.240903e-02  6.130217e-01
      vertex   3.630000e-01  1.991914e-02  6.127971e-01
    endloop
  endfacet
  facet normal  1.000000e+00  0.000000e+00  0.000000e+00
    outer loop
      vertex   3.630000e-01  1.991914e-02  6.127971e-01
      vertex   3.630000e-01  2.240903e-02  6.130217e-01
      vertex   3.630000e-01  2.212442e-02  6.150942e-01
    endloop
  endfacet
  facet normal  1.000000e+00  0.000000e+00 -0.000000e+00
    outer loop
      vertex   3.630000e-01  1.991914e-02  6.127971e-01
      vertex   3.630000e-01  2.212442e-02  6.150942e-01
      vertex   3.630000e-01  1.966615e-02  6.146393e-01
    endloop
  endfacet
  facet normal  1.000000e+00  0.000000e+00  0.000000e+00
    outer loop
      vertex   3.630000e-01  1.966615e-02  6.146393e-01
      vertex   3.630000e-01  2.212442e-02  6.150942e-01
      vertex   3.630000e-01  2.163152e-02  6.171911e-01
    endloop
  endfacet
  facet normal  1.000000e+00  0.000000e+00 -0.000000e+00
    outer loop
      vertex   3.630000e-01  1.966615e-02  6.146393e-01
      vertex   3.630000e-01  2.163152e-02  6.171911e-01
      vertex   3.630000e-01  1.922802e-02  6.165032e-01
    endloop
  endfacet
  facet normal  1.000000e+00  0.000000e+00  0.000000e+00
    outer loop
      vertex   3.630000e-01  1.922802e-02  6.165032e-01
      vertex   3.630000e-01  2.163152e-02  6.171911e-01
      vertex   3.630000e-01  2.092028e-02  6.192821e-01
    endloop
  endfacet
  facet normal  1.000000e+00  0.000000e+00 -0.000000e+00
    outer loop
      vertex   3.630000e-01  1.922802e-02  6.165032e-01
      vertex   3.630000e-01  2.092028e-02  6.192821e-01
      vertex   3.630000e-01  1.859581e-02  6.183619e-01
    endloop
  endfacet
  facet normal  1.000000e+00  0.000000e+00  0.000000e+00
    outer loop
      vertex   3.630000e-01  1.859581e-02  6.183619e-01
      vertex   3.630000e-01  2.092028e-02  6.192821e-01
      vertex   3.630000e-01  1.998644e-02  6.213341e-01
    endloop
  endfacet
  facet normal  1.000000e+00  0.000000e+00 -0.000000e+00
    outer loop
      vertex   3.630000e-01  1.859581e-02  6.183619e-01
      vertex   3.630000e-01  1.998644e-02  6.213341e-01
      vertex   3.630000e-01  1.776573e-02  6.201859e-01
    endloop
  endfacet
  facet normal  1.000000e+00  0.000000e+00  0.000000e+00
    outer loop
      vertex   3.630000e-01  1.776573e-02  6.201859e-01
      vertex   3.630000e-01  1.998644e-02  6.213341e-01
      vertex   3.630000e-01  1.883245e-02  6.233122e-01
    endloop
  endfacet
  facet normal  1.000000e+00  0.000000e+00 -0.000000e+00
    outer loop
      vertex   3.630000e-01  1.776573e-02  6.201859e-01
      vertex   3.630000e-01  1.883245e-02  6.233122e-01
      vertex   3.630000e-01  1.673996e-02  6.219442e-01
    endloop
  endfacet
  facet normal  1.000000e+00  0.000000e+00  0.000000e+00
    outer loop
      vertex   3.630000e-01  1.673996e-02  6.219442e-01
      vertex   3.630000e-01  1.883245e-02  6.233122e-01
      vertex   3.630000e-01  1.746799e-02  6.251817e-01
    endloop
  endfacet
  facet normal  1.000000e+00  0.000000e+00 -0.000000e+00
    outer loop
      vertex   3.630000e-01  1.673996e-02  6.219442e-01
      vertex   3.630000e-01  1.746799e-02  6.251817e-01
      vertex   3.630000e-01  1.552711e-02  6.236060e-01
    endloop
  endfacet
  facet normal  1.000000e+00  0.000000e+00  0.000000e+00
    outer loop
      vertex   3.630000e-01  1.552711e-02  6.236060e-01
      vertex   3.630000e-01  1.746799e-02  6.251817e-01
      vertex   3.630000e-01  1.590995e-02  6.269099e-01
    endloop
  endfacet
  facet normal  1.000000e+00  0.000000e+00 -0.000000e+00
    outer loop
      vertex   3.630000e-01  1.552711e-02  6.236060e-01
      vertex   3.630000e-01  1.590995e-02  6.269099e-01
      vertex   3.630000e-01  1.414218e-02  6.251422e-01
    endloop
  endfacet
  facet normal  1.000000e+00  0.000000e+00  0.000000e+00
    outer loop
      vertex   3.630000e-01  1.414218e-02  6.251422e-01
      vertex   3.630000e-01  1.590995e-02  6.269099e-01
      vertex   3.630000e-01  1.418175e-02  6.284679e-01
    endloop
  endfacet
  facet normal  1.000000e+00  0.000000e+00 -0.000000e+00
    outer loop
      vertex   3.630000e-01  1.414218e-02  6.251422e-01
      vertex   3.630000e-01  1.418175e-02  6.284679e-01
      vertex   3.630000e-01  1.260601e-02  6.265271e-01
    endloop
  endfacet
  facet normal  1.000000e+00  0.000000e+00 -0.000000e+00
    outer loop
      vertex   3.630000e-01  1.260601e-02  6.265271e-01
      vertex   3.630000e-01  1.418175e-02  6.284679e-01
      vertex   3.630000e-01  1.231227e-02  6.298324e-01
    endloop
  endfacet
  facet normal  1.000000e+00  0.000000e+00  0.000000e+00
    outer loop
      vertex   3.630000e-01  1.260601e-02  6.265271e-01
      vertex   3.630000e-01  1.231227e-02  6.298324e-01
      vertex   3.630000e-01  1.094424e-02  6.277399e-01
    endloop
  endfacet
  facet normal  1.000000e+00  0.000000e+00 -0.000000e+00
    outer loop
      vertex   3.630000e-01  1.094424e-02  6.277399e-01
      vertex   3.630000e-01  1.231227e-02  6.298324e-01
      vertex   3.630000e-01  1.033418e-02  6.309864e-01
    endloop
  endfacet
  facet normal  1.000000e+00  0.000000e+00  0.000000e+00
    outer loop
      vertex   3.630000e-01  1.094424e-02  6.277399e-01
      vertex   3.630000e-01  1.033418e-02  6.309864e-01
      vertex   3.630000e-01  9.185938e-03  6.287657e-01
    endloop
  endfacet
  facet normal  1.000000e+00  0.000000e+00 -0.000000e+00
    outer loop
      vertex   3.630000e-01  9.185938e-03  6.287657e-01
      vertex   3.630000e-01  1.033418e-02  6.309864e-01
      vertex   3.630000e-01  8.282178e-03  6.319202e-01
    endloop
  endfacet
  facet normal  1.000000e+00  0.000000e+00  0.000000e+00
    outer loop
      vertex   3.630000e-01  9.185938e-03  6.287657e-01
      vertex   3.630000e-01  8.282178e-03  6.319202e-01
      vertex   3.630000e-01  7.361941e-03  6.295958e-01
    endloop
  endfacet
  facet normal  1.000000e+00  0.000000e+00 -0.000000e+00
    outer loop
      vertex   3.630000e-01  7.361941e-03  6.295958e-01
      vertex   3.630000e-01  8.282178e-03  6.319202e-01
      vertex   3.630000e-01  6.191107e-03  6.326315e-01
    endloop
  endfacet
  facet normal  1.000000e+00  0.000000e+00  0.000000e+00
    outer loop
      vertex   3.630000e-01  7.361941e-03  6.295958e-01
      vertex   3.630000e-01  6.191107e-03  6.326315e-01
      vertex   3.630000e-01  5.503211e-03  6.302280e-01
    endloop
  endfacet
  facet normal  1.000000e+00  0.000000e+00 -0.000000e+00
    outer loop
      vertex   3.630000e-01  5.503211e-03  6.302280e-01
      vertex   3.630000e-01  6.191107e-03  6.326315e-01
      vertex   3.630000e-01  4.094215e-03  6.331244e-01
    endloop
  endfacet
  facet normal  1.000000e+00  0.000000e+00  0.000000e+00
    outer loop
      vertex   3.630000e-01  5.503211e-03  6.302280e-01
      vertex   3.630000e-01  4.094215e-03  6.331244e-01
      vertex   3.630000e-01  3.639307e-03  6.306661e-01
    endloop
  endfacet
  facet normal  1.000000e+00  0.000000e+00 -0.000000e+00
    outer loop
      vertex   3.630000e-01  3.639307e-03  6.306661e-01
      vertex   3.630000e-01  4.094215e-03  6.331244e-01
      vertex   3.630000e-01  2.021771e-03  6.334090e-01
    endloop
  endfacet
  facet normal  1.000000e+00  0.000000e+00  0.000000e+00
    outer loop
      vertex   3.630000e-01  3.639307e-03  6.306661e-01
      vertex   3.630000e-01  2.021771e-03  6.334090e-01
      vertex   3.630000e-01  1.797135e-03  6.309191e-01
    endloop
  endfacet
  facet normal  1.000000e+00  0.000000e+00 -0.000000e+00
    outer loop
      vertex   3.630000e-01  1.797135e-03  6.309191e-01
      vertex   3.630000e-01  2.021771e-03  6.334090e-01
      vertex   3.630000e-01  4.612921e-08  6.335000e-01
    endloop
  endfacet
  facet normal  1.000000e+00  0.000000e+00  0.000000e+00
    outer loop
      vertex   3.630000e-01  1.797135e-03  6.309191e-01
      vertex   3.630000e-01  4.612921e-08  6.335000e-01
      vertex   3.630000e-01  4.594047e-08  6.310000e-01
    endloop
  endfacet
  facet normal  1.000000e+00  0.000000e+00 -0.000000e+00
    outer loop
      vertex   3.630000e-01  4.594047e-08  6.310000e-01
      vertex   3.630000e-01  4.612921e-08  6.335000e-01
      vertex   3.630000e-01 -1.797043e-03  6.309191e-01
    endloop
  endfacet
  facet normal  1.000000e+00  0.000000e+00 -0.000000e+00
    outer loop
      vertex   3.630000e-01 -1.797043e-03  6.309191e-01
      vertex   3.630000e-01  4.612921e-08  6.335000e-01
      vertex   3.630000e-01 -2.021679e-03  6.334090e-01
    endloop
  endfacet
  facet normal  1.000000e+00  0.000000e+00  0.000000e+00
    outer loop
      vertex   3.630000e-01 -1.797043e-03  6.309191e-01
      vertex   3.630000e-01 -2.021679e-03  6.334090e-01
      vertex   3.630000e-01 -3.639216e-03  6.306661e-01
    endloop
  endfacet
  facet normal  1.000000e+00  0.000000e+00 -0.000000e+00
    outer loop
      vertex   3.630000e-01 -3.639216e-03  6.306661e-01
      vertex   3.630000e-01 -2.021679e-03  6.334090e-01
      vertex   3.630000e-01 -4.094123e-03  6.331244e-01
    endloop
  endfacet
  facet normal  1.000000e+00  0.000000e+00  0.000000e+00
    outer loop
      vertex   3.630000e-01 -3.639216e-03  6.306661e-01
      vertex   3.630000e-01 -4.094123e-03  6.331244e-01
      vertex   3.630000e-01 -5.503119e-03  6.302280e-01
    endloop
  endfacet
  facet normal  1.000000e+00  0.000000e+00 -0.000000e+00
    outer loop
      vertex   3.630000e-01 -5.503119e-03  6.302280e-01
      vertex   3.630000e-01 -4.094123e-03  6.331244e-01
      vertex   3.630000e-01 -6.191014e-03  6.326315e-01
    endloop
  endfacet
  facet normal  1.000000e+00  0.000000e+00  0.000000e+00
    outer loop
      vertex   3.630000e-01 -5.503119e-03  6.302280e-01
      vertex   3.630000e-01 -6.191014e-03  6.326315e-01
      vertex   3.630000e-01 -7.361849e-03  6.295958e-01
    endloop
  endfacet
  facet normal  1.000000e+00  0.000000e+00 -0.000000e+00
    outer loop
      vertex   3.630000e-01 -7.361849e-03  6.295958e-01
      vertex   3.630000e-01 -6.191014e-03  6.326315e-01
      vertex   3.630000e-01 -8.282085e-03  6.319202e-01
    endloop
  endfacet
  facet normal  1.000000e+00  0.000000e+00  0.000000e+00
    outer loop
      vertex   3.630000e-01 -7.361849e-03  6.295958e-01
      vertex   3.630000e-01 -8.282085e-03  6.319202e-01
      vertex   3.630000e-01 -9.185847e-03  6.287657e-01
    endloop
  endfacet
  facet normal  1.000000e+00  0.000000e+00 -0.000000e+00
    outer loop
      vertex   3.630000e-01 -9.185847e-03  6.287657e-01
      vertex   3.630000e-01 -8.282085e-03  6.319202e-01
      vertex   3.630000e-01 -1.033408e-02  6.309864e-01
    endloop
  endfacet
  facet normal  1.000000e+00  0.000000e+00  0.000000e+00
    outer loop
      vertex   3.630000e-01 -9.185847e-03  6.287657e-01
      vertex   3.630000e-01 -1.033408e-02  6.309864e-01
      vertex   3.630000e-01 -1.094415e-02  6.277399e-01
    endloop
  endfacet
  facet normal  1.000000e+00  0.000000e+00 -0.000000e+00
    outer loop
      vertex   3.630000e-01 -1.094415e-02  6.277399e-01
      vertex   3.630000e-01 -1.033408e-02  6.309864e-01
      vertex   3.630000e-01 -1.231217e-02  6.298324e-01
    endloop
  endfacet
  facet normal  1.000000e+00  0.000000e+00  0.000000e+00
    outer loop
      vertex   3.630000e-01 -1.094415e-02  6.277399e-01
      vertex   3.630000e-01 -1.231217e-02  6.298324e-01
      vertex   3.630000e-01 -1.260592e-02  6.265271e-01
    endloop
  endfacet
  facet normal  1.000000e+00  0.000000e+00 -0.000000e+00
    outer loop
      vertex   3.630000e-01 -1.260592e-02  6.265271e-01
      vertex   3.630000e-01 -1.231217e-02  6.298324e-01
      vertex   3.630000e-01 -1.418166e-02  6.284680e-01
    endloop
  endfacet
  facet normal  1.000000e+00  0.000000e+00  0.000000e+00
    outer loop
      vertex   3.630000e-01 -1.260592e-02  6.265271e-01
      vertex   3.630000e-01 -1.418166e-02  6.284680e-01
      vertex   3.630000e-01 -1.414209e-02  6.251422e-01
    endloop
  endfacet
  facet normal  1.000000e+00  0.000000e+00  0.000000e+00
    outer loop
      vertex   3.630000e-01 -1.414209e-02  6.251422e-01
      vertex   3.630000e-01 -1.418166e-02  6.284680e-01
      vertex   3.630000e-01 -1.590986e-02  6.269099e-01
    endloop
  endfacet
  facet normal  1.000000e+00  0.000000e+00  0.000000e+00
    outer loop
      vertex   3.630000e-01 -1.414209e-02  6.251422e-01
      vertex   3.630000e-01 -1.590986e-02  6.269099e-01
      vertex   3.630000e-01 -1.552702e-02  6.236060e-01
    endloop
  endfacet
  facet normal  1.000000e+00  0.000000e+00  0.000000e+00
    outer loop
      vertex   3.630000e-01 -1.552702e-02  6.236060e-01
      vertex   3.630000e-01 -1.590986e-02  6.269099e-01
      vertex   3.630000e-01 -1.746790e-02  6.251817e-01
    endloop
  endfacet
  facet normal  1.000000e+00  0.000000e+00  0.000000e+00
    outer loop
      vertex   3.630000e-01 -1.552702e-02  6.236060e-01
      vertex   3.630000e-01 -1.746790e-02  6.251817e-01
      vertex   3.630000e-01 -1.673987e-02  6.219442e-01
    endloop
  endfacet
  facet normal  1.000000e+00  0.000000e+00  0.000000e+00
    outer loop
      vertex   3.630000e-01 -1.673987e-02  6.219442e-01
      vertex   3.630000e-01 -1.746790e-02  6.251817e-01
      vertex   3.630000e-01 -1.883236e-02  6.233122e-01
    endloop
  endfacet
  facet normal  1.000000e+00  0.000000e+00  0.000000e+00
    outer loop
      vertex   3.630000e-01 -1.673987e-02  6.219442e-01
      vertex   3.630000e-01 -1.883236e-02  6.233122e-01
      vertex   3.630000e-01 -1.776564e-02  6.201859e-01
    endloop
  endfacet
  facet normal  1.000000e+00  0.000000e+00  0.000000e+00
    outer loop
      vertex   3.630000e-01 -1.776564e-02  6.201859e-01
      vertex   3.630000e-01 -1.883236e-02  6.233122e-01
      vertex   3.630000e-01 -1.998635e-02  6.213341e-01
    endloop
  endfacet
  facet normal  1.000000e+00  0.000000e+00  0.000000e+00
    outer loop
      vertex   3.630000e-01 -1.776564e-02  6.201859e-01
      vertex   3.630000e-01 -1.998635e-02  6.213341e-01
      vertex   3.630000e-01 -1.859572e-02  6.183619e-01
    endloop
  endfacet
  facet normal  1.000000e+00  0.000000e+00  0.000000e+00
    outer loop
      vertex   3.630000e-01 -1.859572e-02  6.183619e-01
      vertex   3.630000e-01 -1.998635e-02  6.213341e-01
      vertex   3.630000e-01 -2.092019e-02  6.192821e-01
    endloop
  endfacet
  facet normal  1.000000e+00  0.000000e+00  0.000000e+00
    outer loop
      vertex   3.630000e-01 -1.859572e-02  6.183619e-01
      vertex   3.630000e-01 -2.092019e-02  6.192821e-01
      vertex   3.630000e-01 -1.922794e-02  6.165032e-01
    endloop
  endfacet
  facet normal  1.000000e+00  0.000000e+00  0.000000e+00
    outer loop
      vertex   3.630000e-01 -1.922794e-02  6.165032e-01
      vertex   3.630000e-01 -2.092019e-02  6.192821e-01
      vertex   3.630000e-01 -2.163143e-02  6.171911e-01
    endloop
  endfacet
  facet normal  1.000000e+00  0.000000e+00  0.000000e+00
    outer loop
      vertex   3.630000e-01 -1.922794e-02  6.165032e-01
      vertex   3.630000e-01 -2.163143e-02  6.171911e-01
      vertex   3.630000e-01 -1.966606e-02  6.146393e-01
    endloop
  endfacet
  facet normal  1.000000e+00  0.000000e+00  0.000000e+00
    outer loop
      vertex   3.630000e-01 -1.966606e-02  6.146393e-01
      vertex   3.630000e-01 -2.163143e-02  6.171911e-01
      vertex   3.630000e-01 -2.212433e-02  6.150942e-01
    endloop
  endfacet
  facet normal  1.000000e+00  0.000000e+00  0.000000e+00
    outer loop
      vertex   3.630000e-01 -1.966606e-02  6.146393e-01
      vertex   3.630000e-01 -2.212433e-02  6.150942e-01
      vertex   3.630000e-01 -1.991905e-02  6.127971e-01
    endloop
  endfacet
  facet normal  1.000000e+00  0.000000e+00  0.000000e+00
    outer loop
      vertex   3.630000e-01 -1.991905e-02  6.127971e-01
      vertex   3.630000e-01 -2.212433e-02  6.150942e-01
      vertex   3.630000e-01 -2.240894e-02  6.130217e-01
    endloop
  endfacet
  facet normal  1.000000e+00  0.000000e+00  0.000000e+00
    outer loop
      vertex   3.630000e-01 -1.991905e-02  6.127971e-01
      vertex   3.630000e-01 -2.240894e-02  6.130217e-01
      vertex   3.630000e-01 -2.249996e-02  6.110000e-01
    endloop
  endfacet
  facet normal  1.000000e+00  0.000000e+00  0.000000e+00
    outer loop
      vertex   3.630000e-01 -1.991905e-02  6.127971e-01
      vertex   3.630000e-01 -2.249996e-02  6.110000e-01
      vertex   3.630000e-01 -1.999996e-02  6.110000e-01
    endloop
  endfacet
  facet normal  1.000000e+00  0.000000e+00  0.000000e+00
    outer loop
      vertex   3.630000e-01 -1.999996e-02  6.110000e-01
      vertex   3.630000e-01 -2.249996e-02  6.110000e-01
      vertex   3.630000e-01 -2.240894e-02  6.089783e-01
    endloop
  endfacet
  facet normal  1.000000e+00  0.000000e+00  0.000000e+00
    outer loop
      vertex   3.630000e-01 -1.999996e-02  6.110000e-01
      vertex   3.630000e-01 -2.240894e-02  6.089783e-01
      vertex   3.630000e-01 -1.991905e-02  6.092029e-01
    endloop
  endfacet
  facet normal  1.000000e+00  0.000000e+00  0.000000e+00
    outer loop
      vertex   3.630000e-01 -1.991905e-02  6.092029e-01
      vertex   3.630000e-01 -2.240894e-02  6.089783e-01
      vertex   3.630000e-01 -2.212433e-02  6.069058e-01
    endloop
  endfacet
  facet normal  1.000000e+00  0.000000e+00  0.000000e+00
    outer loop
      vertex   3.630000e-01 -1.991905e-02  6.092029e-01
      vertex   3.630000e-01 -2.212433e-02  6.069058e-01
      vertex   3.630000e-01 -1.966606e-02  6.073607e-01
    endloop
  endfacet
  facet normal  1.000000e+00  0.000000e+00  0.000000e+00
    outer loop
      vertex   3.630000e-01 -1.966606e-02  6.073607e-01
      vertex   3.630000e-01 -2.212433e-02  6.069058e-01
      vertex   3.630000e-01 -2.163143e-02  6.048089e-01
    endloop
  endfacet
  facet normal  1.000000e+00  0.000000e+00  0.000000e+00
    outer loop
      vertex   3.630000e-01 -1.966606e-02  6.073607e-01
      vertex   3.630000e-01 -2.163143e-02  6.048089e-01
      vertex   3.630000e-01 -1.922794e-02  6.054968e-01
    endloop
  endfacet
  facet normal  1.000000e+00  0.000000e+00  0.000000e+00
    outer loop
      vertex   3.630000e-01 -1.922794e-02  6.054968e-01
      vertex   3.630000e-01 -2.163143e-02  6.048089e-01
      vertex   3.630000e-01 -2.092019e-02  6.027179e-01
    endloop
  endfacet
  facet normal  1.000000e+00  0.000000e+00  0.000000e+00
    outer loop
      vertex   3.630000e-01 -1.922794e-02  6.054968e-01
      vertex   3.630000e-01 -2.092019e-02  6.027179e-01
      vertex   3.630000e-01 -1.859572e-02  6.036381e-01
    endloop
  endfacet
  facet normal  1.000000e+00  0.000000e+00  0.000000e+00
    outer loop
      vertex   3.630000e-01 -1.859572e-02  6.036381e-01
      vertex   3.630000e-01 -2.092019e-02  6.027179e-01
      vertex   3.630000e-01 -1.998635e-02  6.006659e-01
    endloop
  endfacet
  facet normal  1.000000e+00  0.000000e+00  0.000000e+00
    outer loop
      vertex   3.630000e-01 -1.859572e-02  6.036381e-01
      vertex   3.630000e-01 -1.998635e-02  6.006659e-01
      vertex   3.630000e-01 -1.776564e-02  6.018141e-01
    endloop
  endfacet
  facet normal  1.000000e+00  0.000000e+00  0.000000e+00
    outer loop
      vertex   3.630000e-01 -1.776564e-02  6.018141e-01
      vertex   3.630000e-01 -1.998635e-02  6.006659e-01
      vertex   3.630000e-01 -1.883236e-02  5.986878e-01
    endloop
  endfacet
  facet normal  1.000000e+00  0.000000e+00  0.000000e+00
    outer loop
      vertex   3.630000e-01 -1.776564e-02  6.018141e-01
      vertex   3.630000e-01 -1.883236e-02  5.986878e-01
      vertex   3.630000e-01 -1.673987e-02  6.000558e-01
    endloop
  endfacet
  facet normal  1.000000e+00  0.000000e+00  0.000000e+00
    outer loop
      vertex   3.630000e-01 -1.673987e-02  6.000558e-01
      vertex   3.630000e-01 -1.883236e-02  5.986878e-01
      vertex   3.630000e-01 -1.746790e-02  5.968183e-01
    endloop
  endfacet
  facet normal  1.000000e+00  0.000000e+00  0.000000e+00
    outer loop
      vertex   3.630000e-01 -1.673987e-02  6.000558e-01
      vertex   3.630000e-01 -1.746790e-02  5.968183e-01
      vertex   3.630000e-01 -1.552702e-02  5.983940e-01
    endloop
  endfacet
  facet normal  1.000000e+00  0.000000e+00  0.000000e+00
    outer loop
      vertex   3.630000e-01 -1.552702e-02  5.983940e-01
      vertex   3.630000e-01 -1.746790e-02  5.968183e-01
      vertex   3.630000e-01 -1.590986e-02  5.950901e-01
    endloop
  endfacet
  facet normal  1.000000e+00  0.000000e+00  0.000000e+00
    outer loop
      vertex   3.630000e-01 -1.552702e-02  5.983940e-01
      vertex   3.630000e-01 -1.590986e-02  5.950901e-01
      vertex   3.630000e-01 -1.414209e-02  5.968578e-01
    endloop
  endfacet
  facet normal  1.000000e+00  0.000000e+00  0.000000e+00
    outer loop
      vertex   3.630000e-01 -1.414209e-02  5.968578e-01
      vertex   3.630000e-01 -1.590986e-02  5.950901e-01
      vertex   3.630000e-01 -1.418167e-02  5.935321e-01
    endloop
  endfacet
  facet normal  1.000000e+00  0.000000e+00  0.000000e+00
    outer loop
      vertex   3.630000e-01 -1.414209e-02  5.968578e-01
      vertex   3.630000e-01 -1.418167e-02  5.935321e-01
      vertex   3.630000e-01 -1.260592e-02  5.954729e-01
    endloop
  endfacet
  facet normal  1.000000e+00  0.000000e+00  0.000000e+00
    outer loop
      vertex   3.630000e-01 -1.260592e-02  5.954729e-01
      vertex   3.630000e-01 -1.418167e-02  5.935321e-01
      vertex   3.630000e-01 -1.231218e-02  5.921676e-01
    endloop
  endfacet
  facet normal  1.000000e+00  0.000000e+00  0.000000e+00
    outer loop
      vertex   3.630000e-01 -1.260592e-02  5.954729e-01
      vertex   3.630000e-01 -1.231218e-02  5.921676e-01
      vertex   3.630000e-01 -1.094415e-02  5.942601e-01
    endloop
  endfacet
  facet normal  1.000000e+00  0.000000e+00  0.000000e+00
    outer loop
      vertex   3.630000e-01 -1.094415e-02  5.942601e-01
      vertex   3.630000e-01 -1.231218e-02  5.921676e-01
      vertex   3.630000e-01 -1.033409e-02  5.910136e-01
    endloop
  endfacet
  facet normal  1.000000e+00  0.000000e+00  0.000000e+00
    outer loop
      vertex   3.630000e-01 -1.094415e-02  5.942601e-01
      vertex   3.630000e-01 -1.033409e-02  5.910136e-01
      vertex   3.630000e-01 -9.185849e-03  5.932343e-01
    endloop
  endfacet
  facet normal  1.000000e+00  0.000000e+00  0.000000e+00
    outer loop
      vertex   3.630000e-01 -9.185849e-03  5.932343e-01
      vertex   3.630000e-01 -1.033409e-02  5.910136e-01
      vertex   3.630000e-01 -8.282089e-03  5.900798e-01
    endloop
  endfacet
  facet normal  1.000000e+00  0.000000e+00  0.000000e+00
    outer loop
      vertex   3.630000e-01 -9.185849e-03  5.932343e-01
      vertex   3.630000e-01 -8.282089e-03  5.900798e-01
      vertex   3.630000e-01 -7.361852e-03  5.924042e-01
    endloop
  endfacet
  facet normal  1.000000e+00  0.000000e+00  0.000000e+00
    outer loop
      vertex   3.630000e-01 -7.361852e-03  5.924042e-01
      vertex   3.630000e-01 -8.282089e-03  5.900798e-01
      vertex   3.630000e-01 -6.191018e-03  5.893685e-01
    endloop
  endfacet
  facet normal  1.000000e+00  0.000000e+00  0.000000e+00
    outer loop
      vertex   3.630000e-01 -7.361852e-03  5.924042e-01
      vertex   3.630000e-01 -6.191018e-03  5.893685e-01
      vertex   3.630000e-01 -5.503122e-03  5.917720e-01
    endloop
  endfacet
  facet normal  1.000000e+00  0.000000e+00  0.000000e+00
    outer loop
      vertex   3.630000e-01 -5.503122e-03  5.917720e-01
      vertex   3.630000e-01 -6.191018e-03  5.893685e-01
      vertex   3.630000e-01 -4.094127e-03  5.888757e-01
    endloop
  endfacet
  facet normal  1.000000e+00  0.000000e+00  0.000000e+00
    outer loop
      vertex   3.630000e-01 -5.503122e-03  5.917720e-01
      vertex   3.630000e-01 -4.094127e-03  5.888757e-01
      vertex   3.630000e-01 -3.639218e-03  5.913339e-01
    endloop
  endfacet
  facet normal  1.000000e+00  0.000000e+00  0.000000e+00
    outer loop
      vertex   3.630000e-01 -3.639218e-03  5.913339e-01
      vertex   3.630000e-01 -4.094127e-03  5.888757e-01
      vertex   3.630000e-01 -2.021682e-03  5.885910e-01
    endloop
  endfacet
  facet normal  1.000000e+00  0.000000e+00  0.000000e+00
    outer loop
      vertex   3.630000e-01 -3.639218e-03  5.913339e-01
      vertex   3.630000e-01 -2.021682e-03  5.885910e-01
      vertex   3.630000e-01 -1.797046e-03  5.910809e-01
    endloop
  endfacet
  facet normal  1.000000e+00  0.000000e+00  0.000000e+00
    outer loop
      vertex   3.630000e-01 -1.797046e-03  5.910809e-01
      vertex   3.630000e-01 -2.021682e-03  5.885910e-01
      vertex   3.630000e-01  4.292055e-08  5.910000e-01
    endloop
  endfacet
  facet normal  1.000000e+00  0.000000e+00  0.000000e+00
    outer loop
      vertex   3.630000e-01  4.292055e-08  5.910000e-01
      vertex   3.630000e-01 -2.021682e-03  5.885910e-01
      vertex   3.630000e-01  4.273181e-08  5.885000e-01
    endloop
  endfacet
  facet normal  1.000000e+00 -0.000000e+00  0.000000e+00
    outer loop
      vertex   3.630000e-01  4.292055e-08  5.910000e-01
      vertex   3.630000e-01  4.273181e-08  5.885000e-01
      vertex   3.630000e-01  1.797132e-03  5.910809e-01
    endloop
  endfacet
  facet normal  1.000000e+00  0.000000e+00  0.000000e+00
    outer loop
      vertex   3.630000e-01  1.797132e-03  5.910809e-01
      vertex   3.630000e-01  4.273181e-08  5.885000e-01
      vertex   3.630000e-01  2.021768e-03  5.885910e-01
    endloop
  endfacet
  facet normal  1.000000e+00 -0.000000e+00  0.000000e+00
    outer loop
      vertex   3.630000e-01  1.797132e-03  5.910809e-01
      vertex   3.630000e-01  2.021768e-03  5.885910e-01
      vertex   3.630000e-01  3.639305e-03  5.913339e-01
    endloop
  endfacet
  facet normal  1.000000e+00  0.000000e+00  0.000000e+00
    outer loop
      vertex   3.630000e-01  3.639305e-03  5.913339e-01
      vertex   3.630000e-01  2.021768e-03  5.885910e-01
      vertex   3.630000e-01  4.094211e-03  5.888757e-01
    endloop
  endfacet
  facet normal  1.000000e+00 -0.000000e+00  0.000000e+00
    outer loop
      vertex   3.630000e-01  3.639305e-03  5.913339e-01
      vertex   3.630000e-01  4.094211e-03  5.888757e-01
      vertex   3.630000e-01  5.503208e-03  5.917720e-01
    endloop
  endfacet
  facet normal  1.000000e+00  0.000000e+00  0.000000e+00
    outer loop
      vertex   3.630000e-01  5.503208e-03  5.917720e-01
      vertex   3.630000e-01  4.094211e-03  5.888757e-01
      vertex   3.630000e-01  6.191103e-03  5.893685e-01
    endloop
  endfacet
  facet normal  1.000000e+00 -0.000000e+00  0.000000e+00
    outer loop
      vertex   3.630000e-01  5.503208e-03  5.917720e-01
      vertex   3.630000e-01  6.191103e-03  5.893685e-01
      vertex   3.630000e-01  7.361938e-03  5.924042e-01
    endloop
  endfacet
  facet normal  1.000000e+00  0.000000e+00  0.000000e+00
    outer loop
      vertex   3.630000e-01  7.361938e-03  5.924042e-01
      vertex   3.630000e-01  6.191103e-03  5.893685e-01
      vertex   3.630000e-01  8.282174e-03  5.900798e-01
    endloop
  endfacet
  facet normal  1.000000e+00 -0.000000e+00  0.000000e+00
    outer loop
      vertex   3.630000e-01  7.361938e-03  5.924042e-01
      vertex   3.630000e-01  8.282174e-03  5.900798e-01
      vertex   3.630000e-01  9.185936e-03  5.932343e-01
    endloop
  endfacet
  facet normal  1.000000e+00  0.000000e+00  0.000000e+00
    outer loop
      vertex   3.630000e-01  9.185936e-03  5.932343e-01
      vertex   3.630000e-01  8.282174e-03  5.900798e-01
      vertex   3.630000e-01  1.033417e-02  5.910136e-01
    endloop
  endfacet
  facet normal  1.000000e+00 -0.000000e+00  0.000000e+00
    outer loop
      vertex   3.630000e-01  9.185936e-03  5.932343e-01
      vertex   3.630000e-01  1.033417e-02  5.910136e-01
      vertex   3.630000e-01  1.094424e-02  5.942601e-01
    endloop
  endfacet
  facet normal  1.000000e+00  0.000000e+00  0.000000e+00
    outer loop
      vertex   3.630000e-01  1.094424e-02  5.942601e-01
      vertex   3.630000e-01  1.033417e-02  5.910136e-01
      vertex   3.630000e-01  1.231226e-02  5.921676e-01
    endloop
  endfacet
  facet normal  1.000000e+00 -0.000000e+00  0.000000e+00
    outer loop
      vertex   3.630000e-01  1.094424e-02  5.942601e-01
      vertex   3.630000e-01  1.231226e-02  5.921676e-01
      vertex   3.630000e-01  1.260601e-02  5.954729e-01
    endloop
  endfacet
  facet normal  1.000000e+00  0.000000e+00  0.000000e+00
    outer loop
      vertex   3.630000e-01  1.260601e-02  5.954729e-01
      vertex   3.630000e-01  1.231226e-02  5.921676e-01
      vertex   3.630000e-01  1.418175e-02  5.935320e-01
    endloop
  endfacet
  facet normal  1.000000e+00 -0.000000e+00  0.000000e+00
    outer loop
      vertex   3.630000e-01  1.260601e-02  5.954729e-01
      vertex   3.630000e-01  1.418175e-02  5.935320e-01
      vertex   3.630000e-01  1.414218e-02  5.968578e-01
    endloop
  endfacet
  facet normal  1.000000e+00  0.000000e+00  0.000000e+00
    outer loop
      vertex   3.630000e-01  1.414218e-02  5.968578e-01
      vertex   3.630000e-01  1.418175e-02  5.935320e-01
      vertex   3.630000e-01  1.590995e-02  5.950901e-01
    endloop
  endfacet
  facet normal  1.000000e+00 -0.000000e+00  0.000000e+00
    outer loop
      vertex   3.630000e-01  1.414218e-02  5.968578e-01
      vertex   3.630000e-01  1.590995e-02  5.950901e-01
      vertex   3.630000e-01  1.552711e-02  5.983940e-01
    endloop
  endfacet
  facet normal  1.000000e+00  0.000000e+00  0.000000e+00
    outer loop
      vertex   3.630000e-01  1.552711e-02  5.983940e-01
      vertex   3.630000e-01  1.590995e-02  5.950901e-01
      vertex   3.630000e-01  1.746799e-02  5.968183e-01
    endloop
  endfacet
  facet normal  1.000000e+00 -0.000000e+00  0.000000e+00
    outer loop
      vertex   3.630000e-01  1.552711e-02  5.983940e-01
      vertex   3.630000e-01  1.746799e-02  5.968183e-01
      vertex   3.630000e-01  1.673996e-02  6.000558e-01
    endloop
  endfacet
  facet normal  1.000000e+00  0.000000e+00  0.000000e+00
    outer loop
      vertex   3.630000e-01  1.673996e-02  6.000558e-01
      vertex   3.630000e-01  1.746799e-02  5.968183e-01
      vertex   3.630000e-01  1.883245e-02  5.986878e-01
    endloop
  endfacet
  facet normal  1.000000e+00 -0.000000e+00  0.000000e+00
    outer loop
      vertex   3.630000e-01  1.673996e-02  6.000558e-01
      vertex   3.630000e-01  1.883245e-02  5.986878e-01
      vertex   3.630000e-01  1.776573e-02  6.018141e-01
    endloop
  endfacet
  facet normal  1.000000e+00  0.000000e+00  0.000000e+00
    outer loop
      vertex   3.630000e-01  1.776573e-02  6.018141e-01
      vertex   3.630000e-01  1.883245e-02  5.986878e-01
      vertex   3.630000e-01  1.998644e-02  6.006659e-01
    endloop
  endfacet
  facet normal  1.000000e+00 -0.000000e+00  0.000000e+00
    outer loop
      vertex   3.630000e-01  1.776573e-02  6.018141e-01
      vertex   3.630000e-01  1.998644e-02  6.006659e-01
      vertex   3.630000e-01  1.859581e-02  6.036381e-01
    endloop
  endfacet
  facet normal  1.000000e+00  0.000000e+00  0.000000e+00
    outer loop
      vertex   3.630000e-01  1.859581e-02  6.036381e-01
      vertex   3.630000e-01  1.998644e-02  6.006659e-01
      vertex   3.630000e-01  2.092028e-02  6.027179e-01
    endloop
  endfacet
  facet normal  1.000000e+00 -0.000000e+00  0.000000e+00
    outer loop
      vertex   3.630000e-01  1.859581e-02  6.036381e-01
      vertex   3.630000e-01  2.092028e-02  6.027179e-01
      vertex   3.630000e-01  1.922802e-02  6.054968e-01
    endloop
  endfacet
  facet normal  1.000000e+00  0.000000e+00  0.000000e+00
    outer loop
      vertex   3.630000e-01  1.922802e-02  6.054968e-01
      vertex   3.630000e-01  2.092028e-02  6.027179e-01
      vertex   3.630000e-01  2.163152e-02  6.048089e-01
    endloop
  endfacet
  facet normal  1.000000e+00 -0.000000e+00  0.000000e+00
    outer loop
      vertex   3.630000e-01  1.922802e-02  6.054968e-01
      vertex   3.630000e-01  2.163152e-02  6.048089e-01
      vertex   3.630000e-01  1.966615e-02  6.073607e-01
    endloop
  endfacet
  facet normal  1.000000e+00  0.000000e+00  0.000000e+00
    outer loop
      vertex   3.630000e-01  1.966615e-02  6.073607e-01
      vertex   3.630000e-01  2.163152e-02  6.048089e-01
      vertex   3.630000e-01  2.212442e-02  6.069058e-01
    endloop
  endfacet
  facet normal  1.000000e+00 -0.000000e+00  0.000000e+00
    outer loop
      vertex   3.630000e-01  1.966615e-02  6.073607e-01
      vertex   3.630000e-01  2.212442e-02  6.069058e-01
      vertex   3.630000e-01  1.991914e-02  6.092029e-01
    endloop
  endfacet
  facet normal  1.000000e+00  0.000000e+00  0.000000e+00
    outer loop
      vertex   3.630000e-01  1.991914e-02  6.092029e-01
      vertex   3.630000e-01  2.212442e-02  6.069058e-01
      vertex   3.630000e-01  2.240903e-02  6.089783e-01
    endloop
  endfacet
  facet normal  1.000000e+00 -0.000000e+00  0.000000e+00
    outer loop
      vertex   3.630000e-01  1.991914e-02  6.092029e-01
      vertex   3.630000e-01  2.240903e-02  6.089783e-01
      vertex   3.630000e-01  2.000005e-02  6.110000e-01
    endloop
  endfacet
  facet normal  1.000000e+00 -0.000000e+00  0.000000e+00
    outer loop
      vertex   3.620000e-01 -1.819587e-03  6.011670e-01
      vertex   3.620000e-01  4.375103e-08  6.010000e-01
      vertex   3.620000e-01  4.450601e-08  6.110000e-01
    endloop
  endfacet
  facet normal  1.000000e+00  0.000000e+00  0.000000e+00
    outer loop
      vertex   3.620000e-01  4.450601e-08  6.110000e-01
      vertex   3.620000e-01  4.375103e-08  6.010000e-01
      vertex   3.620000e-01  1.819675e-03  6.011670e-01
    endloop
  endfacet
  facet normal  1.000000e+00  0.000000e+00  0.000000e+00
    outer loop
      vertex   3.620000e-01  4.450601e-08  6.110000e-01
      vertex   3.620000e-01  1.819675e-03  6.011670e-01
      vertex   3.620000e-01  3.680991e-03  6.017021e-01
    endloop
  endfacet
  facet normal  1.000000e+00  0.000000e+00 -0.000000e+00
    outer loop
      vertex   3.620000e-01  3.680991e-03  6.017021e-01
      vertex   3.620000e-01  5.472142e-03  6.026300e-01
      vertex   3.620000e-01  4.450601e-08  6.110000e-01
    endloop
  endfacet
  facet normal  1.000000e+00  0.000000e+00  0.000000e+00
    outer loop
      vertex   3.620000e-01  4.450601e-08  6.110000e-01
      vertex   3.620000e-01  5.472142e-03  6.026300e-01
      vertex   3.620000e-01  7.071112e-03  6.039289e-01
    endloop
  endfacet
  facet normal  1.000000e+00  0.000000e+00  0.000000e+00
    outer loop
      vertex   3.620000e-01  4.450601e-08  6.110000e-01
      vertex   3.620000e-01  7.071112e-03  6.039289e-01
      vertex   3.620000e-01  8.370000e-03  6.055279e-01
    endloop
  endfacet
  facet normal  1.000000e+00  0.000000e+00 -0.000000e+00
    outer loop
      vertex   3.620000e-01  8.370000e-03  6.055279e-01
      vertex   3.620000e-01  9.297928e-03  6.073191e-01
      vertex   3.620000e-01  4.450601e-08  6.110000e-01
    endloop
  endfacet
  facet normal  1.000000e+00  0.000000e+00  0.000000e+00
    outer loop
      vertex   3.620000e-01  4.450601e-08  6.110000e-01
      vertex   3.620000e-01  9.297928e-03  6.073191e-01
      vertex   3.620000e-01  9.833099e-03  6.091804e-01
    endloop
  endfacet
  facet normal  1.000000e+00 -0.000000e+00  0.000000e+00
    outer loop
      vertex   3.620000e-01  4.450601e-08  6.110000e-01
      vertex   3.620000e-01  9.833099e-03  6.091804e-01
      vertex   3.620000e-01  1.000005e-02  6.110000e-01
    endloop
  endfacet
  facet normal  1.000000e+00  0.000000e+00  0.000000e+00
    outer loop
      vertex   3.620000e-01  1.000005e-02  6.110000e-01
      vertex   3.620000e-01  9.833099e-03  6.128196e-01
      vertex   3.620000e-01  4.450601e-08  6.110000e-01
    endloop
  endfacet
  facet normal  1.000000e+00  0.000000e+00  0.000000e+00
    outer loop
      vertex   3.620000e-01  4.450601e-08  6.110000e-01
      vertex   3.620000e-01  9.833099e-03  6.128196e-01
      vertex   3.620000e-01  9.297928e-03  6.146809e-01
    endloop
  endfacet
  facet normal  1.000000e+00  0.000000e+00  0.000000e+00
    outer loop
      vertex   3.620000e-01  4.450601e-08  6.110000e-01
      vertex   3.620000e-01  9.297928e-03  6.146809e-01
      vertex   3.620000e-01  8.370000e-03  6.164721e-01
    endloop
  endfacet
  facet normal  1.000000e+00  0.000000e+00  0.000000e+00
    outer loop
      vertex   3.620000e-01  8.370000e-03  6.164721e-01
      vertex   3.620000e-01  7.071113e-03  6.180711e-01
      vertex   3.620000e-01  4.450601e-08  6.110000e-01
    endloop
  endfacet
  facet normal  1.000000e+00  0.000000e+00  0.000000e+00
    outer loop
      vertex   3.620000e-01  4.450601e-08  6.110000e-01
      vertex   3.620000e-01  7.071113e-03  6.180711e-01
      vertex   3.620000e-01  5.472143e-03  6.193700e-01
    endloop
  endfacet
  facet normal  1.000000e+00  0.000000e+00  0.000000e+00
    outer loop
      vertex   3.620000e-01  4.450601e-08  6.110000e-01
      vertex   3.620000e-01  5.472143e-03  6.193700e-01
      vertex   3.620000e-01  3.680993e-03  6.202979e-01
    endloop
  endfacet
  facet normal  1.000000e+00  0.000000e+00  0.000000e+00
    outer loop
      vertex   3.620000e-01  3.680993e-03  6.202979e-01
      vertex   3.620000e-01  1.819676e-03  6.208330e-01
      vertex   3.620000e-01  4.450601e-08  6.110000e-01
    endloop
  endfacet
  facet normal  1.000000e+00  0.000000e+00  0.000000e+00
    outer loop
      vertex   3.620000e-01  4.450601e-08  6.110000e-01
      vertex   3.620000e-01  1.819676e-03  6.208330e-01
      vertex   3.620000e-01  4.526099e-08  6.210000e-01
    endloop
  endfacet
  facet normal  1.000000e+00  0.000000e+00 -0.000000e+00
    outer loop
      vertex   3.620000e-01  4.450601e-08  6.110000e-01
      vertex   3.620000e-01  4.526099e-08  6.210000e-01
      vertex   3.620000e-01 -1.819586e-03  6.208330e-01
    endloop
  endfacet
  facet normal  1.000000e+00  0.000000e+00  0.000000e+00
    outer loop
      vertex   3.620000e-01 -1.819586e-03  6.208330e-01
      vertex   3.620000e-01 -3.680902e-03  6.202979e-01
      vertex   3.620000e-01  4.450601e-08  6.110000e-01
    endloop
  endfacet
  facet normal  1.000000e+00  0.000000e+00  0.000000e+00
    outer loop
      vertex   3.620000e-01  4.450601e-08  6.110000e-01
      vertex   3.620000e-01 -3.680902e-03  6.202979e-01
      vertex   3.620000e-01 -5.472053e-03  6.193700e-01
    endloop
  endfacet
  facet normal  1.000000e+00  0.000000e+00  0.000000e+00
    outer loop
      vertex   3.620000e-01  4.450601e-08  6.110000e-01
      vertex   3.620000e-01 -5.472053e-03  6.193700e-01
      vertex   3.620000e-01 -7.071023e-03  6.180711e-01
    endloop
  endfacet
  facet normal  1.000000e+00  0.000000e+00  0.000000e+00
    outer loop
      vertex   3.620000e-01 -7.071023e-03  6.180711e-01
      vertex   3.620000e-01 -8.369911e-03  6.164721e-01
      vertex   3.620000e-01  4.450601e-08  6.110000e-01
    endloop
  endfacet
  facet normal  1.000000e+00  0.000000e+00  0.000000e+00
    outer loop
      vertex   3.620000e-01  4.450601e-08  6.110000e-01
      vertex   3.620000e-01 -8.369911e-03  6.164721e-01
      vertex   3.620000e-01 -9.297838e-03  6.146809e-01
    endloop
  endfacet
  facet normal  1.000000e+00  0.000000e+00  0.000000e+00
    outer loop
      vertex   3.620000e-01  4.450601e-08  6.110000e-01
      vertex   3.620000e-01 -9.297838e-03  6.146809e-01
      vertex   3.620000e-01 -9.833010e-03  6.128196e-01
    endloop
  endfacet
  facet normal  1.000000e+00  0.000000e+00  0.000000e+00
    outer loop
      vertex   3.620000e-01 -9.833010e-03  6.128196e-01
      vertex   3.620000e-01 -9.999956e-03  6.110000e-01
      vertex   3.620000e-01  4.450601e-08  6.110000e-01
    endloop
  endfacet
  facet normal  1.000000e+00  0.000000e+00  0.000000e+00
    outer loop
      vertex   3.620000e-01  4.450601e-08  6.110000e-01
      vertex   3.620000e-01 -9.999956e-03  6.110000e-01
      vertex   3.620000e-01 -9.833010e-03  6.091804e-01
    endloop
  endfacet
  facet normal  1.000000e+00  0.000000e+00  0.000000e+00
    outer loop
      vertex   3.620000e-01  4.450601e-08  6.110000e-01
      vertex   3.620000e-01 -9.833010e-03  6.091804e-01
      vertex   3.620000e-01 -9.297838e-03  6.073191e-01
    endloop
  endfacet
  facet normal  1.000000e+00 -0.000000e+00  0.000000e+00
    outer loop
      vertex   3.620000e-01 -9.297838e-03  6.073191e-01
      vertex   3.620000e-01 -8.369911e-03  6.055279e-01
      vertex   3.620000e-01  4.450601e-08  6.110000e-01
    endloop
  endfacet
  facet normal  1.000000e+00  0.000000e+00  0.000000e+00
    outer loop
      vertex   3.620000e-01  4.450601e-08  6.110000e-01
      vertex   3.620000e-01 -8.369911e-03  6.055279e-01
      vertex   3.620000e-01 -7.071024e-03  6.039289e-01
    endloop
  endfacet
  facet normal  1.000000e+00  0.000000e+00  0.000000e+00
    outer loop
      vertex   3.620000e-01  4.450601e-08  6.110000e-01
      vertex   3.620000e-01 -7.071024e-03  6.039289e-01
      vertex   3.620000e-01 -5.472054e-03  6.026300e-01
    endloop
  endfacet
  facet normal  1.000000e+00 -0.000000e+00  0.000000e+00
    outer loop
      vertex   3.620000e-01 -5.472054e-03  6.026300e-01
      vertex   3.620000e-01 -3.680904e-03  6.017021e-01
      vertex   3.620000e-01  4.450601e-08  6.110000e-01
    endloop
  endfacet
  facet normal  1.000000e+00  0.000000e+00  0.000000e+00
    outer loop
      vertex   3.620000e-01  4.450601e-08  6.110000e-01
      vertex   3.620000e-01 -3.680904e-03  6.017021e-01
      vertex   3.620000e-01 -1.819587e-03  6.011670e-01
    endloop
  endfacet
  facet normal  1.000000e+00 -0.000000e+00  0.000000e+00
    outer loop
      vertex   3.680000e-01 -1.779072e-03  6.307199e-01
      vertex   3.680000e-01 -4.548623e-04  6.292083e-01
      vertex   3.680000e-01  4.554788e-08  6.308000e-01
    endloop
  endfacet
  facet normal  1.000000e+00  0.000000e+00  0.000000e+00
    outer loop
      vertex   3.680000e-01  4.554788e-08  6.308000e-01
      vertex   3.680000e-01 -4.548623e-04  6.292083e-01
      vertex   3.680000e-01  4.543086e-08  6.292500e-01
    endloop
  endfacet
  facet normal  1.000000e+00  0.000000e+00  0.000000e+00
    outer loop
      vertex   3.680000e-01  4.554788e-08  6.308000e-01
      vertex   3.680000e-01  4.543086e-08  6.292500e-01
      vertex   3.680000e-01  4.549531e-04  6.292083e-01
    endloop
  endfacet
  facet normal  1.000000e+00 -0.000000e+00  0.000000e+00
    outer loop
      vertex   3.680000e-01 -3.602823e-03  6.304694e-01
      vertex   3.680000e-01 -1.767722e-03  6.285177e-01
      vertex   3.680000e-01 -1.779072e-03  6.307199e-01
    endloop
  endfacet
  facet normal  1.000000e+00  0.000000e+00  0.000000e+00
    outer loop
      vertex   3.680000e-01 -1.779072e-03  6.307199e-01
      vertex   3.680000e-01 -1.767722e-03  6.285177e-01
      vertex   3.680000e-01 -1.367979e-03  6.288425e-01
    endloop
  endfacet
  facet normal  1.000000e+00  0.000000e+00  0.000000e+00
    outer loop
      vertex   3.680000e-01 -1.779072e-03  6.307199e-01
      vertex   3.680000e-01 -1.367979e-03  6.288425e-01
      vertex   3.680000e-01 -9.201915e-04  6.290745e-01
    endloop
  endfacet
  facet normal  1.000000e+00 -0.000000e+00  0.000000e+00
    outer loop
      vertex   3.680000e-01 -5.448088e-03  6.300357e-01
      vertex   3.680000e-01 -2.324426e-03  6.276702e-01
      vertex   3.680000e-01 -3.602823e-03  6.304694e-01
    endloop
  endfacet
  facet normal  1.000000e+00  0.000000e+00  0.000000e+00
    outer loop
      vertex   3.680000e-01 -3.602823e-03  6.304694e-01
      vertex   3.680000e-01 -2.324426e-03  6.276702e-01
      vertex   3.680000e-01 -2.092443e-03  6.281180e-01
    endloop
  endfacet
  facet normal  1.000000e+00  0.000000e+00  0.000000e+00
    outer loop
      vertex   3.680000e-01 -3.602823e-03  6.304694e-01
      vertex   3.680000e-01 -2.092443e-03  6.281180e-01
      vertex   3.680000e-01 -1.767722e-03  6.285177e-01
    endloop
  endfacet
  facet normal  1.000000e+00 -0.000000e+00  0.000000e+00
    outer loop
      vertex   3.680000e-01 -7.288230e-03  6.294098e-01
      vertex   3.680000e-01 -2.499955e-03  6.267500e-01
      vertex   3.680000e-01 -5.448088e-03  6.300357e-01
    endloop
  endfacet
  facet normal  1.000000e+00  0.000000e+00  0.000000e+00
    outer loop
      vertex   3.680000e-01 -5.448088e-03  6.300357e-01
      vertex   3.680000e-01 -2.499955e-03  6.267500e-01
      vertex   3.680000e-01 -2.458218e-03  6.272049e-01
    endloop
  endfacet
  facet normal  1.000000e+00  0.000000e+00  0.000000e+00
    outer loop
      vertex   3.680000e-01 -5.448088e-03  6.300357e-01
      vertex   3.680000e-01 -2.458218e-03  6.272049e-01
      vertex   3.680000e-01 -2.324426e-03  6.276702e-01
    endloop
  endfacet
  facet normal  1.000000e+00 -0.000000e+00  0.000000e+00
    outer loop
      vertex   3.680000e-01 -9.093988e-03  6.285880e-01
      vertex   3.680000e-01 -9.651963e-03  6.236219e-01
      vertex   3.680000e-01 -7.288230e-03  6.294098e-01
    endloop
  endfacet
  facet normal  1.000000e+00  0.000000e+00  0.000000e+00
    outer loop
      vertex   3.680000e-01 -7.288230e-03  6.294098e-01
      vertex   3.680000e-01 -9.651963e-03  6.236219e-01
      vertex   3.680000e-01 -9.379197e-03  6.232861e-01
    endloop
  endfacet
  facet normal  1.000000e+00  0.000000e+00  0.000000e+00
    outer loop
      vertex   3.680000e-01 -7.288230e-03  6.294098e-01
      vertex   3.680000e-01 -9.379197e-03  6.232861e-01
      vertex   3.680000e-01 -2.458218e-03  6.262951e-01
    endloop
  endfacet
  facet normal  1.000000e+00  0.000000e+00  0.000000e+00
    outer loop
      vertex   3.680000e-01 -2.458218e-03  6.262951e-01
      vertex   3.680000e-01 -9.379197e-03  6.232861e-01
      vertex   3.680000e-01 -2.324426e-03  6.258298e-01
    endloop
  endfacet
  facet normal  1.000000e+00  0.000000e+00  0.000000e+00
    outer loop
      vertex   3.680000e-01 -2.324426e-03  6.258298e-01
      vertex   3.680000e-01 -9.379197e-03  6.232861e-01
      vertex   3.680000e-01 -9.184332e-03  6.229100e-01
    endloop
  endfacet
  facet normal  1.000000e+00  0.000000e+00  0.000000e+00
    outer loop
      vertex   3.680000e-01 -2.324426e-03  6.258298e-01
      vertex   3.680000e-01 -9.184332e-03  6.229100e-01
      vertex   3.680000e-01 -2.092444e-03  6.253820e-01
    endloop
  endfacet
  facet normal  1.000000e+00  0.000000e+00  0.000000e+00
    outer loop
      vertex   3.680000e-01 -2.092444e-03  6.253820e-01
      vertex   3.680000e-01 -9.184332e-03  6.229100e-01
      vertex   3.680000e-01 -3.754521e-03  6.204838e-01
    endloop
  endfacet
  facet normal  1.000000e+00  0.000000e+00  0.000000e+00
    outer loop
      vertex   3.680000e-01 -2.092444e-03  6.253820e-01
      vertex   3.680000e-01 -3.754521e-03  6.204838e-01
      vertex   3.680000e-01 -1.767722e-03  6.249822e-01
    endloop
  endfacet
  facet normal  1.000000e+00  0.000000e+00  0.000000e+00
    outer loop
      vertex   3.680000e-01 -1.767722e-03  6.249822e-01
      vertex   3.680000e-01 -3.754521e-03  6.204838e-01
      vertex   3.680000e-01 -1.855978e-03  6.210297e-01
    endloop
  endfacet
  facet normal  1.000000e+00  0.000000e+00  0.000000e+00
    outer loop
      vertex   3.680000e-01 -1.767722e-03  6.249822e-01
      vertex   3.680000e-01 -1.855978e-03  6.210297e-01
      vertex   3.680000e-01 -1.367979e-03  6.246575e-01
    endloop
  endfacet
  facet normal  1.000000e+00  0.000000e+00  0.000000e+00
    outer loop
      vertex   3.680000e-01 -1.367979e-03  6.246575e-01
      vertex   3.680000e-01 -1.855978e-03  6.210297e-01
      vertex   3.680000e-01 -9.201919e-04  6.244255e-01
    endloop
  endfacet
  facet normal  1.000000e+00  0.000000e+00  0.000000e+00
    outer loop
      vertex   3.680000e-01 -9.201919e-04  6.244255e-01
      vertex   3.680000e-01 -1.855978e-03  6.210297e-01
      vertex   3.680000e-01 -4.548626e-04  6.242917e-01
    endloop
  endfacet
  facet normal  1.000000e+00  0.000000e+00  0.000000e+00
    outer loop
      vertex   3.680000e-01 -4.548626e-04  6.242917e-01
      vertex   3.680000e-01 -1.855978e-03  6.210297e-01
      vertex   3.680000e-01  4.482310e-08  6.212000e-01
    endloop
  endfacet
  facet normal  1.000000e+00  0.000000e+00  0.000000e+00
    outer loop
      vertex   3.680000e-01 -4.548626e-04  6.242917e-01
      vertex   3.680000e-01  4.482310e-08  6.212000e-01
      vertex   3.680000e-01  4.505337e-08  6.242500e-01
    endloop
  endfacet
  facet normal  1.000000e+00 -0.000000e+00  0.000000e+00
    outer loop
      vertex   3.680000e-01  4.505337e-08  6.242500e-01
      vertex   3.680000e-01  4.482310e-08  6.212000e-01
      vertex   3.680000e-01  4.549527e-04  6.242917e-01
    endloop
  endfacet
  facet normal  1.000000e+00  0.000000e+00  0.000000e+00
    outer loop
      vertex   3.680000e-01  4.549527e-04  6.242917e-01
      vertex   3.680000e-01  4.482310e-08  6.212000e-01
      vertex   3.680000e-01  1.856068e-03  6.210297e-01
    endloop
  endfacet
  facet normal  1.000000e+00 -0.000000e+00  0.000000e+00
    outer loop
      vertex   3.680000e-01  4.549527e-04  6.242917e-01
      vertex   3.680000e-01  1.856068e-03  6.210297e-01
      vertex   3.680000e-01  9.202819e-04  6.244255e-01
    endloop
  endfacet
  facet normal  1.000000e+00 -0.000000e+00  0.000000e+00
    outer loop
      vertex   3.680000e-01  9.202819e-04  6.244255e-01
      vertex   3.680000e-01  1.856068e-03  6.210297e-01
      vertex   3.680000e-01  1.368070e-03  6.246575e-01
    endloop
  endfacet
  facet normal  1.000000e+00 -0.000000e+00  0.000000e+00
    outer loop
      vertex   3.680000e-01  1.368070e-03  6.246575e-01
      vertex   3.680000e-01  1.856068e-03  6.210297e-01
      vertex   3.680000e-01  1.767812e-03  6.249822e-01
    endloop
  endfacet
  facet normal  1.000000e+00  0.000000e+00  0.000000e+00
    outer loop
      vertex   3.680000e-01  1.767812e-03  6.249822e-01
      vertex   3.680000e-01  1.856068e-03  6.210297e-01
      vertex   3.680000e-01  3.754611e-03  6.204838e-01
    endloop
  endfacet
  facet normal  1.000000e+00 -0.000000e+00  0.000000e+00
    outer loop
      vertex   3.680000e-01  1.767812e-03  6.249822e-01
      vertex   3.680000e-01  3.754611e-03  6.204838e-01
      vertex   3.680000e-01  2.092534e-03  6.253820e-01
    endloop
  endfacet
  facet normal  1.000000e+00  0.000000e+00  0.000000e+00
    outer loop
      vertex   3.680000e-01  2.092534e-03  6.253820e-01
      vertex   3.680000e-01  3.754611e-03  6.204838e-01
      vertex   3.680000e-01  9.184423e-03  6.229099e-01
    endloop
  endfacet
  facet normal  1.000000e+00 -0.000000e+00  0.000000e+00
    outer loop
      vertex   3.680000e-01  2.092534e-03  6.253820e-01
      vertex   3.680000e-01  9.184423e-03  6.229099e-01
      vertex   3.680000e-01  2.324516e-03  6.258298e-01
    endloop
  endfacet
  facet normal  1.000000e+00  0.000000e+00  0.000000e+00
    outer loop
      vertex   3.680000e-01  2.324516e-03  6.258298e-01
      vertex   3.680000e-01  9.184423e-03  6.229099e-01
      vertex   3.680000e-01  9.379288e-03  6.232861e-01
    endloop
  endfacet
  facet normal  1.000000e+00 -0.000000e+00  0.000000e+00
    outer loop
      vertex   3.680000e-01  2.324516e-03  6.258298e-01
      vertex   3.680000e-01  9.379288e-03  6.232861e-01
      vertex   3.680000e-01  2.458309e-03  6.262951e-01
    endloop
  endfacet
  facet normal  1.000000e+00 -0.000000e+00  0.000000e+00
    outer loop
      vertex   3.680000e-01  2.458309e-03  6.262951e-01
      vertex   3.680000e-01  9.379288e-03  6.232861e-01
      vertex   3.680000e-01  7.288321e-03  6.294098e-01
    endloop
  endfacet
  facet normal  1.000000e+00  0.000000e+00  0.000000e+00
    outer loop
      vertex   3.680000e-01  2.458309e-03  6.262951e-01
      vertex   3.680000e-01  7.288321e-03  6.294098e-01
      vertex   3.680000e-01  2.500045e-03  6.267500e-01
    endloop
  endfacet
  facet normal  1.000000e+00  0.000000e+00  0.000000e+00
    outer loop
      vertex   3.680000e-01  2.500045e-03  6.267500e-01
      vertex   3.680000e-01  7.288321e-03  6.294098e-01
      vertex   3.680000e-01  5.448179e-03  6.300357e-01
    endloop
  endfacet
  facet normal  1.000000e+00  0.000000e+00 -0.000000e+00
    outer loop
      vertex   3.680000e-01  2.500045e-03  6.267500e-01
      vertex   3.680000e-01  5.448179e-03  6.300357e-01
      vertex   3.680000e-01  2.458309e-03  6.272049e-01
    endloop
  endfacet
  facet normal  1.000000e+00  0.000000e+00 -0.000000e+00
    outer loop
      vertex   3.680000e-01  2.458309e-03  6.272049e-01
      vertex   3.680000e-01  5.448179e-03  6.300357e-01
      vertex   3.680000e-01  2.324516e-03  6.276702e-01
    endloop
  endfacet
  facet normal  1.000000e+00  0.000000e+00  0.000000e+00
    outer loop
      vertex   3.680000e-01  2.324516e-03  6.276702e-01
      vertex   3.680000e-01  5.448179e-03  6.300357e-01
      vertex   3.680000e-01  3.602914e-03  6.304694e-01
    endloop
  endfacet
  facet normal  1.000000e+00  0.000000e+00 -0.000000e+00
    outer loop
      vertex   3.680000e-01  2.324516e-03  6.276702e-01
      vertex   3.680000e-01  3.602914e-03  6.304694e-01
      vertex   3.680000e-01  2.092534e-03  6.281180e-01
    endloop
  endfacet
  facet normal  1.000000e+00  0.000000e+00 -0.000000e+00
    outer loop
      vertex   3.680000e-01  2.092534e-03  6.281180e-01
      vertex   3.680000e-01  3.602914e-03  6.304694e-01
      vertex   3.680000e-01  1.767812e-03  6.285177e-01
    endloop
  endfacet
  facet normal  1.000000e+00  0.000000e+00  0.000000e+00
    outer loop
      vertex   3.680000e-01  1.767812e-03  6.285177e-01
      vertex   3.680000e-01  3.602914e-03  6.304694e-01
      vertex   3.680000e-01  1.779163e-03  6.307199e-01
    endloop
  endfacet
  facet normal  1.000000e+00  0.000000e+00 -0.000000e+00
    outer loop
      vertex   3.680000e-01  1.767812e-03  6.285177e-01
      vertex   3.680000e-01  1.779163e-03  6.307199e-01
      vertex   3.680000e-01  1.368070e-03  6.288425e-01
    endloop
  endfacet
  facet normal  1.000000e+00  0.000000e+00 -0.000000e+00
    outer loop
      vertex   3.680000e-01  1.368070e-03  6.288425e-01
      vertex   3.680000e-01  1.779163e-03  6.307199e-01
      vertex   3.680000e-01  9.202822e-04  6.290745e-01
    endloop
  endfacet
  facet normal  1.000000e+00  0.000000e+00 -0.000000e+00
    outer loop
      vertex   3.680000e-01  9.202822e-04  6.290745e-01
      vertex   3.680000e-01  1.779163e-03  6.307199e-01
      vertex   3.680000e-01  4.549531e-04  6.292083e-01
    endloop
  endfacet
  facet normal  1.000000e+00  0.000000e+00 -0.000000e+00
    outer loop
      vertex   3.680000e-01  4.549531e-04  6.292083e-01
      vertex   3.680000e-01  1.779163e-03  6.307199e-01
      vertex   3.680000e-01  4.554788e-08  6.308000e-01
    endloop
  endfacet
  facet normal  1.000000e+00  0.000000e+00 -0.000000e+00
    outer loop
      vertex   3.680000e-01 -9.651963e-03  6.236219e-01
      vertex   3.680000e-01 -9.093988e-03  6.285880e-01
      vertex   3.680000e-01 -9.987746e-03  6.238946e-01
    endloop
  endfacet
  facet normal  1.000000e+00  0.000000e+00 -0.000000e+00
    outer loop
      vertex   3.680000e-01 -9.987746e-03  6.238946e-01
      vertex   3.680000e-01 -9.093988e-03  6.285880e-01
      vertex   3.680000e-01 -1.083471e-02  6.275725e-01
    endloop
  endfacet
  facet normal  1.000000e+00  0.000000e+00  0.000000e+00
    outer loop
      vertex   3.680000e-01 -9.987746e-03  6.238946e-01
      vertex   3.680000e-01 -1.083471e-02  6.275725e-01
      vertex   3.680000e-01 -1.036389e-02  6.240895e-01
    endloop
  endfacet
  facet normal  1.000000e+00  0.000000e+00  0.000000e+00
    outer loop
      vertex   3.680000e-01 -1.036389e-02  6.240895e-01
      vertex   3.680000e-01 -1.083471e-02  6.275725e-01
      vertex   3.680000e-01 -1.075476e-02  6.242019e-01
    endloop
  endfacet
  facet normal  1.000000e+00  0.000000e+00  0.000000e+00
    outer loop
      vertex   3.680000e-01 -1.075476e-02  6.242019e-01
      vertex   3.680000e-01 -1.083471e-02  6.275725e-01
      vertex   3.680000e-01 -1.113689e-02  6.242369e-01
    endloop
  endfacet
  facet normal  1.000000e+00  0.000000e+00 -0.000000e+00
    outer loop
      vertex   3.680000e-01 -1.113689e-02  6.242369e-01
      vertex   3.680000e-01 -1.083471e-02  6.275725e-01
      vertex   3.680000e-01 -1.247986e-02  6.263718e-01
    endloop
  endfacet
  facet normal  1.000000e+00  0.000000e+00  0.000000e+00
    outer loop
      vertex   3.680000e-01 -1.113689e-02  6.242369e-01
      vertex   3.680000e-01 -1.247986e-02  6.263718e-01
      vertex   3.680000e-01 -1.151901e-02  6.242019e-01
    endloop
  endfacet
  facet normal  1.000000e+00  0.000000e+00  0.000000e+00
    outer loop
      vertex   3.680000e-01 -1.151901e-02  6.242019e-01
      vertex   3.680000e-01 -1.247986e-02  6.263718e-01
      vertex   3.680000e-01 -1.190989e-02  6.240895e-01
    endloop
  endfacet
  facet normal  1.000000e+00  0.000000e+00  0.000000e+00
    outer loop
      vertex   3.680000e-01 -1.190989e-02  6.240895e-01
      vertex   3.680000e-01 -1.247986e-02  6.263718e-01
      vertex   3.680000e-01 -1.228603e-02  6.238946e-01
    endloop
  endfacet
  facet normal  1.000000e+00  0.000000e+00  0.000000e+00
    outer loop
      vertex   3.680000e-01 -1.228603e-02  6.238946e-01
      vertex   3.680000e-01 -1.247986e-02  6.263718e-01
      vertex   3.680000e-01 -1.400067e-02  6.250007e-01
    endloop
  endfacet
  facet normal  1.000000e+00  0.000000e+00  0.000000e+00
    outer loop
      vertex   3.680000e-01 -1.228603e-02  6.238946e-01
      vertex   3.680000e-01 -1.400067e-02  6.250007e-01
      vertex   3.680000e-01 -1.262181e-02  6.236219e-01
    endloop
  endfacet
  facet normal  1.000000e+00  0.000000e+00  0.000000e+00
    outer loop
      vertex   3.680000e-01 -1.262181e-02  6.236219e-01
      vertex   3.680000e-01 -1.400067e-02  6.250007e-01
      vertex   3.680000e-01 -1.289458e-02  6.232861e-01
    endloop
  endfacet
  facet normal  1.000000e+00  0.000000e+00  0.000000e+00
    outer loop
      vertex   3.680000e-01 -1.289458e-02  6.232861e-01
      vertex   3.680000e-01 -1.400067e-02  6.250007e-01
      vertex   3.680000e-01 -1.537175e-02  6.234799e-01
    endloop
  endfacet
  facet normal  1.000000e+00  0.000000e+00  0.000000e+00
    outer loop
      vertex   3.680000e-01 -1.289458e-02  6.232861e-01
      vertex   3.680000e-01 -1.537175e-02  6.234799e-01
      vertex   3.680000e-01 -1.308944e-02  6.229100e-01
    endloop
  endfacet
  facet normal  1.000000e+00  0.000000e+00  0.000000e+00
    outer loop
      vertex   3.680000e-01 -1.308944e-02  6.229100e-01
      vertex   3.680000e-01 -1.537175e-02  6.234799e-01
      vertex   3.680000e-01 -1.320183e-02  6.225191e-01
    endloop
  endfacet
  facet normal  1.000000e+00  0.000000e+00  0.000000e+00
    outer loop
      vertex   3.680000e-01 -1.320183e-02  6.225191e-01
      vertex   3.680000e-01 -1.537175e-02  6.234799e-01
      vertex   3.680000e-01 -1.323689e-02  6.221370e-01
    endloop
  endfacet
  facet normal  1.000000e+00  0.000000e+00  0.000000e+00
    outer loop
      vertex   3.680000e-01 -1.323689e-02  6.221370e-01
      vertex   3.680000e-01 -1.537175e-02  6.234799e-01
      vertex   3.680000e-01 -1.657247e-02  6.218348e-01
    endloop
  endfacet
  facet normal  1.000000e+00  0.000000e+00  0.000000e+00
    outer loop
      vertex   3.680000e-01 -1.323689e-02  6.221370e-01
      vertex   3.680000e-01 -1.657247e-02  6.218348e-01
      vertex   3.680000e-01 -1.320183e-02  6.217548e-01
    endloop
  endfacet
  facet normal  1.000000e+00  0.000000e+00  0.000000e+00
    outer loop
      vertex   3.680000e-01 -1.320183e-02  6.217548e-01
      vertex   3.680000e-01 -1.657247e-02  6.218348e-01
      vertex   3.680000e-01 -1.308944e-02  6.213639e-01
    endloop
  endfacet
  facet normal  1.000000e+00  0.000000e+00  0.000000e+00
    outer loop
      vertex   3.680000e-01 -1.308944e-02  6.213639e-01
      vertex   3.680000e-01 -1.657247e-02  6.218348e-01
      vertex   3.680000e-01 -1.289458e-02  6.209878e-01
    endloop
  endfacet
  facet normal  1.000000e+00  0.000000e+00  0.000000e+00
    outer loop
      vertex   3.680000e-01 -1.289458e-02  6.209878e-01
      vertex   3.680000e-01 -1.657247e-02  6.218348e-01
      vertex   3.680000e-01 -1.758798e-02  6.200941e-01
    endloop
  endfacet
  facet normal  1.000000e+00  0.000000e+00  0.000000e+00
    outer loop
      vertex   3.680000e-01 -1.289458e-02  6.209878e-01
      vertex   3.680000e-01 -1.758798e-02  6.200941e-01
      vertex   3.680000e-01 -1.262181e-02  6.206520e-01
    endloop
  endfacet
  facet normal  1.000000e+00  0.000000e+00  0.000000e+00
    outer loop
      vertex   3.680000e-01 -1.262181e-02  6.206520e-01
      vertex   3.680000e-01 -1.758798e-02  6.200941e-01
      vertex   3.680000e-01 -1.840977e-02  6.182883e-01
    endloop
  endfacet
  facet normal  1.000000e+00  0.000000e+00  0.000000e+00
    outer loop
      vertex   3.680000e-01 -1.262181e-02  6.206520e-01
      vertex   3.680000e-01 -1.840977e-02  6.182883e-01
      vertex   3.680000e-01 -1.228603e-02  6.203793e-01
    endloop
  endfacet
  facet normal  1.000000e+00  0.000000e+00  0.000000e+00
    outer loop
      vertex   3.680000e-01 -1.228603e-02  6.203793e-01
      vertex   3.680000e-01 -1.840977e-02  6.182883e-01
      vertex   3.680000e-01 -1.190989e-02  6.201844e-01
    endloop
  endfacet
  facet normal  1.000000e+00  0.000000e+00  0.000000e+00
    outer loop
      vertex   3.680000e-01 -1.190989e-02  6.201844e-01
      vertex   3.680000e-01 -1.840977e-02  6.182883e-01
      vertex   3.680000e-01 -9.483797e-03  6.147546e-01
    endloop
  endfacet
  facet normal  1.000000e+00  0.000000e+00  0.000000e+00
    outer loop
      vertex   3.680000e-01 -1.190989e-02  6.201844e-01
      vertex   3.680000e-01 -9.483797e-03  6.147546e-01
      vertex   3.680000e-01 -1.151901e-02  6.200720e-01
    endloop
  endfacet
  facet normal  1.000000e+00  0.000000e+00  0.000000e+00
    outer loop
      vertex   3.680000e-01 -1.151901e-02  6.200720e-01
      vertex   3.680000e-01 -9.483797e-03  6.147546e-01
      vertex   3.680000e-01 -1.113689e-02  6.200370e-01
    endloop
  endfacet
  facet normal  1.000000e+00  0.000000e+00  0.000000e+00
    outer loop
      vertex   3.680000e-01 -1.113689e-02  6.200370e-01
      vertex   3.680000e-01 -9.483797e-03  6.147546e-01
      vertex   3.680000e-01 -8.537310e-03  6.165816e-01
    endloop
  endfacet
  facet normal  1.000000e+00 -0.000000e+00  0.000000e+00
    outer loop
      vertex   3.680000e-01 -1.113689e-02  6.200370e-01
      vertex   3.680000e-01 -8.537310e-03  6.165816e-01
      vertex   3.680000e-01 -1.075476e-02  6.200720e-01
    endloop
  endfacet
  facet normal  1.000000e+00 -0.000000e+00  0.000000e+00
    outer loop
      vertex   3.680000e-01 -1.075476e-02  6.200720e-01
      vertex   3.680000e-01 -8.537310e-03  6.165816e-01
      vertex   3.680000e-01 -1.036389e-02  6.201844e-01
    endloop
  endfacet
  facet normal  1.000000e+00 -0.000000e+00  0.000000e+00
    outer loop
      vertex   3.680000e-01 -1.036389e-02  6.201844e-01
      vertex   3.680000e-01 -8.537310e-03  6.165816e-01
      vertex   3.680000e-01 -9.987746e-03  6.203793e-01
    endloop
  endfacet
  facet normal  1.000000e+00  0.000000e+00  0.000000e+00
    outer loop
      vertex   3.680000e-01 -9.987746e-03  6.203793e-01
      vertex   3.680000e-01 -8.537310e-03  6.165816e-01
      vertex   3.680000e-01 -7.212445e-03  6.182125e-01
    endloop
  endfacet
  facet normal  1.000000e+00 -0.000000e+00  0.000000e+00
    outer loop
      vertex   3.680000e-01 -9.987746e-03  6.203793e-01
      vertex   3.680000e-01 -7.212445e-03  6.182125e-01
      vertex   3.680000e-01 -9.651963e-03  6.206520e-01
    endloop
  endfacet
  facet normal  1.000000e+00 -0.000000e+00  0.000000e+00
    outer loop
      vertex   3.680000e-01 -9.651963e-03  6.206520e-01
      vertex   3.680000e-01 -7.212445e-03  6.182125e-01
      vertex   3.680000e-01 -9.379197e-03  6.209878e-01
    endloop
  endfacet
  facet normal  1.000000e+00  0.000000e+00  0.000000e+00
    outer loop
      vertex   3.680000e-01 -9.379197e-03  6.209878e-01
      vertex   3.680000e-01 -7.212445e-03  6.182125e-01
      vertex   3.680000e-01 -5.581495e-03  6.195374e-01
    endloop
  endfacet
  facet normal  1.000000e+00 -0.000000e+00  0.000000e+00
    outer loop
      vertex   3.680000e-01 -9.379197e-03  6.209878e-01
      vertex   3.680000e-01 -5.581495e-03  6.195374e-01
      vertex   3.680000e-01 -9.184332e-03  6.213639e-01
    endloop
  endfacet
  facet normal  1.000000e+00 -0.000000e+00  0.000000e+00
    outer loop
      vertex   3.680000e-01 -9.184332e-03  6.213639e-01
      vertex   3.680000e-01 -5.581495e-03  6.195374e-01
      vertex   3.680000e-01 -9.071945e-03  6.217548e-01
    endloop
  endfacet
  facet normal  1.000000e+00 -0.000000e+00  0.000000e+00
    outer loop
      vertex   3.680000e-01 -9.071945e-03  6.217548e-01
      vertex   3.680000e-01 -5.581495e-03  6.195374e-01
      vertex   3.680000e-01 -9.036887e-03  6.221370e-01
    endloop
  endfacet
  facet normal  1.000000e+00  0.000000e+00  0.000000e+00
    outer loop
      vertex   3.680000e-01 -9.036887e-03  6.221370e-01
      vertex   3.680000e-01 -5.581495e-03  6.195374e-01
      vertex   3.680000e-01 -3.754521e-03  6.204838e-01
    endloop
  endfacet
  facet normal  1.000000e+00 -0.000000e+00 -0.000000e+00
    outer loop
      vertex   3.680000e-01 -9.036887e-03  6.221370e-01
      vertex   3.680000e-01 -3.754521e-03  6.204838e-01
      vertex   3.680000e-01 -9.071945e-03  6.225191e-01
    endloop
  endfacet
  facet normal  1.000000e+00 -0.000000e+00 -0.000000e+00
    outer loop
      vertex   3.680000e-01 -9.071945e-03  6.225191e-01
      vertex   3.680000e-01 -3.754521e-03  6.204838e-01
      vertex   3.680000e-01 -9.184332e-03  6.229100e-01
    endloop
  endfacet
  facet normal  1.000000e+00  0.000000e+00  0.000000e+00
    outer loop
      vertex   3.680000e-01 -1.840977e-02  6.182883e-01
      vertex   3.680000e-01 -1.903566e-02  6.164482e-01
      vertex   3.680000e-01 -9.483797e-03  6.147546e-01
    endloop
  endfacet
  facet normal  1.000000e+00  0.000000e+00  0.000000e+00
    outer loop
      vertex   3.680000e-01 -9.483797e-03  6.147546e-01
      vertex   3.680000e-01 -1.903566e-02  6.164482e-01
      vertex   3.680000e-01 -1.323689e-02  6.110000e-01
    endloop
  endfacet
  facet normal  1.000000e+00  0.000000e+00  0.000000e+00
    outer loop
      vertex   3.680000e-01 -9.483797e-03  6.147546e-01
      vertex   3.680000e-01 -1.323689e-02  6.110000e-01
      vertex   3.680000e-01 -1.002967e-02  6.128560e-01
    endloop
  endfacet
  facet normal  1.000000e+00  0.000000e+00  0.000000e+00
    outer loop
      vertex   3.680000e-01 -1.002967e-02  6.128560e-01
      vertex   3.680000e-01 -1.323689e-02  6.110000e-01
      vertex   3.680000e-01 -1.019996e-02  6.110000e-01
    endloop
  endfacet
  facet normal  1.000000e+00  0.000000e+00  0.000000e+00
    outer loop
      vertex   3.680000e-01 -1.019996e-02  6.110000e-01
      vertex   3.680000e-01 -1.323689e-02  6.110000e-01
      vertex   3.680000e-01 -1.002967e-02  6.091440e-01
    endloop
  endfacet
  facet normal  1.000000e+00  0.000000e+00  0.000000e+00
    outer loop
      vertex   3.680000e-01 -1.002967e-02  6.091440e-01
      vertex   3.680000e-01 -1.323689e-02  6.110000e-01
      vertex   3.680000e-01 -9.483797e-03  6.072454e-01
    endloop
  endfacet
  facet normal  1.000000e+00  0.000000e+00  0.000000e+00
    outer loop
      vertex   3.680000e-01 -9.483797e-03  6.072454e-01
      vertex   3.680000e-01 -1.323689e-02  6.110000e-01
      vertex   3.680000e-01 -1.903566e-02  6.055519e-01
    endloop
  endfacet
  facet normal  1.000000e+00  0.000000e+00  0.000000e+00
    outer loop
      vertex   3.680000e-01 -9.483797e-03  6.072454e-01
      vertex   3.680000e-01 -1.903566e-02  6.055519e-01
      vertex   3.680000e-01 -1.840977e-02  6.037117e-01
    endloop
  endfacet
  facet normal  1.000000e+00  0.000000e+00  0.000000e+00
    outer loop
      vertex   3.680000e-01 -1.903566e-02  6.164482e-01
      vertex   3.680000e-01 -1.946940e-02  6.146029e-01
      vertex   3.680000e-01 -1.323689e-02  6.110000e-01
    endloop
  endfacet
  facet normal  1.000000e+00  0.000000e+00  0.000000e+00
    outer loop
      vertex   3.680000e-01 -1.323689e-02  6.110000e-01
      vertex   3.680000e-01 -1.946940e-02  6.146029e-01
      vertex   3.680000e-01 -1.971986e-02  6.127791e-01
    endloop
  endfacet
  facet normal  1.000000e+00  0.000000e+00  0.000000e+00
    outer loop
      vertex   3.680000e-01 -1.323689e-02  6.110000e-01
      vertex   3.680000e-01 -1.971986e-02  6.127791e-01
      vertex   3.680000e-01 -1.979996e-02  6.110000e-01
    endloop
  endfacet
  facet normal  1.000000e+00 -0.000000e+00  0.000000e+00
    outer loop
      vertex   3.680000e-01 -1.979996e-02  6.110000e-01
      vertex   3.680000e-01 -1.971986e-02  6.092209e-01
      vertex   3.680000e-01 -1.323689e-02  6.110000e-01
    endloop
  endfacet
  facet normal  1.000000e+00  0.000000e+00  0.000000e+00
    outer loop
      vertex   3.680000e-01 -1.323689e-02  6.110000e-01
      vertex   3.680000e-01 -1.971986e-02  6.092209e-01
      vertex   3.680000e-01 -1.946940e-02  6.073971e-01
    endloop
  endfacet
  facet normal  1.000000e+00  0.000000e+00  0.000000e+00
    outer loop
      vertex   3.680000e-01 -1.323689e-02  6.110000e-01
      vertex   3.680000e-01 -1.946940e-02  6.073971e-01
      vertex   3.680000e-01 -1.903566e-02  6.055519e-01
    endloop
  endfacet
  facet normal  1.000000e+00 -0.000000e+00 -0.000000e+00
    outer loop
      vertex   3.680000e-01 -1.758798e-02  6.019059e-01
      vertex   3.680000e-01 -1.262181e-02  6.013480e-01
      vertex   3.680000e-01 -1.840977e-02  6.037117e-01
    endloop
  endfacet
  facet normal  1.000000e+00  0.000000e+00  0.000000e+00
    outer loop
      vertex   3.680000e-01 -1.840977e-02  6.037117e-01
      vertex   3.680000e-01 -1.262181e-02  6.013480e-01
      vertex   3.680000e-01 -1.228603e-02  6.016207e-01
    endloop
  endfacet
  facet normal  1.000000e+00  0.000000e+00  0.000000e+00
    outer loop
      vertex   3.680000e-01 -1.840977e-02  6.037117e-01
      vertex   3.680000e-01 -1.228603e-02  6.016207e-01
      vertex   3.680000e-01 -1.190989e-02  6.018156e-01
    endloop
  endfacet
  facet normal  1.000000e+00  0.000000e+00  0.000000e+00
    outer loop
      vertex   3.680000e-01 -1.262181e-02  6.013480e-01
      vertex   3.680000e-01 -1.758798e-02  6.019059e-01
      vertex   3.680000e-01 -1.289458e-02  6.010122e-01
    endloop
  endfacet
  facet normal  1.000000e+00  0.000000e+00  0.000000e+00
    outer loop
      vertex   3.680000e-01 -1.289458e-02  6.010122e-01
      vertex   3.680000e-01 -1.758798e-02  6.019059e-01
      vertex   3.680000e-01 -1.657247e-02  6.001652e-01
    endloop
  endfacet
  facet normal  1.000000e+00  0.000000e+00  0.000000e+00
    outer loop
      vertex   3.680000e-01 -1.289458e-02  6.010122e-01
      vertex   3.680000e-01 -1.657247e-02  6.001652e-01
      vertex   3.680000e-01 -1.308944e-02  6.006361e-01
    endloop
  endfacet
  facet normal  1.000000e+00  0.000000e+00  0.000000e+00
    outer loop
      vertex   3.680000e-01 -1.308944e-02  6.006361e-01
      vertex   3.680000e-01 -1.657247e-02  6.001652e-01
      vertex   3.680000e-01 -1.320183e-02  6.002452e-01
    endloop
  endfacet
  facet normal  1.000000e+00  0.000000e+00  0.000000e+00
    outer loop
      vertex   3.680000e-01 -1.320183e-02  6.002452e-01
      vertex   3.680000e-01 -1.657247e-02  6.001652e-01
      vertex   3.680000e-01 -1.323689e-02  5.998631e-01
    endloop
  endfacet
  facet normal  1.000000e+00  0.000000e+00  0.000000e+00
    outer loop
      vertex   3.680000e-01 -1.323689e-02  5.998631e-01
      vertex   3.680000e-01 -1.657247e-02  6.001652e-01
      vertex   3.680000e-01 -1.537175e-02  5.985201e-01
    endloop
  endfacet
  facet normal  1.000000e+00  0.000000e+00  0.000000e+00
    outer loop
      vertex   3.680000e-01 -1.323689e-02  5.998631e-01
      vertex   3.680000e-01 -1.537175e-02  5.985201e-01
      vertex   3.680000e-01 -1.320183e-02  5.994809e-01
    endloop
  endfacet
  facet normal  1.000000e+00  0.000000e+00  0.000000e+00
    outer loop
      vertex   3.680000e-01 -1.320183e-02  5.994809e-01
      vertex   3.680000e-01 -1.537175e-02  5.985201e-01
      vertex   3.680000e-01 -1.308944e-02  5.990901e-01
    endloop
  endfacet
  facet normal  1.000000e+00  0.000000e+00  0.000000e+00
    outer loop
      vertex   3.680000e-01 -1.308944e-02  5.990901e-01
      vertex   3.680000e-01 -1.537175e-02  5.985201e-01
      vertex   3.680000e-01 -1.289458e-02  5.987139e-01
    endloop
  endfacet
  facet normal  1.000000e+00  0.000000e+00  0.000000e+00
    outer loop
      vertex   3.680000e-01 -1.289458e-02  5.987139e-01
      vertex   3.680000e-01 -1.537175e-02  5.985201e-01
      vertex   3.680000e-01 -1.400067e-02  5.969993e-01
    endloop
  endfacet
  facet normal  1.000000e+00  0.000000e+00  0.000000e+00
    outer loop
      vertex   3.680000e-01 -1.289458e-02  5.987139e-01
      vertex   3.680000e-01 -1.400067e-02  5.969993e-01
      vertex   3.680000e-01 -1.262181e-02  5.983781e-01
    endloop
  endfacet
  facet normal  1.000000e+00  0.000000e+00  0.000000e+00
    outer loop
      vertex   3.680000e-01 -1.262181e-02  5.983781e-01
      vertex   3.680000e-01 -1.400067e-02  5.969993e-01
      vertex   3.680000e-01 -1.228603e-02  5.981054e-01
    endloop
  endfacet
  facet normal  1.000000e+00  0.000000e+00  0.000000e+00
    outer loop
      vertex   3.680000e-01 -1.228603e-02  5.981054e-01
      vertex   3.680000e-01 -1.400067e-02  5.969993e-01
      vertex   3.680000e-01 -1.247986e-02  5.956282e-01
    endloop
  endfacet
  facet normal  1.000000e+00  0.000000e+00  0.000000e+00
    outer loop
      vertex   3.680000e-01 -1.228603e-02  5.981054e-01
      vertex   3.680000e-01 -1.247986e-02  5.956282e-01
      vertex   3.680000e-01 -1.190989e-02  5.979105e-01
    endloop
  endfacet
  facet normal  1.000000e+00  0.000000e+00  0.000000e+00
    outer loop
      vertex   3.680000e-01 -1.190989e-02  5.979105e-01
      vertex   3.680000e-01 -1.247986e-02  5.956282e-01
      vertex   3.680000e-01 -1.151901e-02  5.977981e-01
    endloop
  endfacet
  facet normal  1.000000e+00  0.000000e+00  0.000000e+00
    outer loop
      vertex   3.680000e-01 -1.151901e-02  5.977981e-01
      vertex   3.680000e-01 -1.247986e-02  5.956282e-01
      vertex   3.680000e-01 -1.113689e-02  5.977631e-01
    endloop
  endfacet
  facet normal  1.000000e+00  0.000000e+00  0.000000e+00
    outer loop
      vertex   3.680000e-01 -1.113689e-02  5.977631e-01
      vertex   3.680000e-01 -1.247986e-02  5.956282e-01
      vertex   3.680000e-01 -1.083471e-02  5.944275e-01
    endloop
  endfacet
  facet normal  1.000000e+00 -0.000000e+00  0.000000e+00
    outer loop
      vertex   3.680000e-01 -1.113689e-02  5.977631e-01
      vertex   3.680000e-01 -1.083471e-02  5.944275e-01
      vertex   3.680000e-01 -1.075477e-02  5.977981e-01
    endloop
  endfacet
  facet normal  1.000000e+00 -0.000000e+00  0.000000e+00
    outer loop
      vertex   3.680000e-01 -1.075477e-02  5.977981e-01
      vertex   3.680000e-01 -1.083471e-02  5.944275e-01
      vertex   3.680000e-01 -1.036389e-02  5.979105e-01
    endloop
  endfacet
  facet normal  1.000000e+00 -0.000000e+00  0.000000e+00
    outer loop
      vertex   3.680000e-01 -1.036389e-02  5.979105e-01
      vertex   3.680000e-01 -1.083471e-02  5.944275e-01
      vertex   3.680000e-01 -9.987748e-03  5.981054e-01
    endloop
  endfacet
  facet normal  1.000000e+00  0.000000e+00  0.000000e+00
    outer loop
      vertex   3.680000e-01 -9.987748e-03  5.981054e-01
      vertex   3.680000e-01 -1.083471e-02  5.944275e-01
      vertex   3.680000e-01 -9.093990e-03  5.934120e-01
    endloop
  endfacet
  facet normal  1.000000e+00 -0.000000e+00  0.000000e+00
    outer loop
      vertex   3.680000e-01 -9.987748e-03  5.981054e-01
      vertex   3.680000e-01 -9.093990e-03  5.934120e-01
      vertex   3.680000e-01 -9.651965e-03  5.983781e-01
    endloop
  endfacet
  facet normal  1.000000e+00  0.000000e+00  0.000000e+00
    outer loop
      vertex   3.680000e-01 -9.651965e-03  5.983781e-01
      vertex   3.680000e-01 -9.093990e-03  5.934120e-01
      vertex   3.680000e-01 -7.288233e-03  5.925902e-01
    endloop
  endfacet
  facet normal  1.000000e+00 -0.000000e+00  0.000000e+00
    outer loop
      vertex   3.680000e-01 -9.651965e-03  5.983781e-01
      vertex   3.680000e-01 -7.288233e-03  5.925902e-01
      vertex   3.680000e-01 -9.379199e-03  5.987139e-01
    endloop
  endfacet
  facet normal  1.000000e+00 -0.000000e+00  0.000000e+00
    outer loop
      vertex   3.680000e-01 -9.379199e-03  5.987139e-01
      vertex   3.680000e-01 -7.288233e-03  5.925902e-01
      vertex   3.680000e-01 -9.184333e-03  5.990901e-01
    endloop
  endfacet
  facet normal  1.000000e+00 -0.000000e+00  0.000000e+00
    outer loop
      vertex   3.680000e-01 -9.184333e-03  5.990901e-01
      vertex   3.680000e-01 -7.288233e-03  5.925902e-01
      vertex   3.680000e-01 -3.754523e-03  6.015162e-01
    endloop
  endfacet
  facet normal  1.000000e+00  0.000000e+00  0.000000e+00
    outer loop
      vertex   3.680000e-01 -9.184333e-03  5.990901e-01
      vertex   3.680000e-01 -3.754523e-03  6.015162e-01
      vertex   3.680000e-01 -9.071947e-03  5.994809e-01
    endloop
  endfacet
  facet normal  1.000000e+00  0.000000e+00  0.000000e+00
    outer loop
      vertex   3.680000e-01 -9.071947e-03  5.994809e-01
      vertex   3.680000e-01 -3.754523e-03  6.015162e-01
      vertex   3.680000e-01 -9.036889e-03  5.998631e-01
    endloop
  endfacet
  facet normal  1.000000e+00  0.000000e+00  0.000000e+00
    outer loop
      vertex   3.680000e-01 -9.036889e-03  5.998631e-01
      vertex   3.680000e-01 -3.754523e-03  6.015162e-01
      vertex   3.680000e-01 -5.581496e-03  6.024626e-01
    endloop
  endfacet
  facet normal  1.000000e+00  0.000000e+00 -0.000000e+00
    outer loop
      vertex   3.680000e-01 -9.036889e-03  5.998631e-01
      vertex   3.680000e-01 -5.581496e-03  6.024626e-01
      vertex   3.680000e-01 -9.071947e-03  6.002452e-01
    endloop
  endfacet
  facet normal  1.000000e+00  0.000000e+00 -0.000000e+00
    outer loop
      vertex   3.680000e-01 -9.071947e-03  6.002452e-01
      vertex   3.680000e-01 -5.581496e-03  6.024626e-01
      vertex   3.680000e-01 -9.184333e-03  6.006361e-01
    endloop
  endfacet
  facet normal  1.000000e+00  0.000000e+00 -0.000000e+00
    outer loop
      vertex   3.680000e-01 -9.184333e-03  6.006361e-01
      vertex   3.680000e-01 -5.581496e-03  6.024626e-01
      vertex   3.680000e-01 -9.379199e-03  6.010122e-01
    endloop
  endfacet
  facet normal  1.000000e+00  0.000000e+00  0.000000e+00
    outer loop
      vertex   3.680000e-01 -9.379199e-03  6.010122e-01
      vertex   3.680000e-01 -5.581496e-03  6.024626e-01
      vertex   3.680000e-01 -7.212446e-03  6.037875e-01
    endloop
  endfacet
  facet normal  1.000000e+00  0.000000e+00 -0.000000e+00
    outer loop
      vertex   3.680000e-01 -9.379199e-03  6.010122e-01
      vertex   3.680000e-01 -7.212446e-03  6.037875e-01
      vertex   3.680000e-01 -9.651965e-03  6.013480e-01
    endloop
  endfacet
  facet normal  1.000000e+00  0.000000e+00 -0.000000e+00
    outer loop
      vertex   3.680000e-01 -9.651965e-03  6.013480e-01
      vertex   3.680000e-01 -7.212446e-03  6.037875e-01
      vertex   3.680000e-01 -9.987748e-03  6.016207e-01
    endloop
  endfacet
  facet normal  1.000000e+00  0.000000e+00  0.000000e+00
    outer loop
      vertex   3.680000e-01 -9.987748e-03  6.016207e-01
      vertex   3.680000e-01 -7.212446e-03  6.037875e-01
      vertex   3.680000e-01 -8.537310e-03  6.054184e-01
    endloop
  endfacet
  facet normal  1.000000e+00  0.000000e+00 -0.000000e+00
    outer loop
      vertex   3.680000e-01 -9.987748e-03  6.016207e-01
      vertex   3.680000e-01 -8.537310e-03  6.054184e-01
      vertex   3.680000e-01 -1.036389e-02  6.018156e-01
    endloop
  endfacet
  facet normal  1.000000e+00  0.000000e+00 -0.000000e+00
    outer loop
      vertex   3.680000e-01 -1.036389e-02  6.018156e-01
      vertex   3.680000e-01 -8.537310e-03  6.054184e-01
      vertex   3.680000e-01 -1.075477e-02  6.019280e-01
    endloop
  endfacet
  facet normal  1.000000e+00  0.000000e+00 -0.000000e+00
    outer loop
      vertex   3.680000e-01 -1.075477e-02  6.019280e-01
      vertex   3.680000e-01 -8.537310e-03  6.054184e-01
      vertex   3.680000e-01 -1.113689e-02  6.019630e-01
    endloop
  endfacet
  facet normal  1.000000e+00  0.000000e+00  0.000000e+00
    outer loop
      vertex   3.680000e-01 -1.113689e-02  6.019630e-01
      vertex   3.680000e-01 -8.537310e-03  6.054184e-01
      vertex   3.680000e-01 -9.483797e-03  6.072454e-01
    endloop
  endfacet
  facet normal  1.000000e+00  0.000000e+00 -0.000000e+00
    outer loop
      vertex   3.680000e-01 -1.113689e-02  6.019630e-01
      vertex   3.680000e-01 -9.483797e-03  6.072454e-01
      vertex   3.680000e-01 -1.151901e-02  6.019280e-01
    endloop
  endfacet
  facet normal  1.000000e+00  0.000000e+00 -0.000000e+00
    outer loop
      vertex   3.680000e-01 -1.151901e-02  6.019280e-01
      vertex   3.680000e-01 -9.483797e-03  6.072454e-01
      vertex   3.680000e-01 -1.190989e-02  6.018156e-01
    endloop
  endfacet
  facet normal  1.000000e+00  0.000000e+00 -0.000000e+00
    outer loop
      vertex   3.680000e-01 -1.190989e-02  6.018156e-01
      vertex   3.680000e-01 -9.483797e-03  6.072454e-01
      vertex   3.680000e-01 -1.840977e-02  6.037117e-01
    endloop
  endfacet
  facet normal  1.000000e+00 -0.000000e+00  0.000000e+00
    outer loop
      vertex   3.680000e-01 -7.288233e-03  5.925902e-01
      vertex   3.680000e-01 -5.448090e-03  5.919643e-01
      vertex   3.680000e-01 -3.754523e-03  6.015162e-01
    endloop
  endfacet
  facet normal  1.000000e+00  0.000000e+00  0.000000e+00
    outer loop
      vertex   3.680000e-01 -3.754523e-03  6.015162e-01
      vertex   3.680000e-01 -5.448090e-03  5.919643e-01
      vertex   3.680000e-01 -1.855980e-03  6.009703e-01
    endloop
  endfacet
  facet normal  1.000000e+00  0.000000e+00  0.000000e+00
    outer loop
      vertex   3.680000e-01 -1.855980e-03  6.009703e-01
      vertex   3.680000e-01 -5.448090e-03  5.919643e-01
      vertex   3.680000e-01 -3.602826e-03  5.915306e-01
    endloop
  endfacet
  facet normal  1.000000e+00  0.000000e+00  0.000000e+00
    outer loop
      vertex   3.680000e-01 -1.855980e-03  6.009703e-01
      vertex   3.680000e-01 -3.602826e-03  5.915306e-01
      vertex   3.680000e-01 -1.779075e-03  5.912801e-01
    endloop
  endfacet
  facet normal  1.000000e+00  0.000000e+00  0.000000e+00
    outer loop
      vertex   3.680000e-01 -1.855980e-03  6.009703e-01
      vertex   3.680000e-01 -1.779075e-03  5.912801e-01
      vertex   3.680000e-01  4.328294e-08  6.008000e-01
    endloop
  endfacet
  facet normal  1.000000e+00  0.000000e+00  0.000000e+00
    outer loop
      vertex   3.680000e-01  4.328294e-08  6.008000e-01
      vertex   3.680000e-01 -1.779075e-03  5.912801e-01
      vertex   3.680000e-01  4.255816e-08  5.912000e-01
    endloop
  endfacet
  facet normal  1.000000e+00  0.000000e+00  0.000000e+00
    outer loop
      vertex   3.680000e-01  4.328294e-08  6.008000e-01
      vertex   3.680000e-01  4.255816e-08  5.912000e-01
      vertex   3.680000e-01  1.779160e-03  5.912801e-01
    endloop
  endfacet
  facet normal  1.000000e+00 -0.000000e+00  0.000000e+00
    outer loop
      vertex   3.680000e-01  4.328294e-08  6.008000e-01
      vertex   3.680000e-01  1.779160e-03  5.912801e-01
      vertex   3.680000e-01  1.856066e-03  6.009703e-01
    endloop
  endfacet
  facet normal  1.000000e+00  0.000000e+00  0.000000e+00
    outer loop
      vertex   3.680000e-01  1.856066e-03  6.009703e-01
      vertex   3.680000e-01  1.779160e-03  5.912801e-01
      vertex   3.680000e-01  3.602911e-03  5.915306e-01
    endloop
  endfacet
  facet normal  1.000000e+00  0.000000e+00  0.000000e+00
    outer loop
      vertex   3.680000e-01  1.856066e-03  6.009703e-01
      vertex   3.680000e-01  3.602911e-03  5.915306e-01
      vertex   3.680000e-01  5.448176e-03  5.919643e-01
    endloop
  endfacet
  facet normal  1.000000e+00 -0.000000e+00  0.000000e+00
    outer loop
      vertex   3.680000e-01  1.856066e-03  6.009703e-01
      vertex   3.680000e-01  5.448176e-03  5.919643e-01
      vertex   3.680000e-01  3.754609e-03  6.015162e-01
    endloop
  endfacet
  facet normal  1.000000e+00  0.000000e+00  0.000000e+00
    outer loop
      vertex   3.680000e-01  3.754609e-03  6.015162e-01
      vertex   3.680000e-01  5.448176e-03  5.919643e-01
      vertex   3.680000e-01  7.288319e-03  5.925902e-01
    endloop
  endfacet
  facet normal  1.000000e+00  0.000000e+00  0.000000e+00
    outer loop
      vertex   3.680000e-01  3.754609e-03  6.015162e-01
      vertex   3.680000e-01  7.288319e-03  5.925902e-01
      vertex   3.680000e-01  9.184421e-03  5.990900e-01
    endloop
  endfacet
  facet normal  1.000000e+00  0.000000e+00  0.000000e+00
    outer loop
      vertex   3.680000e-01  9.184421e-03  5.990900e-01
      vertex   3.680000e-01  7.288319e-03  5.925902e-01
      vertex   3.680000e-01  9.379286e-03  5.987139e-01
    endloop
  endfacet
  facet normal  1.000000e+00  0.000000e+00  0.000000e+00
    outer loop
      vertex   3.680000e-01  9.379286e-03  5.987139e-01
      vertex   3.680000e-01  7.288319e-03  5.925902e-01
      vertex   3.680000e-01  9.652052e-03  5.983781e-01
    endloop
  endfacet
  facet normal  1.000000e+00  0.000000e+00  0.000000e+00
    outer loop
      vertex   3.680000e-01  9.652052e-03  5.983781e-01
      vertex   3.680000e-01  7.288319e-03  5.925902e-01
      vertex   3.680000e-01  9.094077e-03  5.934120e-01
    endloop
  endfacet
  facet normal  1.000000e+00  0.000000e+00  0.000000e+00
    outer loop
      vertex   3.680000e-01  9.652052e-03  5.983781e-01
      vertex   3.680000e-01  9.094077e-03  5.934120e-01
      vertex   3.680000e-01  9.987836e-03  5.981054e-01
    endloop
  endfacet
  facet normal  1.000000e+00  0.000000e+00  0.000000e+00
    outer loop
      vertex   3.680000e-01  9.987836e-03  5.981054e-01
      vertex   3.680000e-01  9.094077e-03  5.934120e-01
      vertex   3.680000e-01  1.083480e-02  5.944275e-01
    endloop
  endfacet
  facet normal  1.000000e+00  0.000000e+00  0.000000e+00
    outer loop
      vertex   3.680000e-01  9.987836e-03  5.981054e-01
      vertex   3.680000e-01  1.083480e-02  5.944275e-01
      vertex   3.680000e-01  1.036398e-02  5.979105e-01
    endloop
  endfacet
  facet normal  1.000000e+00  0.000000e+00  0.000000e+00
    outer loop
      vertex   3.680000e-01  1.036398e-02  5.979105e-01
      vertex   3.680000e-01  1.083480e-02  5.944275e-01
      vertex   3.680000e-01  1.075485e-02  5.977981e-01
    endloop
  endfacet
  facet normal  1.000000e+00  0.000000e+00  0.000000e+00
    outer loop
      vertex   3.680000e-01  1.075485e-02  5.977981e-01
      vertex   3.680000e-01  1.083480e-02  5.944275e-01
      vertex   3.680000e-01  1.113698e-02  5.977631e-01
    endloop
  endfacet
  facet normal  1.000000e+00  0.000000e+00  0.000000e+00
    outer loop
      vertex   3.680000e-01  1.113698e-02  5.977631e-01
      vertex   3.680000e-01  1.083480e-02  5.944275e-01
      vertex   3.680000e-01  1.247995e-02  5.956282e-01
    endloop
  endfacet
  facet normal  1.000000e+00 -0.000000e+00  0.000000e+00
    outer loop
      vertex   3.680000e-01  1.113698e-02  5.977631e-01
      vertex   3.680000e-01  1.247995e-02  5.956282e-01
      vertex   3.680000e-01  1.151910e-02  5.977981e-01
    endloop
  endfacet
  facet normal  1.000000e+00 -0.000000e+00  0.000000e+00
    outer loop
      vertex   3.680000e-01  1.151910e-02  5.977981e-01
      vertex   3.680000e-01  1.247995e-02  5.956282e-01
      vertex   3.680000e-01  1.190998e-02  5.979105e-01
    endloop
  endfacet
  facet normal  1.000000e+00 -0.000000e+00  0.000000e+00
    outer loop
      vertex   3.680000e-01  1.190998e-02  5.979105e-01
      vertex   3.680000e-01  1.247995e-02  5.956282e-01
      vertex   3.680000e-01  1.228612e-02  5.981054e-01
    endloop
  endfacet
  facet normal  1.000000e+00  0.000000e+00  0.000000e+00
    outer loop
      vertex   3.680000e-01  1.228612e-02  5.981054e-01
      vertex   3.680000e-01  1.247995e-02  5.956282e-01
      vertex   3.680000e-01  1.400076e-02  5.969993e-01
    endloop
  endfacet
  facet normal  1.000000e+00 -0.000000e+00  0.000000e+00
    outer loop
      vertex   3.680000e-01  1.228612e-02  5.981054e-01
      vertex   3.680000e-01  1.400076e-02  5.969993e-01
      vertex   3.680000e-01  1.262190e-02  5.983781e-01
    endloop
  endfacet
  facet normal  1.000000e+00 -0.000000e+00  0.000000e+00
    outer loop
      vertex   3.680000e-01  1.262190e-02  5.983781e-01
      vertex   3.680000e-01  1.400076e-02  5.969993e-01
      vertex   3.680000e-01  1.289467e-02  5.987139e-01
    endloop
  endfacet
  facet normal  1.000000e+00  0.000000e+00  0.000000e+00
    outer loop
      vertex   3.680000e-01  1.289467e-02  5.987139e-01
      vertex   3.680000e-01  1.400076e-02  5.969993e-01
      vertex   3.680000e-01  1.537184e-02  5.985201e-01
    endloop
  endfacet
  facet normal  1.000000e+00 -0.000000e+00  0.000000e+00
    outer loop
      vertex   3.680000e-01  1.289467e-02  5.987139e-01
      vertex   3.680000e-01  1.537184e-02  5.985201e-01
      vertex   3.680000e-01  1.308953e-02  5.990900e-01
    endloop
  endfacet
  facet normal  1.000000e+00 -0.000000e+00  0.000000e+00
    outer loop
      vertex   3.680000e-01  1.308953e-02  5.990900e-01
      vertex   3.680000e-01  1.537184e-02  5.985201e-01
      vertex   3.680000e-01  1.320192e-02  5.994809e-01
    endloop
  endfacet
  facet normal  1.000000e+00 -0.000000e+00  0.000000e+00
    outer loop
      vertex   3.680000e-01  1.320192e-02  5.994809e-01
      vertex   3.680000e-01  1.537184e-02  5.985201e-01
      vertex   3.680000e-01  1.323698e-02  5.998631e-01
    endloop
  endfacet
  facet normal  1.000000e+00 -0.000000e+00  0.000000e+00
    outer loop
      vertex   3.680000e-01  1.323698e-02  5.998631e-01
      vertex   3.680000e-01  1.537184e-02  5.985201e-01
      vertex   3.680000e-01  1.657256e-02  6.001652e-01
    endloop
  endfacet
  facet normal  1.000000e+00  0.000000e+00 -0.000000e+00
    outer loop
      vertex   3.680000e-01  1.323698e-02  5.998631e-01
      vertex   3.680000e-01  1.657256e-02  6.001652e-01
      vertex   3.680000e-01  1.320192e-02  6.002452e-01
    endloop
  endfacet
  facet normal  1.000000e+00 -0.000000e+00 -0.000000e+00
    outer loop
      vertex   3.680000e-01  1.320192e-02  6.002452e-01
      vertex   3.680000e-01  1.657256e-02  6.001652e-01
      vertex   3.680000e-01  1.308953e-02  6.006361e-01
    endloop
  endfacet
  facet normal  1.000000e+00 -0.000000e+00 -0.000000e+00
    outer loop
      vertex   3.680000e-01  1.308953e-02  6.006361e-01
      vertex   3.680000e-01  1.657256e-02  6.001652e-01
      vertex   3.680000e-01  1.289467e-02  6.010122e-01
    endloop
  endfacet
  facet normal  1.000000e+00 -0.000000e+00  0.000000e+00
    outer loop
      vertex   3.680000e-01  1.289467e-02  6.010122e-01
      vertex   3.680000e-01  1.657256e-02  6.001652e-01
      vertex   3.680000e-01  1.758807e-02  6.019059e-01
    endloop
  endfacet
  facet normal  1.000000e+00  0.000000e+00 -0.000000e+00
    outer loop
      vertex   3.680000e-01  1.289467e-02  6.010122e-01
      vertex   3.680000e-01  1.758807e-02  6.019059e-01
      vertex   3.680000e-01  1.262190e-02  6.013480e-01
    endloop
  endfacet
  facet normal  1.000000e+00  0.000000e+00  0.000000e+00
    outer loop
      vertex   3.680000e-01  1.262190e-02  6.013480e-01
      vertex   3.680000e-01  1.758807e-02  6.019059e-01
      vertex   3.680000e-01  1.840986e-02  6.037117e-01
    endloop
  endfacet
  facet normal  1.000000e+00  0.000000e+00 -0.000000e+00
    outer loop
      vertex   3.680000e-01  1.262190e-02  6.013480e-01
      vertex   3.680000e-01  1.840986e-02  6.037117e-01
      vertex   3.680000e-01  1.228612e-02  6.016207e-01
    endloop
  endfacet
  facet normal  1.000000e+00  0.000000e+00 -0.000000e+00
    outer loop
      vertex   3.680000e-01  1.228612e-02  6.016207e-01
      vertex   3.680000e-01  1.840986e-02  6.037117e-01
      vertex   3.680000e-01  1.190998e-02  6.018156e-01
    endloop
  endfacet
  facet normal  1.000000e+00  0.000000e+00 -0.000000e+00
    outer loop
      vertex   3.680000e-01  1.190998e-02  6.018156e-01
      vertex   3.680000e-01  1.840986e-02  6.037117e-01
      vertex   3.680000e-01  9.483886e-03  6.072454e-01
    endloop
  endfacet
  facet normal  1.000000e+00  0.000000e+00  0.000000e+00
    outer loop
      vertex   3.680000e-01  1.190998e-02  6.018156e-01
      vertex   3.680000e-01  9.483886e-03  6.072454e-01
      vertex   3.680000e-01  1.151910e-02  6.019280e-01
    endloop
  endfacet
  facet normal  1.000000e+00  0.000000e+00  0.000000e+00
    outer loop
      vertex   3.680000e-01  1.151910e-02  6.019280e-01
      vertex   3.680000e-01  9.483886e-03  6.072454e-01
      vertex   3.680000e-01  1.113698e-02  6.019630e-01
    endloop
  endfacet
  facet normal  1.000000e+00  0.000000e+00  0.000000e+00
    outer loop
      vertex   3.680000e-01  1.113698e-02  6.019630e-01
      vertex   3.680000e-01  9.483886e-03  6.072454e-01
      vertex   3.680000e-01  8.537400e-03  6.054184e-01
    endloop
  endfacet
  facet normal  1.000000e+00  0.000000e+00  0.000000e+00
    outer loop
      vertex   3.680000e-01  1.113698e-02  6.019630e-01
      vertex   3.680000e-01  8.537400e-03  6.054184e-01
      vertex   3.680000e-01  1.075485e-02  6.019280e-01
    endloop
  endfacet
  facet normal  1.000000e+00  0.000000e+00  0.000000e+00
    outer loop
      vertex   3.680000e-01  1.075485e-02  6.019280e-01
      vertex   3.680000e-01  8.537400e-03  6.054184e-01
      vertex   3.680000e-01  1.036398e-02  6.018156e-01
    endloop
  endfacet
  facet normal  1.000000e+00  0.000000e+00  0.000000e+00
    outer loop
      vertex   3.680000e-01  1.036398e-02  6.018156e-01
      vertex   3.680000e-01  8.537400e-03  6.054184e-01
      vertex   3.680000e-01  9.987836e-03  6.016207e-01
    endloop
  endfacet
  facet normal  1.000000e+00  0.000000e+00  0.000000e+00
    outer loop
      vertex   3.680000e-01  9.987836e-03  6.016207e-01
      vertex   3.680000e-01  8.537400e-03  6.054184e-01
      vertex   3.680000e-01  7.212534e-03  6.037875e-01
    endloop
  endfacet
  facet normal  1.000000e+00  0.000000e+00  0.000000e+00
    outer loop
      vertex   3.680000e-01  9.987836e-03  6.016207e-01
      vertex   3.680000e-01  7.212534e-03  6.037875e-01
      vertex   3.680000e-01  9.652052e-03  6.013480e-01
    endloop
  endfacet
  facet normal  1.000000e+00  0.000000e+00  0.000000e+00
    outer loop
      vertex   3.680000e-01  9.652052e-03  6.013480e-01
      vertex   3.680000e-01  7.212534e-03  6.037875e-01
      vertex   3.680000e-01  9.379286e-03  6.010122e-01
    endloop
  endfacet
  facet normal  1.000000e+00  0.000000e+00  0.000000e+00
    outer loop
      vertex   3.680000e-01  9.379286e-03  6.010122e-01
      vertex   3.680000e-01  7.212534e-03  6.037875e-01
      vertex   3.680000e-01  5.581583e-03  6.024626e-01
    endloop
  endfacet
  facet normal  1.000000e+00  0.000000e+00  0.000000e+00
    outer loop
      vertex   3.680000e-01  9.379286e-03  6.010122e-01
      vertex   3.680000e-01  5.581583e-03  6.024626e-01
      vertex   3.680000e-01  9.184421e-03  6.006361e-01
    endloop
  endfacet
  facet normal  1.000000e+00  0.000000e+00  0.000000e+00
    outer loop
      vertex   3.680000e-01  9.184421e-03  6.006361e-01
      vertex   3.680000e-01  5.581583e-03  6.024626e-01
      vertex   3.680000e-01  9.072035e-03  6.002452e-01
    endloop
  endfacet
  facet normal  1.000000e+00  0.000000e+00  0.000000e+00
    outer loop
      vertex   3.680000e-01  9.072035e-03  6.002452e-01
      vertex   3.680000e-01  5.581583e-03  6.024626e-01
      vertex   3.680000e-01  9.036977e-03  5.998631e-01
    endloop
  endfacet
  facet normal  1.000000e+00  0.000000e+00  0.000000e+00
    outer loop
      vertex   3.680000e-01  9.036977e-03  5.998631e-01
      vertex   3.680000e-01  5.581583e-03  6.024626e-01
      vertex   3.680000e-01  3.754609e-03  6.015162e-01
    endloop
  endfacet
  facet normal  1.000000e+00  0.000000e+00  0.000000e+00
    outer loop
      vertex   3.680000e-01  9.036977e-03  5.998631e-01
      vertex   3.680000e-01  3.754609e-03  6.015162e-01
      vertex   3.680000e-01  9.072035e-03  5.994809e-01
    endloop
  endfacet
  facet normal  1.000000e+00  0.000000e+00  0.000000e+00
    outer loop
      vertex   3.680000e-01  9.072035e-03  5.994809e-01
      vertex   3.680000e-01  3.754609e-03  6.015162e-01
      vertex   3.680000e-01  9.184421e-03  5.990900e-01
    endloop
  endfacet
  facet normal  1.000000e+00  0.000000e+00 -0.000000e+00
    outer loop
      vertex   3.680000e-01  1.840986e-02  6.037117e-01
      vertex   3.680000e-01  1.903575e-02  6.055518e-01
      vertex   3.680000e-01  9.483886e-03  6.072454e-01
    endloop
  endfacet
  facet normal  1.000000e+00 -0.000000e+00  0.000000e+00
    outer loop
      vertex   3.680000e-01  9.483886e-03  6.072454e-01
      vertex   3.680000e-01  1.903575e-02  6.055518e-01
      vertex   3.680000e-01  1.002976e-02  6.091440e-01
    endloop
  endfacet
  facet normal  1.000000e+00  0.000000e+00  0.000000e+00
    outer loop
      vertex   3.680000e-01  1.002976e-02  6.091440e-01
      vertex   3.680000e-01  1.903575e-02  6.055518e-01
      vertex   3.680000e-01  1.946949e-02  6.073971e-01
    endloop
  endfacet
  facet normal  1.000000e+00 -0.000000e+00  0.000000e+00
    outer loop
      vertex   3.680000e-01  1.002976e-02  6.091440e-01
      vertex   3.680000e-01  1.946949e-02  6.073971e-01
      vertex   3.680000e-01  1.971995e-02  6.092209e-01
    endloop
  endfacet
  facet normal  1.000000e+00  0.000000e+00  0.000000e+00
    outer loop
      vertex   3.680000e-01  1.002976e-02  6.091440e-01
      vertex   3.680000e-01  1.971995e-02  6.092209e-01
      vertex   3.680000e-01  1.020005e-02  6.110000e-01
    endloop
  endfacet
  facet normal  1.000000e+00 -0.000000e+00  0.000000e+00
    outer loop
      vertex   3.680000e-01  1.020005e-02  6.110000e-01
      vertex   3.680000e-01  1.971995e-02  6.092209e-01
      vertex   3.680000e-01  1.980005e-02  6.110000e-01
    endloop
  endfacet
  facet normal  1.000000e+00  0.000000e+00  0.000000e+00
    outer loop
      vertex   3.680000e-01  1.020005e-02  6.110000e-01
      vertex   3.680000e-01  1.980005e-02  6.110000e-01
      vertex   3.680000e-01  1.971995e-02  6.127791e-01
    endloop
  endfacet
  facet normal  1.000000e+00  0.000000e+00 -0.000000e+00
    outer loop
      vertex   3.680000e-01  1.020005e-02  6.110000e-01
      vertex   3.680000e-01  1.971995e-02  6.127791e-01
      vertex   3.680000e-01  1.002976e-02  6.128560e-01
    endloop
  endfacet
  facet normal  1.000000e+00 -0.000000e+00  0.000000e+00
    outer loop
      vertex   3.680000e-01  1.002976e-02  6.128560e-01
      vertex   3.680000e-01  1.971995e-02  6.127791e-01
      vertex   3.680000e-01  1.946949e-02  6.146029e-01
    endloop
  endfacet
  facet normal  1.000000e+00  0.000000e+00  0.000000e+00
    outer loop
      vertex   3.680000e-01  1.002976e-02  6.128560e-01
      vertex   3.680000e-01  1.946949e-02  6.146029e-01
      vertex   3.680000e-01  1.903575e-02  6.164481e-01
    endloop
  endfacet
  facet normal  1.000000e+00  0.000000e+00 -0.000000e+00
    outer loop
      vertex   3.680000e-01  1.002976e-02  6.128560e-01
      vertex   3.680000e-01  1.903575e-02  6.164481e-01
      vertex   3.680000e-01  9.483886e-03  6.147546e-01
    endloop
  endfacet
  facet normal  1.000000e+00  0.000000e+00  0.000000e+00
    outer loop
      vertex   3.680000e-01  9.483886e-03  6.147546e-01
      vertex   3.680000e-01  1.903575e-02  6.164481e-01
      vertex   3.680000e-01  1.840986e-02  6.182883e-01
    endloop
  endfacet
  facet normal  1.000000e+00  0.000000e+00  0.000000e+00
    outer loop
      vertex   3.680000e-01  9.483886e-03  6.147546e-01
      vertex   3.680000e-01  1.840986e-02  6.182883e-01
      vertex   3.680000e-01  1.190998e-02  6.201844e-01
    endloop
  endfacet
  facet normal  1.000000e+00 -0.000000e+00  0.000000e+00
    outer loop
      vertex   3.680000e-01  1.190998e-02  6.201844e-01
      vertex   3.680000e-01  1.840986e-02  6.182883e-01
      vertex   3.680000e-01  1.228612e-02  6.203793e-01
    endloop
  endfacet
  facet normal  1.000000e+00 -0.000000e+00  0.000000e+00
    outer loop
      vertex   3.680000e-01  1.228612e-02  6.203793e-01
      vertex   3.680000e-01  1.840986e-02  6.182883e-01
      vertex   3.680000e-01  1.262190e-02  6.206520e-01
    endloop
  endfacet
  facet normal  1.000000e+00  0.000000e+00  0.000000e+00
    outer loop
      vertex   3.680000e-01  1.262190e-02  6.206520e-01
      vertex   3.680000e-01  1.840986e-02  6.182883e-01
      vertex   3.680000e-01  1.758807e-02  6.200941e-01
    endloop
  endfacet
  facet normal  1.000000e+00 -0.000000e+00  0.000000e+00
    outer loop
      vertex   3.680000e-01  1.262190e-02  6.206520e-01
      vertex   3.680000e-01  1.758807e-02  6.200941e-01
      vertex   3.680000e-01  1.289467e-02  6.209878e-01
    endloop
  endfacet
  facet normal  1.000000e+00 -0.000000e+00  0.000000e+00
    outer loop
      vertex   3.680000e-01  1.289467e-02  6.209878e-01
      vertex   3.680000e-01  1.758807e-02  6.200941e-01
      vertex   3.680000e-01  1.657256e-02  6.218348e-01
    endloop
  endfacet
  facet normal  1.000000e+00  0.000000e+00  0.000000e+00
    outer loop
      vertex   3.680000e-01  1.289467e-02  6.209878e-01
      vertex   3.680000e-01  1.657256e-02  6.218348e-01
      vertex   3.680000e-01  1.308953e-02  6.213639e-01
    endloop
  endfacet
  facet normal  1.000000e+00  0.000000e+00  0.000000e+00
    outer loop
      vertex   3.680000e-01  1.308953e-02  6.213639e-01
      vertex   3.680000e-01  1.657256e-02  6.218348e-01
      vertex   3.680000e-01  1.320192e-02  6.217548e-01
    endloop
  endfacet
  facet normal  1.000000e+00  0.000000e+00  0.000000e+00
    outer loop
      vertex   3.680000e-01  1.320192e-02  6.217548e-01
      vertex   3.680000e-01  1.657256e-02  6.218348e-01
      vertex   3.680000e-01  1.323698e-02  6.221370e-01
    endloop
  endfacet
  facet normal  1.000000e+00 -0.000000e+00  0.000000e+00
    outer loop
      vertex   3.680000e-01  1.323698e-02  6.221370e-01
      vertex   3.680000e-01  1.657256e-02  6.218348e-01
      vertex   3.680000e-01  1.537184e-02  6.234799e-01
    endloop
  endfacet
  facet normal  1.000000e+00  0.000000e+00 -0.000000e+00
    outer loop
      vertex   3.680000e-01  1.323698e-02  6.221370e-01
      vertex   3.680000e-01  1.537184e-02  6.234799e-01
      vertex   3.680000e-01  1.320192e-02  6.225191e-01
    endloop
  endfacet
  facet normal  1.000000e+00  0.000000e+00 -0.000000e+00
    outer loop
      vertex   3.680000e-01  1.320192e-02  6.225191e-01
      vertex   3.680000e-01  1.537184e-02  6.234799e-01
      vertex   3.680000e-01  1.308953e-02  6.229099e-01
    endloop
  endfacet
  facet normal  1.000000e+00  0.000000e+00 -0.000000e+00
    outer loop
      vertex   3.680000e-01  1.308953e-02  6.229099e-01
      vertex   3.680000e-01  1.537184e-02  6.234799e-01
      vertex   3.680000e-01  1.289467e-02  6.232861e-01
    endloop
  endfacet
  facet normal  1.000000e+00  0.000000e+00  0.000000e+00
    outer loop
      vertex   3.680000e-01  1.289467e-02  6.232861e-01
      vertex   3.680000e-01  1.537184e-02  6.234799e-01
      vertex   3.680000e-01  1.400076e-02  6.250007e-01
    endloop
  endfacet
  facet normal  1.000000e+00  0.000000e+00 -0.000000e+00
    outer loop
      vertex   3.680000e-01  1.289467e-02  6.232861e-01
      vertex   3.680000e-01  1.400076e-02  6.250007e-01
      vertex   3.680000e-01  1.262190e-02  6.236219e-01
    endloop
  endfacet
  facet normal  1.000000e+00  0.000000e+00 -0.000000e+00
    outer loop
      vertex   3.680000e-01  1.262190e-02  6.236219e-01
      vertex   3.680000e-01  1.400076e-02  6.250007e-01
      vertex   3.680000e-01  1.228612e-02  6.238946e-01
    endloop
  endfacet
  facet normal  1.000000e+00  0.000000e+00  0.000000e+00
    outer loop
      vertex   3.680000e-01  1.228612e-02  6.238946e-01
      vertex   3.680000e-01  1.400076e-02  6.250007e-01
      vertex   3.680000e-01  1.247995e-02  6.263718e-01
    endloop
  endfacet
  facet normal  1.000000e+00  0.000000e+00 -0.000000e+00
    outer loop
      vertex   3.680000e-01  1.228612e-02  6.238946e-01
      vertex   3.680000e-01  1.247995e-02  6.263718e-01
      vertex   3.680000e-01  1.190998e-02  6.240895e-01
    endloop
  endfacet
  facet normal  1.000000e+00  0.000000e+00 -0.000000e+00
    outer loop
      vertex   3.680000e-01  1.190998e-02  6.240895e-01
      vertex   3.680000e-01  1.247995e-02  6.263718e-01
      vertex   3.680000e-01  1.151910e-02  6.242019e-01
    endloop
  endfacet
  facet normal  1.000000e+00  0.000000e+00 -0.000000e+00
    outer loop
      vertex   3.680000e-01  1.151910e-02  6.242019e-01
      vertex   3.680000e-01  1.247995e-02  6.263718e-01
      vertex   3.680000e-01  1.113698e-02  6.242369e-01
    endloop
  endfacet
  facet normal  1.000000e+00  0.000000e+00 -0.000000e+00
    outer loop
      vertex   3.680000e-01  1.113698e-02  6.242369e-01
      vertex   3.680000e-01  1.247995e-02  6.263718e-01
      vertex   3.680000e-01  1.083480e-02  6.275725e-01
    endloop
  endfacet
  facet normal  1.000000e+00  0.000000e+00  0.000000e+00
    outer loop
      vertex   3.680000e-01  1.113698e-02  6.242369e-01
      vertex   3.680000e-01  1.083480e-02  6.275725e-01
      vertex   3.680000e-01  1.075486e-02  6.242019e-01
    endloop
  endfacet
  facet normal  1.000000e+00  0.000000e+00 -0.000000e+00
    outer loop
      vertex   3.680000e-01  1.075486e-02  6.242019e-01
      vertex   3.680000e-01  1.083480e-02  6.275725e-01
      vertex   3.680000e-01  1.036398e-02  6.240895e-01
    endloop
  endfacet
  facet normal  1.000000e+00  0.000000e+00 -0.000000e+00
    outer loop
      vertex   3.680000e-01  1.036398e-02  6.240895e-01
      vertex   3.680000e-01  1.083480e-02  6.275725e-01
      vertex   3.680000e-01  9.987838e-03  6.238946e-01
    endloop
  endfacet
  facet normal  1.000000e+00  0.000000e+00 -0.000000e+00
    outer loop
      vertex   3.680000e-01  9.987838e-03  6.238946e-01
      vertex   3.680000e-01  1.083480e-02  6.275725e-01
      vertex   3.680000e-01  9.094079e-03  6.285880e-01
    endloop
  endfacet
  facet normal  1.000000e+00  0.000000e+00  0.000000e+00
    outer loop
      vertex   3.680000e-01  9.987838e-03  6.238946e-01
      vertex   3.680000e-01  9.094079e-03  6.285880e-01
      vertex   3.680000e-01  9.652054e-03  6.236219e-01
    endloop
  endfacet
  facet normal  1.000000e+00  0.000000e+00  0.000000e+00
    outer loop
      vertex   3.680000e-01  9.652054e-03  6.236219e-01
      vertex   3.680000e-01  9.094079e-03  6.285880e-01
      vertex   3.680000e-01  7.288321e-03  6.294098e-01
    endloop
  endfacet
  facet normal  1.000000e+00  0.000000e+00  0.000000e+00
    outer loop
      vertex   3.680000e-01  9.652054e-03  6.236219e-01
      vertex   3.680000e-01  7.288321e-03  6.294098e-01
      vertex   3.680000e-01  9.379288e-03  6.232861e-01
    endloop
  endfacet
  facet normal  1.000000e+00  0.000000e+00  0.000000e+00
    outer loop
      vertex   3.680000e-01 -2.458218e-03  6.262951e-01
      vertex   3.680000e-01 -2.499955e-03  6.267500e-01
      vertex   3.680000e-01 -7.288230e-03  6.294098e-01
    endloop
  endfacet
  facet normal  1.000000e+00  0.000000e+00 -0.000000e+00
    outer loop
      vertex   3.680000e-01 -9.201915e-04  6.290745e-01
      vertex   3.680000e-01 -4.548623e-04  6.292083e-01
      vertex   3.680000e-01 -1.779072e-03  6.307199e-01
    endloop
  endfacet
  facet normal  1.000000e+00  0.000000e+00  0.000000e+00
    outer loop
      vertex   3.680000e-01  1.190998e-02  6.201844e-01
      vertex   3.680000e-01  1.151910e-02  6.200720e-01
      vertex   3.680000e-01  9.483886e-03  6.147546e-01
    endloop
  endfacet
  facet normal  1.000000e+00  0.000000e+00  0.000000e+00
    outer loop
      vertex   3.680000e-01  9.483886e-03  6.147546e-01
      vertex   3.680000e-01  1.151910e-02  6.200720e-01
      vertex   3.680000e-01  1.113698e-02  6.200370e-01
    endloop
  endfacet
  facet normal  1.000000e+00  0.000000e+00 -0.000000e+00
    outer loop
      vertex   3.680000e-01  9.483886e-03  6.147546e-01
      vertex   3.680000e-01  1.113698e-02  6.200370e-01
      vertex   3.680000e-01  8.537400e-03  6.165816e-01
    endloop
  endfacet
  facet normal  1.000000e+00  0.000000e+00  0.000000e+00
    outer loop
      vertex   3.680000e-01  8.537400e-03  6.165816e-01
      vertex   3.680000e-01  1.113698e-02  6.200370e-01
      vertex   3.680000e-01  1.075486e-02  6.200720e-01
    endloop
  endfacet
  facet normal  1.000000e+00  0.000000e+00  0.000000e+00
    outer loop
      vertex   3.680000e-01  8.537400e-03  6.165816e-01
      vertex   3.680000e-01  1.075486e-02  6.200720e-01
      vertex   3.680000e-01  1.036398e-02  6.201844e-01
    endloop
  endfacet
  facet normal  1.000000e+00  0.000000e+00  0.000000e+00
    outer loop
      vertex   3.680000e-01  1.036398e-02  6.201844e-01
      vertex   3.680000e-01  9.987838e-03  6.203793e-01
      vertex   3.680000e-01  8.537400e-03  6.165816e-01
    endloop
  endfacet
  facet normal  1.000000e+00  0.000000e+00 -0.000000e+00
    outer loop
      vertex   3.680000e-01  8.537400e-03  6.165816e-01
      vertex   3.680000e-01  9.987838e-03  6.203793e-01
      vertex   3.680000e-01  7.212535e-03  6.182125e-01
    endloop
  endfacet
  facet normal  1.000000e+00  0.000000e+00  0.000000e+00
    outer loop
      vertex   3.680000e-01  7.212535e-03  6.182125e-01
      vertex   3.680000e-01  9.987838e-03  6.203793e-01
      vertex   3.680000e-01  9.652054e-03  6.206520e-01
    endloop
  endfacet
  facet normal  1.000000e+00  0.000000e+00  0.000000e+00
    outer loop
      vertex   3.680000e-01  7.212535e-03  6.182125e-01
      vertex   3.680000e-01  9.652054e-03  6.206520e-01
      vertex   3.680000e-01  9.379288e-03  6.209878e-01
    endloop
  endfacet
  facet normal  1.000000e+00  0.000000e+00 -0.000000e+00
    outer loop
      vertex   3.680000e-01  7.212535e-03  6.182125e-01
      vertex   3.680000e-01  9.379288e-03  6.209878e-01
      vertex   3.680000e-01  5.581584e-03  6.195374e-01
    endloop
  endfacet
  facet normal  1.000000e+00  0.000000e+00  0.000000e+00
    outer loop
      vertex   3.680000e-01  5.581584e-03  6.195374e-01
      vertex   3.680000e-01  9.379288e-03  6.209878e-01
      vertex   3.680000e-01  9.184423e-03  6.213639e-01
    endloop
  endfacet
  facet normal  1.000000e+00  0.000000e+00  0.000000e+00
    outer loop
      vertex   3.680000e-01  5.581584e-03  6.195374e-01
      vertex   3.680000e-01  9.184423e-03  6.213639e-01
      vertex   3.680000e-01  9.072036e-03  6.217548e-01
    endloop
  endfacet
  facet normal  1.000000e+00  0.000000e+00  0.000000e+00
    outer loop
      vertex   3.680000e-01  9.072036e-03  6.217548e-01
      vertex   3.680000e-01  9.036979e-03  6.221370e-01
      vertex   3.680000e-01  5.581584e-03  6.195374e-01
    endloop
  endfacet
  facet normal  1.000000e+00  0.000000e+00 -0.000000e+00
    outer loop
      vertex   3.680000e-01  5.581584e-03  6.195374e-01
      vertex   3.680000e-01  9.036979e-03  6.221370e-01
      vertex   3.680000e-01  3.754611e-03  6.204838e-01
    endloop
  endfacet
  facet normal  1.000000e+00  0.000000e+00  0.000000e+00
    outer loop
      vertex   3.680000e-01  3.754611e-03  6.204838e-01
      vertex   3.680000e-01  9.036979e-03  6.221370e-01
      vertex   3.680000e-01  9.072036e-03  6.225191e-01
    endloop
  endfacet
  facet normal  1.000000e+00  0.000000e+00  0.000000e+00
    outer loop
      vertex   3.680000e-01  3.754611e-03  6.204838e-01
      vertex   3.680000e-01  9.072036e-03  6.225191e-01
      vertex   3.680000e-01  9.184423e-03  6.229099e-01
    endloop
  endfacet
  facet normal  1.000000e+00  0.000000e+00  0.000000e+00
    outer loop
      vertex   3.570000e-01  2.489892e-02  6.132464e-01
      vertex   3.570000e-01  2.240903e-02  6.130217e-01
      vertex   3.570000e-01  2.500005e-02  6.110000e-01
    endloop
  endfacet
  facet normal  1.000000e+00  0.000000e+00  0.000000e+00
    outer loop
      vertex   3.570000e-01  2.500005e-02  6.110000e-01
      vertex   3.570000e-01  2.240903e-02  6.130217e-01
      vertex   3.570000e-01  2.250005e-02  6.110000e-01
    endloop
  endfacet
  facet normal  1.000000e+00  0.000000e+00  0.000000e+00
    outer loop
      vertex   3.570000e-01  2.500005e-02  6.110000e-01
      vertex   3.570000e-01  2.250005e-02  6.110000e-01
      vertex   3.570000e-01  2.489892e-02  6.087536e-01
    endloop
  endfacet
  facet normal  1.000000e+00  0.000000e+00  0.000000e+00
    outer loop
      vertex   3.570000e-01  2.489892e-02  6.087536e-01
      vertex   3.570000e-01  2.250005e-02  6.110000e-01
      vertex   3.570000e-01  2.240903e-02  6.089783e-01
    endloop
  endfacet
  facet normal  1.000000e+00  0.000000e+00  0.000000e+00
    outer loop
      vertex   3.570000e-01  2.489892e-02  6.087536e-01
      vertex   3.570000e-01  2.240903e-02  6.089783e-01
      vertex   3.570000e-01  2.212442e-02  6.069058e-01
    endloop
  endfacet
  facet normal  1.000000e+00  0.000000e+00 -0.000000e+00
    outer loop
      vertex   3.570000e-01  2.240903e-02  6.130217e-01
      vertex   3.570000e-01  2.489892e-02  6.132464e-01
      vertex   3.570000e-01  2.212442e-02  6.150942e-01
    endloop
  endfacet
  facet normal  1.000000e+00 -0.000000e+00  0.000000e+00
    outer loop
      vertex   3.570000e-01  2.212442e-02  6.150942e-01
      vertex   3.570000e-01  2.489892e-02  6.132464e-01
      vertex   3.570000e-01  2.458268e-02  6.155491e-01
    endloop
  endfacet
  facet normal  1.000000e+00  0.000000e+00 -0.000000e+00
    outer loop
      vertex   3.570000e-01  2.212442e-02  6.150942e-01
      vertex   3.570000e-01  2.458268e-02  6.155491e-01
      vertex   3.570000e-01  2.163152e-02  6.171911e-01
    endloop
  endfacet
  facet normal  1.000000e+00 -0.000000e+00  0.000000e+00
    outer loop
      vertex   3.570000e-01  2.163152e-02  6.171911e-01
      vertex   3.570000e-01  2.458268e-02  6.155491e-01
      vertex   3.570000e-01  2.403502e-02  6.178790e-01
    endloop
  endfacet
  facet normal  1.000000e+00  0.000000e+00 -0.000000e+00
    outer loop
      vertex   3.570000e-01  2.163152e-02  6.171911e-01
      vertex   3.570000e-01  2.403502e-02  6.178790e-01
      vertex   3.570000e-01  2.092028e-02  6.192821e-01
    endloop
  endfacet
  facet normal  1.000000e+00 -0.000000e+00  0.000000e+00
    outer loop
      vertex   3.570000e-01  2.092028e-02  6.192821e-01
      vertex   3.570000e-01  2.403502e-02  6.178790e-01
      vertex   3.570000e-01  2.324475e-02  6.202024e-01
    endloop
  endfacet
  facet normal  1.000000e+00  0.000000e+00 -0.000000e+00
    outer loop
      vertex   3.570000e-01  2.092028e-02  6.192821e-01
      vertex   3.570000e-01  2.324475e-02  6.202024e-01
      vertex   3.570000e-01  1.998644e-02  6.213341e-01
    endloop
  endfacet
  facet normal  1.000000e+00 -0.000000e+00  0.000000e+00
    outer loop
      vertex   3.570000e-01  1.998644e-02  6.213341e-01
      vertex   3.570000e-01  2.324475e-02  6.202024e-01
      vertex   3.570000e-01  2.220715e-02  6.224824e-01
    endloop
  endfacet
  facet normal  1.000000e+00  0.000000e+00 -0.000000e+00
    outer loop
      vertex   3.570000e-01  1.998644e-02  6.213341e-01
      vertex   3.570000e-01  2.220715e-02  6.224824e-01
      vertex   3.570000e-01  1.883245e-02  6.233122e-01
    endloop
  endfacet
  facet normal  1.000000e+00 -0.000000e+00  0.000000e+00
    outer loop
      vertex   3.570000e-01  1.883245e-02  6.233122e-01
      vertex   3.570000e-01  2.220715e-02  6.224824e-01
      vertex   3.570000e-01  2.092494e-02  6.246802e-01
    endloop
  endfacet
  facet normal  1.000000e+00  0.000000e+00 -0.000000e+00
    outer loop
      vertex   3.570000e-01  1.883245e-02  6.233122e-01
      vertex   3.570000e-01  2.092494e-02  6.246802e-01
      vertex   3.570000e-01  1.746799e-02  6.251817e-01
    endloop
  endfacet
  facet normal  1.000000e+00 -0.000000e+00  0.000000e+00
    outer loop
      vertex   3.570000e-01  1.746799e-02  6.251817e-01
      vertex   3.570000e-01  2.092494e-02  6.246802e-01
      vertex   3.570000e-01  1.940888e-02  6.267574e-01
    endloop
  endfacet
  facet normal  1.000000e+00  0.000000e+00 -0.000000e+00
    outer loop
      vertex   3.570000e-01  1.746799e-02  6.251817e-01
      vertex   3.570000e-01  1.940888e-02  6.267574e-01
      vertex   3.570000e-01  1.590995e-02  6.269099e-01
    endloop
  endfacet
  facet normal  1.000000e+00 -0.000000e+00  0.000000e+00
    outer loop
      vertex   3.570000e-01  1.590995e-02  6.269099e-01
      vertex   3.570000e-01  1.940888e-02  6.267574e-01
      vertex   3.570000e-01  1.767772e-02  6.286777e-01
    endloop
  endfacet
  facet normal  1.000000e+00  0.000000e+00 -0.000000e+00
    outer loop
      vertex   3.570000e-01  1.590995e-02  6.269099e-01
      vertex   3.570000e-01  1.767772e-02  6.286777e-01
      vertex   3.570000e-01  1.418176e-02  6.284679e-01
    endloop
  endfacet
  facet normal  1.000000e+00  0.000000e+00  0.000000e+00
    outer loop
      vertex   3.570000e-01  1.418176e-02  6.284679e-01
      vertex   3.570000e-01  1.767772e-02  6.286777e-01
      vertex   3.570000e-01  1.575750e-02  6.304088e-01
    endloop
  endfacet
  facet normal  1.000000e+00  0.000000e+00 -0.000000e+00
    outer loop
      vertex   3.570000e-01  1.418176e-02  6.284679e-01
      vertex   3.570000e-01  1.575750e-02  6.304088e-01
      vertex   3.570000e-01  1.231227e-02  6.298324e-01
    endloop
  endfacet
  facet normal  1.000000e+00  0.000000e+00  0.000000e+00
    outer loop
      vertex   3.570000e-01  1.231227e-02  6.298324e-01
      vertex   3.570000e-01  1.575750e-02  6.304088e-01
      vertex   3.570000e-01  1.368029e-02  6.319249e-01
    endloop
  endfacet
  facet normal  1.000000e+00  0.000000e+00 -0.000000e+00
    outer loop
      vertex   3.570000e-01  1.231227e-02  6.298324e-01
      vertex   3.570000e-01  1.368029e-02  6.319249e-01
      vertex   3.570000e-01  1.033418e-02  6.309864e-01
    endloop
  endfacet
  facet normal  1.000000e+00  0.000000e+00  0.000000e+00
    outer loop
      vertex   3.570000e-01  1.033418e-02  6.309864e-01
      vertex   3.570000e-01  1.368029e-02  6.319249e-01
      vertex   3.570000e-01  1.148241e-02  6.332071e-01
    endloop
  endfacet
  facet normal  1.000000e+00  0.000000e+00 -0.000000e+00
    outer loop
      vertex   3.570000e-01  1.033418e-02  6.309864e-01
      vertex   3.570000e-01  1.148241e-02  6.332071e-01
      vertex   3.570000e-01  8.282179e-03  6.319202e-01
    endloop
  endfacet
  facet normal  1.000000e+00  0.000000e+00  0.000000e+00
    outer loop
      vertex   3.570000e-01  8.282179e-03  6.319202e-01
      vertex   3.570000e-01  1.148241e-02  6.332071e-01
      vertex   3.570000e-01  9.202416e-03  6.342447e-01
    endloop
  endfacet
  facet normal  1.000000e+00  0.000000e+00 -0.000000e+00
    outer loop
      vertex   3.570000e-01  8.282179e-03  6.319202e-01
      vertex   3.570000e-01  9.202416e-03  6.342447e-01
      vertex   3.570000e-01  6.191107e-03  6.326315e-01
    endloop
  endfacet
  facet normal  1.000000e+00  0.000000e+00  0.000000e+00
    outer loop
      vertex   3.570000e-01  6.191107e-03  6.326315e-01
      vertex   3.570000e-01  9.202416e-03  6.342447e-01
      vertex   3.570000e-01  6.879002e-03  6.350350e-01
    endloop
  endfacet
  facet normal  1.000000e+00  0.000000e+00 -0.000000e+00
    outer loop
      vertex   3.570000e-01  6.191107e-03  6.326315e-01
      vertex   3.570000e-01  6.879002e-03  6.350350e-01
      vertex   3.570000e-01  4.094216e-03  6.331244e-01
    endloop
  endfacet
  facet normal  1.000000e+00  0.000000e+00  0.000000e+00
    outer loop
      vertex   3.570000e-01  4.094216e-03  6.331244e-01
      vertex   3.570000e-01  6.879002e-03  6.350350e-01
      vertex   3.570000e-01  4.549123e-03  6.355826e-01
    endloop
  endfacet
  facet normal  1.000000e+00  0.000000e+00 -0.000000e+00
    outer loop
      vertex   3.570000e-01  4.094216e-03  6.331244e-01
      vertex   3.570000e-01  4.549123e-03  6.355826e-01
      vertex   3.570000e-01  2.021772e-03  6.334090e-01
    endloop
  endfacet
  facet normal  1.000000e+00  0.000000e+00  0.000000e+00
    outer loop
      vertex   3.570000e-01  2.021772e-03  6.334090e-01
      vertex   3.570000e-01  4.549123e-03  6.355826e-01
      vertex   3.570000e-01  2.246408e-03  6.358989e-01
    endloop
  endfacet
  facet normal  1.000000e+00  0.000000e+00 -0.000000e+00
    outer loop
      vertex   3.570000e-01  2.021772e-03  6.334090e-01
      vertex   3.570000e-01  2.246408e-03  6.358989e-01
      vertex   3.570000e-01  4.658220e-08  6.335000e-01
    endloop
  endfacet
  facet normal  1.000000e+00  0.000000e+00  0.000000e+00
    outer loop
      vertex   3.570000e-01  4.658220e-08  6.335000e-01
      vertex   3.570000e-01  2.246408e-03  6.358989e-01
      vertex   3.570000e-01  4.677095e-08  6.360000e-01
    endloop
  endfacet
  facet normal  1.000000e+00  0.000000e+00 -0.000000e+00
    outer loop
      vertex   3.570000e-01  4.658220e-08  6.335000e-01
      vertex   3.570000e-01  4.677095e-08  6.360000e-01
      vertex   3.570000e-01 -2.246314e-03  6.358989e-01
    endloop
  endfacet
  facet normal  1.000000e+00  0.000000e+00  0.000000e+00
    outer loop
      vertex   3.570000e-01  4.658220e-08  6.335000e-01
      vertex   3.570000e-01 -2.246314e-03  6.358989e-01
      vertex   3.570000e-01 -2.021678e-03  6.334090e-01
    endloop
  endfacet
  facet normal  1.000000e+00  0.000000e+00  0.000000e+00
    outer loop
      vertex   3.570000e-01 -2.021678e-03  6.334090e-01
      vertex   3.570000e-01 -2.246314e-03  6.358989e-01
      vertex   3.570000e-01 -4.549030e-03  6.355826e-01
    endloop
  endfacet
  facet normal  1.000000e+00  0.000000e+00  0.000000e+00
    outer loop
      vertex   3.570000e-01 -2.021678e-03  6.334090e-01
      vertex   3.570000e-01 -4.549030e-03  6.355826e-01
      vertex   3.570000e-01 -4.094122e-03  6.331244e-01
    endloop
  endfacet
  facet normal  1.000000e+00  0.000000e+00  0.000000e+00
    outer loop
      vertex   3.570000e-01 -4.094122e-03  6.331244e-01
      vertex   3.570000e-01 -4.549030e-03  6.355826e-01
      vertex   3.570000e-01 -6.878909e-03  6.350350e-01
    endloop
  endfacet
  facet normal  1.000000e+00  0.000000e+00  0.000000e+00
    outer loop
      vertex   3.570000e-01 -4.094122e-03  6.331244e-01
      vertex   3.570000e-01 -6.878909e-03  6.350350e-01
      vertex   3.570000e-01 -6.191014e-03  6.326315e-01
    endloop
  endfacet
  facet normal  1.000000e+00  0.000000e+00  0.000000e+00
    outer loop
      vertex   3.570000e-01 -6.191014e-03  6.326315e-01
      vertex   3.570000e-01 -6.878909e-03  6.350350e-01
      vertex   3.570000e-01 -9.202321e-03  6.342447e-01
    endloop
  endfacet
  facet normal  1.000000e+00  0.000000e+00  0.000000e+00
    outer loop
      vertex   3.570000e-01 -6.191014e-03  6.326315e-01
      vertex   3.570000e-01 -9.202321e-03  6.342447e-01
      vertex   3.570000e-01 -8.282084e-03  6.319202e-01
    endloop
  endfacet
  facet normal  1.000000e+00  0.000000e+00  0.000000e+00
    outer loop
      vertex   3.570000e-01 -8.282084e-03  6.319202e-01
      vertex   3.570000e-01 -9.202321e-03  6.342447e-01
      vertex   3.570000e-01 -1.148232e-02  6.332071e-01
    endloop
  endfacet
  facet normal  1.000000e+00  0.000000e+00  0.000000e+00
    outer loop
      vertex   3.570000e-01 -8.282084e-03  6.319202e-01
      vertex   3.570000e-01 -1.148232e-02  6.332071e-01
      vertex   3.570000e-01 -1.033408e-02  6.309864e-01
    endloop
  endfacet
  facet normal  1.000000e+00  0.000000e+00  0.000000e+00
    outer loop
      vertex   3.570000e-01 -1.033408e-02  6.309864e-01
      vertex   3.570000e-01 -1.148232e-02  6.332071e-01
      vertex   3.570000e-01 -1.368020e-02  6.319249e-01
    endloop
  endfacet
  facet normal  1.000000e+00  0.000000e+00  0.000000e+00
    outer loop
      vertex   3.570000e-01 -1.033408e-02  6.309864e-01
      vertex   3.570000e-01 -1.368020e-02  6.319249e-01
      vertex   3.570000e-01 -1.231217e-02  6.298324e-01
    endloop
  endfacet
  facet normal  1.000000e+00  0.000000e+00  0.000000e+00
    outer loop
      vertex   3.570000e-01 -1.231217e-02  6.298324e-01
      vertex   3.570000e-01 -1.368020e-02  6.319249e-01
      vertex   3.570000e-01 -1.575741e-02  6.304088e-01
    endloop
  endfacet
  facet normal  1.000000e+00  0.000000e+00  0.000000e+00
    outer loop
      vertex   3.570000e-01 -1.231217e-02  6.298324e-01
      vertex   3.570000e-01 -1.575741e-02  6.304088e-01
      vertex   3.570000e-01 -1.418166e-02  6.284680e-01
    endloop
  endfacet
  facet normal  1.000000e+00  0.000000e+00  0.000000e+00
    outer loop
      vertex   3.570000e-01 -1.418166e-02  6.284680e-01
      vertex   3.570000e-01 -1.575741e-02  6.304088e-01
      vertex   3.570000e-01 -1.767762e-02  6.286777e-01
    endloop
  endfacet
  facet normal  1.000000e+00  0.000000e+00  0.000000e+00
    outer loop
      vertex   3.570000e-01 -1.418166e-02  6.284680e-01
      vertex   3.570000e-01 -1.767762e-02  6.286777e-01
      vertex   3.570000e-01 -1.590986e-02  6.269099e-01
    endloop
  endfacet
  facet normal  1.000000e+00  0.000000e+00  0.000000e+00
    outer loop
      vertex   3.570000e-01 -1.590986e-02  6.269099e-01
      vertex   3.570000e-01 -1.767762e-02  6.286777e-01
      vertex   3.570000e-01 -1.940878e-02  6.267574e-01
    endloop
  endfacet
  facet normal  1.000000e+00  0.000000e+00  0.000000e+00
    outer loop
      vertex   3.570000e-01 -1.590986e-02  6.269099e-01
      vertex   3.570000e-01 -1.940878e-02  6.267574e-01
      vertex   3.570000e-01 -1.746790e-02  6.251817e-01
    endloop
  endfacet
  facet normal  1.000000e+00  0.000000e+00  0.000000e+00
    outer loop
      vertex   3.570000e-01 -1.746790e-02  6.251817e-01
      vertex   3.570000e-01 -1.940878e-02  6.267574e-01
      vertex   3.570000e-01 -2.092484e-02  6.246802e-01
    endloop
  endfacet
  facet normal  1.000000e+00  0.000000e+00  0.000000e+00
    outer loop
      vertex   3.570000e-01 -1.746790e-02  6.251817e-01
      vertex   3.570000e-01 -2.092484e-02  6.246802e-01
      vertex   3.570000e-01 -1.883236e-02  6.233122e-01
    endloop
  endfacet
  facet normal  1.000000e+00  0.000000e+00  0.000000e+00
    outer loop
      vertex   3.570000e-01 -1.883236e-02  6.233122e-01
      vertex   3.570000e-01 -2.092484e-02  6.246802e-01
      vertex   3.570000e-01 -2.220706e-02  6.224824e-01
    endloop
  endfacet
  facet normal  1.000000e+00  0.000000e+00  0.000000e+00
    outer loop
      vertex   3.570000e-01 -1.883236e-02  6.233122e-01
      vertex   3.570000e-01 -2.220706e-02  6.224824e-01
      vertex   3.570000e-01 -1.998635e-02  6.213341e-01
    endloop
  endfacet
  facet normal  1.000000e+00  0.000000e+00  0.000000e+00
    outer loop
      vertex   3.570000e-01 -1.998635e-02  6.213341e-01
      vertex   3.570000e-01 -2.220706e-02  6.224824e-01
      vertex   3.570000e-01 -2.324466e-02  6.202024e-01
    endloop
  endfacet
  facet normal  1.000000e+00  0.000000e+00  0.000000e+00
    outer loop
      vertex   3.570000e-01 -1.998635e-02  6.213341e-01
      vertex   3.570000e-01 -2.324466e-02  6.202024e-01
      vertex   3.570000e-01 -2.092019e-02  6.192821e-01
    endloop
  endfacet
  facet normal  1.000000e+00  0.000000e+00  0.000000e+00
    outer loop
      vertex   3.570000e-01 -2.092019e-02  6.192821e-01
      vertex   3.570000e-01 -2.324466e-02  6.202024e-01
      vertex   3.570000e-01 -2.403493e-02  6.178790e-01
    endloop
  endfacet
  facet normal  1.000000e+00  0.000000e+00  0.000000e+00
    outer loop
      vertex   3.570000e-01 -2.092019e-02  6.192821e-01
      vertex   3.570000e-01 -2.403493e-02  6.178790e-01
      vertex   3.570000e-01 -2.163143e-02  6.171911e-01
    endloop
  endfacet
  facet normal  1.000000e+00  0.000000e+00  0.000000e+00
    outer loop
      vertex   3.570000e-01 -2.163143e-02  6.171911e-01
      vertex   3.570000e-01 -2.403493e-02  6.178790e-01
      vertex   3.570000e-01 -2.458259e-02  6.155491e-01
    endloop
  endfacet
  facet normal  1.000000e+00  0.000000e+00  0.000000e+00
    outer loop
      vertex   3.570000e-01 -2.163143e-02  6.171911e-01
      vertex   3.570000e-01 -2.458259e-02  6.155491e-01
      vertex   3.570000e-01 -2.212433e-02  6.150942e-01
    endloop
  endfacet
  facet normal  1.000000e+00  0.000000e+00  0.000000e+00
    outer loop
      vertex   3.570000e-01 -2.212433e-02  6.150942e-01
      vertex   3.570000e-01 -2.458259e-02  6.155491e-01
      vertex   3.570000e-01 -2.489883e-02  6.132464e-01
    endloop
  endfacet
  facet normal  1.000000e+00  0.000000e+00  0.000000e+00
    outer loop
      vertex   3.570000e-01 -2.212433e-02  6.150942e-01
      vertex   3.570000e-01 -2.489883e-02  6.132464e-01
      vertex   3.570000e-01 -2.240894e-02  6.130217e-01
    endloop
  endfacet
  facet normal  1.000000e+00  0.000000e+00  0.000000e+00
    outer loop
      vertex   3.570000e-01 -2.240894e-02  6.130217e-01
      vertex   3.570000e-01 -2.489883e-02  6.132464e-01
      vertex   3.570000e-01 -2.499996e-02  6.110000e-01
    endloop
  endfacet
  facet normal  1.000000e+00  0.000000e+00  0.000000e+00
    outer loop
      vertex   3.570000e-01 -2.240894e-02  6.130217e-01
      vertex   3.570000e-01 -2.499996e-02  6.110000e-01
      vertex   3.570000e-01 -2.249996e-02  6.110000e-01
    endloop
  endfacet
  facet normal  1.000000e+00  0.000000e+00  0.000000e+00
    outer loop
      vertex   3.570000e-01 -2.249996e-02  6.110000e-01
      vertex   3.570000e-01 -2.499996e-02  6.110000e-01
      vertex   3.570000e-01 -2.240894e-02  6.089783e-01
    endloop
  endfacet
  facet normal  1.000000e+00  0.000000e+00  0.000000e+00
    outer loop
      vertex   3.570000e-01 -2.240894e-02  6.089783e-01
      vertex   3.570000e-01 -2.499996e-02  6.110000e-01
      vertex   3.570000e-01 -2.489883e-02  6.087536e-01
    endloop
  endfacet
  facet normal  1.000000e+00  0.000000e+00  0.000000e+00
    outer loop
      vertex   3.570000e-01 -2.240894e-02  6.089783e-01
      vertex   3.570000e-01 -2.489883e-02  6.087536e-01
      vertex   3.570000e-01 -2.212433e-02  6.069058e-01
    endloop
  endfacet
  facet normal  1.000000e+00  0.000000e+00  0.000000e+00
    outer loop
      vertex   3.570000e-01 -2.212433e-02  6.069058e-01
      vertex   3.570000e-01 -2.489883e-02  6.087536e-01
      vertex   3.570000e-01 -2.458259e-02  6.064509e-01
    endloop
  endfacet
  facet normal  1.000000e+00  0.000000e+00  0.000000e+00
    outer loop
      vertex   3.570000e-01 -2.212433e-02  6.069058e-01
      vertex   3.570000e-01 -2.458259e-02  6.064509e-01
      vertex   3.570000e-01 -2.163143e-02  6.048089e-01
    endloop
  endfacet
  facet normal  1.000000e+00  0.000000e+00  0.000000e+00
    outer loop
      vertex   3.570000e-01 -2.163143e-02  6.048089e-01
      vertex   3.570000e-01 -2.458259e-02  6.064509e-01
      vertex   3.570000e-01 -2.403493e-02  6.041210e-01
    endloop
  endfacet
  facet normal  1.000000e+00  0.000000e+00  0.000000e+00
    outer loop
      vertex   3.570000e-01 -2.163143e-02  6.048089e-01
      vertex   3.570000e-01 -2.403493e-02  6.041210e-01
      vertex   3.570000e-01 -2.092019e-02  6.027179e-01
    endloop
  endfacet
  facet normal  1.000000e+00  0.000000e+00  0.000000e+00
    outer loop
      vertex   3.570000e-01 -2.092019e-02  6.027179e-01
      vertex   3.570000e-01 -2.403493e-02  6.041210e-01
      vertex   3.570000e-01 -2.324466e-02  6.017976e-01
    endloop
  endfacet
  facet normal  1.000000e+00  0.000000e+00  0.000000e+00
    outer loop
      vertex   3.570000e-01 -2.092019e-02  6.027179e-01
      vertex   3.570000e-01 -2.324466e-02  6.017976e-01
      vertex   3.570000e-01 -1.998635e-02  6.006659e-01
    endloop
  endfacet
  facet normal  1.000000e+00  0.000000e+00  0.000000e+00
    outer loop
      vertex   3.570000e-01 -1.998635e-02  6.006659e-01
      vertex   3.570000e-01 -2.324466e-02  6.017976e-01
      vertex   3.570000e-01 -2.220706e-02  5.995176e-01
    endloop
  endfacet
  facet normal  1.000000e+00  0.000000e+00  0.000000e+00
    outer loop
      vertex   3.570000e-01 -1.998635e-02  6.006659e-01
      vertex   3.570000e-01 -2.220706e-02  5.995176e-01
      vertex   3.570000e-01 -1.883236e-02  5.986878e-01
    endloop
  endfacet
  facet normal  1.000000e+00  0.000000e+00  0.000000e+00
    outer loop
      vertex   3.570000e-01 -1.883236e-02  5.986878e-01
      vertex   3.570000e-01 -2.220706e-02  5.995176e-01
      vertex   3.570000e-01 -2.092485e-02  5.973198e-01
    endloop
  endfacet
  facet normal  1.000000e+00  0.000000e+00  0.000000e+00
    outer loop
      vertex   3.570000e-01 -1.883236e-02  5.986878e-01
      vertex   3.570000e-01 -2.092485e-02  5.973198e-01
      vertex   3.570000e-01 -1.746790e-02  5.968183e-01
    endloop
  endfacet
  facet normal  1.000000e+00  0.000000e+00  0.000000e+00
    outer loop
      vertex   3.570000e-01 -1.746790e-02  5.968183e-01
      vertex   3.570000e-01 -2.092485e-02  5.973198e-01
      vertex   3.570000e-01 -1.940879e-02  5.952426e-01
    endloop
  endfacet
  facet normal  1.000000e+00  0.000000e+00  0.000000e+00
    outer loop
      vertex   3.570000e-01 -1.746790e-02  5.968183e-01
      vertex   3.570000e-01 -1.940879e-02  5.952426e-01
      vertex   3.570000e-01 -1.590986e-02  5.950901e-01
    endloop
  endfacet
  facet normal  1.000000e+00  0.000000e+00  0.000000e+00
    outer loop
      vertex   3.570000e-01 -1.590986e-02  5.950901e-01
      vertex   3.570000e-01 -1.940879e-02  5.952426e-01
      vertex   3.570000e-01 -1.767763e-02  5.933223e-01
    endloop
  endfacet
  facet normal  1.000000e+00  0.000000e+00  0.000000e+00
    outer loop
      vertex   3.570000e-01 -1.590986e-02  5.950901e-01
      vertex   3.570000e-01 -1.767763e-02  5.933223e-01
      vertex   3.570000e-01 -1.418166e-02  5.935321e-01
    endloop
  endfacet
  facet normal  1.000000e+00  0.000000e+00  0.000000e+00
    outer loop
      vertex   3.570000e-01 -1.418166e-02  5.935321e-01
      vertex   3.570000e-01 -1.767763e-02  5.933223e-01
      vertex   3.570000e-01 -1.575741e-02  5.915912e-01
    endloop
  endfacet
  facet normal  1.000000e+00  0.000000e+00  0.000000e+00
    outer loop
      vertex   3.570000e-01 -1.418166e-02  5.935321e-01
      vertex   3.570000e-01 -1.575741e-02  5.915912e-01
      vertex   3.570000e-01 -1.231218e-02  5.921676e-01
    endloop
  endfacet
  facet normal  1.000000e+00  0.000000e+00  0.000000e+00
    outer loop
      vertex   3.570000e-01 -1.231218e-02  5.921676e-01
      vertex   3.570000e-01 -1.575741e-02  5.915912e-01
      vertex   3.570000e-01 -1.368020e-02  5.900751e-01
    endloop
  endfacet
  facet normal  1.000000e+00  0.000000e+00  0.000000e+00
    outer loop
      vertex   3.570000e-01 -1.231218e-02  5.921676e-01
      vertex   3.570000e-01 -1.368020e-02  5.900751e-01
      vertex   3.570000e-01 -1.033408e-02  5.910136e-01
    endloop
  endfacet
  facet normal  1.000000e+00  0.000000e+00  0.000000e+00
    outer loop
      vertex   3.570000e-01 -1.033408e-02  5.910136e-01
      vertex   3.570000e-01 -1.368020e-02  5.900751e-01
      vertex   3.570000e-01 -1.148232e-02  5.887929e-01
    endloop
  endfacet
  facet normal  1.000000e+00  0.000000e+00  0.000000e+00
    outer loop
      vertex   3.570000e-01 -1.033408e-02  5.910136e-01
      vertex   3.570000e-01 -1.148232e-02  5.887929e-01
      vertex   3.570000e-01 -8.282088e-03  5.900798e-01
    endloop
  endfacet
  facet normal  1.000000e+00  0.000000e+00  0.000000e+00
    outer loop
      vertex   3.570000e-01 -8.282088e-03  5.900798e-01
      vertex   3.570000e-01 -1.148232e-02  5.887929e-01
      vertex   3.570000e-01 -9.202325e-03  5.877553e-01
    endloop
  endfacet
  facet normal  1.000000e+00  0.000000e+00  0.000000e+00
    outer loop
      vertex   3.570000e-01 -8.282088e-03  5.900798e-01
      vertex   3.570000e-01 -9.202325e-03  5.877553e-01
      vertex   3.570000e-01 -6.191018e-03  5.893685e-01
    endloop
  endfacet
  facet normal  1.000000e+00  0.000000e+00  0.000000e+00
    outer loop
      vertex   3.570000e-01 -6.191018e-03  5.893685e-01
      vertex   3.570000e-01 -9.202325e-03  5.877553e-01
      vertex   3.570000e-01 -6.878913e-03  5.869650e-01
    endloop
  endfacet
  facet normal  1.000000e+00  0.000000e+00  0.000000e+00
    outer loop
      vertex   3.570000e-01 -6.191018e-03  5.893685e-01
      vertex   3.570000e-01 -6.878913e-03  5.869650e-01
      vertex   3.570000e-01 -4.094126e-03  5.888757e-01
    endloop
  endfacet
  facet normal  1.000000e+00  0.000000e+00  0.000000e+00
    outer loop
      vertex   3.570000e-01 -4.094126e-03  5.888757e-01
      vertex   3.570000e-01 -6.878913e-03  5.869650e-01
      vertex   3.570000e-01 -4.549034e-03  5.864174e-01
    endloop
  endfacet
  facet normal  1.000000e+00  0.000000e+00  0.000000e+00
    outer loop
      vertex   3.570000e-01 -4.094126e-03  5.888757e-01
      vertex   3.570000e-01 -4.549034e-03  5.864174e-01
      vertex   3.570000e-01 -2.021682e-03  5.885910e-01
    endloop
  endfacet
  facet normal  1.000000e+00  0.000000e+00  0.000000e+00
    outer loop
      vertex   3.570000e-01 -2.021682e-03  5.885910e-01
      vertex   3.570000e-01 -4.549034e-03  5.864174e-01
      vertex   3.570000e-01 -2.246318e-03  5.861011e-01
    endloop
  endfacet
  facet normal  1.000000e+00  0.000000e+00  0.000000e+00
    outer loop
      vertex   3.570000e-01 -2.021682e-03  5.885910e-01
      vertex   3.570000e-01 -2.246318e-03  5.861011e-01
      vertex   3.570000e-01  4.299605e-08  5.860000e-01
    endloop
  endfacet
  facet normal  1.000000e+00  0.000000e+00  0.000000e+00
    outer loop
      vertex   3.570000e-01 -2.021682e-03  5.885910e-01
      vertex   3.570000e-01  4.299605e-08  5.860000e-01
      vertex   3.570000e-01  4.318479e-08  5.885000e-01
    endloop
  endfacet
  facet normal  1.000000e+00  0.000000e+00  0.000000e+00
    outer loop
      vertex   3.570000e-01  4.318479e-08  5.885000e-01
      vertex   3.570000e-01  4.299605e-08  5.860000e-01
      vertex   3.570000e-01  2.246404e-03  5.861011e-01
    endloop
  endfacet
  facet normal  1.000000e+00 -0.000000e+00  0.000000e+00
    outer loop
      vertex   3.570000e-01  4.318479e-08  5.885000e-01
      vertex   3.570000e-01  2.246404e-03  5.861011e-01
      vertex   3.570000e-01  2.021768e-03  5.885910e-01
    endloop
  endfacet
  facet normal  1.000000e+00  0.000000e+00  0.000000e+00
    outer loop
      vertex   3.570000e-01  2.021768e-03  5.885910e-01
      vertex   3.570000e-01  2.246404e-03  5.861011e-01
      vertex   3.570000e-01  4.549120e-03  5.864174e-01
    endloop
  endfacet
  facet normal  1.000000e+00 -0.000000e+00  0.000000e+00
    outer loop
      vertex   3.570000e-01  2.021768e-03  5.885910e-01
      vertex   3.570000e-01  4.549120e-03  5.864174e-01
      vertex   3.570000e-01  4.094212e-03  5.888757e-01
    endloop
  endfacet
  facet normal  1.000000e+00  0.000000e+00  0.000000e+00
    outer loop
      vertex   3.570000e-01  4.094212e-03  5.888757e-01
      vertex   3.570000e-01  4.549120e-03  5.864174e-01
      vertex   3.570000e-01  6.878999e-03  5.869650e-01
    endloop
  endfacet
  facet normal  1.000000e+00 -0.000000e+00  0.000000e+00
    outer loop
      vertex   3.570000e-01  4.094212e-03  5.888757e-01
      vertex   3.570000e-01  6.878999e-03  5.869650e-01
      vertex   3.570000e-01  6.191103e-03  5.893685e-01
    endloop
  endfacet
  facet normal  1.000000e+00  0.000000e+00  0.000000e+00
    outer loop
      vertex   3.570000e-01  6.191103e-03  5.893685e-01
      vertex   3.570000e-01  6.878999e-03  5.869650e-01
      vertex   3.570000e-01  9.202412e-03  5.877553e-01
    endloop
  endfacet
  facet normal  1.000000e+00 -0.000000e+00  0.000000e+00
    outer loop
      vertex   3.570000e-01  6.191103e-03  5.893685e-01
      vertex   3.570000e-01  9.202412e-03  5.877553e-01
      vertex   3.570000e-01  8.282175e-03  5.900798e-01
    endloop
  endfacet
  facet normal  1.000000e+00  0.000000e+00  0.000000e+00
    outer loop
      vertex   3.570000e-01  8.282175e-03  5.900798e-01
      vertex   3.570000e-01  9.202412e-03  5.877553e-01
      vertex   3.570000e-01  1.148241e-02  5.887929e-01
    endloop
  endfacet
  facet normal  1.000000e+00 -0.000000e+00  0.000000e+00
    outer loop
      vertex   3.570000e-01  8.282175e-03  5.900798e-01
      vertex   3.570000e-01  1.148241e-02  5.887929e-01
      vertex   3.570000e-01  1.033417e-02  5.910136e-01
    endloop
  endfacet
  facet normal  1.000000e+00  0.000000e+00  0.000000e+00
    outer loop
      vertex   3.570000e-01  1.033417e-02  5.910136e-01
      vertex   3.570000e-01  1.148241e-02  5.887929e-01
      vertex   3.570000e-01  1.368029e-02  5.900751e-01
    endloop
  endfacet
  facet normal  1.000000e+00 -0.000000e+00  0.000000e+00
    outer loop
      vertex   3.570000e-01  1.033417e-02  5.910136e-01
      vertex   3.570000e-01  1.368029e-02  5.900751e-01
      vertex   3.570000e-01  1.231226e-02  5.921676e-01
    endloop
  endfacet
  facet normal  1.000000e+00  0.000000e+00  0.000000e+00
    outer loop
      vertex   3.570000e-01  1.231226e-02  5.921676e-01
      vertex   3.570000e-01  1.368029e-02  5.900751e-01
      vertex   3.570000e-01  1.575750e-02  5.915912e-01
    endloop
  endfacet
  facet normal  1.000000e+00 -0.000000e+00  0.000000e+00
    outer loop
      vertex   3.570000e-01  1.231226e-02  5.921676e-01
      vertex   3.570000e-01  1.575750e-02  5.915912e-01
      vertex   3.570000e-01  1.418175e-02  5.935320e-01
    endloop
  endfacet
  facet normal  1.000000e+00  0.000000e+00  0.000000e+00
    outer loop
      vertex   3.570000e-01  1.418175e-02  5.935320e-01
      vertex   3.570000e-01  1.575750e-02  5.915912e-01
      vertex   3.570000e-01  1.767771e-02  5.933223e-01
    endloop
  endfacet
  facet normal  1.000000e+00 -0.000000e+00  0.000000e+00
    outer loop
      vertex   3.570000e-01  1.418175e-02  5.935320e-01
      vertex   3.570000e-01  1.767771e-02  5.933223e-01
      vertex   3.570000e-01  1.590995e-02  5.950901e-01
    endloop
  endfacet
  facet normal  1.000000e+00 -0.000000e+00  0.000000e+00
    outer loop
      vertex   3.570000e-01  1.590995e-02  5.950901e-01
      vertex   3.570000e-01  1.767771e-02  5.933223e-01
      vertex   3.570000e-01  1.940887e-02  5.952426e-01
    endloop
  endfacet
  facet normal  1.000000e+00  0.000000e+00  0.000000e+00
    outer loop
      vertex   3.570000e-01  1.590995e-02  5.950901e-01
      vertex   3.570000e-01  1.940887e-02  5.952426e-01
      vertex   3.570000e-01  1.746799e-02  5.968183e-01
    endloop
  endfacet
  facet normal  1.000000e+00 -0.000000e+00  0.000000e+00
    outer loop
      vertex   3.570000e-01  1.746799e-02  5.968183e-01
      vertex   3.570000e-01  1.940887e-02  5.952426e-01
      vertex   3.570000e-01  2.092493e-02  5.973198e-01
    endloop
  endfacet
  facet normal  1.000000e+00  0.000000e+00  0.000000e+00
    outer loop
      vertex   3.570000e-01  1.746799e-02  5.968183e-01
      vertex   3.570000e-01  2.092493e-02  5.973198e-01
      vertex   3.570000e-01  1.883245e-02  5.986878e-01
    endloop
  endfacet
  facet normal  1.000000e+00 -0.000000e+00  0.000000e+00
    outer loop
      vertex   3.570000e-01  1.883245e-02  5.986878e-01
      vertex   3.570000e-01  2.092493e-02  5.973198e-01
      vertex   3.570000e-01  2.220715e-02  5.995176e-01
    endloop
  endfacet
  facet normal  1.000000e+00  0.000000e+00  0.000000e+00
    outer loop
      vertex   3.570000e-01  1.883245e-02  5.986878e-01
      vertex   3.570000e-01  2.220715e-02  5.995176e-01
      vertex   3.570000e-01  1.998644e-02  6.006659e-01
    endloop
  endfacet
  facet normal  1.000000e+00 -0.000000e+00  0.000000e+00
    outer loop
      vertex   3.570000e-01  1.998644e-02  6.006659e-01
      vertex   3.570000e-01  2.220715e-02  5.995176e-01
      vertex   3.570000e-01  2.324475e-02  6.017976e-01
    endloop
  endfacet
  facet normal  1.000000e+00  0.000000e+00  0.000000e+00
    outer loop
      vertex   3.570000e-01  1.998644e-02  6.006659e-01
      vertex   3.570000e-01  2.324475e-02  6.017976e-01
      vertex   3.570000e-01  2.092028e-02  6.027179e-01
    endloop
  endfacet
  facet normal  1.000000e+00 -0.000000e+00  0.000000e+00
    outer loop
      vertex   3.570000e-01  2.092028e-02  6.027179e-01
      vertex   3.570000e-01  2.324475e-02  6.017976e-01
      vertex   3.570000e-01  2.403502e-02  6.041210e-01
    endloop
  endfacet
  facet normal  1.000000e+00  0.000000e+00  0.000000e+00
    outer loop
      vertex   3.570000e-01  2.092028e-02  6.027179e-01
      vertex   3.570000e-01  2.403502e-02  6.041210e-01
      vertex   3.570000e-01  2.163152e-02  6.048089e-01
    endloop
  endfacet
  facet normal  1.000000e+00 -0.000000e+00  0.000000e+00
    outer loop
      vertex   3.570000e-01  2.163152e-02  6.048089e-01
      vertex   3.570000e-01  2.403502e-02  6.041210e-01
      vertex   3.570000e-01  2.458268e-02  6.064509e-01
    endloop
  endfacet
  facet normal  1.000000e+00  0.000000e+00  0.000000e+00
    outer loop
      vertex   3.570000e-01  2.163152e-02  6.048089e-01
      vertex   3.570000e-01  2.458268e-02  6.064509e-01
      vertex   3.570000e-01  2.212442e-02  6.069058e-01
    endloop
  endfacet
  facet normal  1.000000e+00 -0.000000e+00  0.000000e+00
    outer loop
      vertex   3.570000e-01  2.212442e-02  6.069058e-01
      vertex   3.570000e-01  2.458268e-02  6.064509e-01
      vertex   3.570000e-01  2.489892e-02  6.087536e-01
    endloop
  endfacet
  facet normal -1.000000e+00  0.000000e+00  0.000000e+00
    outer loop
      vertex   3.495000e-01 -2.911363e-03  6.267329e-01
      vertex   3.495000e-01  4.665770e-08  6.270000e-01
      vertex   3.495000e-01  4.544973e-08  6.110000e-01
    endloop
  endfacet
  facet normal -1.000000e+00  0.000000e+00  0.000000e+00
    outer loop
      vertex   3.495000e-01  4.544973e-08  6.110000e-01
      vertex   3.495000e-01  4.665770e-08  6.270000e-01
      vertex   3.495000e-01  2.911456e-03  6.267329e-01
    endloop
  endfacet
  facet normal -1.000000e+00  0.000000e+00  0.000000e+00
    outer loop
      vertex   3.495000e-01  4.544973e-08  6.110000e-01
      vertex   3.495000e-01  2.911456e-03  6.267329e-01
      vertex   3.495000e-01  4.402578e-03  6.263824e-01
    endloop
  endfacet
  facet normal -1.000000e+00  0.000000e+00 -0.000000e+00
    outer loop
      vertex   3.495000e-01  4.402578e-03  6.263824e-01
      vertex   3.495000e-01  5.889562e-03  6.258766e-01
      vertex   3.495000e-01  4.544973e-08  6.110000e-01
    endloop
  endfacet
  facet normal -1.000000e+00  0.000000e+00  0.000000e+00
    outer loop
      vertex   3.495000e-01  4.544973e-08  6.110000e-01
      vertex   3.495000e-01  5.889562e-03  6.258766e-01
      vertex   3.495000e-01  7.348760e-03  6.252126e-01
    endloop
  endfacet
  facet normal -1.000000e+00  0.000000e+00  0.000000e+00
    outer loop
      vertex   3.495000e-01  4.544973e-08  6.110000e-01
      vertex   3.495000e-01  7.348760e-03  6.252126e-01
      vertex   3.495000e-01  8.755404e-03  6.243919e-01
    endloop
  endfacet
  facet normal -1.000000e+00  0.000000e+00 -0.000000e+00
    outer loop
      vertex   3.495000e-01  8.755404e-03  6.243919e-01
      vertex   3.495000e-01  1.008482e-02  6.234217e-01
      vertex   3.495000e-01  4.544973e-08  6.110000e-01
    endloop
  endfacet
  facet normal -1.000000e+00  0.000000e+00  0.000000e+00
    outer loop
      vertex   3.495000e-01  4.544973e-08  6.110000e-01
      vertex   3.495000e-01  1.008482e-02  6.234217e-01
      vertex   3.495000e-01  1.131376e-02  6.223137e-01
    endloop
  endfacet
  facet normal -1.000000e+00  0.000000e+00  0.000000e+00
    outer loop
      vertex   3.495000e-01  4.544973e-08  6.110000e-01
      vertex   3.495000e-01  1.131376e-02  6.223137e-01
      vertex   3.495000e-01  1.242170e-02  6.210847e-01
    endloop
  endfacet
  facet normal -1.000000e+00  0.000000e+00 -0.000000e+00
    outer loop
      vertex   3.495000e-01  1.242170e-02  6.210847e-01
      vertex   3.495000e-01  1.339198e-02  6.197554e-01
      vertex   3.495000e-01  4.544973e-08  6.110000e-01
    endloop
  endfacet
  facet normal -1.000000e+00  0.000000e+00  0.000000e+00
    outer loop
      vertex   3.495000e-01  4.544973e-08  6.110000e-01
      vertex   3.495000e-01  1.339198e-02  6.197554e-01
      vertex   3.495000e-01  1.421259e-02  6.183487e-01
    endloop
  endfacet
  facet normal -1.000000e+00  0.000000e+00  0.000000e+00
    outer loop
      vertex   3.495000e-01  4.544973e-08  6.110000e-01
      vertex   3.495000e-01  1.421259e-02  6.183487e-01
      vertex   3.495000e-01  1.487666e-02  6.168895e-01
    endloop
  endfacet
  facet normal -1.000000e+00  0.000000e+00 -0.000000e+00
    outer loop
      vertex   3.495000e-01  1.487666e-02  6.168895e-01
      vertex   3.495000e-01  1.538243e-02  6.154025e-01
      vertex   3.495000e-01  4.544973e-08  6.110000e-01
    endloop
  endfacet
  facet normal -1.000000e+00  0.000000e+00  0.000000e+00
    outer loop
      vertex   3.495000e-01  4.544973e-08  6.110000e-01
      vertex   3.495000e-01  1.538243e-02  6.154025e-01
      vertex   3.495000e-01  1.573293e-02  6.139114e-01
    endloop
  endfacet
  facet normal -1.000000e+00  0.000000e+00  0.000000e+00
    outer loop
      vertex   3.495000e-01  4.544973e-08  6.110000e-01
      vertex   3.495000e-01  1.573293e-02  6.139114e-01
      vertex   3.495000e-01  1.600005e-02  6.110000e-01
    endloop
  endfacet
  facet normal -1.000000e+00 -0.000000e+00  0.000000e+00
    outer loop
      vertex   3.495000e-01  1.600005e-02  6.110000e-01
      vertex   3.495000e-01  1.573293e-02  6.080886e-01
      vertex   3.495000e-01  4.544973e-08  6.110000e-01
    endloop
  endfacet
  facet normal -1.000000e+00  0.000000e+00  0.000000e+00
    outer loop
      vertex   3.495000e-01  4.544973e-08  6.110000e-01
      vertex   3.495000e-01  1.573293e-02  6.080886e-01
      vertex   3.495000e-01  1.538243e-02  6.065975e-01
    endloop
  endfacet
  facet normal -1.000000e+00  0.000000e+00  0.000000e+00
    outer loop
      vertex   3.495000e-01  4.544973e-08  6.110000e-01
      vertex   3.495000e-01  1.538243e-02  6.065975e-01
      vertex   3.495000e-01  1.487666e-02  6.051105e-01
    endloop
  endfacet
  facet normal -1.000000e+00 -0.000000e+00  0.000000e+00
    outer loop
      vertex   3.495000e-01  1.487666e-02  6.051105e-01
      vertex   3.495000e-01  1.421259e-02  6.036513e-01
      vertex   3.495000e-01  4.544973e-08  6.110000e-01
    endloop
  endfacet
  facet normal -1.000000e+00  0.000000e+00  0.000000e+00
    outer loop
      vertex   3.495000e-01  4.544973e-08  6.110000e-01
      vertex   3.495000e-01  1.421259e-02  6.036513e-01
      vertex   3.495000e-01  1.339197e-02  6.022446e-01
    endloop
  endfacet
  facet normal -1.000000e+00  0.000000e+00  0.000000e+00
    outer loop
      vertex   3.495000e-01  4.544973e-08  6.110000e-01
      vertex   3.495000e-01  1.339197e-02  6.022446e-01
      vertex   3.495000e-01  1.242170e-02  6.009153e-01
    endloop
  endfacet
  facet normal -1.000000e+00 -0.000000e+00  0.000000e+00
    outer loop
      vertex   3.495000e-01  1.242170e-02  6.009153e-01
      vertex   3.495000e-01  1.131375e-02  5.996863e-01
      vertex   3.495000e-01  4.544973e-08  6.110000e-01
    endloop
  endfacet
  facet normal -1.000000e+00  0.000000e+00  0.000000e+00
    outer loop
      vertex   3.495000e-01  4.544973e-08  6.110000e-01
      vertex   3.495000e-01  1.131375e-02  5.996863e-01
      vertex   3.495000e-01  1.008482e-02  5.985783e-01
    endloop
  endfacet
  facet normal -1.000000e+00  0.000000e+00  0.000000e+00
    outer loop
      vertex   3.495000e-01  4.544973e-08  6.110000e-01
      vertex   3.495000e-01  1.008482e-02  5.985783e-01
      vertex   3.495000e-01  8.755402e-03  5.976081e-01
    endloop
  endfacet
  facet normal -1.000000e+00 -0.000000e+00  0.000000e+00
    outer loop
      vertex   3.495000e-01  8.755402e-03  5.976081e-01
      vertex   3.495000e-01  7.348759e-03  5.967875e-01
      vertex   3.495000e-01  4.544973e-08  6.110000e-01
    endloop
  endfacet
  facet normal -1.000000e+00  0.000000e+00  0.000000e+00
    outer loop
      vertex   3.495000e-01  4.544973e-08  6.110000e-01
      vertex   3.495000e-01  7.348759e-03  5.967875e-01
      vertex   3.495000e-01  5.889561e-03  5.961234e-01
    endloop
  endfacet
  facet normal -1.000000e+00  0.000000e+00  0.000000e+00
    outer loop
      vertex   3.495000e-01  4.544973e-08  6.110000e-01
      vertex   3.495000e-01  5.889561e-03  5.961234e-01
      vertex   3.495000e-01  4.402576e-03  5.956176e-01
    endloop
  endfacet
  facet normal -1.000000e+00 -0.000000e+00  0.000000e+00
    outer loop
      vertex   3.495000e-01  4.402576e-03  5.956176e-01
      vertex   3.495000e-01  2.911453e-03  5.952671e-01
      vertex   3.495000e-01  4.544973e-08  6.110000e-01
    endloop
  endfacet
  facet normal -1.000000e+00  0.000000e+00 -0.000000e+00
    outer loop
      vertex   3.495000e-01  4.544973e-08  6.110000e-01
      vertex   3.495000e-01  2.911453e-03  5.952671e-01
      vertex   3.495000e-01  4.424177e-08  5.950000e-01
    endloop
  endfacet
  facet normal -1.000000e+00  0.000000e+00  0.000000e+00
    outer loop
      vertex   3.495000e-01  4.544973e-08  6.110000e-01
      vertex   3.495000e-01  4.424177e-08  5.950000e-01
      vertex   3.495000e-01 -2.911365e-03  5.952671e-01
    endloop
  endfacet
  facet normal -1.000000e+00  0.000000e+00  0.000000e+00
    outer loop
      vertex   3.495000e-01 -2.911365e-03  5.952671e-01
      vertex   3.495000e-01 -4.402487e-03  5.956176e-01
      vertex   3.495000e-01  4.544973e-08  6.110000e-01
    endloop
  endfacet
  facet normal -1.000000e+00  0.000000e+00  0.000000e+00
    outer loop
      vertex   3.495000e-01  4.544973e-08  6.110000e-01
      vertex   3.495000e-01 -4.402487e-03  5.956176e-01
      vertex   3.495000e-01 -5.889471e-03  5.961234e-01
    endloop
  endfacet
  facet normal -1.000000e+00  0.000000e+00  0.000000e+00
    outer loop
      vertex   3.495000e-01  4.544973e-08  6.110000e-01
      vertex   3.495000e-01 -5.889471e-03  5.961234e-01
      vertex   3.495000e-01 -7.348669e-03  5.967875e-01
    endloop
  endfacet
  facet normal -1.000000e+00  0.000000e+00  0.000000e+00
    outer loop
      vertex   3.495000e-01 -7.348669e-03  5.967875e-01
      vertex   3.495000e-01 -8.755312e-03  5.976081e-01
      vertex   3.495000e-01  4.544973e-08  6.110000e-01
    endloop
  endfacet
  facet normal -1.000000e+00  0.000000e+00  0.000000e+00
    outer loop
      vertex   3.495000e-01  4.544973e-08  6.110000e-01
      vertex   3.495000e-01 -8.755312e-03  5.976081e-01
      vertex   3.495000e-01 -1.008473e-02  5.985783e-01
    endloop
  endfacet
  facet normal -1.000000e+00  0.000000e+00  0.000000e+00
    outer loop
      vertex   3.495000e-01  4.544973e-08  6.110000e-01
      vertex   3.495000e-01 -1.008473e-02  5.985783e-01
      vertex   3.495000e-01 -1.131366e-02  5.996863e-01
    endloop
  endfacet
  facet normal -1.000000e+00  0.000000e+00  0.000000e+00
    outer loop
      vertex   3.495000e-01 -1.131366e-02  5.996863e-01
      vertex   3.495000e-01 -1.242161e-02  6.009153e-01
      vertex   3.495000e-01  4.544973e-08  6.110000e-01
    endloop
  endfacet
  facet normal -1.000000e+00  0.000000e+00  0.000000e+00
    outer loop
      vertex   3.495000e-01  4.544973e-08  6.110000e-01
      vertex   3.495000e-01 -1.242161e-02  6.009153e-01
      vertex   3.495000e-01 -1.339188e-02  6.022446e-01
    endloop
  endfacet
  facet normal -1.000000e+00  0.000000e+00  0.000000e+00
    outer loop
      vertex   3.495000e-01  4.544973e-08  6.110000e-01
      vertex   3.495000e-01 -1.339188e-02  6.022446e-01
      vertex   3.495000e-01 -1.421250e-02  6.036513e-01
    endloop
  endfacet
  facet normal -1.000000e+00  0.000000e+00  0.000000e+00
    outer loop
      vertex   3.495000e-01 -1.421250e-02  6.036513e-01
      vertex   3.495000e-01 -1.487657e-02  6.051105e-01
      vertex   3.495000e-01  4.544973e-08  6.110000e-01
    endloop
  endfacet
  facet normal -1.000000e+00  0.000000e+00  0.000000e+00
    outer loop
      vertex   3.495000e-01  4.544973e-08  6.110000e-01
      vertex   3.495000e-01 -1.487657e-02  6.051105e-01
      vertex   3.495000e-01 -1.538234e-02  6.065975e-01
    endloop
  endfacet
  facet normal -1.000000e+00  0.000000e+00  0.000000e+00
    outer loop
      vertex   3.495000e-01  4.544973e-08  6.110000e-01
      vertex   3.495000e-01 -1.538234e-02  6.065975e-01
      vertex   3.495000e-01 -1.573284e-02  6.080886e-01
    endloop
  endfacet
  facet normal -1.000000e+00  0.000000e+00  0.000000e+00
    outer loop
      vertex   3.495000e-01 -1.573284e-02  6.080886e-01
      vertex   3.495000e-01 -1.599995e-02  6.110000e-01
      vertex   3.495000e-01  4.544973e-08  6.110000e-01
    endloop
  endfacet
  facet normal -1.000000e+00  0.000000e+00  0.000000e+00
    outer loop
      vertex   3.495000e-01  4.544973e-08  6.110000e-01
      vertex   3.495000e-01 -1.599995e-02  6.110000e-01
      vertex   3.495000e-01 -1.573284e-02  6.139114e-01
    endloop
  endfacet
  facet normal -1.000000e+00  0.000000e+00  0.000000e+00
    outer loop
      vertex   3.495000e-01  4.544973e-08  6.110000e-01
      vertex   3.495000e-01 -1.573284e-02  6.139114e-01
      vertex   3.495000e-01 -1.538234e-02  6.154025e-01
    endloop
  endfacet
  facet normal -1.000000e+00  0.000000e+00  0.000000e+00
    outer loop
      vertex   3.495000e-01 -1.538234e-02  6.154025e-01
      vertex   3.495000e-01 -1.487657e-02  6.168895e-01
      vertex   3.495000e-01  4.544973e-08  6.110000e-01
    endloop
  endfacet
  facet normal -1.000000e+00  0.000000e+00  0.000000e+00
    outer loop
      vertex   3.495000e-01  4.544973e-08  6.110000e-01
      vertex   3.495000e-01 -1.487657e-02  6.168895e-01
      vertex   3.495000e-01 -1.421250e-02  6.183487e-01
    endloop
  endfacet
  facet normal -1.000000e+00  0.000000e+00  0.000000e+00
    outer loop
      vertex   3.495000e-01  4.544973e-08  6.110000e-01
      vertex   3.495000e-01 -1.421250e-02  6.183487e-01
      vertex   3.495000e-01 -1.339188e-02  6.197554e-01
    endloop
  endfacet
  facet normal -1.000000e+00  0.000000e+00  0.000000e+00
    outer loop
      vertex   3.495000e-01 -1.339188e-02  6.197554e-01
      vertex   3.495000e-01 -1.242161e-02  6.210847e-01
      vertex   3.495000e-01  4.544973e-08  6.110000e-01
    endloop
  endfacet
  facet normal -1.000000e+00  0.000000e+00  0.000000e+00
    outer loop
      vertex   3.495000e-01  4.544973e-08  6.110000e-01
      vertex   3.495000e-01 -1.242161e-02  6.210847e-01
      vertex   3.495000e-01 -1.131366e-02  6.223137e-01
    endloop
  endfacet
  facet normal -1.000000e+00  0.000000e+00  0.000000e+00
    outer loop
      vertex   3.495000e-01  4.544973e-08  6.110000e-01
      vertex   3.495000e-01 -1.131366e-02  6.223137e-01
      vertex   3.495000e-01 -1.008472e-02  6.234217e-01
    endloop
  endfacet
  facet normal -1.000000e+00  0.000000e+00  0.000000e+00
    outer loop
      vertex   3.495000e-01 -1.008472e-02  6.234217e-01
      vertex   3.495000e-01 -8.755310e-03  6.243919e-01
      vertex   3.495000e-01  4.544973e-08  6.110000e-01
    endloop
  endfacet
  facet normal -1.000000e+00  0.000000e+00  0.000000e+00
    outer loop
      vertex   3.495000e-01  4.544973e-08  6.110000e-01
      vertex   3.495000e-01 -8.755310e-03  6.243919e-01
      vertex   3.495000e-01 -7.348667e-03  6.252126e-01
    endloop
  endfacet
  facet normal -1.000000e+00  0.000000e+00  0.000000e+00
    outer loop
      vertex   3.495000e-01  4.544973e-08  6.110000e-01
      vertex   3.495000e-01 -7.348667e-03  6.252126e-01
      vertex   3.495000e-01 -5.889469e-03  6.258766e-01
    endloop
  endfacet
  facet normal -1.000000e+00  0.000000e+00  0.000000e+00
    outer loop
      vertex   3.495000e-01 -5.889469e-03  6.258766e-01
      vertex   3.495000e-01 -4.402485e-03  6.263824e-01
      vertex   3.495000e-01  4.544973e-08  6.110000e-01
    endloop
  endfacet
  facet normal -1.000000e+00  0.000000e+00  0.000000e+00
    outer loop
      vertex   3.495000e-01  4.544973e-08  6.110000e-01
      vertex   3.495000e-01 -4.402485e-03  6.263824e-01
      vertex   3.495000e-01 -2.911363e-03  6.267329e-01
    endloop
  endfacet
  facet normal -1.000000e+00  0.000000e+00  0.000000e+00
    outer loop
      vertex   3.550000e-01 -2.075591e-03  6.340066e-01
      vertex   3.550000e-01  4.677850e-08  6.341000e-01
      vertex   3.550000e-01  4.624246e-08  6.270000e-01
    endloop
  endfacet
  facet normal -1.000000e+00  0.000000e+00  0.000000e+00
    outer loop
      vertex   3.550000e-01  4.624246e-08  6.270000e-01
      vertex   3.550000e-01  4.677850e-08  6.341000e-01
      vertex   3.550000e-01  2.075684e-03  6.340066e-01
    endloop
  endfacet
  facet normal -1.000000e+00  0.000000e+00  0.000000e+00
    outer loop
      vertex   3.550000e-01  4.624246e-08  6.270000e-01
      vertex   3.550000e-01  2.075684e-03  6.340066e-01
      vertex   3.550000e-01  2.911455e-03  6.267329e-01
    endloop
  endfacet
  facet normal -1.000000e+00  0.000000e+00  0.000000e+00
    outer loop
      vertex   3.550000e-01  2.911455e-03  6.267329e-01
      vertex   3.550000e-01  2.075684e-03  6.340066e-01
      vertex   3.550000e-01  4.203394e-03  6.337144e-01
    endloop
  endfacet
  facet normal -1.000000e+00  0.000000e+00  0.000000e+00
    outer loop
      vertex   3.550000e-01  2.911455e-03  6.267329e-01
      vertex   3.550000e-01  4.203394e-03  6.337144e-01
      vertex   3.550000e-01  4.402578e-03  6.263824e-01
    endloop
  endfacet
  facet normal -1.000000e+00  0.000000e+00  0.000000e+00
    outer loop
      vertex   3.550000e-01  4.402578e-03  6.263824e-01
      vertex   3.550000e-01  4.203394e-03  6.337144e-01
      vertex   3.550000e-01  6.356202e-03  6.332083e-01
    endloop
  endfacet
  facet normal -1.000000e+00  0.000000e+00  0.000000e+00
    outer loop
      vertex   3.550000e-01  4.402578e-03  6.263824e-01
      vertex   3.550000e-01  6.356202e-03  6.332083e-01
      vertex   3.550000e-01  5.889562e-03  6.258766e-01
    endloop
  endfacet
  facet normal -1.000000e+00  0.000000e+00  0.000000e+00
    outer loop
      vertex   3.550000e-01  5.889562e-03  6.258766e-01
      vertex   3.550000e-01  6.356202e-03  6.332083e-01
      vertex   3.550000e-01  8.503036e-03  6.324781e-01
    endloop
  endfacet
  facet normal -1.000000e+00  0.000000e+00  0.000000e+00
    outer loop
      vertex   3.550000e-01  5.889562e-03  6.258766e-01
      vertex   3.550000e-01  8.503036e-03  6.324781e-01
      vertex   3.550000e-01  7.348760e-03  6.252126e-01
    endloop
  endfacet
  facet normal -1.000000e+00  0.000000e+00  0.000000e+00
    outer loop
      vertex   3.550000e-01  7.348760e-03  6.252126e-01
      vertex   3.550000e-01  8.503036e-03  6.324781e-01
      vertex   3.550000e-01  1.060975e-02  6.315194e-01
    endloop
  endfacet
  facet normal -1.000000e+00  0.000000e+00  0.000000e+00
    outer loop
      vertex   3.550000e-01  7.348760e-03  6.252126e-01
      vertex   3.550000e-01  1.060975e-02  6.315194e-01
      vertex   3.550000e-01  8.755404e-03  6.243919e-01
    endloop
  endfacet
  facet normal -1.000000e+00  0.000000e+00  0.000000e+00
    outer loop
      vertex   3.550000e-01  8.755404e-03  6.243919e-01
      vertex   3.550000e-01  1.060975e-02  6.315194e-01
      vertex   3.550000e-01  1.264059e-02  6.303346e-01
    endloop
  endfacet
  facet normal -1.000000e+00  0.000000e+00  0.000000e+00
    outer loop
      vertex   3.550000e-01  8.755404e-03  6.243919e-01
      vertex   3.550000e-01  1.264059e-02  6.303346e-01
      vertex   3.550000e-01  1.008482e-02  6.234217e-01
    endloop
  endfacet
  facet normal -1.000000e+00  0.000000e+00  0.000000e+00
    outer loop
      vertex   3.550000e-01  1.008482e-02  6.234217e-01
      vertex   3.550000e-01  1.264059e-02  6.303346e-01
      vertex   3.550000e-01  1.455993e-02  6.289338e-01
    endloop
  endfacet
  facet normal -1.000000e+00  0.000000e+00  0.000000e+00
    outer loop
      vertex   3.550000e-01  1.008482e-02  6.234217e-01
      vertex   3.550000e-01  1.455993e-02  6.289338e-01
      vertex   3.550000e-01  1.131376e-02  6.223137e-01
    endloop
  endfacet
  facet normal -1.000000e+00  0.000000e+00  0.000000e+00
    outer loop
      vertex   3.550000e-01  1.131376e-02  6.223137e-01
      vertex   3.550000e-01  1.455993e-02  6.289338e-01
      vertex   3.550000e-01  1.633422e-02  6.273342e-01
    endloop
  endfacet
  facet normal -1.000000e+00  0.000000e+00  0.000000e+00
    outer loop
      vertex   3.550000e-01  1.131376e-02  6.223137e-01
      vertex   3.550000e-01  1.633422e-02  6.273342e-01
      vertex   3.550000e-01  1.242170e-02  6.210847e-01
    endloop
  endfacet
  facet normal -1.000000e+00  0.000000e+00  0.000000e+00
    outer loop
      vertex   3.550000e-01  1.242170e-02  6.210847e-01
      vertex   3.550000e-01  1.633422e-02  6.273342e-01
      vertex   3.550000e-01  1.793381e-02  6.255599e-01
    endloop
  endfacet
  facet normal -1.000000e+00  0.000000e+00  0.000000e+00
    outer loop
      vertex   3.550000e-01  1.242170e-02  6.210847e-01
      vertex   3.550000e-01  1.793381e-02  6.255599e-01
      vertex   3.550000e-01  1.339198e-02  6.197554e-01
    endloop
  endfacet
  facet normal -1.000000e+00  0.000000e+00  0.000000e+00
    outer loop
      vertex   3.550000e-01  1.339198e-02  6.197554e-01
      vertex   3.550000e-01  1.793381e-02  6.255599e-01
      vertex   3.550000e-01  1.933464e-02  6.236405e-01
    endloop
  endfacet
  facet normal -1.000000e+00  0.000000e+00  0.000000e+00
    outer loop
      vertex   3.550000e-01  1.339198e-02  6.197554e-01
      vertex   3.550000e-01  1.933464e-02  6.236405e-01
      vertex   3.550000e-01  1.421259e-02  6.183487e-01
    endloop
  endfacet
  facet normal -1.000000e+00  0.000000e+00  0.000000e+00
    outer loop
      vertex   3.550000e-01  1.421259e-02  6.183487e-01
      vertex   3.550000e-01  1.933464e-02  6.236405e-01
      vertex   3.550000e-01  2.051941e-02  6.216097e-01
    endloop
  endfacet
  facet normal -1.000000e+00  0.000000e+00  0.000000e+00
    outer loop
      vertex   3.550000e-01  1.421259e-02  6.183487e-01
      vertex   3.550000e-01  2.051941e-02  6.216097e-01
      vertex   3.550000e-01  1.487666e-02  6.168895e-01
    endloop
  endfacet
  facet normal -1.000000e+00  0.000000e+00  0.000000e+00
    outer loop
      vertex   3.550000e-01  1.487666e-02  6.168895e-01
      vertex   3.550000e-01  2.051941e-02  6.216097e-01
      vertex   3.550000e-01  2.147816e-02  6.195030e-01
    endloop
  endfacet
  facet normal -1.000000e+00  0.000000e+00  0.000000e+00
    outer loop
      vertex   3.550000e-01  1.487666e-02  6.168895e-01
      vertex   3.550000e-01  2.147816e-02  6.195030e-01
      vertex   3.550000e-01  1.538243e-02  6.154025e-01
    endloop
  endfacet
  facet normal -1.000000e+00  0.000000e+00  0.000000e+00
    outer loop
      vertex   3.550000e-01  1.538243e-02  6.154025e-01
      vertex   3.550000e-01  2.147816e-02  6.195030e-01
      vertex   3.550000e-01  2.220836e-02  6.173562e-01
    endloop
  endfacet
  facet normal -1.000000e+00  0.000000e+00  0.000000e+00
    outer loop
      vertex   3.550000e-01  1.538243e-02  6.154025e-01
      vertex   3.550000e-01  2.220836e-02  6.173562e-01
      vertex   3.550000e-01  1.573293e-02  6.139114e-01
    endloop
  endfacet
  facet normal -1.000000e+00  0.000000e+00  0.000000e+00
    outer loop
      vertex   3.550000e-01  1.573293e-02  6.139114e-01
      vertex   3.550000e-01  2.220836e-02  6.173562e-01
      vertex   3.550000e-01  2.271440e-02  6.152033e-01
    endloop
  endfacet
  facet normal -1.000000e+00  0.000000e+00  0.000000e+00
    outer loop
      vertex   3.550000e-01  1.573293e-02  6.139114e-01
      vertex   3.550000e-01  2.271440e-02  6.152033e-01
      vertex   3.550000e-01  2.300660e-02  6.130756e-01
    endloop
  endfacet
  facet normal -1.000000e+00  0.000000e+00  0.000000e+00
    outer loop
      vertex   3.550000e-01  1.573293e-02  6.139114e-01
      vertex   3.550000e-01  2.300660e-02  6.130756e-01
      vertex   3.550000e-01  1.600005e-02  6.110000e-01
    endloop
  endfacet
  facet normal -1.000000e+00  0.000000e+00  0.000000e+00
    outer loop
      vertex   3.550000e-01  1.600005e-02  6.110000e-01
      vertex   3.550000e-01  2.300660e-02  6.130756e-01
      vertex   3.550000e-01  2.310005e-02  6.110000e-01
    endloop
  endfacet
  facet normal -1.000000e+00  0.000000e+00  0.000000e+00
    outer loop
      vertex   3.550000e-01  1.600005e-02  6.110000e-01
      vertex   3.550000e-01  2.310005e-02  6.110000e-01
      vertex   3.550000e-01  2.300660e-02  6.089244e-01
    endloop
  endfacet
  facet normal -1.000000e+00  0.000000e+00 -0.000000e+00
    outer loop
      vertex   3.550000e-01  1.600005e-02  6.110000e-01
      vertex   3.550000e-01  2.300660e-02  6.089244e-01
      vertex   3.550000e-01  1.573293e-02  6.080886e-01
    endloop
  endfacet
  facet normal -1.000000e+00  0.000000e+00  0.000000e+00
    outer loop
      vertex   3.550000e-01  1.573293e-02  6.080886e-01
      vertex   3.550000e-01  2.300660e-02  6.089244e-01
      vertex   3.550000e-01  2.271440e-02  6.067967e-01
    endloop
  endfacet
  facet normal -1.000000e+00  0.000000e+00  0.000000e+00
    outer loop
      vertex   3.550000e-01  1.573293e-02  6.080886e-01
      vertex   3.550000e-01  2.271440e-02  6.067967e-01
      vertex   3.550000e-01  2.220836e-02  6.046438e-01
    endloop
  endfacet
  facet normal -1.000000e+00  0.000000e+00 -0.000000e+00
    outer loop
      vertex   3.550000e-01  1.573293e-02  6.080886e-01
      vertex   3.550000e-01  2.220836e-02  6.046438e-01
      vertex   3.550000e-01  1.538243e-02  6.065975e-01
    endloop
  endfacet
  facet normal -1.000000e+00  0.000000e+00  0.000000e+00
    outer loop
      vertex   3.550000e-01  1.538243e-02  6.065975e-01
      vertex   3.550000e-01  2.220836e-02  6.046438e-01
      vertex   3.550000e-01  2.147816e-02  6.024970e-01
    endloop
  endfacet
  facet normal -1.000000e+00  0.000000e+00 -0.000000e+00
    outer loop
      vertex   3.550000e-01  1.538243e-02  6.065975e-01
      vertex   3.550000e-01  2.147816e-02  6.024970e-01
      vertex   3.550000e-01  1.487666e-02  6.051105e-01
    endloop
  endfacet
  facet normal -1.000000e+00  0.000000e+00  0.000000e+00
    outer loop
      vertex   3.550000e-01  1.487666e-02  6.051105e-01
      vertex   3.550000e-01  2.147816e-02  6.024970e-01
      vertex   3.550000e-01  2.051941e-02  6.003903e-01
    endloop
  endfacet
  facet normal -1.000000e+00  0.000000e+00 -0.000000e+00
    outer loop
      vertex   3.550000e-01  1.487666e-02  6.051105e-01
      vertex   3.550000e-01  2.051941e-02  6.003903e-01
      vertex   3.550000e-01  1.421259e-02  6.036513e-01
    endloop
  endfacet
  facet normal -1.000000e+00  0.000000e+00  0.000000e+00
    outer loop
      vertex   3.550000e-01  1.421259e-02  6.036513e-01
      vertex   3.550000e-01  2.051941e-02  6.003903e-01
      vertex   3.550000e-01  1.933464e-02  5.983595e-01
    endloop
  endfacet
  facet normal -1.000000e+00  0.000000e+00 -0.000000e+00
    outer loop
      vertex   3.550000e-01  1.421259e-02  6.036513e-01
      vertex   3.550000e-01  1.933464e-02  5.983595e-01
      vertex   3.550000e-01  1.339197e-02  6.022446e-01
    endloop
  endfacet
  facet normal -1.000000e+00  0.000000e+00  0.000000e+00
    outer loop
      vertex   3.550000e-01  1.339197e-02  6.022446e-01
      vertex   3.550000e-01  1.933464e-02  5.983595e-01
      vertex   3.550000e-01  1.793380e-02  5.964401e-01
    endloop
  endfacet
  facet normal -1.000000e+00  0.000000e+00 -0.000000e+00
    outer loop
      vertex   3.550000e-01  1.339197e-02  6.022446e-01
      vertex   3.550000e-01  1.793380e-02  5.964401e-01
      vertex   3.550000e-01  1.242170e-02  6.009153e-01
    endloop
  endfacet
  facet normal -1.000000e+00  0.000000e+00  0.000000e+00
    outer loop
      vertex   3.550000e-01  1.242170e-02  6.009153e-01
      vertex   3.550000e-01  1.793380e-02  5.964401e-01
      vertex   3.550000e-01  1.633421e-02  5.946658e-01
    endloop
  endfacet
  facet normal -1.000000e+00  0.000000e+00 -0.000000e+00
    outer loop
      vertex   3.550000e-01  1.242170e-02  6.009153e-01
      vertex   3.550000e-01  1.633421e-02  5.946658e-01
      vertex   3.550000e-01  1.131375e-02  5.996863e-01
    endloop
  endfacet
  facet normal -1.000000e+00  0.000000e+00  0.000000e+00
    outer loop
      vertex   3.550000e-01  1.131375e-02  5.996863e-01
      vertex   3.550000e-01  1.633421e-02  5.946658e-01
      vertex   3.550000e-01  1.455993e-02  5.930662e-01
    endloop
  endfacet
  facet normal -1.000000e+00  0.000000e+00 -0.000000e+00
    outer loop
      vertex   3.550000e-01  1.131375e-02  5.996863e-01
      vertex   3.550000e-01  1.455993e-02  5.930662e-01
      vertex   3.550000e-01  1.008482e-02  5.985783e-01
    endloop
  endfacet
  facet normal -1.000000e+00  0.000000e+00  0.000000e+00
    outer loop
      vertex   3.550000e-01  1.008482e-02  5.985783e-01
      vertex   3.550000e-01  1.455993e-02  5.930662e-01
      vertex   3.550000e-01  1.264059e-02  5.916654e-01
    endloop
  endfacet
  facet normal -1.000000e+00  0.000000e+00 -0.000000e+00
    outer loop
      vertex   3.550000e-01  1.008482e-02  5.985783e-01
      vertex   3.550000e-01  1.264059e-02  5.916654e-01
      vertex   3.550000e-01  8.755402e-03  5.976081e-01
    endloop
  endfacet
  facet normal -1.000000e+00  0.000000e+00  0.000000e+00
    outer loop
      vertex   3.550000e-01  8.755402e-03  5.976081e-01
      vertex   3.550000e-01  1.264059e-02  5.916654e-01
      vertex   3.550000e-01  1.060975e-02  5.904806e-01
    endloop
  endfacet
  facet normal -1.000000e+00  0.000000e+00 -0.000000e+00
    outer loop
      vertex   3.550000e-01  8.755402e-03  5.976081e-01
      vertex   3.550000e-01  1.060975e-02  5.904806e-01
      vertex   3.550000e-01  7.348758e-03  5.967875e-01
    endloop
  endfacet
  facet normal -1.000000e+00  0.000000e+00  0.000000e+00
    outer loop
      vertex   3.550000e-01  7.348758e-03  5.967875e-01
      vertex   3.550000e-01  1.060975e-02  5.904806e-01
      vertex   3.550000e-01  8.503032e-03  5.895219e-01
    endloop
  endfacet
  facet normal -1.000000e+00  0.000000e+00 -0.000000e+00
    outer loop
      vertex   3.550000e-01  7.348758e-03  5.967875e-01
      vertex   3.550000e-01  8.503032e-03  5.895219e-01
      vertex   3.550000e-01  5.889560e-03  5.961234e-01
    endloop
  endfacet
  facet normal -1.000000e+00  0.000000e+00  0.000000e+00
    outer loop
      vertex   3.550000e-01  5.889560e-03  5.961234e-01
      vertex   3.550000e-01  8.503032e-03  5.895219e-01
      vertex   3.550000e-01  6.356198e-03  5.887917e-01
    endloop
  endfacet
  facet normal -1.000000e+00  0.000000e+00 -0.000000e+00
    outer loop
      vertex   3.550000e-01  5.889560e-03  5.961234e-01
      vertex   3.550000e-01  6.356198e-03  5.887917e-01
      vertex   3.550000e-01  4.402576e-03  5.956176e-01
    endloop
  endfacet
  facet normal -1.000000e+00  0.000000e+00 -0.000000e+00
    outer loop
      vertex   3.550000e-01  4.402576e-03  5.956176e-01
      vertex   3.550000e-01  6.356198e-03  5.887917e-01
      vertex   3.550000e-01  4.203390e-03  5.882856e-01
    endloop
  endfacet
  facet normal -1.000000e+00  0.000000e+00  0.000000e+00
    outer loop
      vertex   3.550000e-01  4.402576e-03  5.956176e-01
      vertex   3.550000e-01  4.203390e-03  5.882856e-01
      vertex   3.550000e-01  2.911453e-03  5.952671e-01
    endloop
  endfacet
  facet normal -1.000000e+00  0.000000e+00 -0.000000e+00
    outer loop
      vertex   3.550000e-01  2.911453e-03  5.952671e-01
      vertex   3.550000e-01  4.203390e-03  5.882856e-01
      vertex   3.550000e-01  2.075681e-03  5.879934e-01
    endloop
  endfacet
  facet normal -1.000000e+00  0.000000e+00  0.000000e+00
    outer loop
      vertex   3.550000e-01  2.911453e-03  5.952671e-01
      vertex   3.550000e-01  2.075681e-03  5.879934e-01
      vertex   3.550000e-01  4.382652e-08  5.950000e-01
    endloop
  endfacet
  facet normal -1.000000e+00  0.000000e+00 -0.000000e+00
    outer loop
      vertex   3.550000e-01  4.382652e-08  5.950000e-01
      vertex   3.550000e-01  2.075681e-03  5.879934e-01
      vertex   3.550000e-01  4.329049e-08  5.879000e-01
    endloop
  endfacet
  facet normal -1.000000e+00  0.000000e+00  0.000000e+00
    outer loop
      vertex   3.550000e-01  4.382652e-08  5.950000e-01
      vertex   3.550000e-01  4.329049e-08  5.879000e-01
      vertex   3.550000e-01 -2.075594e-03  5.879934e-01
    endloop
  endfacet
  facet normal -1.000000e+00 -0.000000e+00  0.000000e+00
    outer loop
      vertex   3.550000e-01  4.382652e-08  5.950000e-01
      vertex   3.550000e-01 -2.075594e-03  5.879934e-01
      vertex   3.550000e-01 -2.911365e-03  5.952671e-01
    endloop
  endfacet
  facet normal -1.000000e+00  0.000000e+00 -0.000000e+00
    outer loop
      vertex   3.550000e-01 -2.911365e-03  5.952671e-01
      vertex   3.550000e-01 -2.075594e-03  5.879934e-01
      vertex   3.550000e-01 -4.203303e-03  5.882856e-01
    endloop
  endfacet
  facet normal -1.000000e+00 -0.000000e+00  0.000000e+00
    outer loop
      vertex   3.550000e-01 -2.911365e-03  5.952671e-01
      vertex   3.550000e-01 -4.203303e-03  5.882856e-01
      vertex   3.550000e-01 -4.402488e-03  5.956176e-01
    endloop
  endfacet
  facet normal -1.000000e+00  0.000000e+00 -0.000000e+00
    outer loop
      vertex   3.550000e-01 -4.402488e-03  5.956176e-01
      vertex   3.550000e-01 -4.203303e-03  5.882856e-01
      vertex   3.550000e-01 -6.356112e-03  5.887917e-01
    endloop
  endfacet
  facet normal -1.000000e+00 -0.000000e+00  0.000000e+00
    outer loop
      vertex   3.550000e-01 -4.402488e-03  5.956176e-01
      vertex   3.550000e-01 -6.356112e-03  5.887917e-01
      vertex   3.550000e-01 -5.889472e-03  5.961234e-01
    endloop
  endfacet
  facet normal -1.000000e+00  0.000000e+00  0.000000e+00
    outer loop
      vertex   3.550000e-01 -5.889472e-03  5.961234e-01
      vertex   3.550000e-01 -6.356112e-03  5.887917e-01
      vertex   3.550000e-01 -8.502944e-03  5.895219e-01
    endloop
  endfacet
  facet normal -1.000000e+00 -0.000000e+00  0.000000e+00
    outer loop
      vertex   3.550000e-01 -5.889472e-03  5.961234e-01
      vertex   3.550000e-01 -8.502944e-03  5.895219e-01
      vertex   3.550000e-01 -7.348670e-03  5.967875e-01
    endloop
  endfacet
  facet normal -1.000000e+00  0.000000e+00  0.000000e+00
    outer loop
      vertex   3.550000e-01 -7.348670e-03  5.967875e-01
      vertex   3.550000e-01 -8.502944e-03  5.895219e-01
      vertex   3.550000e-01 -1.060966e-02  5.904806e-01
    endloop
  endfacet
  facet normal -1.000000e+00 -0.000000e+00  0.000000e+00
    outer loop
      vertex   3.550000e-01 -7.348670e-03  5.967875e-01
      vertex   3.550000e-01 -1.060966e-02  5.904806e-01
      vertex   3.550000e-01 -8.755312e-03  5.976081e-01
    endloop
  endfacet
  facet normal -1.000000e+00  0.000000e+00  0.000000e+00
    outer loop
      vertex   3.550000e-01 -8.755312e-03  5.976081e-01
      vertex   3.550000e-01 -1.060966e-02  5.904806e-01
      vertex   3.550000e-01 -1.264050e-02  5.916654e-01
    endloop
  endfacet
  facet normal -1.000000e+00 -0.000000e+00  0.000000e+00
    outer loop
      vertex   3.550000e-01 -8.755312e-03  5.976081e-01
      vertex   3.550000e-01 -1.264050e-02  5.916654e-01
      vertex   3.550000e-01 -1.008473e-02  5.985783e-01
    endloop
  endfacet
  facet normal -1.000000e+00  0.000000e+00  0.000000e+00
    outer loop
      vertex   3.550000e-01 -1.008473e-02  5.985783e-01
      vertex   3.550000e-01 -1.264050e-02  5.916654e-01
      vertex   3.550000e-01 -1.455984e-02  5.930662e-01
    endloop
  endfacet
  facet normal -1.000000e+00 -0.000000e+00  0.000000e+00
    outer loop
      vertex   3.550000e-01 -1.008473e-02  5.985783e-01
      vertex   3.550000e-01 -1.455984e-02  5.930662e-01
      vertex   3.550000e-01 -1.131366e-02  5.996863e-01
    endloop
  endfacet
  facet normal -1.000000e+00  0.000000e+00  0.000000e+00
    outer loop
      vertex   3.550000e-01 -1.131366e-02  5.996863e-01
      vertex   3.550000e-01 -1.455984e-02  5.930662e-01
      vertex   3.550000e-01 -1.633413e-02  5.946658e-01
    endloop
  endfacet
  facet normal -1.000000e+00 -0.000000e+00  0.000000e+00
    outer loop
      vertex   3.550000e-01 -1.131366e-02  5.996863e-01
      vertex   3.550000e-01 -1.633413e-02  5.946658e-01
      vertex   3.550000e-01 -1.242161e-02  6.009153e-01
    endloop
  endfacet
  facet normal -1.000000e+00  0.000000e+00  0.000000e+00
    outer loop
      vertex   3.550000e-01 -1.242161e-02  6.009153e-01
      vertex   3.550000e-01 -1.633413e-02  5.946658e-01
      vertex   3.550000e-01 -1.793372e-02  5.964401e-01
    endloop
  endfacet
  facet normal -1.000000e+00 -0.000000e+00  0.000000e+00
    outer loop
      vertex   3.550000e-01 -1.242161e-02  6.009153e-01
      vertex   3.550000e-01 -1.793372e-02  5.964401e-01
      vertex   3.550000e-01 -1.339188e-02  6.022446e-01
    endloop
  endfacet
  facet normal -1.000000e+00  0.000000e+00  0.000000e+00
    outer loop
      vertex   3.550000e-01 -1.339188e-02  6.022446e-01
      vertex   3.550000e-01 -1.793372e-02  5.964401e-01
      vertex   3.550000e-01 -1.933455e-02  5.983595e-01
    endloop
  endfacet
  facet normal -1.000000e+00 -0.000000e+00  0.000000e+00
    outer loop
      vertex   3.550000e-01 -1.339188e-02  6.022446e-01
      vertex   3.550000e-01 -1.933455e-02  5.983595e-01
      vertex   3.550000e-01 -1.421250e-02  6.036513e-01
    endloop
  endfacet
  facet normal -1.000000e+00  0.000000e+00  0.000000e+00
    outer loop
      vertex   3.550000e-01 -1.421250e-02  6.036513e-01
      vertex   3.550000e-01 -1.933455e-02  5.983595e-01
      vertex   3.550000e-01 -2.051932e-02  6.003903e-01
    endloop
  endfacet
  facet normal -1.000000e+00 -0.000000e+00  0.000000e+00
    outer loop
      vertex   3.550000e-01 -1.421250e-02  6.036513e-01
      vertex   3.550000e-01 -2.051932e-02  6.003903e-01
      vertex   3.550000e-01 -1.487657e-02  6.051105e-01
    endloop
  endfacet
  facet normal -1.000000e+00  0.000000e+00  0.000000e+00
    outer loop
      vertex   3.550000e-01 -1.487657e-02  6.051105e-01
      vertex   3.550000e-01 -2.051932e-02  6.003903e-01
      vertex   3.550000e-01 -2.147807e-02  6.024970e-01
    endloop
  endfacet
  facet normal -1.000000e+00 -0.000000e+00  0.000000e+00
    outer loop
      vertex   3.550000e-01 -1.487657e-02  6.051105e-01
      vertex   3.550000e-01 -2.147807e-02  6.024970e-01
      vertex   3.550000e-01 -1.538234e-02  6.065975e-01
    endloop
  endfacet
  facet normal -1.000000e+00  0.000000e+00  0.000000e+00
    outer loop
      vertex   3.550000e-01 -1.538234e-02  6.065975e-01
      vertex   3.550000e-01 -2.147807e-02  6.024970e-01
      vertex   3.550000e-01 -2.220827e-02  6.046438e-01
    endloop
  endfacet
  facet normal -1.000000e+00 -0.000000e+00  0.000000e+00
    outer loop
      vertex   3.550000e-01 -1.538234e-02  6.065975e-01
      vertex   3.550000e-01 -2.220827e-02  6.046438e-01
      vertex   3.550000e-01 -1.573284e-02  6.080886e-01
    endloop
  endfacet
  facet normal -1.000000e+00  0.000000e+00  0.000000e+00
    outer loop
      vertex   3.550000e-01 -1.573284e-02  6.080886e-01
      vertex   3.550000e-01 -2.220827e-02  6.046438e-01
      vertex   3.550000e-01 -2.271431e-02  6.067967e-01
    endloop
  endfacet
  facet normal -1.000000e+00 -0.000000e+00  0.000000e+00
    outer loop
      vertex   3.550000e-01 -1.573284e-02  6.080886e-01
      vertex   3.550000e-01 -2.271431e-02  6.067967e-01
      vertex   3.550000e-01 -2.300652e-02  6.089244e-01
    endloop
  endfacet
  facet normal -1.000000e+00  0.000000e+00  0.000000e+00
    outer loop
      vertex   3.550000e-01 -1.573284e-02  6.080886e-01
      vertex   3.550000e-01 -2.300652e-02  6.089244e-01
      vertex   3.550000e-01 -1.599996e-02  6.110000e-01
    endloop
  endfacet
  facet normal -1.000000e+00 -0.000000e+00  0.000000e+00
    outer loop
      vertex   3.550000e-01 -1.599996e-02  6.110000e-01
      vertex   3.550000e-01 -2.300652e-02  6.089244e-01
      vertex   3.550000e-01 -2.309996e-02  6.110000e-01
    endloop
  endfacet
  facet normal -1.000000e+00  0.000000e+00  0.000000e+00
    outer loop
      vertex   3.550000e-01 -1.599996e-02  6.110000e-01
      vertex   3.550000e-01 -2.309996e-02  6.110000e-01
      vertex   3.550000e-01 -2.300652e-02  6.130756e-01
    endloop
  endfacet
  facet normal -1.000000e+00  0.000000e+00  0.000000e+00
    outer loop
      vertex   3.550000e-01 -1.599996e-02  6.110000e-01
      vertex   3.550000e-01 -2.300652e-02  6.130756e-01
      vertex   3.550000e-01 -1.573284e-02  6.139114e-01
    endloop
  endfacet
  facet normal -1.000000e+00 -0.000000e+00  0.000000e+00
    outer loop
      vertex   3.550000e-01 -1.573284e-02  6.139114e-01
      vertex   3.550000e-01 -2.300652e-02  6.130756e-01
      vertex   3.550000e-01 -2.271431e-02  6.152033e-01
    endloop
  endfacet
  facet normal -1.000000e+00  0.000000e+00  0.000000e+00
    outer loop
      vertex   3.550000e-01 -1.573284e-02  6.139114e-01
      vertex   3.550000e-01 -2.271431e-02  6.152033e-01
      vertex   3.550000e-01 -2.220827e-02  6.173562e-01
    endloop
  endfacet
  facet normal -1.000000e+00  0.000000e+00  0.000000e+00
    outer loop
      vertex   3.550000e-01 -1.573284e-02  6.139114e-01
      vertex   3.550000e-01 -2.220827e-02  6.173562e-01
      vertex   3.550000e-01 -1.538234e-02  6.154025e-01
    endloop
  endfacet
  facet normal -1.000000e+00  0.000000e+00  0.000000e+00
    outer loop
      vertex   3.550000e-01 -1.538234e-02  6.154025e-01
      vertex   3.550000e-01 -2.220827e-02  6.173562e-01
      vertex   3.550000e-01 -2.147807e-02  6.195030e-01
    endloop
  endfacet
  facet normal -1.000000e+00  0.000000e+00  0.000000e+00
    outer loop
      vertex   3.550000e-01 -1.538234e-02  6.154025e-01
      vertex   3.550000e-01 -2.147807e-02  6.195030e-01
      vertex   3.550000e-01 -1.487657e-02  6.168895e-01
    endloop
  endfacet
  facet normal -1.000000e+00  0.000000e+00  0.000000e+00
    outer loop
      vertex   3.550000e-01 -1.487657e-02  6.168895e-01
      vertex   3.550000e-01 -2.147807e-02  6.195030e-01
      vertex   3.550000e-01 -2.051932e-02  6.216097e-01
    endloop
  endfacet
  facet normal -1.000000e+00  0.000000e+00  0.000000e+00
    outer loop
      vertex   3.550000e-01 -1.487657e-02  6.168895e-01
      vertex   3.550000e-01 -2.051932e-02  6.216097e-01
      vertex   3.550000e-01 -1.421250e-02  6.183487e-01
    endloop
  endfacet
  facet normal -1.000000e+00  0.000000e+00  0.000000e+00
    outer loop
      vertex   3.550000e-01 -1.421250e-02  6.183487e-01
      vertex   3.550000e-01 -2.051932e-02  6.216097e-01
      vertex   3.550000e-01 -1.933455e-02  6.236405e-01
    endloop
  endfacet
  facet normal -1.000000e+00  0.000000e+00  0.000000e+00
    outer loop
      vertex   3.550000e-01 -1.421250e-02  6.183487e-01
      vertex   3.550000e-01 -1.933455e-02  6.236405e-01
      vertex   3.550000e-01 -1.339188e-02  6.197554e-01
    endloop
  endfacet
  facet normal -1.000000e+00  0.000000e+00  0.000000e+00
    outer loop
      vertex   3.550000e-01 -1.339188e-02  6.197554e-01
      vertex   3.550000e-01 -1.933455e-02  6.236405e-01
      vertex   3.550000e-01 -1.793371e-02  6.255599e-01
    endloop
  endfacet
  facet normal -1.000000e+00  0.000000e+00  0.000000e+00
    outer loop
      vertex   3.550000e-01 -1.339188e-02  6.197554e-01
      vertex   3.550000e-01 -1.793371e-02  6.255599e-01
      vertex   3.550000e-01 -1.242161e-02  6.210847e-01
    endloop
  endfacet
  facet normal -1.000000e+00  0.000000e+00  0.000000e+00
    outer loop
      vertex   3.550000e-01 -1.242161e-02  6.210847e-01
      vertex   3.550000e-01 -1.793371e-02  6.255599e-01
      vertex   3.550000e-01 -1.633412e-02  6.273342e-01
    endloop
  endfacet
  facet normal -1.000000e+00  0.000000e+00  0.000000e+00
    outer loop
      vertex   3.550000e-01 -1.242161e-02  6.210847e-01
      vertex   3.550000e-01 -1.633412e-02  6.273342e-01
      vertex   3.550000e-01 -1.131366e-02  6.223137e-01
    endloop
  endfacet
  facet normal -1.000000e+00  0.000000e+00  0.000000e+00
    outer loop
      vertex   3.550000e-01 -1.131366e-02  6.223137e-01
      vertex   3.550000e-01 -1.633412e-02  6.273342e-01
      vertex   3.550000e-01 -1.455984e-02  6.289338e-01
    endloop
  endfacet
  facet normal -1.000000e+00  0.000000e+00  0.000000e+00
    outer loop
      vertex   3.550000e-01 -1.131366e-02  6.223137e-01
      vertex   3.550000e-01 -1.455984e-02  6.289338e-01
      vertex   3.550000e-01 -1.008472e-02  6.234217e-01
    endloop
  endfacet
  facet normal -1.000000e+00  0.000000e+00  0.000000e+00
    outer loop
      vertex   3.550000e-01 -1.008472e-02  6.234217e-01
      vertex   3.550000e-01 -1.455984e-02  6.289338e-01
      vertex   3.550000e-01 -1.264050e-02  6.303346e-01
    endloop
  endfacet
  facet normal -1.000000e+00  0.000000e+00  0.000000e+00
    outer loop
      vertex   3.550000e-01 -1.008472e-02  6.234217e-01
      vertex   3.550000e-01 -1.264050e-02  6.303346e-01
      vertex   3.550000e-01 -8.755310e-03  6.243919e-01
    endloop
  endfacet
  facet normal -1.000000e+00  0.000000e+00  0.000000e+00
    outer loop
      vertex   3.550000e-01 -8.755310e-03  6.243919e-01
      vertex   3.550000e-01 -1.264050e-02  6.303346e-01
      vertex   3.550000e-01 -1.060966e-02  6.315194e-01
    endloop
  endfacet
  facet normal -1.000000e+00  0.000000e+00  0.000000e+00
    outer loop
      vertex   3.550000e-01 -8.755310e-03  6.243919e-01
      vertex   3.550000e-01 -1.060966e-02  6.315194e-01
      vertex   3.550000e-01 -7.348668e-03  6.252126e-01
    endloop
  endfacet
  facet normal -1.000000e+00  0.000000e+00  0.000000e+00
    outer loop
      vertex   3.550000e-01 -7.348668e-03  6.252126e-01
      vertex   3.550000e-01 -1.060966e-02  6.315194e-01
      vertex   3.550000e-01 -8.502941e-03  6.324781e-01
    endloop
  endfacet
  facet normal -1.000000e+00  0.000000e+00  0.000000e+00
    outer loop
      vertex   3.550000e-01 -7.348668e-03  6.252126e-01
      vertex   3.550000e-01 -8.502941e-03  6.324781e-01
      vertex   3.550000e-01 -5.889470e-03  6.258766e-01
    endloop
  endfacet
  facet normal -1.000000e+00  0.000000e+00  0.000000e+00
    outer loop
      vertex   3.550000e-01 -5.889470e-03  6.258766e-01
      vertex   3.550000e-01 -8.502941e-03  6.324781e-01
      vertex   3.550000e-01 -6.356108e-03  6.332083e-01
    endloop
  endfacet
  facet normal -1.000000e+00  0.000000e+00  0.000000e+00
    outer loop
      vertex   3.550000e-01 -5.889470e-03  6.258766e-01
      vertex   3.550000e-01 -6.356108e-03  6.332083e-01
      vertex   3.550000e-01 -4.402486e-03  6.263824e-01
    endloop
  endfacet
  facet normal -1.000000e+00  0.000000e+00  0.000000e+00
    outer loop
      vertex   3.550000e-01 -4.402486e-03  6.263824e-01
      vertex   3.550000e-01 -6.356108e-03  6.332083e-01
      vertex   3.550000e-01 -4.203300e-03  6.337144e-01
    endloop
  endfacet
  facet normal -1.000000e+00  0.000000e+00  0.000000e+00
    outer loop
      vertex   3.550000e-01 -4.402486e-03  6.263824e-01
      vertex   3.550000e-01 -4.203300e-03  6.337144e-01
      vertex   3.550000e-01 -2.911363e-03  6.267329e-01
    endloop
  endfacet
  facet normal -1.000000e+00  0.000000e+00  0.000000e+00
    outer loop
      vertex   3.550000e-01 -2.911363e-03  6.267329e-01
      vertex   3.550000e-01 -4.203300e-03  6.337144e-01
      vertex   3.550000e-01 -2.075591e-03  6.340066e-01
    endloop
  endfacet
  facet normal -1.000000e+00  0.000000e+00  0.000000e+00
    outer loop
      vertex   3.550000e-01 -2.911363e-03  6.267329e-01
      vertex   3.550000e-01 -2.075591e-03  6.340066e-01
      vertex   3.550000e-01  4.624246e-08  6.270000e-01
    endloop
  endfacet
  facet normal -1.000000e+00  0.000000e+00 -0.000000e+00
    outer loop
      vertex   3.495000e-01 -2.489883e-02  6.132464e-01
      vertex   3.495000e-01 -2.300651e-02  6.130756e-01
      vertex   3.495000e-01 -2.499996e-02  6.110000e-01
    endloop
  endfacet
  facet normal -1.000000e+00  0.000000e+00  0.000000e+00
    outer loop
      vertex   3.495000e-01 -2.499996e-02  6.110000e-01
      vertex   3.495000e-01 -2.300651e-02  6.130756e-01
      vertex   3.495000e-01 -2.309996e-02  6.110000e-01
    endloop
  endfacet
  facet normal -1.000000e+00  0.000000e+00  0.000000e+00
    outer loop
      vertex   3.495000e-01 -2.499996e-02  6.110000e-01
      vertex   3.495000e-01 -2.309996e-02  6.110000e-01
      vertex   3.495000e-01 -2.489883e-02  6.087536e-01
    endloop
  endfacet
  facet normal -1.000000e+00  0.000000e+00  0.000000e+00
    outer loop
      vertex   3.495000e-01 -2.489883e-02  6.087536e-01
      vertex   3.495000e-01 -2.309996e-02  6.110000e-01
      vertex   3.495000e-01 -2.300651e-02  6.089244e-01
    endloop
  endfacet
  facet normal -1.000000e+00  0.000000e+00  0.000000e+00
    outer loop
      vertex   3.495000e-01 -2.489883e-02  6.087536e-01
      vertex   3.495000e-01 -2.300651e-02  6.089244e-01
      vertex   3.495000e-01 -2.271431e-02  6.067967e-01
    endloop
  endfacet
  facet normal -1.000000e+00  0.000000e+00  0.000000e+00
    outer loop
      vertex   3.495000e-01 -2.300651e-02  6.130756e-01
      vertex   3.495000e-01 -2.489883e-02  6.132464e-01
      vertex   3.495000e-01 -2.271431e-02  6.152033e-01
    endloop
  endfacet
  facet normal -1.000000e+00 -0.000000e+00  0.000000e+00
    outer loop
      vertex   3.495000e-01 -2.271431e-02  6.152033e-01
      vertex   3.495000e-01 -2.489883e-02  6.132464e-01
      vertex   3.495000e-01 -2.458259e-02  6.155491e-01
    endloop
  endfacet
  facet normal -1.000000e+00  0.000000e+00  0.000000e+00
    outer loop
      vertex   3.495000e-01 -2.271431e-02  6.152033e-01
      vertex   3.495000e-01 -2.458259e-02  6.155491e-01
      vertex   3.495000e-01 -2.220827e-02  6.173562e-01
    endloop
  endfacet
  facet normal -1.000000e+00 -0.000000e+00  0.000000e+00
    outer loop
      vertex   3.495000e-01 -2.220827e-02  6.173562e-01
      vertex   3.495000e-01 -2.458259e-02  6.155491e-01
      vertex   3.495000e-01 -2.403493e-02  6.178790e-01
    endloop
  endfacet
  facet normal -1.000000e+00  0.000000e+00  0.000000e+00
    outer loop
      vertex   3.495000e-01 -2.220827e-02  6.173562e-01
      vertex   3.495000e-01 -2.403493e-02  6.178790e-01
      vertex   3.495000e-01 -2.147806e-02  6.195030e-01
    endloop
  endfacet
  facet normal -1.000000e+00 -0.000000e+00  0.000000e+00
    outer loop
      vertex   3.495000e-01 -2.147806e-02  6.195030e-01
      vertex   3.495000e-01 -2.403493e-02  6.178790e-01
      vertex   3.495000e-01 -2.324466e-02  6.202024e-01
    endloop
  endfacet
  facet normal -1.000000e+00  0.000000e+00  0.000000e+00
    outer loop
      vertex   3.495000e-01 -2.147806e-02  6.195030e-01
      vertex   3.495000e-01 -2.324466e-02  6.202024e-01
      vertex   3.495000e-01 -2.051932e-02  6.216097e-01
    endloop
  endfacet
  facet normal -1.000000e+00 -0.000000e+00  0.000000e+00
    outer loop
      vertex   3.495000e-01 -2.051932e-02  6.216097e-01
      vertex   3.495000e-01 -2.324466e-02  6.202024e-01
      vertex   3.495000e-01 -2.220706e-02  6.224824e-01
    endloop
  endfacet
  facet normal -1.000000e+00  0.000000e+00  0.000000e+00
    outer loop
      vertex   3.495000e-01 -2.051932e-02  6.216097e-01
      vertex   3.495000e-01 -2.220706e-02  6.224824e-01
      vertex   3.495000e-01 -1.933455e-02  6.236405e-01
    endloop
  endfacet
  facet normal -1.000000e+00 -0.000000e+00  0.000000e+00
    outer loop
      vertex   3.495000e-01 -1.933455e-02  6.236405e-01
      vertex   3.495000e-01 -2.220706e-02  6.224824e-01
      vertex   3.495000e-01 -2.092484e-02  6.246802e-01
    endloop
  endfacet
  facet normal -1.000000e+00  0.000000e+00  0.000000e+00
    outer loop
      vertex   3.495000e-01 -1.933455e-02  6.236405e-01
      vertex   3.495000e-01 -2.092484e-02  6.246802e-01
      vertex   3.495000e-01 -1.793371e-02  6.255599e-01
    endloop
  endfacet
  facet normal -1.000000e+00 -0.000000e+00  0.000000e+00
    outer loop
      vertex   3.495000e-01 -1.793371e-02  6.255599e-01
      vertex   3.495000e-01 -2.092484e-02  6.246802e-01
      vertex   3.495000e-01 -1.940878e-02  6.267574e-01
    endloop
  endfacet
  facet normal -1.000000e+00  0.000000e+00  0.000000e+00
    outer loop
      vertex   3.495000e-01 -1.793371e-02  6.255599e-01
      vertex   3.495000e-01 -1.940878e-02  6.267574e-01
      vertex   3.495000e-01 -1.633412e-02  6.273342e-01
    endloop
  endfacet
  facet normal -1.000000e+00 -0.000000e+00  0.000000e+00
    outer loop
      vertex   3.495000e-01 -1.633412e-02  6.273342e-01
      vertex   3.495000e-01 -1.940878e-02  6.267574e-01
      vertex   3.495000e-01 -1.767762e-02  6.286777e-01
    endloop
  endfacet
  facet normal -1.000000e+00  0.000000e+00  0.000000e+00
    outer loop
      vertex   3.495000e-01 -1.633412e-02  6.273342e-01
      vertex   3.495000e-01 -1.767762e-02  6.286777e-01
      vertex   3.495000e-01 -1.455984e-02  6.289338e-01
    endloop
  endfacet
  facet normal -1.000000e+00 -0.000000e+00  0.000000e+00
    outer loop
      vertex   3.495000e-01 -1.455984e-02  6.289338e-01
      vertex   3.495000e-01 -1.767762e-02  6.286777e-01
      vertex   3.495000e-01 -1.575741e-02  6.304088e-01
    endloop
  endfacet
  facet normal -1.000000e+00  0.000000e+00  0.000000e+00
    outer loop
      vertex   3.495000e-01 -1.455984e-02  6.289338e-01
      vertex   3.495000e-01 -1.575741e-02  6.304088e-01
      vertex   3.495000e-01 -1.264050e-02  6.303346e-01
    endloop
  endfacet
  facet normal -1.000000e+00  0.000000e+00  0.000000e+00
    outer loop
      vertex   3.495000e-01 -1.264050e-02  6.303346e-01
      vertex   3.495000e-01 -1.575741e-02  6.304088e-01
      vertex   3.495000e-01 -1.368020e-02  6.319249e-01
    endloop
  endfacet
  facet normal -1.000000e+00  0.000000e+00  0.000000e+00
    outer loop
      vertex   3.495000e-01 -1.264050e-02  6.303346e-01
      vertex   3.495000e-01 -1.368020e-02  6.319249e-01
      vertex   3.495000e-01 -1.060966e-02  6.315194e-01
    endloop
  endfacet
  facet normal -1.000000e+00  0.000000e+00  0.000000e+00
    outer loop
      vertex   3.495000e-01 -1.060966e-02  6.315194e-01
      vertex   3.495000e-01 -1.368020e-02  6.319249e-01
      vertex   3.495000e-01 -1.148232e-02  6.332071e-01
    endloop
  endfacet
  facet normal -1.000000e+00  0.000000e+00  0.000000e+00
    outer loop
      vertex   3.495000e-01 -1.060966e-02  6.315194e-01
      vertex   3.495000e-01 -1.148232e-02  6.332071e-01
      vertex   3.495000e-01 -8.502941e-03  6.324781e-01
    endloop
  endfacet
  facet normal -1.000000e+00  0.000000e+00  0.000000e+00
    outer loop
      vertex   3.495000e-01 -8.502941e-03  6.324781e-01
      vertex   3.495000e-01 -1.148232e-02  6.332071e-01
      vertex   3.495000e-01 -9.202321e-03  6.342447e-01
    endloop
  endfacet
  facet normal -1.000000e+00  0.000000e+00  0.000000e+00
    outer loop
      vertex   3.495000e-01 -8.502941e-03  6.324781e-01
      vertex   3.495000e-01 -9.202321e-03  6.342447e-01
      vertex   3.495000e-01 -6.356108e-03  6.332083e-01
    endloop
  endfacet
  facet normal -1.000000e+00  0.000000e+00  0.000000e+00
    outer loop
      vertex   3.495000e-01 -6.356108e-03  6.332083e-01
      vertex   3.495000e-01 -9.202321e-03  6.342447e-01
      vertex   3.495000e-01 -6.878908e-03  6.350350e-01
    endloop
  endfacet
  facet normal -1.000000e+00  0.000000e+00  0.000000e+00
    outer loop
      vertex   3.495000e-01 -6.356108e-03  6.332083e-01
      vertex   3.495000e-01 -6.878908e-03  6.350350e-01
      vertex   3.495000e-01 -4.203299e-03  6.337144e-01
    endloop
  endfacet
  facet normal -1.000000e+00  0.000000e+00  0.000000e+00
    outer loop
      vertex   3.495000e-01 -4.203299e-03  6.337144e-01
      vertex   3.495000e-01 -6.878908e-03  6.350350e-01
      vertex   3.495000e-01 -4.549029e-03  6.355826e-01
    endloop
  endfacet
  facet normal -1.000000e+00  0.000000e+00  0.000000e+00
    outer loop
      vertex   3.495000e-01 -4.203299e-03  6.337144e-01
      vertex   3.495000e-01 -4.549029e-03  6.355826e-01
      vertex   3.495000e-01 -2.075591e-03  6.340066e-01
    endloop
  endfacet
  facet normal -1.000000e+00  0.000000e+00  0.000000e+00
    outer loop
      vertex   3.495000e-01 -2.075591e-03  6.340066e-01
      vertex   3.495000e-01 -4.549029e-03  6.355826e-01
      vertex   3.495000e-01 -2.246314e-03  6.358989e-01
    endloop
  endfacet
  facet normal -1.000000e+00  0.000000e+00  0.000000e+00
    outer loop
      vertex   3.495000e-01 -2.075591e-03  6.340066e-01
      vertex   3.495000e-01 -2.246314e-03  6.358989e-01
      vertex   3.495000e-01  4.719373e-08  6.341000e-01
    endloop
  endfacet
  facet normal -1.000000e+00  0.000000e+00  0.000000e+00
    outer loop
      vertex   3.495000e-01  4.719373e-08  6.341000e-01
      vertex   3.495000e-01 -2.246314e-03  6.358989e-01
      vertex   3.495000e-01  4.733718e-08  6.360000e-01
    endloop
  endfacet
  facet normal -1.000000e+00  0.000000e+00  0.000000e+00
    outer loop
      vertex   3.495000e-01  4.719373e-08  6.341000e-01
      vertex   3.495000e-01  4.733718e-08  6.360000e-01
      vertex   3.495000e-01  2.246408e-03  6.358989e-01
    endloop
  endfacet
  facet normal -1.000000e+00  0.000000e+00  0.000000e+00
    outer loop
      vertex   3.495000e-01  4.719373e-08  6.341000e-01
      vertex   3.495000e-01  2.246408e-03  6.358989e-01
      vertex   3.495000e-01  2.075685e-03  6.340066e-01
    endloop
  endfacet
  facet normal -1.000000e+00  0.000000e+00  0.000000e+00
    outer loop
      vertex   3.495000e-01  2.075685e-03  6.340066e-01
      vertex   3.495000e-01  2.246408e-03  6.358989e-01
      vertex   3.495000e-01  4.549124e-03  6.355826e-01
    endloop
  endfacet
  facet normal -1.000000e+00  0.000000e+00  0.000000e+00
    outer loop
      vertex   3.495000e-01  2.075685e-03  6.340066e-01
      vertex   3.495000e-01  4.549124e-03  6.355826e-01
      vertex   3.495000e-01  4.203394e-03  6.337144e-01
    endloop
  endfacet
  facet normal -1.000000e+00  0.000000e+00  0.000000e+00
    outer loop
      vertex   3.495000e-01  4.203394e-03  6.337144e-01
      vertex   3.495000e-01  4.549124e-03  6.355826e-01
      vertex   3.495000e-01  6.879003e-03  6.350350e-01
    endloop
  endfacet
  facet normal -1.000000e+00  0.000000e+00  0.000000e+00
    outer loop
      vertex   3.495000e-01  4.203394e-03  6.337144e-01
      vertex   3.495000e-01  6.879003e-03  6.350350e-01
      vertex   3.495000e-01  6.356203e-03  6.332083e-01
    endloop
  endfacet
  facet normal -1.000000e+00  0.000000e+00  0.000000e+00
    outer loop
      vertex   3.495000e-01  6.356203e-03  6.332083e-01
      vertex   3.495000e-01  6.879003e-03  6.350350e-01
      vertex   3.495000e-01  9.202416e-03  6.342447e-01
    endloop
  endfacet
  facet normal -1.000000e+00  0.000000e+00  0.000000e+00
    outer loop
      vertex   3.495000e-01  6.356203e-03  6.332083e-01
      vertex   3.495000e-01  9.202416e-03  6.342447e-01
      vertex   3.495000e-01  8.503036e-03  6.324781e-01
    endloop
  endfacet
  facet normal -1.000000e+00  0.000000e+00  0.000000e+00
    outer loop
      vertex   3.495000e-01  8.503036e-03  6.324781e-01
      vertex   3.495000e-01  9.202416e-03  6.342447e-01
      vertex   3.495000e-01  1.148241e-02  6.332071e-01
    endloop
  endfacet
  facet normal -1.000000e+00  0.000000e+00  0.000000e+00
    outer loop
      vertex   3.495000e-01  8.503036e-03  6.324781e-01
      vertex   3.495000e-01  1.148241e-02  6.332071e-01
      vertex   3.495000e-01  1.060975e-02  6.315194e-01
    endloop
  endfacet
  facet normal -1.000000e+00  0.000000e+00  0.000000e+00
    outer loop
      vertex   3.495000e-01  1.060975e-02  6.315194e-01
      vertex   3.495000e-01  1.148241e-02  6.332071e-01
      vertex   3.495000e-01  1.368029e-02  6.319249e-01
    endloop
  endfacet
  facet normal -1.000000e+00  0.000000e+00  0.000000e+00
    outer loop
      vertex   3.495000e-01  1.060975e-02  6.315194e-01
      vertex   3.495000e-01  1.368029e-02  6.319249e-01
      vertex   3.495000e-01  1.264059e-02  6.303346e-01
    endloop
  endfacet
  facet normal -1.000000e+00  0.000000e+00  0.000000e+00
    outer loop
      vertex   3.495000e-01  1.264059e-02  6.303346e-01
      vertex   3.495000e-01  1.368029e-02  6.319249e-01
      vertex   3.495000e-01  1.575750e-02  6.304088e-01
    endloop
  endfacet
  facet normal -1.000000e+00  0.000000e+00  0.000000e+00
    outer loop
      vertex   3.495000e-01  1.264059e-02  6.303346e-01
      vertex   3.495000e-01  1.575750e-02  6.304088e-01
      vertex   3.495000e-01  1.455993e-02  6.289338e-01
    endloop
  endfacet
  facet normal -1.000000e+00  0.000000e+00  0.000000e+00
    outer loop
      vertex   3.495000e-01  1.455993e-02  6.289338e-01
      vertex   3.495000e-01  1.575750e-02  6.304088e-01
      vertex   3.495000e-01  1.767772e-02  6.286777e-01
    endloop
  endfacet
  facet normal -1.000000e+00  0.000000e+00  0.000000e+00
    outer loop
      vertex   3.495000e-01  1.455993e-02  6.289338e-01
      vertex   3.495000e-01  1.767772e-02  6.286777e-01
      vertex   3.495000e-01  1.633422e-02  6.273342e-01
    endloop
  endfacet
  facet normal -1.000000e+00  0.000000e+00  0.000000e+00
    outer loop
      vertex   3.495000e-01  1.633422e-02  6.273342e-01
      vertex   3.495000e-01  1.767772e-02  6.286777e-01
      vertex   3.495000e-01  1.940888e-02  6.267574e-01
    endloop
  endfacet
  facet normal -1.000000e+00  0.000000e+00  0.000000e+00
    outer loop
      vertex   3.495000e-01  1.633422e-02  6.273342e-01
      vertex   3.495000e-01  1.940888e-02  6.267574e-01
      vertex   3.495000e-01  1.793381e-02  6.255599e-01
    endloop
  endfacet
  facet normal -1.000000e+00  0.000000e+00  0.000000e+00
    outer loop
      vertex   3.495000e-01  1.793381e-02  6.255599e-01
      vertex   3.495000e-01  1.940888e-02  6.267574e-01
      vertex   3.495000e-01  2.092494e-02  6.246802e-01
    endloop
  endfacet
  facet normal -1.000000e+00  0.000000e+00  0.000000e+00
    outer loop
      vertex   3.495000e-01  1.793381e-02  6.255599e-01
      vertex   3.495000e-01  2.092494e-02  6.246802e-01
      vertex   3.495000e-01  1.933465e-02  6.236405e-01
    endloop
  endfacet
  facet normal -1.000000e+00  0.000000e+00  0.000000e+00
    outer loop
      vertex   3.495000e-01  1.933465e-02  6.236405e-01
      vertex   3.495000e-01  2.092494e-02  6.246802e-01
      vertex   3.495000e-01  2.220715e-02  6.224824e-01
    endloop
  endfacet
  facet normal -1.000000e+00  0.000000e+00  0.000000e+00
    outer loop
      vertex   3.495000e-01  1.933465e-02  6.236405e-01
      vertex   3.495000e-01  2.220715e-02  6.224824e-01
      vertex   3.495000e-01  2.051941e-02  6.216097e-01
    endloop
  endfacet
  facet normal -1.000000e+00  0.000000e+00  0.000000e+00
    outer loop
      vertex   3.495000e-01  2.051941e-02  6.216097e-01
      vertex   3.495000e-01  2.220715e-02  6.224824e-01
      vertex   3.495000e-01  2.324476e-02  6.202024e-01
    endloop
  endfacet
  facet normal -1.000000e+00  0.000000e+00  0.000000e+00
    outer loop
      vertex   3.495000e-01  2.051941e-02  6.216097e-01
      vertex   3.495000e-01  2.324476e-02  6.202024e-01
      vertex   3.495000e-01  2.147816e-02  6.195030e-01
    endloop
  endfacet
  facet normal -1.000000e+00  0.000000e+00  0.000000e+00
    outer loop
      vertex   3.495000e-01  2.147816e-02  6.195030e-01
      vertex   3.495000e-01  2.324476e-02  6.202024e-01
      vertex   3.495000e-01  2.403502e-02  6.178790e-01
    endloop
  endfacet
  facet normal -1.000000e+00  0.000000e+00  0.000000e+00
    outer loop
      vertex   3.495000e-01  2.147816e-02  6.195030e-01
      vertex   3.495000e-01  2.403502e-02  6.178790e-01
      vertex   3.495000e-01  2.220836e-02  6.173562e-01
    endloop
  endfacet
  facet normal -1.000000e+00  0.000000e+00  0.000000e+00
    outer loop
      vertex   3.495000e-01  2.220836e-02  6.173562e-01
      vertex   3.495000e-01  2.403502e-02  6.178790e-01
      vertex   3.495000e-01  2.458268e-02  6.155491e-01
    endloop
  endfacet
  facet normal -1.000000e+00  0.000000e+00  0.000000e+00
    outer loop
      vertex   3.495000e-01  2.220836e-02  6.173562e-01
      vertex   3.495000e-01  2.458268e-02  6.155491e-01
      vertex   3.495000e-01  2.271440e-02  6.152033e-01
    endloop
  endfacet
  facet normal -1.000000e+00  0.000000e+00  0.000000e+00
    outer loop
      vertex   3.495000e-01  2.271440e-02  6.152033e-01
      vertex   3.495000e-01  2.458268e-02  6.155491e-01
      vertex   3.495000e-01  2.489892e-02  6.132464e-01
    endloop
  endfacet
  facet normal -1.000000e+00  0.000000e+00  0.000000e+00
    outer loop
      vertex   3.495000e-01  2.271440e-02  6.152033e-01
      vertex   3.495000e-01  2.489892e-02  6.132464e-01
      vertex   3.495000e-01  2.300661e-02  6.130756e-01
    endloop
  endfacet
  facet normal -1.000000e+00  0.000000e+00  0.000000e+00
    outer loop
      vertex   3.495000e-01  2.300661e-02  6.130756e-01
      vertex   3.495000e-01  2.489892e-02  6.132464e-01
      vertex   3.495000e-01  2.500005e-02  6.110000e-01
    endloop
  endfacet
  facet normal -1.000000e+00  0.000000e+00  0.000000e+00
    outer loop
      vertex   3.495000e-01  2.300661e-02  6.130756e-01
      vertex   3.495000e-01  2.500005e-02  6.110000e-01
      vertex   3.495000e-01  2.310005e-02  6.110000e-01
    endloop
  endfacet
  facet normal -1.000000e+00  0.000000e+00 -0.000000e+00
    outer loop
      vertex   3.495000e-01  2.310005e-02  6.110000e-01
      vertex   3.495000e-01  2.500005e-02  6.110000e-01
      vertex   3.495000e-01  2.300661e-02  6.089244e-01
    endloop
  endfacet
  facet normal -1.000000e+00  0.000000e+00  0.000000e+00
    outer loop
      vertex   3.495000e-01  2.300661e-02  6.089244e-01
      vertex   3.495000e-01  2.500005e-02  6.110000e-01
      vertex   3.495000e-01  2.489892e-02  6.087536e-01
    endloop
  endfacet
  facet normal -1.000000e+00  0.000000e+00 -0.000000e+00
    outer loop
      vertex   3.495000e-01  2.300661e-02  6.089244e-01
      vertex   3.495000e-01  2.489892e-02  6.087536e-01
      vertex   3.495000e-01  2.271440e-02  6.067967e-01
    endloop
  endfacet
  facet normal -1.000000e+00  0.000000e+00  0.000000e+00
    outer loop
      vertex   3.495000e-01  2.271440e-02  6.067967e-01
      vertex   3.495000e-01  2.489892e-02  6.087536e-01
      vertex   3.495000e-01  2.458268e-02  6.064509e-01
    endloop
  endfacet
  facet normal -1.000000e+00  0.000000e+00 -0.000000e+00
    outer loop
      vertex   3.495000e-01  2.271440e-02  6.067967e-01
      vertex   3.495000e-01  2.458268e-02  6.064509e-01
      vertex   3.495000e-01  2.220836e-02  6.046438e-01
    endloop
  endfacet
  facet normal -1.000000e+00  0.000000e+00  0.000000e+00
    outer loop
      vertex   3.495000e-01  2.220836e-02  6.046438e-01
      vertex   3.495000e-01  2.458268e-02  6.064509e-01
      vertex   3.495000e-01  2.403502e-02  6.041210e-01
    endloop
  endfacet
  facet normal -1.000000e+00  0.000000e+00 -0.000000e+00
    outer loop
      vertex   3.495000e-01  2.220836e-02  6.046438e-01
      vertex   3.495000e-01  2.403502e-02  6.041210e-01
      vertex   3.495000e-01  2.147816e-02  6.024970e-01
    endloop
  endfacet
  facet normal -1.000000e+00  0.000000e+00  0.000000e+00
    outer loop
      vertex   3.495000e-01  2.147816e-02  6.024970e-01
      vertex   3.495000e-01  2.403502e-02  6.041210e-01
      vertex   3.495000e-01  2.324476e-02  6.017976e-01
    endloop
  endfacet
  facet normal -1.000000e+00  0.000000e+00 -0.000000e+00
    outer loop
      vertex   3.495000e-01  2.147816e-02  6.024970e-01
      vertex   3.495000e-01  2.324476e-02  6.017976e-01
      vertex   3.495000e-01  2.051941e-02  6.003903e-01
    endloop
  endfacet
  facet normal -1.000000e+00  0.000000e+00  0.000000e+00
    outer loop
      vertex   3.495000e-01  2.051941e-02  6.003903e-01
      vertex   3.495000e-01  2.324476e-02  6.017976e-01
      vertex   3.495000e-01  2.220715e-02  5.995176e-01
    endloop
  endfacet
  facet normal -1.000000e+00  0.000000e+00 -0.000000e+00
    outer loop
      vertex   3.495000e-01  2.051941e-02  6.003903e-01
      vertex   3.495000e-01  2.220715e-02  5.995176e-01
      vertex   3.495000e-01  1.933464e-02  5.983595e-01
    endloop
  endfacet
  facet normal -1.000000e+00  0.000000e+00  0.000000e+00
    outer loop
      vertex   3.495000e-01  1.933464e-02  5.983595e-01
      vertex   3.495000e-01  2.220715e-02  5.995176e-01
      vertex   3.495000e-01  2.092493e-02  5.973198e-01
    endloop
  endfacet
  facet normal -1.000000e+00  0.000000e+00 -0.000000e+00
    outer loop
      vertex   3.495000e-01  1.933464e-02  5.983595e-01
      vertex   3.495000e-01  2.092493e-02  5.973198e-01
      vertex   3.495000e-01  1.793380e-02  5.964401e-01
    endloop
  endfacet
  facet normal -1.000000e+00  0.000000e+00  0.000000e+00
    outer loop
      vertex   3.495000e-01  1.793380e-02  5.964401e-01
      vertex   3.495000e-01  2.092493e-02  5.973198e-01
      vertex   3.495000e-01  1.940888e-02  5.952426e-01
    endloop
  endfacet
  facet normal -1.000000e+00  0.000000e+00 -0.000000e+00
    outer loop
      vertex   3.495000e-01  1.793380e-02  5.964401e-01
      vertex   3.495000e-01  1.940888e-02  5.952426e-01
      vertex   3.495000e-01  1.633421e-02  5.946658e-01
    endloop
  endfacet
  facet normal -1.000000e+00  0.000000e+00  0.000000e+00
    outer loop
      vertex   3.495000e-01  1.633421e-02  5.946658e-01
      vertex   3.495000e-01  1.940888e-02  5.952426e-01
      vertex   3.495000e-01  1.767772e-02  5.933223e-01
    endloop
  endfacet
  facet normal -1.000000e+00  0.000000e+00 -0.000000e+00
    outer loop
      vertex   3.495000e-01  1.633421e-02  5.946658e-01
      vertex   3.495000e-01  1.767772e-02  5.933223e-01
      vertex   3.495000e-01  1.455993e-02  5.930662e-01
    endloop
  endfacet
  facet normal -1.000000e+00  0.000000e+00  0.000000e+00
    outer loop
      vertex   3.495000e-01  1.455993e-02  5.930662e-01
      vertex   3.495000e-01  1.767772e-02  5.933223e-01
      vertex   3.495000e-01  1.575750e-02  5.915912e-01
    endloop
  endfacet
  facet normal -1.000000e+00  0.000000e+00 -0.000000e+00
    outer loop
      vertex   3.495000e-01  1.455993e-02  5.930662e-01
      vertex   3.495000e-01  1.575750e-02  5.915912e-01
      vertex   3.495000e-01  1.264059e-02  5.916654e-01
    endloop
  endfacet
  facet normal -1.000000e+00  0.000000e+00  0.000000e+00
    outer loop
      vertex   3.495000e-01  1.264059e-02  5.916654e-01
      vertex   3.495000e-01  1.575750e-02  5.915912e-01
      vertex   3.495000e-01  1.368029e-02  5.900751e-01
    endloop
  endfacet
  facet normal -1.000000e+00  0.000000e+00 -0.000000e+00
    outer loop
      vertex   3.495000e-01  1.264059e-02  5.916654e-01
      vertex   3.495000e-01  1.368029e-02  5.900751e-01
      vertex   3.495000e-01  1.060975e-02  5.904806e-01
    endloop
  endfacet
  facet normal -1.000000e+00  0.000000e+00  0.000000e+00
    outer loop
      vertex   3.495000e-01  1.060975e-02  5.904806e-01
      vertex   3.495000e-01  1.368029e-02  5.900751e-01
      vertex   3.495000e-01  1.148241e-02  5.887929e-01
    endloop
  endfacet
  facet normal -1.000000e+00  0.000000e+00 -0.000000e+00
    outer loop
      vertex   3.495000e-01  1.060975e-02  5.904806e-01
      vertex   3.495000e-01  1.148241e-02  5.887929e-01
      vertex   3.495000e-01  8.503032e-03  5.895219e-01
    endloop
  endfacet
  facet normal -1.000000e+00  0.000000e+00  0.000000e+00
    outer loop
      vertex   3.495000e-01  8.503032e-03  5.895219e-01
      vertex   3.495000e-01  1.148241e-02  5.887929e-01
      vertex   3.495000e-01  9.202412e-03  5.877553e-01
    endloop
  endfacet
  facet normal -1.000000e+00  0.000000e+00 -0.000000e+00
    outer loop
      vertex   3.495000e-01  8.503032e-03  5.895219e-01
      vertex   3.495000e-01  9.202412e-03  5.877553e-01
      vertex   3.495000e-01  6.356199e-03  5.887917e-01
    endloop
  endfacet
  facet normal -1.000000e+00  0.000000e+00  0.000000e+00
    outer loop
      vertex   3.495000e-01  6.356199e-03  5.887917e-01
      vertex   3.495000e-01  9.202412e-03  5.877553e-01
      vertex   3.495000e-01  6.879000e-03  5.869650e-01
    endloop
  endfacet
  facet normal -1.000000e+00  0.000000e+00 -0.000000e+00
    outer loop
      vertex   3.495000e-01  6.356199e-03  5.887917e-01
      vertex   3.495000e-01  6.879000e-03  5.869650e-01
      vertex   3.495000e-01  4.203390e-03  5.882856e-01
    endloop
  endfacet
  facet normal -1.000000e+00  0.000000e+00  0.000000e+00
    outer loop
      vertex   3.495000e-01  4.203390e-03  5.882856e-01
      vertex   3.495000e-01  6.879000e-03  5.869650e-01
      vertex   3.495000e-01  4.549121e-03  5.864174e-01
    endloop
  endfacet
  facet normal -1.000000e+00  0.000000e+00 -0.000000e+00
    outer loop
      vertex   3.495000e-01  4.203390e-03  5.882856e-01
      vertex   3.495000e-01  4.549121e-03  5.864174e-01
      vertex   3.495000e-01  2.075681e-03  5.879934e-01
    endloop
  endfacet
  facet normal -1.000000e+00  0.000000e+00  0.000000e+00
    outer loop
      vertex   3.495000e-01  2.075681e-03  5.879934e-01
      vertex   3.495000e-01  4.549121e-03  5.864174e-01
      vertex   3.495000e-01  2.246405e-03  5.861011e-01
    endloop
  endfacet
  facet normal -1.000000e+00  0.000000e+00 -0.000000e+00
    outer loop
      vertex   3.495000e-01  2.075681e-03  5.879934e-01
      vertex   3.495000e-01  2.246405e-03  5.861011e-01
      vertex   3.495000e-01  4.356228e-08  5.860000e-01
    endloop
  endfacet
  facet normal -1.000000e+00  0.000000e+00  0.000000e+00
    outer loop
      vertex   3.495000e-01  2.075681e-03  5.879934e-01
      vertex   3.495000e-01  4.356228e-08  5.860000e-01
      vertex   3.495000e-01  4.370573e-08  5.879000e-01
    endloop
  endfacet
  facet normal -1.000000e+00  0.000000e+00  0.000000e+00
    outer loop
      vertex   3.495000e-01  4.370573e-08  5.879000e-01
      vertex   3.495000e-01  4.356228e-08  5.860000e-01
      vertex   3.495000e-01 -2.246317e-03  5.861011e-01
    endloop
  endfacet
  facet normal -1.000000e+00 -0.000000e+00  0.000000e+00
    outer loop
      vertex   3.495000e-01  4.370573e-08  5.879000e-01
      vertex   3.495000e-01 -2.246317e-03  5.861011e-01
      vertex   3.495000e-01 -2.075594e-03  5.879934e-01
    endloop
  endfacet
  facet normal -1.000000e+00  0.000000e+00  0.000000e+00
    outer loop
      vertex   3.495000e-01 -2.075594e-03  5.879934e-01
      vertex   3.495000e-01 -2.246317e-03  5.861011e-01
      vertex   3.495000e-01 -4.549033e-03  5.864174e-01
    endloop
  endfacet
  facet normal -1.000000e+00 -0.000000e+00  0.000000e+00
    outer loop
      vertex   3.495000e-01 -2.075594e-03  5.879934e-01
      vertex   3.495000e-01 -4.549033e-03  5.864174e-01
      vertex   3.495000e-01 -4.203303e-03  5.882856e-01
    endloop
  endfacet
  facet normal -1.000000e+00  0.000000e+00  0.000000e+00
    outer loop
      vertex   3.495000e-01 -4.203303e-03  5.882856e-01
      vertex   3.495000e-01 -4.549033e-03  5.864174e-01
      vertex   3.495000e-01 -6.878912e-03  5.869650e-01
    endloop
  endfacet
  facet normal -1.000000e+00 -0.000000e+00  0.000000e+00
    outer loop
      vertex   3.495000e-01 -4.203303e-03  5.882856e-01
      vertex   3.495000e-01 -6.878912e-03  5.869650e-01
      vertex   3.495000e-01 -6.356111e-03  5.887917e-01
    endloop
  endfacet
  facet normal -1.000000e+00  0.000000e+00  0.000000e+00
    outer loop
      vertex   3.495000e-01 -6.356111e-03  5.887917e-01
      vertex   3.495000e-01 -6.878912e-03  5.869650e-01
      vertex   3.495000e-01 -9.202325e-03  5.877553e-01
    endloop
  endfacet
  facet normal -1.000000e+00 -0.000000e+00  0.000000e+00
    outer loop
      vertex   3.495000e-01 -6.356111e-03  5.887917e-01
      vertex   3.495000e-01 -9.202325e-03  5.877553e-01
      vertex   3.495000e-01 -8.502944e-03  5.895219e-01
    endloop
  endfacet
  facet normal -1.000000e+00  0.000000e+00  0.000000e+00
    outer loop
      vertex   3.495000e-01 -8.502944e-03  5.895219e-01
      vertex   3.495000e-01 -9.202325e-03  5.877553e-01
      vertex   3.495000e-01 -1.148232e-02  5.887929e-01
    endloop
  endfacet
  facet normal -1.000000e+00 -0.000000e+00  0.000000e+00
    outer loop
      vertex   3.495000e-01 -8.502944e-03  5.895219e-01
      vertex   3.495000e-01 -1.148232e-02  5.887929e-01
      vertex   3.495000e-01 -1.060966e-02  5.904806e-01
    endloop
  endfacet
  facet normal -1.000000e+00  0.000000e+00  0.000000e+00
    outer loop
      vertex   3.495000e-01 -1.060966e-02  5.904806e-01
      vertex   3.495000e-01 -1.148232e-02  5.887929e-01
      vertex   3.495000e-01 -1.368020e-02  5.900751e-01
    endloop
  endfacet
  facet normal -1.000000e+00 -0.000000e+00  0.000000e+00
    outer loop
      vertex   3.495000e-01 -1.060966e-02  5.904806e-01
      vertex   3.495000e-01 -1.368020e-02  5.900751e-01
      vertex   3.495000e-01 -1.264050e-02  5.916654e-01
    endloop
  endfacet
  facet normal -1.000000e+00  0.000000e+00  0.000000e+00
    outer loop
      vertex   3.495000e-01 -1.264050e-02  5.916654e-01
      vertex   3.495000e-01 -1.368020e-02  5.900751e-01
      vertex   3.495000e-01 -1.575741e-02  5.915912e-01
    endloop
  endfacet
  facet normal -1.000000e+00 -0.000000e+00  0.000000e+00
    outer loop
      vertex   3.495000e-01 -1.264050e-02  5.916654e-01
      vertex   3.495000e-01 -1.575741e-02  5.915912e-01
      vertex   3.495000e-01 -1.455984e-02  5.930662e-01
    endloop
  endfacet
  facet normal -1.000000e+00 -0.000000e+00  0.000000e+00
    outer loop
      vertex   3.495000e-01 -1.455984e-02  5.930662e-01
      vertex   3.495000e-01 -1.575741e-02  5.915912e-01
      vertex   3.495000e-01 -1.767763e-02  5.933223e-01
    endloop
  endfacet
  facet normal -1.000000e+00  0.000000e+00  0.000000e+00
    outer loop
      vertex   3.495000e-01 -1.455984e-02  5.930662e-01
      vertex   3.495000e-01 -1.767763e-02  5.933223e-01
      vertex   3.495000e-01 -1.633412e-02  5.946658e-01
    endloop
  endfacet
  facet normal -1.000000e+00 -0.000000e+00  0.000000e+00
    outer loop
      vertex   3.495000e-01 -1.633412e-02  5.946658e-01
      vertex   3.495000e-01 -1.767763e-02  5.933223e-01
      vertex   3.495000e-01 -1.940879e-02  5.952426e-01
    endloop
  endfacet
  facet normal -1.000000e+00  0.000000e+00  0.000000e+00
    outer loop
      vertex   3.495000e-01 -1.633412e-02  5.946658e-01
      vertex   3.495000e-01 -1.940879e-02  5.952426e-01
      vertex   3.495000e-01 -1.793372e-02  5.964401e-01
    endloop
  endfacet
  facet normal -1.000000e+00 -0.000000e+00  0.000000e+00
    outer loop
      vertex   3.495000e-01 -1.793372e-02  5.964401e-01
      vertex   3.495000e-01 -1.940879e-02  5.952426e-01
      vertex   3.495000e-01 -2.092484e-02  5.973198e-01
    endloop
  endfacet
  facet normal -1.000000e+00  0.000000e+00  0.000000e+00
    outer loop
      vertex   3.495000e-01 -1.793372e-02  5.964401e-01
      vertex   3.495000e-01 -2.092484e-02  5.973198e-01
      vertex   3.495000e-01 -1.933455e-02  5.983595e-01
    endloop
  endfacet
  facet normal -1.000000e+00 -0.000000e+00  0.000000e+00
    outer loop
      vertex   3.495000e-01 -1.933455e-02  5.983595e-01
      vertex   3.495000e-01 -2.092484e-02  5.973198e-01
      vertex   3.495000e-01 -2.220706e-02  5.995176e-01
    endloop
  endfacet
  facet normal -1.000000e+00  0.000000e+00  0.000000e+00
    outer loop
      vertex   3.495000e-01 -1.933455e-02  5.983595e-01
      vertex   3.495000e-01 -2.220706e-02  5.995176e-01
      vertex   3.495000e-01 -2.051932e-02  6.003903e-01
    endloop
  endfacet
  facet normal -1.000000e+00 -0.000000e+00  0.000000e+00
    outer loop
      vertex   3.495000e-01 -2.051932e-02  6.003903e-01
      vertex   3.495000e-01 -2.220706e-02  5.995176e-01
      vertex   3.495000e-01 -2.324466e-02  6.017976e-01
    endloop
  endfacet
  facet normal -1.000000e+00  0.000000e+00  0.000000e+00
    outer loop
      vertex   3.495000e-01 -2.051932e-02  6.003903e-01
      vertex   3.495000e-01 -2.324466e-02  6.017976e-01
      vertex   3.495000e-01 -2.147806e-02  6.024970e-01
    endloop
  endfacet
  facet normal -1.000000e+00 -0.000000e+00  0.000000e+00
    outer loop
      vertex   3.495000e-01 -2.147806e-02  6.024970e-01
      vertex   3.495000e-01 -2.324466e-02  6.017976e-01
      vertex   3.495000e-01 -2.403493e-02  6.041210e-01
    endloop
  endfacet
  facet normal -1.000000e+00  0.000000e+00  0.000000e+00
    outer loop
      vertex   3.495000e-01 -2.147806e-02  6.024970e-01
      vertex   3.495000e-01 -2.403493e-02  6.041210e-01
      vertex   3.495000e-01 -2.220827e-02  6.046438e-01
    endloop
  endfacet
  facet normal -1.000000e+00 -0.000000e+00  0.000000e+00
    outer loop
      vertex   3.495000e-01 -2.220827e-02  6.046438e-01
      vertex   3.495000e-01 -2.403493e-02  6.041210e-01
      vertex   3.495000e-01 -2.458259e-02  6.064509e-01
    endloop
  endfacet
  facet normal -1.000000e+00  0.000000e+00  0.000000e+00
    outer loop
      vertex   3.495000e-01 -2.220827e-02  6.046438e-01
      vertex   3.495000e-01 -2.458259e-02  6.064509e-01
      vertex   3.495000e-01 -2.271431e-02  6.067967e-01
    endloop
  endfacet
  facet normal -1.000000e+00 -0.000000e+00  0.000000e+00
    outer loop
      vertex   3.495000e-01 -2.271431e-02  6.067967e-01
      vertex   3.495000e-01 -2.458259e-02  6.064509e-01
      vertex   3.495000e-01 -2.489883e-02  6.087536e-01
    endloop
  endfacet
endsolid vcg
